Asset ID,Repository Path,File Name,File Format,File Size,Pixel Width,Pixel Height,SHA-256,Git Blob SHA,Runtime Referenced,Runtime Page or Journey,Asset Family,Source Family,Duplicate Of,Variant Relationship,Deprecated,Unused,First Git Commit,First Commit Date,First Commit Author,Current Git Commit,Existing Registry Entry,Existing Evidence Location,Creation Method,Source,Creator,Tool or Platform,Model,Model Version,Prompt Evidence,Input Asset Evidence,Commercial Account Evidence,Terms Evidence,License,Attribution Requirement,Modification Rights,Redistribution Rights,Likeness or Privacy Risk,Trademark Risk,Reviewer,Review Date,Rights Status,Missing Evidence,Preview Eligibility,Release Eligibility,Replacement Required,Notes,Source File,Editable Master,Responsive Variants,Static Fallback,Reduced Motion Behavior,Gate Result
PHX-VIS-387E8D2D747F,app/assets/images/backgrounds/generated/beijing/forbidden-city/01-twilight-courtyard.webp,01-twilight-courtyard.webp,WEBP,370446,864,1536,b09a9304b5c724a533fe838764434b07cb95e2fa856ae75a09cf806e9485a299,6bec147e07f280d79bf2215e57c676def8dc762c,YES,JourneyBackgroundCatalog / all Journey pages,Ordinary Journey,ordinary:beijing-forbidden-city,NONE,PRIMARY,NO,NO,ccd848979f8f86196c11e5d692f3f437cd76c7de,2026-07-27T19:37:57+07:00,dhv5bnmfmh-cmyk,7eaa823f712251797194e6cb1995c9da79ad988a,YES,design/ASSET_REGISTER.csv;design/PHOENIX_ASSET_OWNERSHIP.md;app/lib/data/journey_background_generated.dart;worker/scripts/generate_daily_backgrounds.mjs;git:ccd848979f8f86196c11e5d692f3f437cd76c7de,CONFLICTING_EXISTING_RECORDS,user-provided source file,UNKNOWN,UNKNOWN,UNKNOWN,UNKNOWN,PARTIAL_WORKFLOW_ONLY,UNKNOWN,UNKNOWN,UNKNOWN,phoenix-exclusive-owned,UNKNOWN,UNKNOWN,UNKNOWN,UNKNOWN_REVIEW_REQUIRED,UNKNOWN_REVIEW_REQUIRED,UNKNOWN,UNKNOWN,EVIDENCE_PARTIAL,per-asset source/master;platform and model version;per-asset prompt;input asset rights;commercial account evidence;applicable terms snapshot;creator authorization;license scope;reviewer identity;review date,NO,NO,NO_PENDING_EVIDENCE_RECOVERY,Preserved legacy fields: description=Beijing twilight courtyard;origin=commissioned Phoenix original;license_type=phoenix-exclusive-owned;proof_url=user-provided source file;review_status=approved Existing registry says commissioned Phoenix original while runtime metadata says aiGenerated. Repository provenance does not establish legal rights.,,,,,,
PHX-VIS-ADF11B06D889,app/assets/images/backgrounds/generated/beijing/forbidden-city/02-moonlit-palace.webp,02-moonlit-palace.webp,WEBP,235334,864,1536,79f97b9394466e53e9becebf367ce9e91c82659ddecb1b32f8e8d40beb92ce80,4927e2b4b288c9f834f6f4f502e74d3a03f53427,YES,JourneyBackgroundCatalog / all Journey pages,Ordinary Journey,ordinary:beijing-forbidden-city,NONE,PRIMARY,NO,NO,ccd848979f8f86196c11e5d692f3f437cd76c7de,2026-07-27T19:37:57+07:00,dhv5bnmfmh-cmyk,7eaa823f712251797194e6cb1995c9da79ad988a,YES,design/ASSET_REGISTER.csv;design/PHOENIX_ASSET_OWNERSHIP.md;app/lib/data/journey_background_generated.dart;worker/scripts/generate_daily_backgrounds.mjs;git:ccd848979f8f86196c11e5d692f3f437cd76c7de,CONFLICTING_EXISTING_RECORDS,user-provided source file,UNKNOWN,UNKNOWN,UNKNOWN,UNKNOWN,PARTIAL_WORKFLOW_ONLY,UNKNOWN,UNKNOWN,UNKNOWN,phoenix-exclusive-owned,UNKNOWN,UNKNOWN,UNKNOWN,UNKNOWN_REVIEW_REQUIRED,UNKNOWN_REVIEW_REQUIRED,UNKNOWN,UNKNOWN,EVIDENCE_PARTIAL,per-asset source/master;platform and model version;per-asset prompt;input asset rights;commercial account evidence;applicable terms snapshot;creator authorization;license scope;reviewer identity;review date,NO,NO,NO_PENDING_EVIDENCE_RECOVERY,Preserved legacy fields: description=Beijing moonlit palace;origin=commissioned Phoenix original;license_type=phoenix-exclusive-owned;proof_url=user-provided source file;review_status=approved Existing registry says commissioned Phoenix original while runtime metadata says aiGenerated. Repository provenance does not establish legal rights.,,,,,,
PHX-VIS-2E96A91F90A4,app/assets/images/backgrounds/generated/beijing/forbidden-city/03-golden-gate.webp,03-golden-gate.webp,WEBP,389032,864,1536,bb81e4d3f88f214d16a70b0911522fea4bd8214c722d19857e9b8f6015e11589,671b8a1421fa4b75b682df4092b596a36e1b501d,YES,JourneyBackgroundCatalog / all Journey pages,Ordinary Journey,ordinary:beijing-forbidden-city,NONE,PRIMARY,NO,NO,ccd848979f8f86196c11e5d692f3f437cd76c7de,2026-07-27T19:37:57+07:00,dhv5bnmfmh-cmyk,7eaa823f712251797194e6cb1995c9da79ad988a,YES,design/ASSET_REGISTER.csv;design/PHOENIX_ASSET_OWNERSHIP.md;app/lib/data/journey_background_generated.dart;worker/scripts/generate_daily_backgrounds.mjs;git:ccd848979f8f86196c11e5d692f3f437cd76c7de,CONFLICTING_EXISTING_RECORDS,user-provided source file,UNKNOWN,UNKNOWN,UNKNOWN,UNKNOWN,PARTIAL_WORKFLOW_ONLY,UNKNOWN,UNKNOWN,UNKNOWN,phoenix-exclusive-owned,UNKNOWN,UNKNOWN,UNKNOWN,UNKNOWN_REVIEW_REQUIRED,UNKNOWN_REVIEW_REQUIRED,UNKNOWN,UNKNOWN,EVIDENCE_PARTIAL,per-asset source/master;platform and model version;per-asset prompt;input asset rights;commercial account evidence;applicable terms snapshot;creator authorization;license scope;reviewer identity;review date,NO,NO,NO_PENDING_EVIDENCE_RECOVERY,Preserved legacy fields: description=Beijing golden gate;origin=commissioned Phoenix original;license_type=phoenix-exclusive-owned;proof_url=user-provided source file;review_status=approved Existing registry says commissioned Phoenix original while runtime metadata says aiGenerated. Repository provenance does not establish legal rights.,,,,,,
PHX-VIS-43A6D7D93800,app/assets/images/backgrounds/generated/beijing/forbidden-city/04-winter-snow.webp,04-winter-snow.webp,WEBP,318280,864,1536,316f6cb0c4dec4818759e2517cfc9a80a566938f687fe807025cc3047f3d753e,7e544e970ea8f87013ee61b04901fd0ed3387188,YES,JourneyBackgroundCatalog / all Journey pages,Ordinary Journey,ordinary:beijing-forbidden-city,NONE,PRIMARY,NO,NO,ccd848979f8f86196c11e5d692f3f437cd76c7de,2026-07-27T19:37:57+07:00,dhv5bnmfmh-cmyk,7eaa823f712251797194e6cb1995c9da79ad988a,YES,design/ASSET_REGISTER.csv;design/PHOENIX_ASSET_OWNERSHIP.md;app/lib/data/journey_background_generated.dart;worker/scripts/generate_daily_backgrounds.mjs;git:ccd848979f8f86196c11e5d692f3f437cd76c7de,CONFLICTING_EXISTING_RECORDS,user-provided source file,UNKNOWN,UNKNOWN,UNKNOWN,UNKNOWN,PARTIAL_WORKFLOW_ONLY,UNKNOWN,UNKNOWN,UNKNOWN,phoenix-exclusive-owned,UNKNOWN,UNKNOWN,UNKNOWN,UNKNOWN_REVIEW_REQUIRED,UNKNOWN_REVIEW_REQUIRED,UNKNOWN,UNKNOWN,EVIDENCE_PARTIAL,per-asset source/master;platform and model version;per-asset prompt;input asset rights;commercial account evidence;applicable terms snapshot;creator authorization;license scope;reviewer identity;review date,NO,NO,NO_PENDING_EVIDENCE_RECOVERY,Preserved legacy fields: description=Beijing winter snow;origin=commissioned Phoenix original;license_type=phoenix-exclusive-owned;proof_url=user-provided source file;review_status=approved Existing registry says commissioned Phoenix original while runtime metadata says aiGenerated. Repository provenance does not establish legal rights.,,,,,,
PHX-VIS-B5429345B170,app/assets/images/backgrounds/generated/beijing/forbidden-city/05-after-rain.webp,05-after-rain.webp,WEBP,344358,864,1536,38afda9e2380aa8ccee6462f765e9168762f858be44df4524d11723ec8241921,2c2b508728f885e242482f2414cb5ca69d0b3927,YES,JourneyBackgroundCatalog / all Journey pages,Ordinary Journey,ordinary:beijing-forbidden-city,NONE,PRIMARY,NO,NO,ccd848979f8f86196c11e5d692f3f437cd76c7de,2026-07-27T19:37:57+07:00,dhv5bnmfmh-cmyk,7eaa823f712251797194e6cb1995c9da79ad988a,YES,design/ASSET_REGISTER.csv;design/PHOENIX_ASSET_OWNERSHIP.md;app/lib/data/journey_background_generated.dart;worker/scripts/generate_daily_backgrounds.mjs;git:ccd848979f8f86196c11e5d692f3f437cd76c7de,CONFLICTING_EXISTING_RECORDS,user-provided source file,UNKNOWN,UNKNOWN,UNKNOWN,UNKNOWN,PARTIAL_WORKFLOW_ONLY,UNKNOWN,UNKNOWN,UNKNOWN,phoenix-exclusive-owned,UNKNOWN,UNKNOWN,UNKNOWN,UNKNOWN_REVIEW_REQUIRED,UNKNOWN_REVIEW_REQUIRED,UNKNOWN,UNKNOWN,EVIDENCE_PARTIAL,per-asset source/master;platform and model version;per-asset prompt;input asset rights;commercial account evidence;applicable terms snapshot;creator authorization;license scope;reviewer identity;review date,NO,NO,NO_PENDING_EVIDENCE_RECOVERY,Preserved legacy fields: description=Beijing after rain;origin=commissioned Phoenix original;license_type=phoenix-exclusive-owned;proof_url=user-provided source file;review_status=approved Existing registry says commissioned Phoenix original while runtime metadata says aiGenerated. Repository provenance does not establish legal rights.,,,,,,
PHX-VIS-EAB6CD8B95DE,app/assets/images/backgrounds/generated/beijing/forbidden-city/06-autumn-maples.webp,06-autumn-maples.webp,WEBP,351920,864,1536,3859202b2694068dd2f95625e32acfa093eaaf4b3edc2cee62c97dfe2621d3e8,bbec3e61d0363d3fe287e620c4efa7b64f18dadb,YES,JourneyBackgroundCatalog / all Journey pages,Ordinary Journey,ordinary:beijing-forbidden-city,NONE,PRIMARY,NO,NO,ccd848979f8f86196c11e5d692f3f437cd76c7de,2026-07-27T19:37:57+07:00,dhv5bnmfmh-cmyk,7eaa823f712251797194e6cb1995c9da79ad988a,YES,design/ASSET_REGISTER.csv;design/PHOENIX_ASSET_OWNERSHIP.md;app/lib/data/journey_background_generated.dart;worker/scripts/generate_daily_backgrounds.mjs;git:ccd848979f8f86196c11e5d692f3f437cd76c7de,CONFLICTING_EXISTING_RECORDS,user-provided source file,UNKNOWN,UNKNOWN,UNKNOWN,UNKNOWN,PARTIAL_WORKFLOW_ONLY,UNKNOWN,UNKNOWN,UNKNOWN,phoenix-exclusive-owned,UNKNOWN,UNKNOWN,UNKNOWN,UNKNOWN_REVIEW_REQUIRED,UNKNOWN_REVIEW_REQUIRED,UNKNOWN,UNKNOWN,EVIDENCE_PARTIAL,per-asset source/master;platform and model version;per-asset prompt;input asset rights;commercial account evidence;applicable terms snapshot;creator authorization;license scope;reviewer identity;review date,NO,NO,NO_PENDING_EVIDENCE_RECOVERY,Preserved legacy fields: description=Beijing autumn maples;origin=commissioned Phoenix original;license_type=phoenix-exclusive-owned;proof_url=user-provided source file;review_status=approved Existing registry says commissioned Phoenix original while runtime metadata says aiGenerated. Repository provenance does not establish legal rights.,,,,,,
PHX-VIS-EFD45F9E19BF,app/assets/images/backgrounds/generated/beijing/forbidden-city/07-clear-morning.webp,07-clear-morning.webp,WEBP,334638,864,1536,e96589304e8097e1f5daa1382cbb97c34b05a97ad4fad9423b1bc896f45e3978,9c754704f43273ab036cad25e50ccbbc1748c34f,YES,JourneyBackgroundCatalog / all Journey pages,Ordinary Journey,ordinary:beijing-forbidden-city,NONE,PRIMARY,NO,NO,ccd848979f8f86196c11e5d692f3f437cd76c7de,2026-07-27T19:37:57+07:00,dhv5bnmfmh-cmyk,7eaa823f712251797194e6cb1995c9da79ad988a,YES,design/ASSET_REGISTER.csv;design/PHOENIX_ASSET_OWNERSHIP.md;app/lib/data/journey_background_generated.dart;worker/scripts/generate_daily_backgrounds.mjs;git:ccd848979f8f86196c11e5d692f3f437cd76c7de,CONFLICTING_EXISTING_RECORDS,user-provided source file,UNKNOWN,UNKNOWN,UNKNOWN,UNKNOWN,PARTIAL_WORKFLOW_ONLY,UNKNOWN,UNKNOWN,UNKNOWN,phoenix-exclusive-owned,UNKNOWN,UNKNOWN,UNKNOWN,UNKNOWN_REVIEW_REQUIRED,UNKNOWN_REVIEW_REQUIRED,UNKNOWN,UNKNOWN,EVIDENCE_PARTIAL,per-asset source/master;platform and model version;per-asset prompt;input asset rights;commercial account evidence;applicable terms snapshot;creator authorization;license scope;reviewer identity;review date,NO,NO,NO_PENDING_EVIDENCE_RECOVERY,Preserved legacy fields: description=Beijing clear morning;origin=commissioned Phoenix original;license_type=phoenix-exclusive-owned;proof_url=user-provided source file;review_status=approved Existing registry says commissioned Phoenix original while runtime metadata says aiGenerated. Repository provenance does not establish legal rights.,,,,,,
PHX-VIS-7DB7B620E7C8,app/assets/images/backgrounds/generated/beijing/forbidden-city/08-sunlit-corridor.webp,08-sunlit-corridor.webp,WEBP,320452,864,1536,5d057dcc092089142ca24c026bafc24524ec65ad1b2b6b4185135e27b3af3200,bb84a4607e1172cbba7b2448e699b8e2d571fb83,YES,JourneyBackgroundCatalog / all Journey pages,Ordinary Journey,ordinary:beijing-forbidden-city,NONE,PRIMARY,NO,NO,ccd848979f8f86196c11e5d692f3f437cd76c7de,2026-07-27T19:37:57+07:00,dhv5bnmfmh-cmyk,7eaa823f712251797194e6cb1995c9da79ad988a,YES,design/ASSET_REGISTER.csv;design/PHOENIX_ASSET_OWNERSHIP.md;app/lib/data/journey_background_generated.dart;worker/scripts/generate_daily_backgrounds.mjs;git:ccd848979f8f86196c11e5d692f3f437cd76c7de,CONFLICTING_EXISTING_RECORDS,user-provided source file,UNKNOWN,UNKNOWN,UNKNOWN,UNKNOWN,PARTIAL_WORKFLOW_ONLY,UNKNOWN,UNKNOWN,UNKNOWN,phoenix-exclusive-owned,UNKNOWN,UNKNOWN,UNKNOWN,UNKNOWN_REVIEW_REQUIRED,UNKNOWN_REVIEW_REQUIRED,UNKNOWN,UNKNOWN,EVIDENCE_PARTIAL,per-asset source/master;platform and model version;per-asset prompt;input asset rights;commercial account evidence;applicable terms snapshot;creator authorization;license scope;reviewer identity;review date,NO,NO,NO_PENDING_EVIDENCE_RECOVERY,Preserved legacy fields: description=Beijing sunlit corridor;origin=commissioned Phoenix original;license_type=phoenix-exclusive-owned;proof_url=user-provided source file;review_status=approved Existing registry says commissioned Phoenix original while runtime metadata says aiGenerated. Repository provenance does not establish legal rights.,,,,,,
PHX-VIS-A308B0B70D45,app/assets/images/backgrounds/generated/beijing/forbidden-city/09-misty-courtyard.webp,09-misty-courtyard.webp,WEBP,336102,864,1536,db4cd91e241ea118db74410ad49c8d9418f48e77ac21db12591f1a1782921031,50510103cc37a96731d5147982efc22ab47bd9e0,YES,JourneyBackgroundCatalog / all Journey pages,Ordinary Journey,ordinary:beijing-forbidden-city,NONE,PRIMARY,NO,NO,ccd848979f8f86196c11e5d692f3f437cd76c7de,2026-07-27T19:37:57+07:00,dhv5bnmfmh-cmyk,7eaa823f712251797194e6cb1995c9da79ad988a,YES,design/ASSET_REGISTER.csv;design/PHOENIX_ASSET_OWNERSHIP.md;app/lib/data/journey_background_generated.dart;worker/scripts/generate_daily_backgrounds.mjs;git:ccd848979f8f86196c11e5d692f3f437cd76c7de,CONFLICTING_EXISTING_RECORDS,user-provided source file,UNKNOWN,UNKNOWN,UNKNOWN,UNKNOWN,PARTIAL_WORKFLOW_ONLY,UNKNOWN,UNKNOWN,UNKNOWN,phoenix-exclusive-owned,UNKNOWN,UNKNOWN,UNKNOWN,UNKNOWN_REVIEW_REQUIRED,UNKNOWN_REVIEW_REQUIRED,UNKNOWN,UNKNOWN,EVIDENCE_PARTIAL,per-asset source/master;platform and model version;per-asset prompt;input asset rights;commercial account evidence;applicable terms snapshot;creator authorization;license scope;reviewer identity;review date,NO,NO,NO_PENDING_EVIDENCE_RECOVERY,Preserved legacy fields: description=Beijing misty courtyard;origin=commissioned Phoenix original;license_type=phoenix-exclusive-owned;proof_url=user-provided source file;review_status=approved Existing registry says commissioned Phoenix original while runtime metadata says aiGenerated. Repository provenance does not establish legal rights.,,,,,,
PHX-VIS-2DDC48B86935,app/assets/images/backgrounds/generated/beijing/forbidden-city/10-sunset-panorama.webp,10-sunset-panorama.webp,WEBP,386198,864,1536,e54a4f65c22b08f1a599590bea32ea134b724e4f455c585423e3237dd3b9d0d7,2930fa33c5773c2679fced19d23f90859498e6cf,YES,JourneyBackgroundCatalog / all Journey pages,Ordinary Journey,ordinary:beijing-forbidden-city,NONE,PRIMARY,NO,NO,ccd848979f8f86196c11e5d692f3f437cd76c7de,2026-07-27T19:37:57+07:00,dhv5bnmfmh-cmyk,7eaa823f712251797194e6cb1995c9da79ad988a,YES,design/ASSET_REGISTER.csv;design/PHOENIX_ASSET_OWNERSHIP.md;app/lib/data/journey_background_generated.dart;worker/scripts/generate_daily_backgrounds.mjs;git:ccd848979f8f86196c11e5d692f3f437cd76c7de,CONFLICTING_EXISTING_RECORDS,user-provided source file,UNKNOWN,UNKNOWN,UNKNOWN,UNKNOWN,PARTIAL_WORKFLOW_ONLY,UNKNOWN,UNKNOWN,UNKNOWN,phoenix-exclusive-owned,UNKNOWN,UNKNOWN,UNKNOWN,UNKNOWN_REVIEW_REQUIRED,UNKNOWN_REVIEW_REQUIRED,UNKNOWN,UNKNOWN,EVIDENCE_PARTIAL,per-asset source/master;platform and model version;per-asset prompt;input asset rights;commercial account evidence;applicable terms snapshot;creator authorization;license scope;reviewer identity;review date,NO,NO,NO_PENDING_EVIDENCE_RECOVERY,Preserved legacy fields: description=Beijing sunset panorama;origin=commissioned Phoenix original;license_type=phoenix-exclusive-owned;proof_url=user-provided source file;review_status=approved Existing registry says commissioned Phoenix original while runtime metadata says aiGenerated. Repository provenance does not establish legal rights.,,,,,,
PHX-VIS-BE20A35D1714,app/assets/images/backgrounds/generated/beijing/summer-palace/01-dawn-kunming-lake.webp,01-dawn-kunming-lake.webp,WEBP,114394,864,1536,79adff7f1db3b254383a4a20c0f16becb13848ff10028523d63def8265a8b534,c3a113eef56f5058ebd3f2d6afef984c658dce66,YES,JourneyBackgroundCatalog / all Journey pages,Ordinary Journey,ordinary:beijing-summer-palace,NONE,PRIMARY,NO,NO,ccd848979f8f86196c11e5d692f3f437cd76c7de,2026-07-27T19:37:57+07:00,dhv5bnmfmh-cmyk,7eaa823f712251797194e6cb1995c9da79ad988a,NO,app/lib/data/journey_background_generated.dart;worker/scripts/generate_daily_backgrounds.mjs;.github/workflows/import-summer-palace-backgrounds.yml;.github/workflows/finalize-summer-palace-backgrounds.yml;git:ccd848979f8f86196c11e5d692f3f437cd76c7de,CONFLICTING_EXISTING_RECORDS,REPOSITORY_PROVENANCE_ONLY,UNKNOWN,UNKNOWN,UNKNOWN,UNKNOWN,PARTIAL_WORKFLOW_ONLY,UNKNOWN,UNKNOWN,UNKNOWN,UNKNOWN,UNKNOWN,UNKNOWN,UNKNOWN,UNKNOWN_REVIEW_REQUIRED,UNKNOWN_REVIEW_REQUIRED,UNKNOWN,UNKNOWN,EVIDENCE_PARTIAL,per-asset source/master;platform and model version;per-asset prompt;input asset rights;commercial account evidence;applicable terms snapshot;creator authorization;license scope;reviewer identity;review date,NO,NO,NO_PENDING_EVIDENCE_RECOVERY,Historical workflow says user-provided while runtime metadata says aiGenerated. Repository provenance does not establish legal rights.,,,,,,
PHX-VIS-80EA98BD64E2,app/assets/images/backgrounds/generated/beijing/summer-palace/02-morning-long-corridor.webp,02-morning-long-corridor.webp,WEBP,146796,864,1536,6d7aa593cd3667b8a4d1abad543290b38f6cc54ee94f498d2f71bde2c896f65b,0255577d769f6c778bfced8e474b591fe1d51512,YES,JourneyBackgroundCatalog / all Journey pages,Ordinary Journey,ordinary:beijing-summer-palace,NONE,PRIMARY,NO,NO,ccd848979f8f86196c11e5d692f3f437cd76c7de,2026-07-27T19:37:57+07:00,dhv5bnmfmh-cmyk,7eaa823f712251797194e6cb1995c9da79ad988a,NO,app/lib/data/journey_background_generated.dart;worker/scripts/generate_daily_backgrounds.mjs;.github/workflows/import-summer-palace-backgrounds.yml;.github/workflows/finalize-summer-palace-backgrounds.yml;git:ccd848979f8f86196c11e5d692f3f437cd76c7de,CONFLICTING_EXISTING_RECORDS,REPOSITORY_PROVENANCE_ONLY,UNKNOWN,UNKNOWN,UNKNOWN,UNKNOWN,PARTIAL_WORKFLOW_ONLY,UNKNOWN,UNKNOWN,UNKNOWN,UNKNOWN,UNKNOWN,UNKNOWN,UNKNOWN,UNKNOWN_REVIEW_REQUIRED,UNKNOWN_REVIEW_REQUIRED,UNKNOWN,UNKNOWN,EVIDENCE_PARTIAL,per-asset source/master;platform and model version;per-asset prompt;input asset rights;commercial account evidence;applicable terms snapshot;creator authorization;license scope;reviewer identity;review date,NO,NO,NO_PENDING_EVIDENCE_RECOVERY,Historical workflow says user-provided while runtime metadata says aiGenerated. Repository provenance does not establish legal rights.,,,,,,
PHX-VIS-F5174A1E4FB4,app/assets/images/backgrounds/generated/beijing/summer-palace/03-misty-longevity-hill.webp,03-misty-longevity-hill.webp,WEBP,127546,864,1536,56839b8b8aa530b52eabe56f7b24067e133e995c91fc1520ed3353e85fd424e1,cf28de107dbdcf464fbe49d06e1edb76955d337d,YES,JourneyBackgroundCatalog / all Journey pages,Ordinary Journey,ordinary:beijing-summer-palace,NONE,PRIMARY,NO,NO,ccd848979f8f86196c11e5d692f3f437cd76c7de,2026-07-27T19:37:57+07:00,dhv5bnmfmh-cmyk,7eaa823f712251797194e6cb1995c9da79ad988a,NO,app/lib/data/journey_background_generated.dart;worker/scripts/generate_daily_backgrounds.mjs;.github/workflows/import-summer-palace-backgrounds.yml;.github/workflows/finalize-summer-palace-backgrounds.yml;git:ccd848979f8f86196c11e5d692f3f437cd76c7de,CONFLICTING_EXISTING_RECORDS,REPOSITORY_PROVENANCE_ONLY,UNKNOWN,UNKNOWN,UNKNOWN,UNKNOWN,PARTIAL_WORKFLOW_ONLY,UNKNOWN,UNKNOWN,UNKNOWN,UNKNOWN,UNKNOWN,UNKNOWN,UNKNOWN,UNKNOWN_REVIEW_REQUIRED,UNKNOWN_REVIEW_REQUIRED,UNKNOWN,UNKNOWN,EVIDENCE_PARTIAL,per-asset source/master;platform and model version;per-asset prompt;input asset rights;commercial account evidence;applicable terms snapshot;creator authorization;license scope;reviewer identity;review date,NO,NO,NO_PENDING_EVIDENCE_RECOVERY,Historical workflow says user-provided while runtime metadata says aiGenerated. Repository provenance does not establish legal rights.,,,,,,
PHX-VIS-8F28E6B8F402,app/assets/images/backgrounds/generated/beijing/summer-palace/04-bright-seventeen-arch-bridge.webp,04-bright-seventeen-arch-bridge.webp,WEBP,198372,864,1536,bb26c331527ca27ba7e70e89b60416965eaa8adf95735b0c2fbda63d15a3a66d,8f04d1e44f74f437c7978591572628b8ad4b7b4d,YES,JourneyBackgroundCatalog / all Journey pages,Ordinary Journey,ordinary:beijing-summer-palace,NONE,PRIMARY,NO,NO,ccd848979f8f86196c11e5d692f3f437cd76c7de,2026-07-27T19:37:57+07:00,dhv5bnmfmh-cmyk,7eaa823f712251797194e6cb1995c9da79ad988a,NO,app/lib/data/journey_background_generated.dart;worker/scripts/generate_daily_backgrounds.mjs;.github/workflows/import-summer-palace-backgrounds.yml;.github/workflows/finalize-summer-palace-backgrounds.yml;git:ccd848979f8f86196c11e5d692f3f437cd76c7de,CONFLICTING_EXISTING_RECORDS,REPOSITORY_PROVENANCE_ONLY,UNKNOWN,UNKNOWN,UNKNOWN,UNKNOWN,PARTIAL_WORKFLOW_ONLY,UNKNOWN,UNKNOWN,UNKNOWN,UNKNOWN,UNKNOWN,UNKNOWN,UNKNOWN,UNKNOWN_REVIEW_REQUIRED,UNKNOWN_REVIEW_REQUIRED,UNKNOWN,UNKNOWN,EVIDENCE_PARTIAL,per-asset source/master;platform and model version;per-asset prompt;input asset rights;commercial account evidence;applicable terms snapshot;creator authorization;license scope;reviewer identity;review date,NO,NO,NO_PENDING_EVIDENCE_RECOVERY,Historical workflow says user-provided while runtime metadata says aiGenerated. Repository provenance does not establish legal rights.,,,,,,
PHX-VIS-4FE0BA196CB9,app/assets/images/backgrounds/generated/beijing/summer-palace/05-after-rain-pavilion.webp,05-after-rain-pavilion.webp,WEBP,190374,864,1536,48b4ae1acb379602538be34d2c70e3d4dfe996b44b335d0f9af80c45a8d2313e,64855f699a860ffc2bb9e492b12e22840c399cbc,YES,JourneyBackgroundCatalog / all Journey pages,Ordinary Journey,ordinary:beijing-summer-palace,NONE,PRIMARY,NO,NO,ccd848979f8f86196c11e5d692f3f437cd76c7de,2026-07-27T19:37:57+07:00,dhv5bnmfmh-cmyk,7eaa823f712251797194e6cb1995c9da79ad988a,NO,app/lib/data/journey_background_generated.dart;worker/scripts/generate_daily_backgrounds.mjs;.github/workflows/import-summer-palace-backgrounds.yml;.github/workflows/finalize-summer-palace-backgrounds.yml;git:ccd848979f8f86196c11e5d692f3f437cd76c7de,CONFLICTING_EXISTING_RECORDS,REPOSITORY_PROVENANCE_ONLY,UNKNOWN,UNKNOWN,UNKNOWN,UNKNOWN,PARTIAL_WORKFLOW_ONLY,UNKNOWN,UNKNOWN,UNKNOWN,UNKNOWN,UNKNOWN,UNKNOWN,UNKNOWN,UNKNOWN_REVIEW_REQUIRED,UNKNOWN_REVIEW_REQUIRED,UNKNOWN,UNKNOWN,EVIDENCE_PARTIAL,per-asset source/master;platform and model version;per-asset prompt;input asset rights;commercial account evidence;applicable terms snapshot;creator authorization;license scope;reviewer identity;review date,NO,NO,NO_PENDING_EVIDENCE_RECOVERY,Historical workflow says user-provided while runtime metadata says aiGenerated. Repository provenance does not establish legal rights.,,,,,,
PHX-VIS-308B15B1297A,app/assets/images/backgrounds/generated/beijing/summer-palace/06-summer-lotus-lake.webp,06-summer-lotus-lake.webp,WEBP,115150,864,1536,d49d1d145cc30d1f5a9db24f05c561666e56509a90bd9c3335b1eb04fee31294,177a65c17b8bed798f83a87b99f83f580f630ec0,YES,JourneyBackgroundCatalog / all Journey pages,Ordinary Journey,ordinary:beijing-summer-palace,NONE,PRIMARY,NO,NO,ccd848979f8f86196c11e5d692f3f437cd76c7de,2026-07-27T19:37:57+07:00,dhv5bnmfmh-cmyk,7eaa823f712251797194e6cb1995c9da79ad988a,NO,app/lib/data/journey_background_generated.dart;worker/scripts/generate_daily_backgrounds.mjs;.github/workflows/import-summer-palace-backgrounds.yml;.github/workflows/finalize-summer-palace-backgrounds.yml;git:ccd848979f8f86196c11e5d692f3f437cd76c7de,CONFLICTING_EXISTING_RECORDS,REPOSITORY_PROVENANCE_ONLY,UNKNOWN,UNKNOWN,UNKNOWN,UNKNOWN,PARTIAL_WORKFLOW_ONLY,UNKNOWN,UNKNOWN,UNKNOWN,UNKNOWN,UNKNOWN,UNKNOWN,UNKNOWN,UNKNOWN_REVIEW_REQUIRED,UNKNOWN_REVIEW_REQUIRED,UNKNOWN,UNKNOWN,EVIDENCE_PARTIAL,per-asset source/master;platform and model version;per-asset prompt;input asset rights;commercial account evidence;applicable terms snapshot;creator authorization;license scope;reviewer identity;review date,NO,NO,NO_PENDING_EVIDENCE_RECOVERY,Historical workflow says user-provided while runtime metadata says aiGenerated. Repository provenance does not establish legal rights.,,,,,,
PHX-VIS-8B68943F3F46,app/assets/images/backgrounds/generated/beijing/summer-palace/07-autumn-west-dike.webp,07-autumn-west-dike.webp,WEBP,206156,864,1536,b0bca8f3df4df4961d443facdbdf3da1f1fea8e8c033e062e8e102a6e316b26e,223e5c086e177e7dfd5f9ec51ac458503f77292a,YES,JourneyBackgroundCatalog / all Journey pages,Ordinary Journey,ordinary:beijing-summer-palace,NONE,PRIMARY,NO,NO,ccd848979f8f86196c11e5d692f3f437cd76c7de,2026-07-27T19:37:57+07:00,dhv5bnmfmh-cmyk,7eaa823f712251797194e6cb1995c9da79ad988a,NO,app/lib/data/journey_background_generated.dart;worker/scripts/generate_daily_backgrounds.mjs;.github/workflows/import-summer-palace-backgrounds.yml;.github/workflows/finalize-summer-palace-backgrounds.yml;git:ccd848979f8f86196c11e5d692f3f437cd76c7de,CONFLICTING_EXISTING_RECORDS,REPOSITORY_PROVENANCE_ONLY,UNKNOWN,UNKNOWN,UNKNOWN,UNKNOWN,PARTIAL_WORKFLOW_ONLY,UNKNOWN,UNKNOWN,UNKNOWN,UNKNOWN,UNKNOWN,UNKNOWN,UNKNOWN,UNKNOWN_REVIEW_REQUIRED,UNKNOWN_REVIEW_REQUIRED,UNKNOWN,UNKNOWN,EVIDENCE_PARTIAL,per-asset source/master;platform and model version;per-asset prompt;input asset rights;commercial account evidence;applicable terms snapshot;creator authorization;license scope;reviewer identity;review date,NO,NO,NO_PENDING_EVIDENCE_RECOVERY,Historical workflow says user-provided while runtime metadata says aiGenerated. Repository provenance does not establish legal rights.,,,,,,
PHX-VIS-5A4601D80298,app/assets/images/backgrounds/generated/beijing/summer-palace/08-golden-hour-tower.webp,08-golden-hour-tower.webp,WEBP,156308,864,1536,38fa24356f5319ac26bab4b6326089290cc2e2a65544435691f84250b29cc9a7,76719272bab1965c970f3c5b964a73e56f12167f,YES,JourneyBackgroundCatalog / all Journey pages,Ordinary Journey,ordinary:beijing-summer-palace,NONE,PRIMARY,NO,NO,ccd848979f8f86196c11e5d692f3f437cd76c7de,2026-07-27T19:37:57+07:00,dhv5bnmfmh-cmyk,7eaa823f712251797194e6cb1995c9da79ad988a,NO,app/lib/data/journey_background_generated.dart;worker/scripts/generate_daily_backgrounds.mjs;.github/workflows/import-summer-palace-backgrounds.yml;.github/workflows/finalize-summer-palace-backgrounds.yml;git:ccd848979f8f86196c11e5d692f3f437cd76c7de,CONFLICTING_EXISTING_RECORDS,REPOSITORY_PROVENANCE_ONLY,UNKNOWN,UNKNOWN,UNKNOWN,UNKNOWN,PARTIAL_WORKFLOW_ONLY,UNKNOWN,UNKNOWN,UNKNOWN,UNKNOWN,UNKNOWN,UNKNOWN,UNKNOWN,UNKNOWN_REVIEW_REQUIRED,UNKNOWN_REVIEW_REQUIRED,UNKNOWN,UNKNOWN,EVIDENCE_PARTIAL,per-asset source/master;platform and model version;per-asset prompt;input asset rights;commercial account evidence;applicable terms snapshot;creator authorization;license scope;reviewer identity;review date,NO,NO,NO_PENDING_EVIDENCE_RECOVERY,Historical workflow says user-provided while runtime metadata says aiGenerated. Repository provenance does not establish legal rights.,,,,,,
PHX-VIS-BA8327A07D01,app/assets/images/backgrounds/generated/beijing/summer-palace/09-blue-hour-reflection.webp,09-blue-hour-reflection.webp,WEBP,58920,864,1536,834006c5e4de538bb8787367f4f49135ae379bf2c25ee3e28b564f369ffe8530,d6af1522ca02709353a7f372f6becf5db099e21b,YES,JourneyBackgroundCatalog / all Journey pages,Ordinary Journey,ordinary:beijing-summer-palace,NONE,PRIMARY,NO,NO,ccd848979f8f86196c11e5d692f3f437cd76c7de,2026-07-27T19:37:57+07:00,dhv5bnmfmh-cmyk,7eaa823f712251797194e6cb1995c9da79ad988a,NO,app/lib/data/journey_background_generated.dart;worker/scripts/generate_daily_backgrounds.mjs;.github/workflows/import-summer-palace-backgrounds.yml;.github/workflows/finalize-summer-palace-backgrounds.yml;git:ccd848979f8f86196c11e5d692f3f437cd76c7de,CONFLICTING_EXISTING_RECORDS,REPOSITORY_PROVENANCE_ONLY,UNKNOWN,UNKNOWN,UNKNOWN,UNKNOWN,PARTIAL_WORKFLOW_ONLY,UNKNOWN,UNKNOWN,UNKNOWN,UNKNOWN,UNKNOWN,UNKNOWN,UNKNOWN,UNKNOWN_REVIEW_REQUIRED,UNKNOWN_REVIEW_REQUIRED,UNKNOWN,UNKNOWN,EVIDENCE_PARTIAL,per-asset source/master;platform and model version;per-asset prompt;input asset rights;commercial account evidence;applicable terms snapshot;creator authorization;license scope;reviewer identity;review date,NO,NO,NO_PENDING_EVIDENCE_RECOVERY,Historical workflow says user-provided while runtime metadata says aiGenerated. Repository provenance does not establish legal rights.,,,,,,
PHX-VIS-149AC0E6A50B,app/assets/images/backgrounds/generated/beijing/summer-palace/10-moonlit-lake-panorama.webp,10-moonlit-lake-panorama.webp,WEBP,81556,864,1536,8a2732eebe70dc770e3b99de9263f88655de4620c5e95096740d66b19c6f7d87,f7a1ca537d239260b716790ac1bce21e541117a8,YES,JourneyBackgroundCatalog / all Journey pages,Ordinary Journey,ordinary:beijing-summer-palace,NONE,PRIMARY,NO,NO,ccd848979f8f86196c11e5d692f3f437cd76c7de,2026-07-27T19:37:57+07:00,dhv5bnmfmh-cmyk,7eaa823f712251797194e6cb1995c9da79ad988a,NO,app/lib/data/journey_background_generated.dart;worker/scripts/generate_daily_backgrounds.mjs;.github/workflows/import-summer-palace-backgrounds.yml;.github/workflows/finalize-summer-palace-backgrounds.yml;git:ccd848979f8f86196c11e5d692f3f437cd76c7de,CONFLICTING_EXISTING_RECORDS,REPOSITORY_PROVENANCE_ONLY,UNKNOWN,UNKNOWN,UNKNOWN,UNKNOWN,PARTIAL_WORKFLOW_ONLY,UNKNOWN,UNKNOWN,UNKNOWN,UNKNOWN,UNKNOWN,UNKNOWN,UNKNOWN,UNKNOWN_REVIEW_REQUIRED,UNKNOWN_REVIEW_REQUIRED,UNKNOWN,UNKNOWN,EVIDENCE_PARTIAL,per-asset source/master;platform and model version;per-asset prompt;input asset rights;commercial account evidence;applicable terms snapshot;creator authorization;license scope;reviewer identity;review date,NO,NO,NO_PENDING_EVIDENCE_RECOVERY,Historical workflow says user-provided while runtime metadata says aiGenerated. Repository provenance does not establish legal rights.,,,,,,
PHX-VIS-7971A905C8B7,app/assets/images/backgrounds/generated/chengde/mountain-resort/02-dawn-arrival.webp,02-dawn-arrival.webp,WEBP,41646,1600,900,4a7f17444c7ff37f83c79ae1e7b60ffbb3d3223468983d73e6a534fb0515b439,1112a435eecb7c33f871ab2e741005b4304a9739,YES,JourneyBackgroundCatalog / all Journey pages,Ordinary Journey,ordinary:chengde-mountain-resort,NONE,PRIMARY,NO,NO,e3bbe25b396cb5ed903fdecd7c41ecab823673e7,2026-07-30T07:14:39+07:00,dhv5bnmfmh-cmyk,7eaa823f712251797194e6cb1995c9da79ad988a,NO,app/lib/data/journey_background_generated.dart;worker/scripts/generate_daily_backgrounds.mjs;git:e3bbe25b396cb5ed903fdecd7c41ecab823673e7,AI_GENERATED_RUNTIME_METADATA,REPOSITORY_PROVENANCE_ONLY,UNKNOWN,UNKNOWN,UNKNOWN,UNKNOWN,PARTIAL_WORKFLOW_ONLY,UNKNOWN,UNKNOWN,UNKNOWN,UNKNOWN,UNKNOWN,UNKNOWN,UNKNOWN,UNKNOWN_REVIEW_REQUIRED,UNKNOWN_REVIEW_REQUIRED,UNKNOWN,UNKNOWN,EVIDENCE_PARTIAL,per-asset source/master;platform and model version;per-asset prompt;input asset rights;commercial account evidence;applicable terms snapshot;creator authorization;license scope;reviewer identity;review date,NO,NO,NO_PENDING_EVIDENCE_RECOVERY,Repository provenance does not establish legal rights.,,,,,,
PHX-VIS-D8288BC94DFC,app/assets/images/backgrounds/generated/chengde/mountain-resort/03-clear-morning.webp,03-clear-morning.webp,WEBP,98216,1600,900,a51625a108a4e71cb50ec819d84c7d04e4356d79e6ebf96bb28da8ad991fd696,9a48b1f7a6e8fc454180f0ed45fa4617d528fe06,YES,JourneyBackgroundCatalog / all Journey pages,Ordinary Journey,ordinary:chengde-mountain-resort,NONE,PRIMARY,NO,NO,e3bbe25b396cb5ed903fdecd7c41ecab823673e7,2026-07-30T07:14:39+07:00,dhv5bnmfmh-cmyk,7eaa823f712251797194e6cb1995c9da79ad988a,NO,app/lib/data/journey_background_generated.dart;worker/scripts/generate_daily_backgrounds.mjs;git:e3bbe25b396cb5ed903fdecd7c41ecab823673e7,AI_GENERATED_RUNTIME_METADATA,REPOSITORY_PROVENANCE_ONLY,UNKNOWN,UNKNOWN,UNKNOWN,UNKNOWN,PARTIAL_WORKFLOW_ONLY,UNKNOWN,UNKNOWN,UNKNOWN,UNKNOWN,UNKNOWN,UNKNOWN,UNKNOWN,UNKNOWN_REVIEW_REQUIRED,UNKNOWN_REVIEW_REQUIRED,UNKNOWN,UNKNOWN,EVIDENCE_PARTIAL,per-asset source/master;platform and model version;per-asset prompt;input asset rights;commercial account evidence;applicable terms snapshot;creator authorization;license scope;reviewer identity;review date,NO,NO,NO_PENDING_EVIDENCE_RECOVERY,Repository provenance does not establish legal rights.,,,,,,
PHX-VIS-DDA068D2498D,app/assets/images/backgrounds/generated/chengde/mountain-resort/04-atmospheric-detail.webp,04-atmospheric-detail.webp,WEBP,95866,1600,900,c0bb580fdf5bb7ed2a488718e50400246ac834f8dd1ce79021fac5ae3d52f92c,133ad0e8d677d02d33ff74b3fed42ade40bab6a3,YES,JourneyBackgroundCatalog / all Journey pages,Ordinary Journey,ordinary:chengde-mountain-resort,NONE,PRIMARY,NO,NO,e3bbe25b396cb5ed903fdecd7c41ecab823673e7,2026-07-30T07:14:39+07:00,dhv5bnmfmh-cmyk,7eaa823f712251797194e6cb1995c9da79ad988a,NO,app/lib/data/journey_background_generated.dart;worker/scripts/generate_daily_backgrounds.mjs;git:e3bbe25b396cb5ed903fdecd7c41ecab823673e7,AI_GENERATED_RUNTIME_METADATA,REPOSITORY_PROVENANCE_ONLY,UNKNOWN,UNKNOWN,UNKNOWN,UNKNOWN,PARTIAL_WORKFLOW_ONLY,UNKNOWN,UNKNOWN,UNKNOWN,UNKNOWN,UNKNOWN,UNKNOWN,UNKNOWN,UNKNOWN_REVIEW_REQUIRED,UNKNOWN_REVIEW_REQUIRED,UNKNOWN,UNKNOWN,EVIDENCE_PARTIAL,per-asset source/master;platform and model version;per-asset prompt;input asset rights;commercial account evidence;applicable terms snapshot;creator authorization;license scope;reviewer identity;review date,NO,NO,NO_PENDING_EVIDENCE_RECOVERY,Repository provenance does not establish legal rights.,,,,,,
PHX-VIS-262861B128CE,app/assets/images/backgrounds/generated/chengde/mountain-resort/05-heritage-texture.webp,05-heritage-texture.webp,WEBP,64970,1600,900,8998f5d589e0d1f757384d61f9cb213abea4370989cc4d55898b12f3033952ef,7e954d8f4dea7d54556886b06ce534d8717789fd,YES,JourneyBackgroundCatalog / all Journey pages,Ordinary Journey,ordinary:chengde-mountain-resort,NONE,PRIMARY,NO,NO,e3bbe25b396cb5ed903fdecd7c41ecab823673e7,2026-07-30T07:14:39+07:00,dhv5bnmfmh-cmyk,7eaa823f712251797194e6cb1995c9da79ad988a,NO,app/lib/data/journey_background_generated.dart;worker/scripts/generate_daily_backgrounds.mjs;git:e3bbe25b396cb5ed903fdecd7c41ecab823673e7,AI_GENERATED_RUNTIME_METADATA,REPOSITORY_PROVENANCE_ONLY,UNKNOWN,UNKNOWN,UNKNOWN,UNKNOWN,PARTIAL_WORKFLOW_ONLY,UNKNOWN,UNKNOWN,UNKNOWN,UNKNOWN,UNKNOWN,UNKNOWN,UNKNOWN,UNKNOWN_REVIEW_REQUIRED,UNKNOWN_REVIEW_REQUIRED,UNKNOWN,UNKNOWN,EVIDENCE_PARTIAL,per-asset source/master;platform and model version;per-asset prompt;input asset rights;commercial account evidence;applicable terms snapshot;creator authorization;license scope;reviewer identity;review date,NO,NO,NO_PENDING_EVIDENCE_RECOVERY,Repository provenance does not establish legal rights.,,,,,,
PHX-VIS-467346CF246D,app/assets/images/backgrounds/generated/chengde/mountain-resort/06-after-rain.webp,06-after-rain.webp,WEBP,107080,1600,900,894aebb17d5e6080a8550ac54d2c7f97dea374682b8fc0a28cf2bbeecbae79e4,1b302446327499c02a801cf89e8aae7c7e53dd90,YES,JourneyBackgroundCatalog / all Journey pages,Ordinary Journey,ordinary:chengde-mountain-resort,NONE,PRIMARY,NO,NO,e3bbe25b396cb5ed903fdecd7c41ecab823673e7,2026-07-30T07:14:39+07:00,dhv5bnmfmh-cmyk,7eaa823f712251797194e6cb1995c9da79ad988a,NO,app/lib/data/journey_background_generated.dart;worker/scripts/generate_daily_backgrounds.mjs;git:e3bbe25b396cb5ed903fdecd7c41ecab823673e7,AI_GENERATED_RUNTIME_METADATA,REPOSITORY_PROVENANCE_ONLY,UNKNOWN,UNKNOWN,UNKNOWN,UNKNOWN,PARTIAL_WORKFLOW_ONLY,UNKNOWN,UNKNOWN,UNKNOWN,UNKNOWN,UNKNOWN,UNKNOWN,UNKNOWN,UNKNOWN_REVIEW_REQUIRED,UNKNOWN_REVIEW_REQUIRED,UNKNOWN,UNKNOWN,EVIDENCE_PARTIAL,per-asset source/master;platform and model version;per-asset prompt;input asset rights;commercial account evidence;applicable terms snapshot;creator authorization;license scope;reviewer identity;review date,NO,NO,NO_PENDING_EVIDENCE_RECOVERY,Repository provenance does not establish legal rights.,,,,,,
PHX-VIS-2ED25C4569B5,app/assets/images/backgrounds/generated/chengde/mountain-resort/07-traveler-scale.webp,07-traveler-scale.webp,WEBP,69416,1600,900,e272425087966b83178f5444fcab85bf27a32cc47e3dea74c5905f311a98a4d4,fb6f95431205710f4f9e6a957a40e4c5270867fd,YES,JourneyBackgroundCatalog / all Journey pages,Ordinary Journey,ordinary:chengde-mountain-resort,NONE,PRIMARY,NO,NO,e3bbe25b396cb5ed903fdecd7c41ecab823673e7,2026-07-30T07:14:39+07:00,dhv5bnmfmh-cmyk,7eaa823f712251797194e6cb1995c9da79ad988a,NO,app/lib/data/journey_background_generated.dart;worker/scripts/generate_daily_backgrounds.mjs;git:e3bbe25b396cb5ed903fdecd7c41ecab823673e7,AI_GENERATED_RUNTIME_METADATA,REPOSITORY_PROVENANCE_ONLY,UNKNOWN,UNKNOWN,UNKNOWN,UNKNOWN,PARTIAL_WORKFLOW_ONLY,UNKNOWN,UNKNOWN,UNKNOWN,UNKNOWN,UNKNOWN,UNKNOWN,UNKNOWN,UNKNOWN_REVIEW_REQUIRED,UNKNOWN_REVIEW_REQUIRED,UNKNOWN,UNKNOWN,EVIDENCE_PARTIAL,per-asset source/master;platform and model version;per-asset prompt;input asset rights;commercial account evidence;applicable terms snapshot;creator authorization;license scope;reviewer identity;review date,NO,NO,NO_PENDING_EVIDENCE_RECOVERY,Repository provenance does not establish legal rights.,,,,,,
PHX-VIS-1882EDEFD536,app/assets/images/backgrounds/generated/chengde/mountain-resort/08-golden-hour.webp,08-golden-hour.webp,WEBP,82054,1600,900,c627f1e9f68632c1116b2c893490944f25da045c6e402a5bd100e2289c16473a,f045988a02043a6ebd09e419e2f13e6fd7bf5a84,YES,JourneyBackgroundCatalog / all Journey pages,Ordinary Journey,ordinary:chengde-mountain-resort,NONE,PRIMARY,NO,NO,e3bbe25b396cb5ed903fdecd7c41ecab823673e7,2026-07-30T07:14:39+07:00,dhv5bnmfmh-cmyk,7eaa823f712251797194e6cb1995c9da79ad988a,NO,app/lib/data/journey_background_generated.dart;worker/scripts/generate_daily_backgrounds.mjs;git:e3bbe25b396cb5ed903fdecd7c41ecab823673e7,AI_GENERATED_RUNTIME_METADATA,REPOSITORY_PROVENANCE_ONLY,UNKNOWN,UNKNOWN,UNKNOWN,UNKNOWN,PARTIAL_WORKFLOW_ONLY,UNKNOWN,UNKNOWN,UNKNOWN,UNKNOWN,UNKNOWN,UNKNOWN,UNKNOWN,UNKNOWN_REVIEW_REQUIRED,UNKNOWN_REVIEW_REQUIRED,UNKNOWN,UNKNOWN,EVIDENCE_PARTIAL,per-asset source/master;platform and model version;per-asset prompt;input asset rights;commercial account evidence;applicable terms snapshot;creator authorization;license scope;reviewer identity;review date,NO,NO,NO_PENDING_EVIDENCE_RECOVERY,Repository provenance does not establish legal rights.,,,,,,
PHX-VIS-3E5C5FC8A9AC,app/assets/images/backgrounds/generated/chengde/mountain-resort/09-blue-hour.webp,09-blue-hour.webp,WEBP,34722,1600,900,8189f66cb34d4efc33e0b51afaba2d5b746bc0b05c01f48becad7504ecce5001,d9ecbaffd69ec655b6913333f6c306ba9a7cdf98,YES,JourneyBackgroundCatalog / all Journey pages,Ordinary Journey,ordinary:chengde-mountain-resort,NONE,PRIMARY,NO,NO,e3bbe25b396cb5ed903fdecd7c41ecab823673e7,2026-07-30T07:14:39+07:00,dhv5bnmfmh-cmyk,7eaa823f712251797194e6cb1995c9da79ad988a,NO,app/lib/data/journey_background_generated.dart;worker/scripts/generate_daily_backgrounds.mjs;git:e3bbe25b396cb5ed903fdecd7c41ecab823673e7,AI_GENERATED_RUNTIME_METADATA,REPOSITORY_PROVENANCE_ONLY,UNKNOWN,UNKNOWN,UNKNOWN,UNKNOWN,PARTIAL_WORKFLOW_ONLY,UNKNOWN,UNKNOWN,UNKNOWN,UNKNOWN,UNKNOWN,UNKNOWN,UNKNOWN,UNKNOWN_REVIEW_REQUIRED,UNKNOWN_REVIEW_REQUIRED,UNKNOWN,UNKNOWN,EVIDENCE_PARTIAL,per-asset source/master;platform and model version;per-asset prompt;input asset rights;commercial account evidence;applicable terms snapshot;creator authorization;license scope;reviewer identity;review date,NO,NO,NO_PENDING_EVIDENCE_RECOVERY,Repository provenance does not establish legal rights.,,,,,,
PHX-VIS-F19F1D1FC7A1,app/assets/images/backgrounds/generated/chengde/mountain-resort/10-moonlit-finale.webp,10-moonlit-finale.webp,WEBP,43722,1600,900,deaa1ea7573dcdf0cd52bc2d4b1c1d956095610301f2ba71720b865a53c835db,f18d71ca901ae549168fc70786a6d904e754db35,YES,JourneyBackgroundCatalog / all Journey pages,Ordinary Journey,ordinary:chengde-mountain-resort,NONE,PRIMARY,NO,NO,e3bbe25b396cb5ed903fdecd7c41ecab823673e7,2026-07-30T07:14:39+07:00,dhv5bnmfmh-cmyk,7eaa823f712251797194e6cb1995c9da79ad988a,NO,app/lib/data/journey_background_generated.dart;worker/scripts/generate_daily_backgrounds.mjs;git:e3bbe25b396cb5ed903fdecd7c41ecab823673e7,AI_GENERATED_RUNTIME_METADATA,REPOSITORY_PROVENANCE_ONLY,UNKNOWN,UNKNOWN,UNKNOWN,UNKNOWN,PARTIAL_WORKFLOW_ONLY,UNKNOWN,UNKNOWN,UNKNOWN,UNKNOWN,UNKNOWN,UNKNOWN,UNKNOWN,UNKNOWN_REVIEW_REQUIRED,UNKNOWN_REVIEW_REQUIRED,UNKNOWN,UNKNOWN,EVIDENCE_PARTIAL,per-asset source/master;platform and model version;per-asset prompt;input asset rights;commercial account evidence;applicable terms snapshot;creator authorization;license scope;reviewer identity;review date,NO,NO,NO_PENDING_EVIDENCE_RECOVERY,Repository provenance does not establish legal rights.,,,,,,
PHX-VIS-F6136DEB7DCD,app/assets/images/backgrounds/generated/chengde/mountain-resort/chengde-mountain-resort-v1.webp,chengde-mountain-resort-v1.webp,WEBP,205834,941,1672,1af05d56422d02d2ad621b18814b6b750b8b7bfa2fbcbe467686bfb7be6468ed,1962b10704e4b837a0fefa5ac119e52ff4fe01f3,YES,JourneyBackgroundCatalog / all Journey pages,Ordinary Journey,ordinary:chengde-mountain-resort,NONE,PRIMARY,NO,NO,3d5801900a4480d1c93e9dcdae6f0e0eed41a8fa,2026-07-29T22:14:45+07:00,dhv5bnmfmh-cmyk,7eaa823f712251797194e6cb1995c9da79ad988a,NO,app/lib/data/journey_background_generated.dart;worker/scripts/generate_daily_backgrounds.mjs;git:3d5801900a4480d1c93e9dcdae6f0e0eed41a8fa,AI_GENERATED_RUNTIME_METADATA,REPOSITORY_PROVENANCE_ONLY,UNKNOWN,UNKNOWN,UNKNOWN,UNKNOWN,PARTIAL_WORKFLOW_ONLY,UNKNOWN,UNKNOWN,UNKNOWN,UNKNOWN,UNKNOWN,UNKNOWN,UNKNOWN,UNKNOWN_REVIEW_REQUIRED,UNKNOWN_REVIEW_REQUIRED,UNKNOWN,UNKNOWN,EVIDENCE_PARTIAL,per-asset source/master;platform and model version;per-asset prompt;input asset rights;commercial account evidence;applicable terms snapshot;creator authorization;license scope;reviewer identity;review date,NO,NO,NO_PENDING_EVIDENCE_RECOVERY,Repository provenance does not establish legal rights.,,,,,,
PHX-VIS-05D3431B6D45,app/assets/images/backgrounds/generated/chengdu/kuanzhai-alley/01-sunrise-arrival.webp,01-sunrise-arrival.webp,WEBP,147738,864,1536,437f0dcbc6f1a7e30c460f9270a7eef4651d7d540043cadc294a162c68526016,f787096330b78a7614623a71386323ae17cbf21e,YES,JourneyBackgroundCatalog / all Journey pages,Ordinary Journey,ordinary:chengdu-kuanzhai-alley,NONE,PRIMARY,NO,NO,ccd848979f8f86196c11e5d692f3f437cd76c7de,2026-07-27T19:37:57+07:00,dhv5bnmfmh-cmyk,7eaa823f712251797194e6cb1995c9da79ad988a,YES,design/ASSET_REGISTER.csv;design/PHOENIX_ASSET_OWNERSHIP.md;app/lib/data/journey_background_generated.dart;worker/scripts/generate_daily_backgrounds.mjs;git:ccd848979f8f86196c11e5d692f3f437cd76c7de,AI-generated Phoenix original,OpenAI image generation 2026-07-22,UNKNOWN,OpenAI (existing record),UNKNOWN,UNKNOWN,PARTIAL_WORKFLOW_ONLY,UNKNOWN,UNKNOWN,UNKNOWN,phoenix-exclusive-owned,UNKNOWN,UNKNOWN,UNKNOWN,UNKNOWN_REVIEW_REQUIRED,UNKNOWN_REVIEW_REQUIRED,UNKNOWN,UNKNOWN,EVIDENCE_PARTIAL,per-asset source/master;platform and model version;per-asset prompt;input asset rights;commercial account evidence;applicable terms snapshot;creator authorization;license scope;reviewer identity;review date,NO,NO,NO_PENDING_EVIDENCE_RECOVERY,Preserved legacy fields: description=Chengdu Kuanzhai Alley sunrise arrival;origin=AI-generated Phoenix original;license_type=phoenix-exclusive-owned;proof_url=OpenAI image generation 2026-07-22;review_status=approved Repository provenance does not establish legal rights.,,,,,,
PHX-VIS-E970E14CF977,app/assets/images/backgrounds/generated/chengdu/kuanzhai-alley/02-morning-street.webp,02-morning-street.webp,WEBP,198542,864,1536,51e1439f7be4165cbfdc7a9838f86ffe165fbe5ff251a65d4b49ab5b08bf3ccf,0bfbcfb979ced8b7f46d19a46e76ff0ef3cef4bb,YES,JourneyBackgroundCatalog / all Journey pages,Ordinary Journey,ordinary:chengdu-kuanzhai-alley,NONE,PRIMARY,NO,NO,ccd848979f8f86196c11e5d692f3f437cd76c7de,2026-07-27T19:37:57+07:00,dhv5bnmfmh-cmyk,7eaa823f712251797194e6cb1995c9da79ad988a,YES,design/ASSET_REGISTER.csv;design/PHOENIX_ASSET_OWNERSHIP.md;app/lib/data/journey_background_generated.dart;worker/scripts/generate_daily_backgrounds.mjs;git:ccd848979f8f86196c11e5d692f3f437cd76c7de,AI-generated Phoenix original,OpenAI image generation 2026-07-22,UNKNOWN,OpenAI (existing record),UNKNOWN,UNKNOWN,PARTIAL_WORKFLOW_ONLY,UNKNOWN,UNKNOWN,UNKNOWN,phoenix-exclusive-owned,UNKNOWN,UNKNOWN,UNKNOWN,UNKNOWN_REVIEW_REQUIRED,UNKNOWN_REVIEW_REQUIRED,UNKNOWN,UNKNOWN,EVIDENCE_PARTIAL,per-asset source/master;platform and model version;per-asset prompt;input asset rights;commercial account evidence;applicable terms snapshot;creator authorization;license scope;reviewer identity;review date,NO,NO,NO_PENDING_EVIDENCE_RECOVERY,Preserved legacy fields: description=Chengdu Kuanzhai Alley morning street;origin=AI-generated Phoenix original;license_type=phoenix-exclusive-owned;proof_url=OpenAI image generation 2026-07-22;review_status=approved Repository provenance does not establish legal rights.,,,,,,
PHX-VIS-A82032FD25A0,app/assets/images/backgrounds/generated/chengdu/kuanzhai-alley/03-misty-detail.webp,03-misty-detail.webp,WEBP,144902,864,1536,2fc1e64575da3f88d5e89f24a270f029d83f2a193d1db35bd18ca593bb25f180,c9b91d06a8fb815c7166eef1885270fbb38d8f25,YES,JourneyBackgroundCatalog / all Journey pages,Ordinary Journey,ordinary:chengdu-kuanzhai-alley,NONE,PRIMARY,NO,NO,ccd848979f8f86196c11e5d692f3f437cd76c7de,2026-07-27T19:37:57+07:00,dhv5bnmfmh-cmyk,7eaa823f712251797194e6cb1995c9da79ad988a,YES,design/ASSET_REGISTER.csv;design/PHOENIX_ASSET_OWNERSHIP.md;app/lib/data/journey_background_generated.dart;worker/scripts/generate_daily_backgrounds.mjs;git:ccd848979f8f86196c11e5d692f3f437cd76c7de,AI-generated Phoenix original,OpenAI image generation 2026-07-22,UNKNOWN,OpenAI (existing record),UNKNOWN,UNKNOWN,PARTIAL_WORKFLOW_ONLY,UNKNOWN,UNKNOWN,UNKNOWN,phoenix-exclusive-owned,UNKNOWN,UNKNOWN,UNKNOWN,UNKNOWN_REVIEW_REQUIRED,UNKNOWN_REVIEW_REQUIRED,UNKNOWN,UNKNOWN,EVIDENCE_PARTIAL,per-asset source/master;platform and model version;per-asset prompt;input asset rights;commercial account evidence;applicable terms snapshot;creator authorization;license scope;reviewer identity;review date,NO,NO,NO_PENDING_EVIDENCE_RECOVERY,Preserved legacy fields: description=Chengdu Kuanzhai Alley misty detail;origin=AI-generated Phoenix original;license_type=phoenix-exclusive-owned;proof_url=OpenAI image generation 2026-07-22;review_status=approved Repository provenance does not establish legal rights.,,,,,,
PHX-VIS-80DCBB97593D,app/assets/images/backgrounds/generated/chengdu/kuanzhai-alley/04-bright-panorama.webp,04-bright-panorama.webp,WEBP,155138,864,1536,22384677ae9f5f1170ef36f21b7703f75053018cb998b61339f601e1b4ca32dd,261ab954469d099fd4c08c3af9b0c6b2734529e6,YES,JourneyBackgroundCatalog / all Journey pages,Ordinary Journey,ordinary:chengdu-kuanzhai-alley,NONE,PRIMARY,NO,NO,ccd848979f8f86196c11e5d692f3f437cd76c7de,2026-07-27T19:37:57+07:00,dhv5bnmfmh-cmyk,7eaa823f712251797194e6cb1995c9da79ad988a,YES,design/ASSET_REGISTER.csv;design/PHOENIX_ASSET_OWNERSHIP.md;app/lib/data/journey_background_generated.dart;worker/scripts/generate_daily_backgrounds.mjs;git:ccd848979f8f86196c11e5d692f3f437cd76c7de,AI-generated Phoenix original,OpenAI image generation 2026-07-22,UNKNOWN,OpenAI (existing record),UNKNOWN,UNKNOWN,PARTIAL_WORKFLOW_ONLY,UNKNOWN,UNKNOWN,UNKNOWN,phoenix-exclusive-owned,UNKNOWN,UNKNOWN,UNKNOWN,UNKNOWN_REVIEW_REQUIRED,UNKNOWN_REVIEW_REQUIRED,UNKNOWN,UNKNOWN,EVIDENCE_PARTIAL,per-asset source/master;platform and model version;per-asset prompt;input asset rights;commercial account evidence;applicable terms snapshot;creator authorization;license scope;reviewer identity;review date,NO,NO,NO_PENDING_EVIDENCE_RECOVERY,Preserved legacy fields: description=Chengdu Kuanzhai Alley bright panorama;origin=AI-generated Phoenix original;license_type=phoenix-exclusive-owned;proof_url=OpenAI image generation 2026-07-22;review_status=approved Repository provenance does not establish legal rights.,,,,,,
PHX-VIS-AD63D8B1A20D,app/assets/images/backgrounds/generated/chengdu/kuanzhai-alley/05-after-rain.webp,05-after-rain.webp,WEBP,140988,864,1536,d81b12cbf8645e5c29bdabf96b673c1f27cd5ed5cae1e78da61df2619eaf10d8,d366a4d25b155f98599cf7b080a044f32be1d34a,YES,JourneyBackgroundCatalog / all Journey pages,Ordinary Journey,ordinary:chengdu-kuanzhai-alley,NONE,PRIMARY,NO,NO,ccd848979f8f86196c11e5d692f3f437cd76c7de,2026-07-27T19:37:57+07:00,dhv5bnmfmh-cmyk,7eaa823f712251797194e6cb1995c9da79ad988a,YES,design/ASSET_REGISTER.csv;design/PHOENIX_ASSET_OWNERSHIP.md;app/lib/data/journey_background_generated.dart;worker/scripts/generate_daily_backgrounds.mjs;git:ccd848979f8f86196c11e5d692f3f437cd76c7de,AI-generated Phoenix original,OpenAI image generation 2026-07-22,UNKNOWN,OpenAI (existing record),UNKNOWN,UNKNOWN,PARTIAL_WORKFLOW_ONLY,UNKNOWN,UNKNOWN,UNKNOWN,phoenix-exclusive-owned,UNKNOWN,UNKNOWN,UNKNOWN,UNKNOWN_REVIEW_REQUIRED,UNKNOWN_REVIEW_REQUIRED,UNKNOWN,UNKNOWN,EVIDENCE_PARTIAL,per-asset source/master;platform and model version;per-asset prompt;input asset rights;commercial account evidence;applicable terms snapshot;creator authorization;license scope;reviewer identity;review date,NO,NO,NO_PENDING_EVIDENCE_RECOVERY,Preserved legacy fields: description=Chengdu Kuanzhai Alley after rain;origin=AI-generated Phoenix original;license_type=phoenix-exclusive-owned;proof_url=OpenAI image generation 2026-07-22;review_status=approved Repository provenance does not establish legal rights.,,,,,,
PHX-VIS-7D5942D7BDE2,app/assets/images/backgrounds/generated/chengdu/kuanzhai-alley/06-seasonal-landscape.webp,06-seasonal-landscape.webp,WEBP,248696,864,1536,f8d756a5f9890f3729b64e7551526e72b6d9b05f7096ab5fa1f0841cadf99b72,7b7c026f698a58559f4dfc392ed7463840d690c1,YES,JourneyBackgroundCatalog / all Journey pages,Ordinary Journey,ordinary:chengdu-kuanzhai-alley,NONE,PRIMARY,NO,NO,ccd848979f8f86196c11e5d692f3f437cd76c7de,2026-07-27T19:37:57+07:00,dhv5bnmfmh-cmyk,7eaa823f712251797194e6cb1995c9da79ad988a,YES,design/ASSET_REGISTER.csv;design/PHOENIX_ASSET_OWNERSHIP.md;app/lib/data/journey_background_generated.dart;worker/scripts/generate_daily_backgrounds.mjs;git:ccd848979f8f86196c11e5d692f3f437cd76c7de,AI-generated Phoenix original,OpenAI image generation 2026-07-22,UNKNOWN,OpenAI (existing record),UNKNOWN,UNKNOWN,PARTIAL_WORKFLOW_ONLY,UNKNOWN,UNKNOWN,UNKNOWN,phoenix-exclusive-owned,UNKNOWN,UNKNOWN,UNKNOWN,UNKNOWN_REVIEW_REQUIRED,UNKNOWN_REVIEW_REQUIRED,UNKNOWN,UNKNOWN,EVIDENCE_PARTIAL,per-asset source/master;platform and model version;per-asset prompt;input asset rights;commercial account evidence;applicable terms snapshot;creator authorization;license scope;reviewer identity;review date,NO,NO,NO_PENDING_EVIDENCE_RECOVERY,Preserved legacy fields: description=Chengdu Kuanzhai Alley autumn landscape;origin=AI-generated Phoenix original;license_type=phoenix-exclusive-owned;proof_url=OpenAI image generation 2026-07-22;review_status=approved Repository provenance does not establish legal rights.,,,,,,
PHX-VIS-2CEEE0E4EAE4,app/assets/images/backgrounds/generated/chengdu/kuanzhai-alley/07-golden-hour.webp,07-golden-hour.webp,WEBP,148142,864,1536,ed63a3ad43c739c58bce5f7b36ff64b41111ea7c9bc2d406280122f6b751dc79,59cb9504fd5cbc19759021a5d50927d6e1e9654e,YES,JourneyBackgroundCatalog / all Journey pages,Ordinary Journey,ordinary:chengdu-kuanzhai-alley,NONE,PRIMARY,NO,NO,ccd848979f8f86196c11e5d692f3f437cd76c7de,2026-07-27T19:37:57+07:00,dhv5bnmfmh-cmyk,7eaa823f712251797194e6cb1995c9da79ad988a,YES,design/ASSET_REGISTER.csv;design/PHOENIX_ASSET_OWNERSHIP.md;app/lib/data/journey_background_generated.dart;worker/scripts/generate_daily_backgrounds.mjs;git:ccd848979f8f86196c11e5d692f3f437cd76c7de,AI-generated Phoenix original,OpenAI image generation 2026-07-22,UNKNOWN,OpenAI (existing record),UNKNOWN,UNKNOWN,PARTIAL_WORKFLOW_ONLY,UNKNOWN,UNKNOWN,UNKNOWN,phoenix-exclusive-owned,UNKNOWN,UNKNOWN,UNKNOWN,UNKNOWN_REVIEW_REQUIRED,UNKNOWN_REVIEW_REQUIRED,UNKNOWN,UNKNOWN,EVIDENCE_PARTIAL,per-asset source/master;platform and model version;per-asset prompt;input asset rights;commercial account evidence;applicable terms snapshot;creator authorization;license scope;reviewer identity;review date,NO,NO,NO_PENDING_EVIDENCE_RECOVERY,Preserved legacy fields: description=Chengdu Kuanzhai Alley golden hour;origin=AI-generated Phoenix original;license_type=phoenix-exclusive-owned;proof_url=OpenAI image generation 2026-07-22;review_status=approved Repository provenance does not establish legal rights.,,,,,,
PHX-VIS-1FFA760488E8,app/assets/images/backgrounds/generated/chengdu/kuanzhai-alley/08-blue-hour.webp,08-blue-hour.webp,WEBP,135684,864,1536,c65b08045a33e1a92098f2d40514ee6c1731bb75155fa80bbdbd1f157d5c2323,ef1077e32aab0a75ddc8b289f1c41ec2c5d2fa87,YES,JourneyBackgroundCatalog / all Journey pages,Ordinary Journey,ordinary:chengdu-kuanzhai-alley,NONE,PRIMARY,NO,NO,ccd848979f8f86196c11e5d692f3f437cd76c7de,2026-07-27T19:37:57+07:00,dhv5bnmfmh-cmyk,7eaa823f712251797194e6cb1995c9da79ad988a,YES,design/ASSET_REGISTER.csv;design/PHOENIX_ASSET_OWNERSHIP.md;app/lib/data/journey_background_generated.dart;worker/scripts/generate_daily_backgrounds.mjs;git:ccd848979f8f86196c11e5d692f3f437cd76c7de,AI-generated Phoenix original,OpenAI image generation 2026-07-22,UNKNOWN,OpenAI (existing record),UNKNOWN,UNKNOWN,PARTIAL_WORKFLOW_ONLY,UNKNOWN,UNKNOWN,UNKNOWN,phoenix-exclusive-owned,UNKNOWN,UNKNOWN,UNKNOWN,UNKNOWN_REVIEW_REQUIRED,UNKNOWN_REVIEW_REQUIRED,UNKNOWN,UNKNOWN,EVIDENCE_PARTIAL,per-asset source/master;platform and model version;per-asset prompt;input asset rights;commercial account evidence;applicable terms snapshot;creator authorization;license scope;reviewer identity;review date,NO,NO,NO_PENDING_EVIDENCE_RECOVERY,Preserved legacy fields: description=Chengdu Kuanzhai Alley blue hour;origin=AI-generated Phoenix original;license_type=phoenix-exclusive-owned;proof_url=OpenAI image generation 2026-07-22;review_status=approved Repository provenance does not establish legal rights.,,,,,,
PHX-VIS-4ADAEDC58844,app/assets/images/backgrounds/generated/chengdu/kuanzhai-alley/09-lantern-night.webp,09-lantern-night.webp,WEBP,128078,864,1536,716bb64050e86f0e0b32d5e96a9b7a81eae589cd464c2b9a8a984b720548ab0b,b3439624297585644dde757e39b350311196c570,YES,JourneyBackgroundCatalog / all Journey pages,Ordinary Journey,ordinary:chengdu-kuanzhai-alley,NONE,PRIMARY,NO,NO,ccd848979f8f86196c11e5d692f3f437cd76c7de,2026-07-27T19:37:57+07:00,dhv5bnmfmh-cmyk,7eaa823f712251797194e6cb1995c9da79ad988a,YES,design/ASSET_REGISTER.csv;design/PHOENIX_ASSET_OWNERSHIP.md;app/lib/data/journey_background_generated.dart;worker/scripts/generate_daily_backgrounds.mjs;git:ccd848979f8f86196c11e5d692f3f437cd76c7de,AI-generated Phoenix original,OpenAI image generation 2026-07-22,UNKNOWN,OpenAI (existing record),UNKNOWN,UNKNOWN,PARTIAL_WORKFLOW_ONLY,UNKNOWN,UNKNOWN,UNKNOWN,phoenix-exclusive-owned,UNKNOWN,UNKNOWN,UNKNOWN,UNKNOWN_REVIEW_REQUIRED,UNKNOWN_REVIEW_REQUIRED,UNKNOWN,UNKNOWN,EVIDENCE_PARTIAL,per-asset source/master;platform and model version;per-asset prompt;input asset rights;commercial account evidence;applicable terms snapshot;creator authorization;license scope;reviewer identity;review date,NO,NO,NO_PENDING_EVIDENCE_RECOVERY,Preserved legacy fields: description=Chengdu Kuanzhai Alley lantern night;origin=AI-generated Phoenix original;license_type=phoenix-exclusive-owned;proof_url=OpenAI image generation 2026-07-22;review_status=approved Repository provenance does not establish legal rights.,,,,,,
PHX-VIS-085E566B063A,app/assets/images/backgrounds/generated/chengdu/kuanzhai-alley/10-quiet-night-panorama.webp,10-quiet-night-panorama.webp,WEBP,81844,864,1536,595da09e29322d96bc5528f619e53437b13a9697bbb241347d78b70b6bfe27c0,e0d65ad3f915078cf53480d5170238c22decd31a,YES,JourneyBackgroundCatalog / all Journey pages,Ordinary Journey,ordinary:chengdu-kuanzhai-alley,NONE,PRIMARY,NO,NO,ccd848979f8f86196c11e5d692f3f437cd76c7de,2026-07-27T19:37:57+07:00,dhv5bnmfmh-cmyk,7eaa823f712251797194e6cb1995c9da79ad988a,YES,design/ASSET_REGISTER.csv;design/PHOENIX_ASSET_OWNERSHIP.md;app/lib/data/journey_background_generated.dart;worker/scripts/generate_daily_backgrounds.mjs;git:ccd848979f8f86196c11e5d692f3f437cd76c7de,AI-generated Phoenix original,OpenAI image generation 2026-07-22,UNKNOWN,OpenAI (existing record),UNKNOWN,UNKNOWN,PARTIAL_WORKFLOW_ONLY,UNKNOWN,UNKNOWN,UNKNOWN,phoenix-exclusive-owned,UNKNOWN,UNKNOWN,UNKNOWN,UNKNOWN_REVIEW_REQUIRED,UNKNOWN_REVIEW_REQUIRED,UNKNOWN,UNKNOWN,EVIDENCE_PARTIAL,per-asset source/master;platform and model version;per-asset prompt;input asset rights;commercial account evidence;applicable terms snapshot;creator authorization;license scope;reviewer identity;review date,NO,NO,NO_PENDING_EVIDENCE_RECOVERY,Preserved legacy fields: description=Chengdu Kuanzhai Alley quiet night panorama;origin=AI-generated Phoenix original;license_type=phoenix-exclusive-owned;proof_url=OpenAI image generation 2026-07-22;review_status=approved Repository provenance does not establish legal rights.,,,,,,
PHX-VIS-605E973AC412,app/assets/images/backgrounds/generated/dali/cangshan-erhai/01-pre-dawn.webp,01-pre-dawn.webp,WEBP,30616,1600,900,7edc934c2095389c59d8defc6796fc619e7659ab2232aae6839ab40c2991bbbb,34a983f6724bacd92d329437b106477e51e7277d,YES,JourneyBackgroundCatalog / all Journey pages,Ordinary Journey,ordinary:dali-cangshan-erhai,NONE,PRIMARY,NO,NO,b4e54cb72d5cdb663d6b767c966ec21016ced048,2026-07-30T07:37:39+07:00,dhv5bnmfmh-cmyk,7eaa823f712251797194e6cb1995c9da79ad988a,NO,app/lib/data/journey_background_generated.dart;worker/scripts/generate_daily_backgrounds.mjs;git:b4e54cb72d5cdb663d6b767c966ec21016ced048,AI_GENERATED_RUNTIME_METADATA,REPOSITORY_PROVENANCE_ONLY,UNKNOWN,UNKNOWN,UNKNOWN,UNKNOWN,PARTIAL_WORKFLOW_ONLY,UNKNOWN,UNKNOWN,UNKNOWN,UNKNOWN,UNKNOWN,UNKNOWN,UNKNOWN,UNKNOWN_REVIEW_REQUIRED,UNKNOWN_REVIEW_REQUIRED,UNKNOWN,UNKNOWN,EVIDENCE_PARTIAL,per-asset source/master;platform and model version;per-asset prompt;input asset rights;commercial account evidence;applicable terms snapshot;creator authorization;license scope;reviewer identity;review date,NO,NO,NO_PENDING_EVIDENCE_RECOVERY,Repository provenance does not establish legal rights.,,,,,,
PHX-VIS-87A5B22C5356,app/assets/images/backgrounds/generated/dali/cangshan-erhai/02-sunrise.webp,02-sunrise.webp,WEBP,93746,1600,900,51e17fc524d1cc3fe06a7cb7991448b476ec23c714dca71747d969103d26a5c3,17997d7bedf95b77a26a3173980569a38827be29,YES,JourneyBackgroundCatalog / all Journey pages,Ordinary Journey,ordinary:dali-cangshan-erhai,NONE,PRIMARY,NO,NO,b4e54cb72d5cdb663d6b767c966ec21016ced048,2026-07-30T07:37:39+07:00,dhv5bnmfmh-cmyk,7eaa823f712251797194e6cb1995c9da79ad988a,NO,app/lib/data/journey_background_generated.dart;worker/scripts/generate_daily_backgrounds.mjs;git:b4e54cb72d5cdb663d6b767c966ec21016ced048,AI_GENERATED_RUNTIME_METADATA,REPOSITORY_PROVENANCE_ONLY,UNKNOWN,UNKNOWN,UNKNOWN,UNKNOWN,PARTIAL_WORKFLOW_ONLY,UNKNOWN,UNKNOWN,UNKNOWN,UNKNOWN,UNKNOWN,UNKNOWN,UNKNOWN,UNKNOWN_REVIEW_REQUIRED,UNKNOWN_REVIEW_REQUIRED,UNKNOWN,UNKNOWN,EVIDENCE_PARTIAL,per-asset source/master;platform and model version;per-asset prompt;input asset rights;commercial account evidence;applicable terms snapshot;creator authorization;license scope;reviewer identity;review date,NO,NO,NO_PENDING_EVIDENCE_RECOVERY,Repository provenance does not establish legal rights.,,,,,,
PHX-VIS-9FAA25AC8DF8,app/assets/images/backgrounds/generated/dali/cangshan-erhai/03-clear-morning.webp,03-clear-morning.webp,WEBP,96324,1600,900,8fe5bd0778925ca9e69239c8bd51f3809b24eac85d6ccbdd8da0bc78e3c0c987,d035f397758f54eb10cf4c0d2bc1244366e22c8b,YES,JourneyBackgroundCatalog / all Journey pages,Ordinary Journey,ordinary:dali-cangshan-erhai,NONE,PRIMARY,NO,NO,b4e54cb72d5cdb663d6b767c966ec21016ced048,2026-07-30T07:37:39+07:00,dhv5bnmfmh-cmyk,7eaa823f712251797194e6cb1995c9da79ad988a,NO,app/lib/data/journey_background_generated.dart;worker/scripts/generate_daily_backgrounds.mjs;git:b4e54cb72d5cdb663d6b767c966ec21016ced048,AI_GENERATED_RUNTIME_METADATA,REPOSITORY_PROVENANCE_ONLY,UNKNOWN,UNKNOWN,UNKNOWN,UNKNOWN,PARTIAL_WORKFLOW_ONLY,UNKNOWN,UNKNOWN,UNKNOWN,UNKNOWN,UNKNOWN,UNKNOWN,UNKNOWN,UNKNOWN_REVIEW_REQUIRED,UNKNOWN_REVIEW_REQUIRED,UNKNOWN,UNKNOWN,EVIDENCE_PARTIAL,per-asset source/master;platform and model version;per-asset prompt;input asset rights;commercial account evidence;applicable terms snapshot;creator authorization;license scope;reviewer identity;review date,NO,NO,NO_PENDING_EVIDENCE_RECOVERY,Repository provenance does not establish legal rights.,,,,,,
PHX-VIS-028E9DF7D7BB,app/assets/images/backgrounds/generated/dali/cangshan-erhai/04-heritage-detail.webp,04-heritage-detail.webp,WEBP,62166,1600,900,860a0038ee35155035f437d460a333b407419862350ff29eb3db6bfb862430a3,146ad84e1d6e544a5bd4e4842105331bc99b39ac,YES,JourneyBackgroundCatalog / all Journey pages,Ordinary Journey,ordinary:dali-cangshan-erhai,NONE,PRIMARY,NO,NO,b4e54cb72d5cdb663d6b767c966ec21016ced048,2026-07-30T07:37:39+07:00,dhv5bnmfmh-cmyk,7eaa823f712251797194e6cb1995c9da79ad988a,NO,app/lib/data/journey_background_generated.dart;worker/scripts/generate_daily_backgrounds.mjs;git:b4e54cb72d5cdb663d6b767c966ec21016ced048,AI_GENERATED_RUNTIME_METADATA,REPOSITORY_PROVENANCE_ONLY,UNKNOWN,UNKNOWN,UNKNOWN,UNKNOWN,PARTIAL_WORKFLOW_ONLY,UNKNOWN,UNKNOWN,UNKNOWN,UNKNOWN,UNKNOWN,UNKNOWN,UNKNOWN,UNKNOWN_REVIEW_REQUIRED,UNKNOWN_REVIEW_REQUIRED,UNKNOWN,UNKNOWN,EVIDENCE_PARTIAL,per-asset source/master;platform and model version;per-asset prompt;input asset rights;commercial account evidence;applicable terms snapshot;creator authorization;license scope;reviewer identity;review date,NO,NO,NO_PENDING_EVIDENCE_RECOVERY,Repository provenance does not establish legal rights.,,,,,,
PHX-VIS-C87E013F8D0B,app/assets/images/backgrounds/generated/dali/cangshan-erhai/05-layered-landscape.webp,05-layered-landscape.webp,WEBP,33884,1600,900,db832cc9622140f3b44c7d054b20f7c1ef073b84dbac0eeab673b0f212b8b80b,41a216f12144e84a7ed5556ee6a50a0e1bf29807,YES,JourneyBackgroundCatalog / all Journey pages,Ordinary Journey,ordinary:dali-cangshan-erhai,NONE,PRIMARY,NO,NO,b4e54cb72d5cdb663d6b767c966ec21016ced048,2026-07-30T07:37:39+07:00,dhv5bnmfmh-cmyk,7eaa823f712251797194e6cb1995c9da79ad988a,NO,app/lib/data/journey_background_generated.dart;worker/scripts/generate_daily_backgrounds.mjs;git:b4e54cb72d5cdb663d6b767c966ec21016ced048,AI_GENERATED_RUNTIME_METADATA,REPOSITORY_PROVENANCE_ONLY,UNKNOWN,UNKNOWN,UNKNOWN,UNKNOWN,PARTIAL_WORKFLOW_ONLY,UNKNOWN,UNKNOWN,UNKNOWN,UNKNOWN,UNKNOWN,UNKNOWN,UNKNOWN,UNKNOWN_REVIEW_REQUIRED,UNKNOWN_REVIEW_REQUIRED,UNKNOWN,UNKNOWN,EVIDENCE_PARTIAL,per-asset source/master;platform and model version;per-asset prompt;input asset rights;commercial account evidence;applicable terms snapshot;creator authorization;license scope;reviewer identity;review date,NO,NO,NO_PENDING_EVIDENCE_RECOVERY,Repository provenance does not establish legal rights.,,,,,,
PHX-VIS-17B42E40A0EC,app/assets/images/backgrounds/generated/dali/cangshan-erhai/06-after-rain.webp,06-after-rain.webp,WEBP,87050,1600,900,584324e95f2ce2701e3d871911051dba5c2a49f9e0e7c4ecee203fda671c6bf9,fe572ea2d72b688faab027a591a3d1ffae71ffc7,YES,JourneyBackgroundCatalog / all Journey pages,Ordinary Journey,ordinary:dali-cangshan-erhai,NONE,PRIMARY,NO,NO,b4e54cb72d5cdb663d6b767c966ec21016ced048,2026-07-30T07:37:39+07:00,dhv5bnmfmh-cmyk,7eaa823f712251797194e6cb1995c9da79ad988a,NO,app/lib/data/journey_background_generated.dart;worker/scripts/generate_daily_backgrounds.mjs;git:b4e54cb72d5cdb663d6b767c966ec21016ced048,AI_GENERATED_RUNTIME_METADATA,REPOSITORY_PROVENANCE_ONLY,UNKNOWN,UNKNOWN,UNKNOWN,UNKNOWN,PARTIAL_WORKFLOW_ONLY,UNKNOWN,UNKNOWN,UNKNOWN,UNKNOWN,UNKNOWN,UNKNOWN,UNKNOWN,UNKNOWN_REVIEW_REQUIRED,UNKNOWN_REVIEW_REQUIRED,UNKNOWN,UNKNOWN,EVIDENCE_PARTIAL,per-asset source/master;platform and model version;per-asset prompt;input asset rights;commercial account evidence;applicable terms snapshot;creator authorization;license scope;reviewer identity;review date,NO,NO,NO_PENDING_EVIDENCE_RECOVERY,Repository provenance does not establish legal rights.,,,,,,
PHX-VIS-C9417139E222,app/assets/images/backgrounds/generated/dali/cangshan-erhai/07-traveler-scale.webp,07-traveler-scale.webp,WEBP,36334,1600,900,470524105af541854013d5c16ee6cd716cd39e20ad8700e05872f971ac54aa8d,fe8003c78c373436163ac6cff5b105a1281dadff,YES,JourneyBackgroundCatalog / all Journey pages,Ordinary Journey,ordinary:dali-cangshan-erhai,NONE,PRIMARY,NO,NO,b4e54cb72d5cdb663d6b767c966ec21016ced048,2026-07-30T07:37:39+07:00,dhv5bnmfmh-cmyk,7eaa823f712251797194e6cb1995c9da79ad988a,NO,app/lib/data/journey_background_generated.dart;worker/scripts/generate_daily_backgrounds.mjs;git:b4e54cb72d5cdb663d6b767c966ec21016ced048,AI_GENERATED_RUNTIME_METADATA,REPOSITORY_PROVENANCE_ONLY,UNKNOWN,UNKNOWN,UNKNOWN,UNKNOWN,PARTIAL_WORKFLOW_ONLY,UNKNOWN,UNKNOWN,UNKNOWN,UNKNOWN,UNKNOWN,UNKNOWN,UNKNOWN,UNKNOWN_REVIEW_REQUIRED,UNKNOWN_REVIEW_REQUIRED,UNKNOWN,UNKNOWN,EVIDENCE_PARTIAL,per-asset source/master;platform and model version;per-asset prompt;input asset rights;commercial account evidence;applicable terms snapshot;creator authorization;license scope;reviewer identity;review date,NO,NO,NO_PENDING_EVIDENCE_RECOVERY,Repository provenance does not establish legal rights.,,,,,,
PHX-VIS-569695B14D6C,app/assets/images/backgrounds/generated/dali/cangshan-erhai/08-golden-hour.webp,08-golden-hour.webp,WEBP,45208,1600,900,8ae510a4030f74df8da3cbfa3996a22840ba25e31cde4ab106ab37d276b81dae,93cfdf44567aee38cf729183502a5ad53104151e,YES,JourneyBackgroundCatalog / all Journey pages,Ordinary Journey,ordinary:dali-cangshan-erhai,NONE,PRIMARY,NO,NO,b4e54cb72d5cdb663d6b767c966ec21016ced048,2026-07-30T07:37:39+07:00,dhv5bnmfmh-cmyk,7eaa823f712251797194e6cb1995c9da79ad988a,NO,app/lib/data/journey_background_generated.dart;worker/scripts/generate_daily_backgrounds.mjs;git:b4e54cb72d5cdb663d6b767c966ec21016ced048,AI_GENERATED_RUNTIME_METADATA,REPOSITORY_PROVENANCE_ONLY,UNKNOWN,UNKNOWN,UNKNOWN,UNKNOWN,PARTIAL_WORKFLOW_ONLY,UNKNOWN,UNKNOWN,UNKNOWN,UNKNOWN,UNKNOWN,UNKNOWN,UNKNOWN,UNKNOWN_REVIEW_REQUIRED,UNKNOWN_REVIEW_REQUIRED,UNKNOWN,UNKNOWN,EVIDENCE_PARTIAL,per-asset source/master;platform and model version;per-asset prompt;input asset rights;commercial account evidence;applicable terms snapshot;creator authorization;license scope;reviewer identity;review date,NO,NO,NO_PENDING_EVIDENCE_RECOVERY,Repository provenance does not establish legal rights.,,,,,,
PHX-VIS-41E88E49B544,app/assets/images/backgrounds/generated/dali/cangshan-erhai/09-blue-hour.webp,09-blue-hour.webp,WEBP,51998,1600,900,f1efa023c3bb98e1ac2c55c9911a1c6dca6dffa51664442f7aafa37276a064e4,8ef581afbe9b97ab565215d102aeb8bf4bea2cd0,YES,JourneyBackgroundCatalog / all Journey pages,Ordinary Journey,ordinary:dali-cangshan-erhai,NONE,PRIMARY,NO,NO,b4e54cb72d5cdb663d6b767c966ec21016ced048,2026-07-30T07:37:39+07:00,dhv5bnmfmh-cmyk,7eaa823f712251797194e6cb1995c9da79ad988a,NO,app/lib/data/journey_background_generated.dart;worker/scripts/generate_daily_backgrounds.mjs;git:b4e54cb72d5cdb663d6b767c966ec21016ced048,AI_GENERATED_RUNTIME_METADATA,REPOSITORY_PROVENANCE_ONLY,UNKNOWN,UNKNOWN,UNKNOWN,UNKNOWN,PARTIAL_WORKFLOW_ONLY,UNKNOWN,UNKNOWN,UNKNOWN,UNKNOWN,UNKNOWN,UNKNOWN,UNKNOWN,UNKNOWN_REVIEW_REQUIRED,UNKNOWN_REVIEW_REQUIRED,UNKNOWN,UNKNOWN,EVIDENCE_PARTIAL,per-asset source/master;platform and model version;per-asset prompt;input asset rights;commercial account evidence;applicable terms snapshot;creator authorization;license scope;reviewer identity;review date,NO,NO,NO_PENDING_EVIDENCE_RECOVERY,Repository provenance does not establish legal rights.,,,,,,
PHX-VIS-D5E40031603E,app/assets/images/backgrounds/generated/dali/cangshan-erhai/10-moonlit-finale.webp,10-moonlit-finale.webp,WEBP,25636,1600,900,f372a7ce03152bc59e24d7e832e56f1f2e77d98bb6b224b8b56a907e82be9c99,c39ff99c29c5a25eaef9c1fdd68a2f60a549f580,YES,JourneyBackgroundCatalog / all Journey pages,Ordinary Journey,ordinary:dali-cangshan-erhai,NONE,PRIMARY,NO,NO,b4e54cb72d5cdb663d6b767c966ec21016ced048,2026-07-30T07:37:39+07:00,dhv5bnmfmh-cmyk,7eaa823f712251797194e6cb1995c9da79ad988a,NO,app/lib/data/journey_background_generated.dart;worker/scripts/generate_daily_backgrounds.mjs;git:b4e54cb72d5cdb663d6b767c966ec21016ced048,AI_GENERATED_RUNTIME_METADATA,REPOSITORY_PROVENANCE_ONLY,UNKNOWN,UNKNOWN,UNKNOWN,UNKNOWN,PARTIAL_WORKFLOW_ONLY,UNKNOWN,UNKNOWN,UNKNOWN,UNKNOWN,UNKNOWN,UNKNOWN,UNKNOWN,UNKNOWN_REVIEW_REQUIRED,UNKNOWN_REVIEW_REQUIRED,UNKNOWN,UNKNOWN,EVIDENCE_PARTIAL,per-asset source/master;platform and model version;per-asset prompt;input asset rights;commercial account evidence;applicable terms snapshot;creator authorization;license scope;reviewer identity;review date,NO,NO,NO_PENDING_EVIDENCE_RECOVERY,Repository provenance does not establish legal rights.,,,,,,
PHX-VIS-02E7AD6953C6,app/assets/images/backgrounds/generated/datong/yungang-grottoes/02-dawn-arrival.webp,02-dawn-arrival.webp,WEBP,40418,1600,900,22e75b203c25117b968ee2f6630a49f0732c0fd4a2210b1d40d0fd2409491a94,ddf440fc67ee32592da235a81ebacaa2aa3e1e9b,YES,JourneyBackgroundCatalog / all Journey pages,Ordinary Journey,ordinary:datong-yungang-grottoes,NONE,PRIMARY,NO,NO,8b49de6784cc03972305a55d0e47ddbf2df94daa,2026-07-30T06:35:58+07:00,dhv5bnmfmh-cmyk,7eaa823f712251797194e6cb1995c9da79ad988a,NO,app/lib/data/journey_background_generated.dart;worker/scripts/generate_daily_backgrounds.mjs;git:8b49de6784cc03972305a55d0e47ddbf2df94daa,AI_GENERATED_RUNTIME_METADATA,REPOSITORY_PROVENANCE_ONLY,UNKNOWN,UNKNOWN,UNKNOWN,UNKNOWN,PARTIAL_WORKFLOW_ONLY,UNKNOWN,UNKNOWN,UNKNOWN,UNKNOWN,UNKNOWN,UNKNOWN,UNKNOWN,UNKNOWN_REVIEW_REQUIRED,UNKNOWN_REVIEW_REQUIRED,UNKNOWN,UNKNOWN,EVIDENCE_PARTIAL,per-asset source/master;platform and model version;per-asset prompt;input asset rights;commercial account evidence;applicable terms snapshot;creator authorization;license scope;reviewer identity;review date,NO,NO,NO_PENDING_EVIDENCE_RECOVERY,Repository provenance does not establish legal rights.,,,,,,
PHX-VIS-60137D4D2946,app/assets/images/backgrounds/generated/datong/yungang-grottoes/03-clear-morning.webp,03-clear-morning.webp,WEBP,99144,1600,900,b553edeae360407396a4cbc5ced3f331dc51ea6e2c4e51da6245354644b2c074,2a7cea82ab5386204610c7ecabc8835f8c2abc30,YES,JourneyBackgroundCatalog / all Journey pages,Ordinary Journey,ordinary:datong-yungang-grottoes,NONE,PRIMARY,NO,NO,8b49de6784cc03972305a55d0e47ddbf2df94daa,2026-07-30T06:35:58+07:00,dhv5bnmfmh-cmyk,7eaa823f712251797194e6cb1995c9da79ad988a,NO,app/lib/data/journey_background_generated.dart;worker/scripts/generate_daily_backgrounds.mjs;git:8b49de6784cc03972305a55d0e47ddbf2df94daa,AI_GENERATED_RUNTIME_METADATA,REPOSITORY_PROVENANCE_ONLY,UNKNOWN,UNKNOWN,UNKNOWN,UNKNOWN,PARTIAL_WORKFLOW_ONLY,UNKNOWN,UNKNOWN,UNKNOWN,UNKNOWN,UNKNOWN,UNKNOWN,UNKNOWN,UNKNOWN_REVIEW_REQUIRED,UNKNOWN_REVIEW_REQUIRED,UNKNOWN,UNKNOWN,EVIDENCE_PARTIAL,per-asset source/master;platform and model version;per-asset prompt;input asset rights;commercial account evidence;applicable terms snapshot;creator authorization;license scope;reviewer identity;review date,NO,NO,NO_PENDING_EVIDENCE_RECOVERY,Repository provenance does not establish legal rights.,,,,,,
PHX-VIS-C5DE012B2D05,app/assets/images/backgrounds/generated/datong/yungang-grottoes/04-atmospheric-detail.webp,04-atmospheric-detail.webp,WEBP,100096,1600,900,a8e2038ca24689f52e0244ad81252ed18fcf48c8a4e6ec32c0a761c10c0e987d,6e2b6818853f533173937c5007e6089b397287e4,YES,JourneyBackgroundCatalog / all Journey pages,Ordinary Journey,ordinary:datong-yungang-grottoes,NONE,PRIMARY,NO,NO,8b49de6784cc03972305a55d0e47ddbf2df94daa,2026-07-30T06:35:58+07:00,dhv5bnmfmh-cmyk,7eaa823f712251797194e6cb1995c9da79ad988a,NO,app/lib/data/journey_background_generated.dart;worker/scripts/generate_daily_backgrounds.mjs;git:8b49de6784cc03972305a55d0e47ddbf2df94daa,AI_GENERATED_RUNTIME_METADATA,REPOSITORY_PROVENANCE_ONLY,UNKNOWN,UNKNOWN,UNKNOWN,UNKNOWN,PARTIAL_WORKFLOW_ONLY,UNKNOWN,UNKNOWN,UNKNOWN,UNKNOWN,UNKNOWN,UNKNOWN,UNKNOWN,UNKNOWN_REVIEW_REQUIRED,UNKNOWN_REVIEW_REQUIRED,UNKNOWN,UNKNOWN,EVIDENCE_PARTIAL,per-asset source/master;platform and model version;per-asset prompt;input asset rights;commercial account evidence;applicable terms snapshot;creator authorization;license scope;reviewer identity;review date,NO,NO,NO_PENDING_EVIDENCE_RECOVERY,Repository provenance does not establish legal rights.,,,,,,
PHX-VIS-A48E04BDED6B,app/assets/images/backgrounds/generated/datong/yungang-grottoes/05-heritage-texture.webp,05-heritage-texture.webp,WEBP,117232,1600,900,bb0da28e5017bed400dc49564ed472824f3a2f8e6b08f8f0c051ef4f6b00d935,dc1be1f97b87b190804d976190093e37a2273885,YES,JourneyBackgroundCatalog / all Journey pages,Ordinary Journey,ordinary:datong-yungang-grottoes,NONE,PRIMARY,NO,NO,8b49de6784cc03972305a55d0e47ddbf2df94daa,2026-07-30T06:35:58+07:00,dhv5bnmfmh-cmyk,7eaa823f712251797194e6cb1995c9da79ad988a,NO,app/lib/data/journey_background_generated.dart;worker/scripts/generate_daily_backgrounds.mjs;git:8b49de6784cc03972305a55d0e47ddbf2df94daa,AI_GENERATED_RUNTIME_METADATA,REPOSITORY_PROVENANCE_ONLY,UNKNOWN,UNKNOWN,UNKNOWN,UNKNOWN,PARTIAL_WORKFLOW_ONLY,UNKNOWN,UNKNOWN,UNKNOWN,UNKNOWN,UNKNOWN,UNKNOWN,UNKNOWN,UNKNOWN_REVIEW_REQUIRED,UNKNOWN_REVIEW_REQUIRED,UNKNOWN,UNKNOWN,EVIDENCE_PARTIAL,per-asset source/master;platform and model version;per-asset prompt;input asset rights;commercial account evidence;applicable terms snapshot;creator authorization;license scope;reviewer identity;review date,NO,NO,NO_PENDING_EVIDENCE_RECOVERY,Repository provenance does not establish legal rights.,,,,,,
PHX-VIS-4A306CCEB5A9,app/assets/images/backgrounds/generated/datong/yungang-grottoes/06-after-rain.webp,06-after-rain.webp,WEBP,117342,1600,900,7fb77c1b75171d8e974bf0fc6d3c1e7510fc29d98aee12b4b71957bf321cf146,d9a714c0661278116fefd5a18a545c0ec90b0e27,YES,JourneyBackgroundCatalog / all Journey pages,Ordinary Journey,ordinary:datong-yungang-grottoes,NONE,PRIMARY,NO,NO,8b49de6784cc03972305a55d0e47ddbf2df94daa,2026-07-30T06:35:58+07:00,dhv5bnmfmh-cmyk,7eaa823f712251797194e6cb1995c9da79ad988a,NO,app/lib/data/journey_background_generated.dart;worker/scripts/generate_daily_backgrounds.mjs;git:8b49de6784cc03972305a55d0e47ddbf2df94daa,AI_GENERATED_RUNTIME_METADATA,REPOSITORY_PROVENANCE_ONLY,UNKNOWN,UNKNOWN,UNKNOWN,UNKNOWN,PARTIAL_WORKFLOW_ONLY,UNKNOWN,UNKNOWN,UNKNOWN,UNKNOWN,UNKNOWN,UNKNOWN,UNKNOWN,UNKNOWN_REVIEW_REQUIRED,UNKNOWN_REVIEW_REQUIRED,UNKNOWN,UNKNOWN,EVIDENCE_PARTIAL,per-asset source/master;platform and model version;per-asset prompt;input asset rights;commercial account evidence;applicable terms snapshot;creator authorization;license scope;reviewer identity;review date,NO,NO,NO_PENDING_EVIDENCE_RECOVERY,Repository provenance does not establish legal rights.,,,,,,
PHX-VIS-4BAEF481DDBF,app/assets/images/backgrounds/generated/datong/yungang-grottoes/07-traveler-scale.webp,07-traveler-scale.webp,WEBP,105438,1600,900,dc43977e794d3d287c6146e75d8f672778c53a16e6b50b59739dcfbae34276fa,8a6c7b81ca9ff02dc178a4fca9875a7ba3334907,YES,JourneyBackgroundCatalog / all Journey pages,Ordinary Journey,ordinary:datong-yungang-grottoes,NONE,PRIMARY,NO,NO,8b49de6784cc03972305a55d0e47ddbf2df94daa,2026-07-30T06:35:58+07:00,dhv5bnmfmh-cmyk,7eaa823f712251797194e6cb1995c9da79ad988a,NO,app/lib/data/journey_background_generated.dart;worker/scripts/generate_daily_backgrounds.mjs;git:8b49de6784cc03972305a55d0e47ddbf2df94daa,AI_GENERATED_RUNTIME_METADATA,REPOSITORY_PROVENANCE_ONLY,UNKNOWN,UNKNOWN,UNKNOWN,UNKNOWN,PARTIAL_WORKFLOW_ONLY,UNKNOWN,UNKNOWN,UNKNOWN,UNKNOWN,UNKNOWN,UNKNOWN,UNKNOWN,UNKNOWN_REVIEW_REQUIRED,UNKNOWN_REVIEW_REQUIRED,UNKNOWN,UNKNOWN,EVIDENCE_PARTIAL,per-asset source/master;platform and model version;per-asset prompt;input asset rights;commercial account evidence;applicable terms snapshot;creator authorization;license scope;reviewer identity;review date,NO,NO,NO_PENDING_EVIDENCE_RECOVERY,Repository provenance does not establish legal rights.,,,,,,
PHX-VIS-874C66CD3A72,app/assets/images/backgrounds/generated/datong/yungang-grottoes/08-golden-hour.webp,08-golden-hour.webp,WEBP,67764,1600,900,bb9ef838df07c723e0efadb6ece5e5c49a92bbb158970765058eede9ec0ef3e1,f45ecbc59fcc21ef8361cd12dee85b14aa067f08,YES,JourneyBackgroundCatalog / all Journey pages,Ordinary Journey,ordinary:datong-yungang-grottoes,NONE,PRIMARY,NO,NO,8b49de6784cc03972305a55d0e47ddbf2df94daa,2026-07-30T06:35:58+07:00,dhv5bnmfmh-cmyk,7eaa823f712251797194e6cb1995c9da79ad988a,NO,app/lib/data/journey_background_generated.dart;worker/scripts/generate_daily_backgrounds.mjs;git:8b49de6784cc03972305a55d0e47ddbf2df94daa,AI_GENERATED_RUNTIME_METADATA,REPOSITORY_PROVENANCE_ONLY,UNKNOWN,UNKNOWN,UNKNOWN,UNKNOWN,PARTIAL_WORKFLOW_ONLY,UNKNOWN,UNKNOWN,UNKNOWN,UNKNOWN,UNKNOWN,UNKNOWN,UNKNOWN,UNKNOWN_REVIEW_REQUIRED,UNKNOWN_REVIEW_REQUIRED,UNKNOWN,UNKNOWN,EVIDENCE_PARTIAL,per-asset source/master;platform and model version;per-asset prompt;input asset rights;commercial account evidence;applicable terms snapshot;creator authorization;license scope;reviewer identity;review date,NO,NO,NO_PENDING_EVIDENCE_RECOVERY,Repository provenance does not establish legal rights.,,,,,,
PHX-VIS-CD7F3FFB8889,app/assets/images/backgrounds/generated/datong/yungang-grottoes/09-blue-hour.webp,09-blue-hour.webp,WEBP,39308,1600,900,8987aba4ffc700036e18e1bdd57100ad53967c756b80ff8a15d860863e20fcd7,a47ba7951d57de2a9e68ff6a0a89a7c64a289c21,YES,JourneyBackgroundCatalog / all Journey pages,Ordinary Journey,ordinary:datong-yungang-grottoes,NONE,PRIMARY,NO,NO,8b49de6784cc03972305a55d0e47ddbf2df94daa,2026-07-30T06:35:58+07:00,dhv5bnmfmh-cmyk,7eaa823f712251797194e6cb1995c9da79ad988a,NO,app/lib/data/journey_background_generated.dart;worker/scripts/generate_daily_backgrounds.mjs;git:8b49de6784cc03972305a55d0e47ddbf2df94daa,AI_GENERATED_RUNTIME_METADATA,REPOSITORY_PROVENANCE_ONLY,UNKNOWN,UNKNOWN,UNKNOWN,UNKNOWN,PARTIAL_WORKFLOW_ONLY,UNKNOWN,UNKNOWN,UNKNOWN,UNKNOWN,UNKNOWN,UNKNOWN,UNKNOWN,UNKNOWN_REVIEW_REQUIRED,UNKNOWN_REVIEW_REQUIRED,UNKNOWN,UNKNOWN,EVIDENCE_PARTIAL,per-asset source/master;platform and model version;per-asset prompt;input asset rights;commercial account evidence;applicable terms snapshot;creator authorization;license scope;reviewer identity;review date,NO,NO,NO_PENDING_EVIDENCE_RECOVERY,Repository provenance does not establish legal rights.,,,,,,
PHX-VIS-C1CCE535D044,app/assets/images/backgrounds/generated/datong/yungang-grottoes/10-moonlit-finale.webp,10-moonlit-finale.webp,WEBP,41662,1600,900,71063d118eea6538f74bdee7efb39725265d13fa2d790dd3abf09e2d41c6068f,07b752c4dac6d9f091012eb400d2bd0658016471,YES,JourneyBackgroundCatalog / all Journey pages,Ordinary Journey,ordinary:datong-yungang-grottoes,NONE,PRIMARY,NO,NO,8b49de6784cc03972305a55d0e47ddbf2df94daa,2026-07-30T06:35:58+07:00,dhv5bnmfmh-cmyk,7eaa823f712251797194e6cb1995c9da79ad988a,NO,app/lib/data/journey_background_generated.dart;worker/scripts/generate_daily_backgrounds.mjs;git:8b49de6784cc03972305a55d0e47ddbf2df94daa,AI_GENERATED_RUNTIME_METADATA,REPOSITORY_PROVENANCE_ONLY,UNKNOWN,UNKNOWN,UNKNOWN,UNKNOWN,PARTIAL_WORKFLOW_ONLY,UNKNOWN,UNKNOWN,UNKNOWN,UNKNOWN,UNKNOWN,UNKNOWN,UNKNOWN,UNKNOWN_REVIEW_REQUIRED,UNKNOWN_REVIEW_REQUIRED,UNKNOWN,UNKNOWN,EVIDENCE_PARTIAL,per-asset source/master;platform and model version;per-asset prompt;input asset rights;commercial account evidence;applicable terms snapshot;creator authorization;license scope;reviewer identity;review date,NO,NO,NO_PENDING_EVIDENCE_RECOVERY,Repository provenance does not establish legal rights.,,,,,,
PHX-VIS-3E33B9062432,app/assets/images/backgrounds/generated/datong/yungang-grottoes/datong-yungang-grottoes-v1.webp,datong-yungang-grottoes-v1.webp,WEBP,206066,941,1672,c8cfc18142112ca0b1950589cbb99bad8d567067396d7a5d1ccb7be3c64443a3,788aca88d4668f77fd3b9420be4b5e1376c381e3,YES,JourneyBackgroundCatalog / all Journey pages,Ordinary Journey,ordinary:datong-yungang-grottoes,NONE,PRIMARY,NO,NO,79cd434086eb3476f16d6c5f217874ca3c2cdd9d,2026-07-29T21:45:11+07:00,dhv5bnmfmh-cmyk,7eaa823f712251797194e6cb1995c9da79ad988a,NO,app/lib/data/journey_background_generated.dart;worker/scripts/generate_daily_backgrounds.mjs;git:79cd434086eb3476f16d6c5f217874ca3c2cdd9d,AI_GENERATED_RUNTIME_METADATA,REPOSITORY_PROVENANCE_ONLY,UNKNOWN,UNKNOWN,UNKNOWN,UNKNOWN,PARTIAL_WORKFLOW_ONLY,UNKNOWN,UNKNOWN,UNKNOWN,UNKNOWN,UNKNOWN,UNKNOWN,UNKNOWN,UNKNOWN_REVIEW_REQUIRED,UNKNOWN_REVIEW_REQUIRED,UNKNOWN,UNKNOWN,EVIDENCE_PARTIAL,per-asset source/master;platform and model version;per-asset prompt;input asset rights;commercial account evidence;applicable terms snapshot;creator authorization;license scope;reviewer identity;review date,NO,NO,NO_PENDING_EVIDENCE_RECOVERY,Repository provenance does not establish legal rights.,,,,,,
PHX-VIS-F116C9B47C97,app/assets/images/backgrounds/generated/dunhuang/mogao-caves/02-dawn-arrival.webp,02-dawn-arrival.webp,WEBP,43458,1600,900,16448b6826baee2fe62d5e8f862b01347c3438008fc53f4f656c151025499a69,2392d3cdef57667263b00c84e4c300599d4deee6,YES,JourneyBackgroundCatalog / all Journey pages,Ordinary Journey,ordinary:dunhuang-mogao-caves,NONE,PRIMARY,NO,NO,8b49de6784cc03972305a55d0e47ddbf2df94daa,2026-07-30T06:35:58+07:00,dhv5bnmfmh-cmyk,7eaa823f712251797194e6cb1995c9da79ad988a,NO,app/lib/data/journey_background_generated.dart;worker/scripts/generate_daily_backgrounds.mjs;git:8b49de6784cc03972305a55d0e47ddbf2df94daa,AI_GENERATED_RUNTIME_METADATA,REPOSITORY_PROVENANCE_ONLY,UNKNOWN,UNKNOWN,UNKNOWN,UNKNOWN,PARTIAL_WORKFLOW_ONLY,UNKNOWN,UNKNOWN,UNKNOWN,UNKNOWN,UNKNOWN,UNKNOWN,UNKNOWN,UNKNOWN_REVIEW_REQUIRED,UNKNOWN_REVIEW_REQUIRED,UNKNOWN,UNKNOWN,EVIDENCE_PARTIAL,per-asset source/master;platform and model version;per-asset prompt;input asset rights;commercial account evidence;applicable terms snapshot;creator authorization;license scope;reviewer identity;review date,NO,NO,NO_PENDING_EVIDENCE_RECOVERY,Repository provenance does not establish legal rights.,,,,,,
PHX-VIS-C126FAA87EF0,app/assets/images/backgrounds/generated/dunhuang/mogao-caves/03-clear-morning.webp,03-clear-morning.webp,WEBP,100240,1600,900,1709c04693de68e889338617ea82fd16a6e2af483f480834e4871b2d0a22da0d,0ba441b9d4aad3078aef8630a8883e51a72bbdb6,YES,JourneyBackgroundCatalog / all Journey pages,Ordinary Journey,ordinary:dunhuang-mogao-caves,NONE,PRIMARY,NO,NO,8b49de6784cc03972305a55d0e47ddbf2df94daa,2026-07-30T06:35:58+07:00,dhv5bnmfmh-cmyk,7eaa823f712251797194e6cb1995c9da79ad988a,NO,app/lib/data/journey_background_generated.dart;worker/scripts/generate_daily_backgrounds.mjs;git:8b49de6784cc03972305a55d0e47ddbf2df94daa,AI_GENERATED_RUNTIME_METADATA,REPOSITORY_PROVENANCE_ONLY,UNKNOWN,UNKNOWN,UNKNOWN,UNKNOWN,PARTIAL_WORKFLOW_ONLY,UNKNOWN,UNKNOWN,UNKNOWN,UNKNOWN,UNKNOWN,UNKNOWN,UNKNOWN,UNKNOWN_REVIEW_REQUIRED,UNKNOWN_REVIEW_REQUIRED,UNKNOWN,UNKNOWN,EVIDENCE_PARTIAL,per-asset source/master;platform and model version;per-asset prompt;input asset rights;commercial account evidence;applicable terms snapshot;creator authorization;license scope;reviewer identity;review date,NO,NO,NO_PENDING_EVIDENCE_RECOVERY,Repository provenance does not establish legal rights.,,,,,,
PHX-VIS-F4E6B0D40A03,app/assets/images/backgrounds/generated/dunhuang/mogao-caves/04-atmospheric-detail.webp,04-atmospheric-detail.webp,WEBP,73714,1600,900,4951b233a4ee8347e9d34a34ab867e3ad78697f03ec9723126059257d4b552a7,e1d03ad474917b5a9d3ea248f0fd31d988bd1425,YES,JourneyBackgroundCatalog / all Journey pages,Ordinary Journey,ordinary:dunhuang-mogao-caves,NONE,PRIMARY,NO,NO,8b49de6784cc03972305a55d0e47ddbf2df94daa,2026-07-30T06:35:58+07:00,dhv5bnmfmh-cmyk,7eaa823f712251797194e6cb1995c9da79ad988a,NO,app/lib/data/journey_background_generated.dart;worker/scripts/generate_daily_backgrounds.mjs;git:8b49de6784cc03972305a55d0e47ddbf2df94daa,AI_GENERATED_RUNTIME_METADATA,REPOSITORY_PROVENANCE_ONLY,UNKNOWN,UNKNOWN,UNKNOWN,UNKNOWN,PARTIAL_WORKFLOW_ONLY,UNKNOWN,UNKNOWN,UNKNOWN,UNKNOWN,UNKNOWN,UNKNOWN,UNKNOWN,UNKNOWN_REVIEW_REQUIRED,UNKNOWN_REVIEW_REQUIRED,UNKNOWN,UNKNOWN,EVIDENCE_PARTIAL,per-asset source/master;platform and model version;per-asset prompt;input asset rights;commercial account evidence;applicable terms snapshot;creator authorization;license scope;reviewer identity;review date,NO,NO,NO_PENDING_EVIDENCE_RECOVERY,Repository provenance does not establish legal rights.,,,,,,
PHX-VIS-79674C675826,app/assets/images/backgrounds/generated/dunhuang/mogao-caves/05-heritage-texture.webp,05-heritage-texture.webp,WEBP,132452,1600,900,d15f6501dabd981ffaa071b93aeeef667b226a03e198fa5e1c2638d403647fa0,f1b459cb8cb9566e2aec7e822e39fb33a65a3648,YES,JourneyBackgroundCatalog / all Journey pages,Ordinary Journey,ordinary:dunhuang-mogao-caves,NONE,PRIMARY,NO,NO,8b49de6784cc03972305a55d0e47ddbf2df94daa,2026-07-30T06:35:58+07:00,dhv5bnmfmh-cmyk,7eaa823f712251797194e6cb1995c9da79ad988a,NO,app/lib/data/journey_background_generated.dart;worker/scripts/generate_daily_backgrounds.mjs;git:8b49de6784cc03972305a55d0e47ddbf2df94daa,AI_GENERATED_RUNTIME_METADATA,REPOSITORY_PROVENANCE_ONLY,UNKNOWN,UNKNOWN,UNKNOWN,UNKNOWN,PARTIAL_WORKFLOW_ONLY,UNKNOWN,UNKNOWN,UNKNOWN,UNKNOWN,UNKNOWN,UNKNOWN,UNKNOWN,UNKNOWN_REVIEW_REQUIRED,UNKNOWN_REVIEW_REQUIRED,UNKNOWN,UNKNOWN,EVIDENCE_PARTIAL,per-asset source/master;platform and model version;per-asset prompt;input asset rights;commercial account evidence;applicable terms snapshot;creator authorization;license scope;reviewer identity;review date,NO,NO,NO_PENDING_EVIDENCE_RECOVERY,Repository provenance does not establish legal rights.,,,,,,
PHX-VIS-23A69CBE3640,app/assets/images/backgrounds/generated/dunhuang/mogao-caves/06-after-rain.webp,06-after-rain.webp,WEBP,77958,1600,900,6183783bd7482b457d84a7f652df6be9a996ae476f26ab6441f8dc8d89e66ff3,0544af6c3a436683e1eeac8cc03fa2a59018d228,YES,JourneyBackgroundCatalog / all Journey pages,Ordinary Journey,ordinary:dunhuang-mogao-caves,NONE,PRIMARY,NO,NO,8b49de6784cc03972305a55d0e47ddbf2df94daa,2026-07-30T06:35:58+07:00,dhv5bnmfmh-cmyk,7eaa823f712251797194e6cb1995c9da79ad988a,NO,app/lib/data/journey_background_generated.dart;worker/scripts/generate_daily_backgrounds.mjs;git:8b49de6784cc03972305a55d0e47ddbf2df94daa,AI_GENERATED_RUNTIME_METADATA,REPOSITORY_PROVENANCE_ONLY,UNKNOWN,UNKNOWN,UNKNOWN,UNKNOWN,PARTIAL_WORKFLOW_ONLY,UNKNOWN,UNKNOWN,UNKNOWN,UNKNOWN,UNKNOWN,UNKNOWN,UNKNOWN,UNKNOWN_REVIEW_REQUIRED,UNKNOWN_REVIEW_REQUIRED,UNKNOWN,UNKNOWN,EVIDENCE_PARTIAL,per-asset source/master;platform and model version;per-asset prompt;input asset rights;commercial account evidence;applicable terms snapshot;creator authorization;license scope;reviewer identity;review date,NO,NO,NO_PENDING_EVIDENCE_RECOVERY,Repository provenance does not establish legal rights.,,,,,,
PHX-VIS-05FD9C06324F,app/assets/images/backgrounds/generated/dunhuang/mogao-caves/07-traveler-scale.webp,07-traveler-scale.webp,WEBP,75202,1600,900,04c3817fd7294a2f5b67beb8d8308975a211b6b41ee3a834cb3e6cce95006464,af108d43233c592744aede9f34defb34ca7e1fa5,YES,JourneyBackgroundCatalog / all Journey pages,Ordinary Journey,ordinary:dunhuang-mogao-caves,NONE,PRIMARY,NO,NO,8b49de6784cc03972305a55d0e47ddbf2df94daa,2026-07-30T06:35:58+07:00,dhv5bnmfmh-cmyk,7eaa823f712251797194e6cb1995c9da79ad988a,NO,app/lib/data/journey_background_generated.dart;worker/scripts/generate_daily_backgrounds.mjs;git:8b49de6784cc03972305a55d0e47ddbf2df94daa,AI_GENERATED_RUNTIME_METADATA,REPOSITORY_PROVENANCE_ONLY,UNKNOWN,UNKNOWN,UNKNOWN,UNKNOWN,PARTIAL_WORKFLOW_ONLY,UNKNOWN,UNKNOWN,UNKNOWN,UNKNOWN,UNKNOWN,UNKNOWN,UNKNOWN,UNKNOWN_REVIEW_REQUIRED,UNKNOWN_REVIEW_REQUIRED,UNKNOWN,UNKNOWN,EVIDENCE_PARTIAL,per-asset source/master;platform and model version;per-asset prompt;input asset rights;commercial account evidence;applicable terms snapshot;creator authorization;license scope;reviewer identity;review date,NO,NO,NO_PENDING_EVIDENCE_RECOVERY,Repository provenance does not establish legal rights.,,,,,,
PHX-VIS-ADAAFB68A8FA,app/assets/images/backgrounds/generated/dunhuang/mogao-caves/08-golden-hour.webp,08-golden-hour.webp,WEBP,56094,1600,900,8ff43203cc3f6812edbd9fd11f5e7cca0f0e630637e8c1ef8c068631816c2bd6,9549a4a3ec6bc2ea2a3834326b4c1b9f1f6d1577,YES,JourneyBackgroundCatalog / all Journey pages,Ordinary Journey,ordinary:dunhuang-mogao-caves,NONE,PRIMARY,NO,NO,8b49de6784cc03972305a55d0e47ddbf2df94daa,2026-07-30T06:35:58+07:00,dhv5bnmfmh-cmyk,7eaa823f712251797194e6cb1995c9da79ad988a,NO,app/lib/data/journey_background_generated.dart;worker/scripts/generate_daily_backgrounds.mjs;git:8b49de6784cc03972305a55d0e47ddbf2df94daa,AI_GENERATED_RUNTIME_METADATA,REPOSITORY_PROVENANCE_ONLY,UNKNOWN,UNKNOWN,UNKNOWN,UNKNOWN,PARTIAL_WORKFLOW_ONLY,UNKNOWN,UNKNOWN,UNKNOWN,UNKNOWN,UNKNOWN,UNKNOWN,UNKNOWN,UNKNOWN_REVIEW_REQUIRED,UNKNOWN_REVIEW_REQUIRED,UNKNOWN,UNKNOWN,EVIDENCE_PARTIAL,per-asset source/master;platform and model version;per-asset prompt;input asset rights;commercial account evidence;applicable terms snapshot;creator authorization;license scope;reviewer identity;review date,NO,NO,NO_PENDING_EVIDENCE_RECOVERY,Repository provenance does not establish legal rights.,,,,,,
PHX-VIS-BC1A971A35BD,app/assets/images/backgrounds/generated/dunhuang/mogao-caves/09-blue-hour.webp,09-blue-hour.webp,WEBP,35010,1600,900,2d842a380f135b4d74926efd97cf85ce40ccc34ef758850269453b9f43fcc2e0,82195e42cfc45bb4df27eb037be9e5e28268e050,YES,JourneyBackgroundCatalog / all Journey pages,Ordinary Journey,ordinary:dunhuang-mogao-caves,NONE,PRIMARY,NO,NO,8b49de6784cc03972305a55d0e47ddbf2df94daa,2026-07-30T06:35:58+07:00,dhv5bnmfmh-cmyk,7eaa823f712251797194e6cb1995c9da79ad988a,NO,app/lib/data/journey_background_generated.dart;worker/scripts/generate_daily_backgrounds.mjs;git:8b49de6784cc03972305a55d0e47ddbf2df94daa,AI_GENERATED_RUNTIME_METADATA,REPOSITORY_PROVENANCE_ONLY,UNKNOWN,UNKNOWN,UNKNOWN,UNKNOWN,PARTIAL_WORKFLOW_ONLY,UNKNOWN,UNKNOWN,UNKNOWN,UNKNOWN,UNKNOWN,UNKNOWN,UNKNOWN,UNKNOWN_REVIEW_REQUIRED,UNKNOWN_REVIEW_REQUIRED,UNKNOWN,UNKNOWN,EVIDENCE_PARTIAL,per-asset source/master;platform and model version;per-asset prompt;input asset rights;commercial account evidence;applicable terms snapshot;creator authorization;license scope;reviewer identity;review date,NO,NO,NO_PENDING_EVIDENCE_RECOVERY,Repository provenance does not establish legal rights.,,,,,,
PHX-VIS-F644B97E17C7,app/assets/images/backgrounds/generated/dunhuang/mogao-caves/10-moonlit-finale.webp,10-moonlit-finale.webp,WEBP,36284,1600,900,77393f63d1c3b63286f742c63d18dd1915c70faa45acd34bd855503f223c1080,83ffffcd4b00ef1235e7e0a1d88e98ae6a58920b,YES,JourneyBackgroundCatalog / all Journey pages,Ordinary Journey,ordinary:dunhuang-mogao-caves,NONE,PRIMARY,NO,NO,8b49de6784cc03972305a55d0e47ddbf2df94daa,2026-07-30T06:35:58+07:00,dhv5bnmfmh-cmyk,7eaa823f712251797194e6cb1995c9da79ad988a,NO,app/lib/data/journey_background_generated.dart;worker/scripts/generate_daily_backgrounds.mjs;git:8b49de6784cc03972305a55d0e47ddbf2df94daa,AI_GENERATED_RUNTIME_METADATA,REPOSITORY_PROVENANCE_ONLY,UNKNOWN,UNKNOWN,UNKNOWN,UNKNOWN,PARTIAL_WORKFLOW_ONLY,UNKNOWN,UNKNOWN,UNKNOWN,UNKNOWN,UNKNOWN,UNKNOWN,UNKNOWN,UNKNOWN_REVIEW_REQUIRED,UNKNOWN_REVIEW_REQUIRED,UNKNOWN,UNKNOWN,EVIDENCE_PARTIAL,per-asset source/master;platform and model version;per-asset prompt;input asset rights;commercial account evidence;applicable terms snapshot;creator authorization;license scope;reviewer identity;review date,NO,NO,NO_PENDING_EVIDENCE_RECOVERY,Repository provenance does not establish legal rights.,,,,,,
PHX-VIS-CB6764386AEE,app/assets/images/backgrounds/generated/dunhuang/mogao-caves/dunhuang-mogao-caves-v1.webp,dunhuang-mogao-caves-v1.webp,WEBP,241606,941,1672,0320b850413cb85157c5e6893ac1f162d440ac626d51c49bbc13104c47194e3e,c4db54cd1897663a53443dde935cfbea441759f6,YES,JourneyBackgroundCatalog / all Journey pages,Ordinary Journey,ordinary:dunhuang-mogao-caves,NONE,PRIMARY,NO,NO,3d5801900a4480d1c93e9dcdae6f0e0eed41a8fa,2026-07-29T22:14:45+07:00,dhv5bnmfmh-cmyk,7eaa823f712251797194e6cb1995c9da79ad988a,NO,app/lib/data/journey_background_generated.dart;worker/scripts/generate_daily_backgrounds.mjs;git:3d5801900a4480d1c93e9dcdae6f0e0eed41a8fa,AI_GENERATED_RUNTIME_METADATA,REPOSITORY_PROVENANCE_ONLY,UNKNOWN,UNKNOWN,UNKNOWN,UNKNOWN,PARTIAL_WORKFLOW_ONLY,UNKNOWN,UNKNOWN,UNKNOWN,UNKNOWN,UNKNOWN,UNKNOWN,UNKNOWN,UNKNOWN_REVIEW_REQUIRED,UNKNOWN_REVIEW_REQUIRED,UNKNOWN,UNKNOWN,EVIDENCE_PARTIAL,per-asset source/master;platform and model version;per-asset prompt;input asset rights;commercial account evidence;applicable terms snapshot;creator authorization;license scope;reviewer identity;review date,NO,NO,NO_PENDING_EVIDENCE_RECOVERY,Repository provenance does not establish legal rights.,,,,,,
PHX-VIS-056C6807F147,app/assets/images/backgrounds/generated/guangzhou/chen-clan-ancestral-hall/01-sunrise-arrival.webp,01-sunrise-arrival.webp,WEBP,112656,864,1536,9bae2bc4462bdfc72a07deaf506f01bb0c96d7c7f4052a9450d81f707409d083,07c073531399b120f10c9d8db6120e062711f56b,YES,JourneyBackgroundCatalog / all Journey pages,Ordinary Journey,ordinary:guangzhou-chen-clan-academy,NONE,PRIMARY,NO,NO,ccd848979f8f86196c11e5d692f3f437cd76c7de,2026-07-27T19:37:57+07:00,dhv5bnmfmh-cmyk,7eaa823f712251797194e6cb1995c9da79ad988a,YES,design/ASSET_REGISTER.csv;design/PHOENIX_ASSET_OWNERSHIP.md;app/lib/data/journey_background_generated.dart;worker/scripts/generate_daily_backgrounds.mjs;git:ccd848979f8f86196c11e5d692f3f437cd76c7de,AI-generated Phoenix original,OpenAI image generation 2026-07-22,UNKNOWN,OpenAI (existing record),UNKNOWN,UNKNOWN,PARTIAL_WORKFLOW_ONLY,UNKNOWN,UNKNOWN,UNKNOWN,phoenix-exclusive-owned,UNKNOWN,UNKNOWN,UNKNOWN,UNKNOWN_REVIEW_REQUIRED,UNKNOWN_REVIEW_REQUIRED,UNKNOWN,UNKNOWN,EVIDENCE_PARTIAL,per-asset source/master;platform and model version;per-asset prompt;input asset rights;commercial account evidence;applicable terms snapshot;creator authorization;license scope;reviewer identity;review date,NO,NO,NO_PENDING_EVIDENCE_RECOVERY,Preserved legacy fields: description=Guangzhou Chen Clan Ancestral Hall sunrise arrival;origin=AI-generated Phoenix original;license_type=phoenix-exclusive-owned;proof_url=OpenAI image generation 2026-07-22;review_status=approved Repository provenance does not establish legal rights.,,,,,,
PHX-VIS-E2F2793B126F,app/assets/images/backgrounds/generated/guangzhou/chen-clan-ancestral-hall/02-morning-street.webp,02-morning-street.webp,WEBP,166996,864,1536,40ba1656ccb42f7c8a8f6fd2f1c8f9ff5b33be489010f9203904bc7154a94118,fb26677fee88184e7c9b30faac70e8781e2fda1f,YES,JourneyBackgroundCatalog / all Journey pages,Ordinary Journey,ordinary:guangzhou-chen-clan-academy,NONE,PRIMARY,NO,NO,ccd848979f8f86196c11e5d692f3f437cd76c7de,2026-07-27T19:37:57+07:00,dhv5bnmfmh-cmyk,7eaa823f712251797194e6cb1995c9da79ad988a,YES,design/ASSET_REGISTER.csv;design/PHOENIX_ASSET_OWNERSHIP.md;app/lib/data/journey_background_generated.dart;worker/scripts/generate_daily_backgrounds.mjs;git:ccd848979f8f86196c11e5d692f3f437cd76c7de,AI-generated Phoenix original,OpenAI image generation 2026-07-22,UNKNOWN,OpenAI (existing record),UNKNOWN,UNKNOWN,PARTIAL_WORKFLOW_ONLY,UNKNOWN,UNKNOWN,UNKNOWN,phoenix-exclusive-owned,UNKNOWN,UNKNOWN,UNKNOWN,UNKNOWN_REVIEW_REQUIRED,UNKNOWN_REVIEW_REQUIRED,UNKNOWN,UNKNOWN,EVIDENCE_PARTIAL,per-asset source/master;platform and model version;per-asset prompt;input asset rights;commercial account evidence;applicable terms snapshot;creator authorization;license scope;reviewer identity;review date,NO,NO,NO_PENDING_EVIDENCE_RECOVERY,Preserved legacy fields: description=Guangzhou Chen Clan Ancestral Hall morning courtyard;origin=AI-generated Phoenix original;license_type=phoenix-exclusive-owned;proof_url=OpenAI image generation 2026-07-22;review_status=approved Repository provenance does not establish legal rights.,,,,,,
PHX-VIS-5F2753900850,app/assets/images/backgrounds/generated/guangzhou/chen-clan-ancestral-hall/03-misty-detail.webp,03-misty-detail.webp,WEBP,103784,864,1536,c4f62b820ca1d840a61a50a94c892e2f22928cf12d1a4796d4aebdad9d86935c,ccee8b4cd751b16e30149f73c0daf5069bdd2f13,YES,JourneyBackgroundCatalog / all Journey pages,Ordinary Journey,ordinary:guangzhou-chen-clan-academy,NONE,PRIMARY,NO,NO,ccd848979f8f86196c11e5d692f3f437cd76c7de,2026-07-27T19:37:57+07:00,dhv5bnmfmh-cmyk,7eaa823f712251797194e6cb1995c9da79ad988a,YES,design/ASSET_REGISTER.csv;design/PHOENIX_ASSET_OWNERSHIP.md;app/lib/data/journey_background_generated.dart;worker/scripts/generate_daily_backgrounds.mjs;git:ccd848979f8f86196c11e5d692f3f437cd76c7de,AI-generated Phoenix original,OpenAI image generation 2026-07-22,UNKNOWN,OpenAI (existing record),UNKNOWN,UNKNOWN,PARTIAL_WORKFLOW_ONLY,UNKNOWN,UNKNOWN,UNKNOWN,phoenix-exclusive-owned,UNKNOWN,UNKNOWN,UNKNOWN,UNKNOWN_REVIEW_REQUIRED,UNKNOWN_REVIEW_REQUIRED,UNKNOWN,UNKNOWN,EVIDENCE_PARTIAL,per-asset source/master;platform and model version;per-asset prompt;input asset rights;commercial account evidence;applicable terms snapshot;creator authorization;license scope;reviewer identity;review date,NO,NO,NO_PENDING_EVIDENCE_RECOVERY,Preserved legacy fields: description=Guangzhou Chen Clan Ancestral Hall misty detail;origin=AI-generated Phoenix original;license_type=phoenix-exclusive-owned;proof_url=OpenAI image generation 2026-07-22;review_status=approved Repository provenance does not establish legal rights.,,,,,,
PHX-VIS-236392870770,app/assets/images/backgrounds/generated/guangzhou/chen-clan-ancestral-hall/04-bright-panorama.webp,04-bright-panorama.webp,WEBP,166348,864,1536,270a3e58f5b9267a00fcac7bba7ec5f7fb308424ee788b71b0588dd80fc0e2af,2cad64f13f4b9430a10c006a13d7be64345caa5a,YES,JourneyBackgroundCatalog / all Journey pages,Ordinary Journey,ordinary:guangzhou-chen-clan-academy,NONE,PRIMARY,NO,NO,ccd848979f8f86196c11e5d692f3f437cd76c7de,2026-07-27T19:37:57+07:00,dhv5bnmfmh-cmyk,7eaa823f712251797194e6cb1995c9da79ad988a,YES,design/ASSET_REGISTER.csv;design/PHOENIX_ASSET_OWNERSHIP.md;app/lib/data/journey_background_generated.dart;worker/scripts/generate_daily_backgrounds.mjs;git:ccd848979f8f86196c11e5d692f3f437cd76c7de,AI-generated Phoenix original,OpenAI image generation 2026-07-22,UNKNOWN,OpenAI (existing record),UNKNOWN,UNKNOWN,PARTIAL_WORKFLOW_ONLY,UNKNOWN,UNKNOWN,UNKNOWN,phoenix-exclusive-owned,UNKNOWN,UNKNOWN,UNKNOWN,UNKNOWN_REVIEW_REQUIRED,UNKNOWN_REVIEW_REQUIRED,UNKNOWN,UNKNOWN,EVIDENCE_PARTIAL,per-asset source/master;platform and model version;per-asset prompt;input asset rights;commercial account evidence;applicable terms snapshot;creator authorization;license scope;reviewer identity;review date,NO,NO,NO_PENDING_EVIDENCE_RECOVERY,Preserved legacy fields: description=Guangzhou Chen Clan Ancestral Hall bright panorama;origin=AI-generated Phoenix original;license_type=phoenix-exclusive-owned;proof_url=OpenAI image generation 2026-07-22;review_status=approved Repository provenance does not establish legal rights.,,,,,,
PHX-VIS-C25AF100C9B7,app/assets/images/backgrounds/generated/guangzhou/chen-clan-ancestral-hall/05-after-rain.webp,05-after-rain.webp,WEBP,147206,864,1536,4fb4e91d8236103aeab0ac7bf2f66746d2b897f5398c74165f76f28e963fca70,a2f327d8b7d6a4e68a49bd97cdcf8ed937321bc0,YES,JourneyBackgroundCatalog / all Journey pages,Ordinary Journey,ordinary:guangzhou-chen-clan-academy,NONE,PRIMARY,NO,NO,ccd848979f8f86196c11e5d692f3f437cd76c7de,2026-07-27T19:37:57+07:00,dhv5bnmfmh-cmyk,7eaa823f712251797194e6cb1995c9da79ad988a,YES,design/ASSET_REGISTER.csv;design/PHOENIX_ASSET_OWNERSHIP.md;app/lib/data/journey_background_generated.dart;worker/scripts/generate_daily_backgrounds.mjs;git:ccd848979f8f86196c11e5d692f3f437cd76c7de,AI-generated Phoenix original,OpenAI image generation 2026-07-22,UNKNOWN,OpenAI (existing record),UNKNOWN,UNKNOWN,PARTIAL_WORKFLOW_ONLY,UNKNOWN,UNKNOWN,UNKNOWN,phoenix-exclusive-owned,UNKNOWN,UNKNOWN,UNKNOWN,UNKNOWN_REVIEW_REQUIRED,UNKNOWN_REVIEW_REQUIRED,UNKNOWN,UNKNOWN,EVIDENCE_PARTIAL,per-asset source/master;platform and model version;per-asset prompt;input asset rights;commercial account evidence;applicable terms snapshot;creator authorization;license scope;reviewer identity;review date,NO,NO,NO_PENDING_EVIDENCE_RECOVERY,Preserved legacy fields: description=Guangzhou Chen Clan Ancestral Hall after rain;origin=AI-generated Phoenix original;license_type=phoenix-exclusive-owned;proof_url=OpenAI image generation 2026-07-22;review_status=approved Repository provenance does not establish legal rights.,,,,,,
PHX-VIS-D5A99A97C148,app/assets/images/backgrounds/generated/guangzhou/chen-clan-ancestral-hall/06-seasonal-landscape.webp,06-seasonal-landscape.webp,WEBP,219106,864,1536,ee5bab35fbe6191f4bba0b89ae8071ed119a9c2ebabfc9099dcd8600aa4aa2b7,0c98e711a4a65f927ea803a05b3a3f4aad77df75,YES,JourneyBackgroundCatalog / all Journey pages,Ordinary Journey,ordinary:guangzhou-chen-clan-academy,NONE,PRIMARY,NO,NO,ccd848979f8f86196c11e5d692f3f437cd76c7de,2026-07-27T19:37:57+07:00,dhv5bnmfmh-cmyk,7eaa823f712251797194e6cb1995c9da79ad988a,YES,design/ASSET_REGISTER.csv;design/PHOENIX_ASSET_OWNERSHIP.md;app/lib/data/journey_background_generated.dart;worker/scripts/generate_daily_backgrounds.mjs;git:ccd848979f8f86196c11e5d692f3f437cd76c7de,AI-generated Phoenix original,OpenAI image generation 2026-07-22,UNKNOWN,OpenAI (existing record),UNKNOWN,UNKNOWN,PARTIAL_WORKFLOW_ONLY,UNKNOWN,UNKNOWN,UNKNOWN,phoenix-exclusive-owned,UNKNOWN,UNKNOWN,UNKNOWN,UNKNOWN_REVIEW_REQUIRED,UNKNOWN_REVIEW_REQUIRED,UNKNOWN,UNKNOWN,EVIDENCE_PARTIAL,per-asset source/master;platform and model version;per-asset prompt;input asset rights;commercial account evidence;applicable terms snapshot;creator authorization;license scope;reviewer identity;review date,NO,NO,NO_PENDING_EVIDENCE_RECOVERY,Preserved legacy fields: description=Guangzhou Chen Clan Ancestral Hall seasonal courtyard;origin=AI-generated Phoenix original;license_type=phoenix-exclusive-owned;proof_url=OpenAI image generation 2026-07-22;review_status=approved Repository provenance does not establish legal rights.,,,,,,
PHX-VIS-6A7A75CA8C40,app/assets/images/backgrounds/generated/guangzhou/chen-clan-ancestral-hall/07-golden-hour.webp,07-golden-hour.webp,WEBP,158066,864,1536,7e5079f21b8aa55cab42d423c8a8ded86fe06897d989481ca398b5fda8adf070,ff7053d6f796ca940e857b94dd566002d194c0e3,YES,JourneyBackgroundCatalog / all Journey pages,Ordinary Journey,ordinary:guangzhou-chen-clan-academy,NONE,PRIMARY,NO,NO,ccd848979f8f86196c11e5d692f3f437cd76c7de,2026-07-27T19:37:57+07:00,dhv5bnmfmh-cmyk,7eaa823f712251797194e6cb1995c9da79ad988a,YES,design/ASSET_REGISTER.csv;design/PHOENIX_ASSET_OWNERSHIP.md;app/lib/data/journey_background_generated.dart;worker/scripts/generate_daily_backgrounds.mjs;git:ccd848979f8f86196c11e5d692f3f437cd76c7de,AI-generated Phoenix original,OpenAI image generation 2026-07-22,UNKNOWN,OpenAI (existing record),UNKNOWN,UNKNOWN,PARTIAL_WORKFLOW_ONLY,UNKNOWN,UNKNOWN,UNKNOWN,phoenix-exclusive-owned,UNKNOWN,UNKNOWN,UNKNOWN,UNKNOWN_REVIEW_REQUIRED,UNKNOWN_REVIEW_REQUIRED,UNKNOWN,UNKNOWN,EVIDENCE_PARTIAL,per-asset source/master;platform and model version;per-asset prompt;input asset rights;commercial account evidence;applicable terms snapshot;creator authorization;license scope;reviewer identity;review date,NO,NO,NO_PENDING_EVIDENCE_RECOVERY,Preserved legacy fields: description=Guangzhou Chen Clan Ancestral Hall golden hour;origin=AI-generated Phoenix original;license_type=phoenix-exclusive-owned;proof_url=OpenAI image generation 2026-07-22;review_status=approved Repository provenance does not establish legal rights.,,,,,,
PHX-VIS-DC0C871107E8,app/assets/images/backgrounds/generated/guangzhou/chen-clan-ancestral-hall/08-blue-hour.webp,08-blue-hour.webp,WEBP,129492,864,1536,7bb3a60a3211c52f087461b321050aa4349012e3a83d3926c6d71f9251efe21d,a39d4a91d6fa61bae9cb728a7666f9ac20e6d970,YES,JourneyBackgroundCatalog / all Journey pages,Ordinary Journey,ordinary:guangzhou-chen-clan-academy,NONE,PRIMARY,NO,NO,ccd848979f8f86196c11e5d692f3f437cd76c7de,2026-07-27T19:37:57+07:00,dhv5bnmfmh-cmyk,7eaa823f712251797194e6cb1995c9da79ad988a,YES,design/ASSET_REGISTER.csv;design/PHOENIX_ASSET_OWNERSHIP.md;app/lib/data/journey_background_generated.dart;worker/scripts/generate_daily_backgrounds.mjs;git:ccd848979f8f86196c11e5d692f3f437cd76c7de,AI-generated Phoenix original,OpenAI image generation 2026-07-22,UNKNOWN,OpenAI (existing record),UNKNOWN,UNKNOWN,PARTIAL_WORKFLOW_ONLY,UNKNOWN,UNKNOWN,UNKNOWN,phoenix-exclusive-owned,UNKNOWN,UNKNOWN,UNKNOWN,UNKNOWN_REVIEW_REQUIRED,UNKNOWN_REVIEW_REQUIRED,UNKNOWN,UNKNOWN,EVIDENCE_PARTIAL,per-asset source/master;platform and model version;per-asset prompt;input asset rights;commercial account evidence;applicable terms snapshot;creator authorization;license scope;reviewer identity;review date,NO,NO,NO_PENDING_EVIDENCE_RECOVERY,Preserved legacy fields: description=Guangzhou Chen Clan Ancestral Hall blue hour;origin=AI-generated Phoenix original;license_type=phoenix-exclusive-owned;proof_url=OpenAI image generation 2026-07-22;review_status=approved Repository provenance does not establish legal rights.,,,,,,
PHX-VIS-C7BB4EBD7CEC,app/assets/images/backgrounds/generated/guangzhou/chen-clan-ancestral-hall/09-lantern-night.webp,09-lantern-night.webp,WEBP,142946,864,1536,9360a501b60b35046b887544b3f49b273596fa040534adc2e030f140d5185975,86ad06e8533e35ba406e82948be6c6b9e52fc4c3,YES,JourneyBackgroundCatalog / all Journey pages,Ordinary Journey,ordinary:guangzhou-chen-clan-academy,NONE,PRIMARY,NO,NO,ccd848979f8f86196c11e5d692f3f437cd76c7de,2026-07-27T19:37:57+07:00,dhv5bnmfmh-cmyk,7eaa823f712251797194e6cb1995c9da79ad988a,YES,design/ASSET_REGISTER.csv;design/PHOENIX_ASSET_OWNERSHIP.md;app/lib/data/journey_background_generated.dart;worker/scripts/generate_daily_backgrounds.mjs;git:ccd848979f8f86196c11e5d692f3f437cd76c7de,AI-generated Phoenix original,OpenAI image generation 2026-07-22,UNKNOWN,OpenAI (existing record),UNKNOWN,UNKNOWN,PARTIAL_WORKFLOW_ONLY,UNKNOWN,UNKNOWN,UNKNOWN,phoenix-exclusive-owned,UNKNOWN,UNKNOWN,UNKNOWN,UNKNOWN_REVIEW_REQUIRED,UNKNOWN_REVIEW_REQUIRED,UNKNOWN,UNKNOWN,EVIDENCE_PARTIAL,per-asset source/master;platform and model version;per-asset prompt;input asset rights;commercial account evidence;applicable terms snapshot;creator authorization;license scope;reviewer identity;review date,NO,NO,NO_PENDING_EVIDENCE_RECOVERY,Preserved legacy fields: description=Guangzhou Chen Clan Ancestral Hall lantern night;origin=AI-generated Phoenix original;license_type=phoenix-exclusive-owned;proof_url=OpenAI image generation 2026-07-22;review_status=approved Repository provenance does not establish legal rights.,,,,,,
PHX-VIS-248C5058C3F3,app/assets/images/backgrounds/generated/guangzhou/chen-clan-ancestral-hall/10-quiet-night-panorama.webp,10-quiet-night-panorama.webp,WEBP,116402,864,1536,a1adac153d07f16efde457fd11f3cd1fdb6f795c42a9b5862c935837db45e68b,eaf96c6e0a93f7a2af14e230ecbe12e4ce75b243,YES,JourneyBackgroundCatalog / all Journey pages,Ordinary Journey,ordinary:guangzhou-chen-clan-academy,NONE,PRIMARY,NO,NO,ccd848979f8f86196c11e5d692f3f437cd76c7de,2026-07-27T19:37:57+07:00,dhv5bnmfmh-cmyk,7eaa823f712251797194e6cb1995c9da79ad988a,YES,design/ASSET_REGISTER.csv;design/PHOENIX_ASSET_OWNERSHIP.md;app/lib/data/journey_background_generated.dart;worker/scripts/generate_daily_backgrounds.mjs;git:ccd848979f8f86196c11e5d692f3f437cd76c7de,AI-generated Phoenix original,OpenAI image generation 2026-07-22,UNKNOWN,OpenAI (existing record),UNKNOWN,UNKNOWN,PARTIAL_WORKFLOW_ONLY,UNKNOWN,UNKNOWN,UNKNOWN,phoenix-exclusive-owned,UNKNOWN,UNKNOWN,UNKNOWN,UNKNOWN_REVIEW_REQUIRED,UNKNOWN_REVIEW_REQUIRED,UNKNOWN,UNKNOWN,EVIDENCE_PARTIAL,per-asset source/master;platform and model version;per-asset prompt;input asset rights;commercial account evidence;applicable terms snapshot;creator authorization;license scope;reviewer identity;review date,NO,NO,NO_PENDING_EVIDENCE_RECOVERY,Preserved legacy fields: description=Guangzhou Chen Clan Ancestral Hall quiet night panorama;origin=AI-generated Phoenix original;license_type=phoenix-exclusive-owned;proof_url=OpenAI image generation 2026-07-22;review_status=approved Repository provenance does not establish legal rights.,,,,,,
PHX-VIS-4DD312CD6FB3,app/assets/images/backgrounds/generated/hangzhou/west-lake/01-sunrise-arrival.webp,01-sunrise-arrival.webp,WEBP,84050,864,1536,ea1a0588457b50a241d2c2b7af5723ce42437d1a634ced0b71c0d34decf67b2a,02f99875e0ae6263d9811af95120458876c638cd,YES,JourneyBackgroundCatalog / all Journey pages,Ordinary Journey,ordinary:hangzhou-west-lake,NONE,PRIMARY,NO,NO,ccd848979f8f86196c11e5d692f3f437cd76c7de,2026-07-27T19:37:57+07:00,dhv5bnmfmh-cmyk,7eaa823f712251797194e6cb1995c9da79ad988a,YES,design/ASSET_REGISTER.csv;design/PHOENIX_ASSET_OWNERSHIP.md;app/lib/data/journey_background_generated.dart;worker/scripts/generate_daily_backgrounds.mjs;git:ccd848979f8f86196c11e5d692f3f437cd76c7de,AI-generated Phoenix original,OpenAI image generation 2026-07-22,UNKNOWN,OpenAI (existing record),UNKNOWN,UNKNOWN,PARTIAL_WORKFLOW_ONLY,UNKNOWN,UNKNOWN,UNKNOWN,phoenix-exclusive-owned,UNKNOWN,UNKNOWN,UNKNOWN,UNKNOWN_REVIEW_REQUIRED,UNKNOWN_REVIEW_REQUIRED,UNKNOWN,UNKNOWN,EVIDENCE_PARTIAL,per-asset source/master;platform and model version;per-asset prompt;input asset rights;commercial account evidence;applicable terms snapshot;creator authorization;license scope;reviewer identity;review date,NO,NO,NO_PENDING_EVIDENCE_RECOVERY,Preserved legacy fields: description=Hangzhou West Lake sunrise arrival;origin=AI-generated Phoenix original;license_type=phoenix-exclusive-owned;proof_url=OpenAI image generation 2026-07-22;review_status=approved Repository provenance does not establish legal rights.,,,,,,
PHX-VIS-7D5C698C380E,app/assets/images/backgrounds/generated/hangzhou/west-lake/02-morning-street.webp,02-morning-street.webp,WEBP,106960,864,1536,632c8068bf222287f63445233f92525fadb055131920ef66a4c4307dd837fefb,59e886a0af63eda9e16568804f6831b72553e98b,YES,JourneyBackgroundCatalog / all Journey pages,Ordinary Journey,ordinary:hangzhou-west-lake,NONE,PRIMARY,NO,NO,ccd848979f8f86196c11e5d692f3f437cd76c7de,2026-07-27T19:37:57+07:00,dhv5bnmfmh-cmyk,7eaa823f712251797194e6cb1995c9da79ad988a,YES,design/ASSET_REGISTER.csv;design/PHOENIX_ASSET_OWNERSHIP.md;app/lib/data/journey_background_generated.dart;worker/scripts/generate_daily_backgrounds.mjs;git:ccd848979f8f86196c11e5d692f3f437cd76c7de,AI-generated Phoenix original,OpenAI image generation 2026-07-22,UNKNOWN,OpenAI (existing record),UNKNOWN,UNKNOWN,PARTIAL_WORKFLOW_ONLY,UNKNOWN,UNKNOWN,UNKNOWN,phoenix-exclusive-owned,UNKNOWN,UNKNOWN,UNKNOWN,UNKNOWN_REVIEW_REQUIRED,UNKNOWN_REVIEW_REQUIRED,UNKNOWN,UNKNOWN,EVIDENCE_PARTIAL,per-asset source/master;platform and model version;per-asset prompt;input asset rights;commercial account evidence;applicable terms snapshot;creator authorization;license scope;reviewer identity;review date,NO,NO,NO_PENDING_EVIDENCE_RECOVERY,Preserved legacy fields: description=Hangzhou West Lake morning path;origin=AI-generated Phoenix original;license_type=phoenix-exclusive-owned;proof_url=OpenAI image generation 2026-07-22;review_status=approved Repository provenance does not establish legal rights.,,,,,,
PHX-VIS-227E6DA6E5E6,app/assets/images/backgrounds/generated/hangzhou/west-lake/03-misty-detail.webp,03-misty-detail.webp,WEBP,75650,864,1536,1cd60411ddf074a72b27a8b5c5e56aefe2c125ac275fd2f27bfa15538ceafd2a,b21f9ac4d207c40fe0cc592c9c1e8be1ce331309,YES,JourneyBackgroundCatalog / all Journey pages,Ordinary Journey,ordinary:hangzhou-west-lake,NONE,PRIMARY,NO,NO,ccd848979f8f86196c11e5d692f3f437cd76c7de,2026-07-27T19:37:57+07:00,dhv5bnmfmh-cmyk,7eaa823f712251797194e6cb1995c9da79ad988a,YES,design/ASSET_REGISTER.csv;design/PHOENIX_ASSET_OWNERSHIP.md;app/lib/data/journey_background_generated.dart;worker/scripts/generate_daily_backgrounds.mjs;git:ccd848979f8f86196c11e5d692f3f437cd76c7de,AI-generated Phoenix original,OpenAI image generation 2026-07-22,UNKNOWN,OpenAI (existing record),UNKNOWN,UNKNOWN,PARTIAL_WORKFLOW_ONLY,UNKNOWN,UNKNOWN,UNKNOWN,phoenix-exclusive-owned,UNKNOWN,UNKNOWN,UNKNOWN,UNKNOWN_REVIEW_REQUIRED,UNKNOWN_REVIEW_REQUIRED,UNKNOWN,UNKNOWN,EVIDENCE_PARTIAL,per-asset source/master;platform and model version;per-asset prompt;input asset rights;commercial account evidence;applicable terms snapshot;creator authorization;license scope;reviewer identity;review date,NO,NO,NO_PENDING_EVIDENCE_RECOVERY,Preserved legacy fields: description=Hangzhou West Lake misty lotus detail;origin=AI-generated Phoenix original;license_type=phoenix-exclusive-owned;proof_url=OpenAI image generation 2026-07-22;review_status=approved Repository provenance does not establish legal rights.,,,,,,
PHX-VIS-F94FD95B72AA,app/assets/images/backgrounds/generated/hangzhou/west-lake/04-bright-panorama.webp,04-bright-panorama.webp,WEBP,138568,864,1536,acb52765b131b7b900c34db26ee5d9c16919848e85faf58f1586da07dad63ff8,8612ee722684c067154510b948602d152e867443,YES,JourneyBackgroundCatalog / all Journey pages,Ordinary Journey,ordinary:hangzhou-west-lake,NONE,PRIMARY,NO,NO,ccd848979f8f86196c11e5d692f3f437cd76c7de,2026-07-27T19:37:57+07:00,dhv5bnmfmh-cmyk,7eaa823f712251797194e6cb1995c9da79ad988a,YES,design/ASSET_REGISTER.csv;design/PHOENIX_ASSET_OWNERSHIP.md;app/lib/data/journey_background_generated.dart;worker/scripts/generate_daily_backgrounds.mjs;git:ccd848979f8f86196c11e5d692f3f437cd76c7de,AI-generated Phoenix original,OpenAI image generation 2026-07-22,UNKNOWN,OpenAI (existing record),UNKNOWN,UNKNOWN,PARTIAL_WORKFLOW_ONLY,UNKNOWN,UNKNOWN,UNKNOWN,phoenix-exclusive-owned,UNKNOWN,UNKNOWN,UNKNOWN,UNKNOWN_REVIEW_REQUIRED,UNKNOWN_REVIEW_REQUIRED,UNKNOWN,UNKNOWN,EVIDENCE_PARTIAL,per-asset source/master;platform and model version;per-asset prompt;input asset rights;commercial account evidence;applicable terms snapshot;creator authorization;license scope;reviewer identity;review date,NO,NO,NO_PENDING_EVIDENCE_RECOVERY,Preserved legacy fields: description=Hangzhou West Lake bright panorama;origin=AI-generated Phoenix original;license_type=phoenix-exclusive-owned;proof_url=OpenAI image generation 2026-07-22;review_status=approved Repository provenance does not establish legal rights.,,,,,,
PHX-VIS-A677CBD379FA,app/assets/images/backgrounds/generated/hangzhou/west-lake/05-after-rain.webp,05-after-rain.webp,WEBP,120654,864,1536,a6ef4a48cc535dc8f9d6bf01e7f3c5103feee005f1ae5e9ba0fec1fa5e371658,920cef1d7aa8b658aad6098f5796d472d6841130,YES,JourneyBackgroundCatalog / all Journey pages,Ordinary Journey,ordinary:hangzhou-west-lake,NONE,PRIMARY,NO,NO,ccd848979f8f86196c11e5d692f3f437cd76c7de,2026-07-27T19:37:57+07:00,dhv5bnmfmh-cmyk,7eaa823f712251797194e6cb1995c9da79ad988a,YES,design/ASSET_REGISTER.csv;design/PHOENIX_ASSET_OWNERSHIP.md;app/lib/data/journey_background_generated.dart;worker/scripts/generate_daily_backgrounds.mjs;git:ccd848979f8f86196c11e5d692f3f437cd76c7de,AI-generated Phoenix original,OpenAI image generation 2026-07-22,UNKNOWN,OpenAI (existing record),UNKNOWN,UNKNOWN,PARTIAL_WORKFLOW_ONLY,UNKNOWN,UNKNOWN,UNKNOWN,phoenix-exclusive-owned,UNKNOWN,UNKNOWN,UNKNOWN,UNKNOWN_REVIEW_REQUIRED,UNKNOWN_REVIEW_REQUIRED,UNKNOWN,UNKNOWN,EVIDENCE_PARTIAL,per-asset source/master;platform and model version;per-asset prompt;input asset rights;commercial account evidence;applicable terms snapshot;creator authorization;license scope;reviewer identity;review date,NO,NO,NO_PENDING_EVIDENCE_RECOVERY,Preserved legacy fields: description=Hangzhou West Lake after rain;origin=AI-generated Phoenix original;license_type=phoenix-exclusive-owned;proof_url=OpenAI image generation 2026-07-22;review_status=approved Repository provenance does not establish legal rights.,,,,,,
PHX-VIS-F38DD5DF2ED9,app/assets/images/backgrounds/generated/hangzhou/west-lake/06-seasonal-landscape.webp,06-seasonal-landscape.webp,WEBP,156592,864,1536,29c7488af414c0cf79dfe31d9b3aa9dc5543d67649f8cc6953fba0000656563d,127d3ce5917749e6fa1f02e68be5a18c1d25acbf,YES,JourneyBackgroundCatalog / all Journey pages,Ordinary Journey,ordinary:hangzhou-west-lake,NONE,PRIMARY,NO,NO,ccd848979f8f86196c11e5d692f3f437cd76c7de,2026-07-27T19:37:57+07:00,dhv5bnmfmh-cmyk,7eaa823f712251797194e6cb1995c9da79ad988a,YES,design/ASSET_REGISTER.csv;design/PHOENIX_ASSET_OWNERSHIP.md;app/lib/data/journey_background_generated.dart;worker/scripts/generate_daily_backgrounds.mjs;git:ccd848979f8f86196c11e5d692f3f437cd76c7de,AI-generated Phoenix original,OpenAI image generation 2026-07-22,UNKNOWN,OpenAI (existing record),UNKNOWN,UNKNOWN,PARTIAL_WORKFLOW_ONLY,UNKNOWN,UNKNOWN,UNKNOWN,phoenix-exclusive-owned,UNKNOWN,UNKNOWN,UNKNOWN,UNKNOWN_REVIEW_REQUIRED,UNKNOWN_REVIEW_REQUIRED,UNKNOWN,UNKNOWN,EVIDENCE_PARTIAL,per-asset source/master;platform and model version;per-asset prompt;input asset rights;commercial account evidence;applicable terms snapshot;creator authorization;license scope;reviewer identity;review date,NO,NO,NO_PENDING_EVIDENCE_RECOVERY,Preserved legacy fields: description=Hangzhou West Lake autumn landscape;origin=AI-generated Phoenix original;license_type=phoenix-exclusive-owned;proof_url=OpenAI image generation 2026-07-22;review_status=approved Repository provenance does not establish legal rights.,,,,,,
PHX-VIS-26FD37C4C9CA,app/assets/images/backgrounds/generated/hangzhou/west-lake/07-golden-hour.webp,07-golden-hour.webp,WEBP,148740,864,1536,8ccc2b6f8d816ae3bf15bb2580cbde64f07e1706a89a5d091e11af11aa9763f4,01283ec24e1c083a33e028d85e441eb4d1a06c02,YES,JourneyBackgroundCatalog / all Journey pages,Ordinary Journey,ordinary:hangzhou-west-lake,NONE,PRIMARY,NO,NO,ccd848979f8f86196c11e5d692f3f437cd76c7de,2026-07-27T19:37:57+07:00,dhv5bnmfmh-cmyk,7eaa823f712251797194e6cb1995c9da79ad988a,YES,design/ASSET_REGISTER.csv;design/PHOENIX_ASSET_OWNERSHIP.md;app/lib/data/journey_background_generated.dart;worker/scripts/generate_daily_backgrounds.mjs;git:ccd848979f8f86196c11e5d692f3f437cd76c7de,AI-generated Phoenix original,OpenAI image generation 2026-07-22,UNKNOWN,OpenAI (existing record),UNKNOWN,UNKNOWN,PARTIAL_WORKFLOW_ONLY,UNKNOWN,UNKNOWN,UNKNOWN,phoenix-exclusive-owned,UNKNOWN,UNKNOWN,UNKNOWN,UNKNOWN_REVIEW_REQUIRED,UNKNOWN_REVIEW_REQUIRED,UNKNOWN,UNKNOWN,EVIDENCE_PARTIAL,per-asset source/master;platform and model version;per-asset prompt;input asset rights;commercial account evidence;applicable terms snapshot;creator authorization;license scope;reviewer identity;review date,NO,NO,NO_PENDING_EVIDENCE_RECOVERY,Preserved legacy fields: description=Hangzhou West Lake golden hour;origin=AI-generated Phoenix original;license_type=phoenix-exclusive-owned;proof_url=OpenAI image generation 2026-07-22;review_status=approved Repository provenance does not establish legal rights.,,,,,,
PHX-VIS-253F636E8A78,app/assets/images/backgrounds/generated/hangzhou/west-lake/08-blue-hour.webp,08-blue-hour.webp,WEBP,87810,864,1536,679bcb2ebf370f4a272aacc3e66df7a146f303328115e4a2c312b6df1bc61b2a,f316662fca988bc28319c2abc2a78a3f3ba9e8b7,YES,JourneyBackgroundCatalog / all Journey pages,Ordinary Journey,ordinary:hangzhou-west-lake,NONE,PRIMARY,NO,NO,ccd848979f8f86196c11e5d692f3f437cd76c7de,2026-07-27T19:37:57+07:00,dhv5bnmfmh-cmyk,7eaa823f712251797194e6cb1995c9da79ad988a,YES,design/ASSET_REGISTER.csv;design/PHOENIX_ASSET_OWNERSHIP.md;app/lib/data/journey_background_generated.dart;worker/scripts/generate_daily_backgrounds.mjs;git:ccd848979f8f86196c11e5d692f3f437cd76c7de,AI-generated Phoenix original,OpenAI image generation 2026-07-22,UNKNOWN,OpenAI (existing record),UNKNOWN,UNKNOWN,PARTIAL_WORKFLOW_ONLY,UNKNOWN,UNKNOWN,UNKNOWN,phoenix-exclusive-owned,UNKNOWN,UNKNOWN,UNKNOWN,UNKNOWN_REVIEW_REQUIRED,UNKNOWN_REVIEW_REQUIRED,UNKNOWN,UNKNOWN,EVIDENCE_PARTIAL,per-asset source/master;platform and model version;per-asset prompt;input asset rights;commercial account evidence;applicable terms snapshot;creator authorization;license scope;reviewer identity;review date,NO,NO,NO_PENDING_EVIDENCE_RECOVERY,Preserved legacy fields: description=Hangzhou West Lake blue hour;origin=AI-generated Phoenix original;license_type=phoenix-exclusive-owned;proof_url=OpenAI image generation 2026-07-22;review_status=approved Repository provenance does not establish legal rights.,,,,,,
PHX-VIS-D84044B44A02,app/assets/images/backgrounds/generated/hangzhou/west-lake/09-lantern-night.webp,09-lantern-night.webp,WEBP,94592,864,1536,06ca4708a27ba018017a87645892449aba3b44f8a4490738b120777dbc4fcd84,d95d1c7759c988ec1138938989d6e4041145c709,YES,JourneyBackgroundCatalog / all Journey pages,Ordinary Journey,ordinary:hangzhou-west-lake,NONE,PRIMARY,NO,NO,ccd848979f8f86196c11e5d692f3f437cd76c7de,2026-07-27T19:37:57+07:00,dhv5bnmfmh-cmyk,7eaa823f712251797194e6cb1995c9da79ad988a,YES,design/ASSET_REGISTER.csv;design/PHOENIX_ASSET_OWNERSHIP.md;app/lib/data/journey_background_generated.dart;worker/scripts/generate_daily_backgrounds.mjs;git:ccd848979f8f86196c11e5d692f3f437cd76c7de,AI-generated Phoenix original,OpenAI image generation 2026-07-22,UNKNOWN,OpenAI (existing record),UNKNOWN,UNKNOWN,PARTIAL_WORKFLOW_ONLY,UNKNOWN,UNKNOWN,UNKNOWN,phoenix-exclusive-owned,UNKNOWN,UNKNOWN,UNKNOWN,UNKNOWN_REVIEW_REQUIRED,UNKNOWN_REVIEW_REQUIRED,UNKNOWN,UNKNOWN,EVIDENCE_PARTIAL,per-asset source/master;platform and model version;per-asset prompt;input asset rights;commercial account evidence;applicable terms snapshot;creator authorization;license scope;reviewer identity;review date,NO,NO,NO_PENDING_EVIDENCE_RECOVERY,Preserved legacy fields: description=Hangzhou West Lake lantern night;origin=AI-generated Phoenix original;license_type=phoenix-exclusive-owned;proof_url=OpenAI image generation 2026-07-22;review_status=approved Repository provenance does not establish legal rights.,,,,,,
PHX-VIS-D57DF050655B,app/assets/images/backgrounds/generated/hangzhou/west-lake/10-quiet-night-panorama.webp,10-quiet-night-panorama.webp,WEBP,50604,864,1536,aa494b0f3001e0da424c3ca0f9a5b3a90669122f2a191662f65b309cb91cb5bb,5d493733920c6300da907cd4701e4437d18cbaed,YES,JourneyBackgroundCatalog / all Journey pages,Ordinary Journey,ordinary:hangzhou-west-lake,NONE,PRIMARY,NO,NO,ccd848979f8f86196c11e5d692f3f437cd76c7de,2026-07-27T19:37:57+07:00,dhv5bnmfmh-cmyk,7eaa823f712251797194e6cb1995c9da79ad988a,YES,design/ASSET_REGISTER.csv;design/PHOENIX_ASSET_OWNERSHIP.md;app/lib/data/journey_background_generated.dart;worker/scripts/generate_daily_backgrounds.mjs;git:ccd848979f8f86196c11e5d692f3f437cd76c7de,AI-generated Phoenix original,OpenAI image generation 2026-07-22,UNKNOWN,OpenAI (existing record),UNKNOWN,UNKNOWN,PARTIAL_WORKFLOW_ONLY,UNKNOWN,UNKNOWN,UNKNOWN,phoenix-exclusive-owned,UNKNOWN,UNKNOWN,UNKNOWN,UNKNOWN_REVIEW_REQUIRED,UNKNOWN_REVIEW_REQUIRED,UNKNOWN,UNKNOWN,EVIDENCE_PARTIAL,per-asset source/master;platform and model version;per-asset prompt;input asset rights;commercial account evidence;applicable terms snapshot;creator authorization;license scope;reviewer identity;review date,NO,NO,NO_PENDING_EVIDENCE_RECOVERY,Preserved legacy fields: description=Hangzhou West Lake quiet night panorama;origin=AI-generated Phoenix original;license_type=phoenix-exclusive-owned;proof_url=OpenAI image generation 2026-07-22;review_status=approved Repository provenance does not establish legal rights.,,,,,,
PHX-VIS-AF28F03C470D,app/assets/images/backgrounds/generated/harbin/central-street/01-pre-dawn.webp,01-pre-dawn.webp,WEBP,21344,1600,900,be8e6290dfa161c15de9648e4217add05e1268c17d3474cef6ca53b8826b78d2,6b16bc2a624daea4853acd7ed8c0f1600a16434d,YES,JourneyBackgroundCatalog / all Journey pages,Ordinary Journey,ordinary:harbin-central-street,NONE,PRIMARY,NO,NO,b4e54cb72d5cdb663d6b767c966ec21016ced048,2026-07-30T07:37:39+07:00,dhv5bnmfmh-cmyk,7eaa823f712251797194e6cb1995c9da79ad988a,NO,app/lib/data/journey_background_generated.dart;worker/scripts/generate_daily_backgrounds.mjs;git:b4e54cb72d5cdb663d6b767c966ec21016ced048,AI_GENERATED_RUNTIME_METADATA,REPOSITORY_PROVENANCE_ONLY,UNKNOWN,UNKNOWN,UNKNOWN,UNKNOWN,PARTIAL_WORKFLOW_ONLY,UNKNOWN,UNKNOWN,UNKNOWN,UNKNOWN,UNKNOWN,UNKNOWN,UNKNOWN,UNKNOWN_REVIEW_REQUIRED,UNKNOWN_REVIEW_REQUIRED,UNKNOWN,UNKNOWN,EVIDENCE_PARTIAL,per-asset source/master;platform and model version;per-asset prompt;input asset rights;commercial account evidence;applicable terms snapshot;creator authorization;license scope;reviewer identity;review date,NO,NO,NO_PENDING_EVIDENCE_RECOVERY,Repository provenance does not establish legal rights.,,,,,,
PHX-VIS-646933F4BC5D,app/assets/images/backgrounds/generated/harbin/central-street/02-sunrise.webp,02-sunrise.webp,WEBP,76782,1600,900,096a8751ba0f547f038bff2a804ec57299cb5fb9c12c8904067360c857b1c300,ea468f59d6dfa92019c49e4e7949a7389079d9ab,YES,JourneyBackgroundCatalog / all Journey pages,Ordinary Journey,ordinary:harbin-central-street,NONE,PRIMARY,NO,NO,b4e54cb72d5cdb663d6b767c966ec21016ced048,2026-07-30T07:37:39+07:00,dhv5bnmfmh-cmyk,7eaa823f712251797194e6cb1995c9da79ad988a,NO,app/lib/data/journey_background_generated.dart;worker/scripts/generate_daily_backgrounds.mjs;git:b4e54cb72d5cdb663d6b767c966ec21016ced048,AI_GENERATED_RUNTIME_METADATA,REPOSITORY_PROVENANCE_ONLY,UNKNOWN,UNKNOWN,UNKNOWN,UNKNOWN,PARTIAL_WORKFLOW_ONLY,UNKNOWN,UNKNOWN,UNKNOWN,UNKNOWN,UNKNOWN,UNKNOWN,UNKNOWN,UNKNOWN_REVIEW_REQUIRED,UNKNOWN_REVIEW_REQUIRED,UNKNOWN,UNKNOWN,EVIDENCE_PARTIAL,per-asset source/master;platform and model version;per-asset prompt;input asset rights;commercial account evidence;applicable terms snapshot;creator authorization;license scope;reviewer identity;review date,NO,NO,NO_PENDING_EVIDENCE_RECOVERY,Repository provenance does not establish legal rights.,,,,,,
PHX-VIS-6E72C5ED935C,app/assets/images/backgrounds/generated/harbin/central-street/03-clear-morning.webp,03-clear-morning.webp,WEBP,80152,1600,900,690fa81b8f757b73f40fe032adba98e616c48b13507b38142a7d3ea7d40d2ba6,f596eb443f9034cd565b283e459851ac7ef1e273,YES,JourneyBackgroundCatalog / all Journey pages,Ordinary Journey,ordinary:harbin-central-street,NONE,PRIMARY,NO,NO,b4e54cb72d5cdb663d6b767c966ec21016ced048,2026-07-30T07:37:39+07:00,dhv5bnmfmh-cmyk,7eaa823f712251797194e6cb1995c9da79ad988a,NO,app/lib/data/journey_background_generated.dart;worker/scripts/generate_daily_backgrounds.mjs;git:b4e54cb72d5cdb663d6b767c966ec21016ced048,AI_GENERATED_RUNTIME_METADATA,REPOSITORY_PROVENANCE_ONLY,UNKNOWN,UNKNOWN,UNKNOWN,UNKNOWN,PARTIAL_WORKFLOW_ONLY,UNKNOWN,UNKNOWN,UNKNOWN,UNKNOWN,UNKNOWN,UNKNOWN,UNKNOWN,UNKNOWN_REVIEW_REQUIRED,UNKNOWN_REVIEW_REQUIRED,UNKNOWN,UNKNOWN,EVIDENCE_PARTIAL,per-asset source/master;platform and model version;per-asset prompt;input asset rights;commercial account evidence;applicable terms snapshot;creator authorization;license scope;reviewer identity;review date,NO,NO,NO_PENDING_EVIDENCE_RECOVERY,Repository provenance does not establish legal rights.,,,,,,
PHX-VIS-C75C33BFA8F7,app/assets/images/backgrounds/generated/harbin/central-street/04-heritage-detail.webp,04-heritage-detail.webp,WEBP,86494,1600,900,25df1ea321f05cdb0ab6a24f800d25db89f6bc7d59027e5b889f97033f524d23,2bc745235343348fb5bc1d96824bab051b17a60b,YES,JourneyBackgroundCatalog / all Journey pages,Ordinary Journey,ordinary:harbin-central-street,NONE,PRIMARY,NO,NO,b4e54cb72d5cdb663d6b767c966ec21016ced048,2026-07-30T07:37:39+07:00,dhv5bnmfmh-cmyk,7eaa823f712251797194e6cb1995c9da79ad988a,NO,app/lib/data/journey_background_generated.dart;worker/scripts/generate_daily_backgrounds.mjs;git:b4e54cb72d5cdb663d6b767c966ec21016ced048,AI_GENERATED_RUNTIME_METADATA,REPOSITORY_PROVENANCE_ONLY,UNKNOWN,UNKNOWN,UNKNOWN,UNKNOWN,PARTIAL_WORKFLOW_ONLY,UNKNOWN,UNKNOWN,UNKNOWN,UNKNOWN,UNKNOWN,UNKNOWN,UNKNOWN,UNKNOWN_REVIEW_REQUIRED,UNKNOWN_REVIEW_REQUIRED,UNKNOWN,UNKNOWN,EVIDENCE_PARTIAL,per-asset source/master;platform and model version;per-asset prompt;input asset rights;commercial account evidence;applicable terms snapshot;creator authorization;license scope;reviewer identity;review date,NO,NO,NO_PENDING_EVIDENCE_RECOVERY,Repository provenance does not establish legal rights.,,,,,,
PHX-VIS-C1BD14061496,app/assets/images/backgrounds/generated/harbin/central-street/05-layered-landscape.webp,05-layered-landscape.webp,WEBP,97404,1600,900,627d9e88cbf710ffeb702406d29b0e75a7854ae961ca7909be99383acfefd1e0,4772f2eafa025e32b1ab724a8b7294b1f0eb38c4,YES,JourneyBackgroundCatalog / all Journey pages,Ordinary Journey,ordinary:harbin-central-street,NONE,PRIMARY,NO,NO,b4e54cb72d5cdb663d6b767c966ec21016ced048,2026-07-30T07:37:39+07:00,dhv5bnmfmh-cmyk,7eaa823f712251797194e6cb1995c9da79ad988a,NO,app/lib/data/journey_background_generated.dart;worker/scripts/generate_daily_backgrounds.mjs;git:b4e54cb72d5cdb663d6b767c966ec21016ced048,AI_GENERATED_RUNTIME_METADATA,REPOSITORY_PROVENANCE_ONLY,UNKNOWN,UNKNOWN,UNKNOWN,UNKNOWN,PARTIAL_WORKFLOW_ONLY,UNKNOWN,UNKNOWN,UNKNOWN,UNKNOWN,UNKNOWN,UNKNOWN,UNKNOWN,UNKNOWN_REVIEW_REQUIRED,UNKNOWN_REVIEW_REQUIRED,UNKNOWN,UNKNOWN,EVIDENCE_PARTIAL,per-asset source/master;platform and model version;per-asset prompt;input asset rights;commercial account evidence;applicable terms snapshot;creator authorization;license scope;reviewer identity;review date,NO,NO,NO_PENDING_EVIDENCE_RECOVERY,Repository provenance does not establish legal rights.,,,,,,
PHX-VIS-4F795E72AA47,app/assets/images/backgrounds/generated/harbin/central-street/06-after-rain.webp,06-after-rain.webp,WEBP,93430,1600,900,5c5cd741dc41204e2b5f5e4069171bdbc6c54ea0d48e7e6d84e7d32a23c72c8b,62a3d12c7ca3a5a48006c36665554a91ec0da0c3,YES,JourneyBackgroundCatalog / all Journey pages,Ordinary Journey,ordinary:harbin-central-street,NONE,PRIMARY,NO,NO,b4e54cb72d5cdb663d6b767c966ec21016ced048,2026-07-30T07:37:39+07:00,dhv5bnmfmh-cmyk,7eaa823f712251797194e6cb1995c9da79ad988a,NO,app/lib/data/journey_background_generated.dart;worker/scripts/generate_daily_backgrounds.mjs;git:b4e54cb72d5cdb663d6b767c966ec21016ced048,AI_GENERATED_RUNTIME_METADATA,REPOSITORY_PROVENANCE_ONLY,UNKNOWN,UNKNOWN,UNKNOWN,UNKNOWN,PARTIAL_WORKFLOW_ONLY,UNKNOWN,UNKNOWN,UNKNOWN,UNKNOWN,UNKNOWN,UNKNOWN,UNKNOWN,UNKNOWN_REVIEW_REQUIRED,UNKNOWN_REVIEW_REQUIRED,UNKNOWN,UNKNOWN,EVIDENCE_PARTIAL,per-asset source/master;platform and model version;per-asset prompt;input asset rights;commercial account evidence;applicable terms snapshot;creator authorization;license scope;reviewer identity;review date,NO,NO,NO_PENDING_EVIDENCE_RECOVERY,Repository provenance does not establish legal rights.,,,,,,
PHX-VIS-43ECE875FD72,app/assets/images/backgrounds/generated/harbin/central-street/07-traveler-scale.webp,07-traveler-scale.webp,WEBP,82968,1600,900,dc08f5c6ba8efed08f27b43512f14ef5e04611665fe0a9f4b23272969be4c986,70bfbe16ecd903108b453646b47c7f33c6767b2f,YES,JourneyBackgroundCatalog / all Journey pages,Ordinary Journey,ordinary:harbin-central-street,NONE,PRIMARY,NO,NO,b4e54cb72d5cdb663d6b767c966ec21016ced048,2026-07-30T07:37:39+07:00,dhv5bnmfmh-cmyk,7eaa823f712251797194e6cb1995c9da79ad988a,NO,app/lib/data/journey_background_generated.dart;worker/scripts/generate_daily_backgrounds.mjs;git:b4e54cb72d5cdb663d6b767c966ec21016ced048,AI_GENERATED_RUNTIME_METADATA,REPOSITORY_PROVENANCE_ONLY,UNKNOWN,UNKNOWN,UNKNOWN,UNKNOWN,PARTIAL_WORKFLOW_ONLY,UNKNOWN,UNKNOWN,UNKNOWN,UNKNOWN,UNKNOWN,UNKNOWN,UNKNOWN,UNKNOWN_REVIEW_REQUIRED,UNKNOWN_REVIEW_REQUIRED,UNKNOWN,UNKNOWN,EVIDENCE_PARTIAL,per-asset source/master;platform and model version;per-asset prompt;input asset rights;commercial account evidence;applicable terms snapshot;creator authorization;license scope;reviewer identity;review date,NO,NO,NO_PENDING_EVIDENCE_RECOVERY,Repository provenance does not establish legal rights.,,,,,,
PHX-VIS-3A8FC3ABF728,app/assets/images/backgrounds/generated/harbin/central-street/08-golden-hour.webp,08-golden-hour.webp,WEBP,103428,1600,900,c7ffcebd16cbc1b13ffe1867018510d3dda4ea815718850522de403db7b0d1db,4f02d5c3e149b4956e3ffdcd515b5ebe6a16cb94,YES,JourneyBackgroundCatalog / all Journey pages,Ordinary Journey,ordinary:harbin-central-street,NONE,PRIMARY,NO,NO,b4e54cb72d5cdb663d6b767c966ec21016ced048,2026-07-30T07:37:39+07:00,dhv5bnmfmh-cmyk,7eaa823f712251797194e6cb1995c9da79ad988a,NO,app/lib/data/journey_background_generated.dart;worker/scripts/generate_daily_backgrounds.mjs;git:b4e54cb72d5cdb663d6b767c966ec21016ced048,AI_GENERATED_RUNTIME_METADATA,REPOSITORY_PROVENANCE_ONLY,UNKNOWN,UNKNOWN,UNKNOWN,UNKNOWN,PARTIAL_WORKFLOW_ONLY,UNKNOWN,UNKNOWN,UNKNOWN,UNKNOWN,UNKNOWN,UNKNOWN,UNKNOWN,UNKNOWN_REVIEW_REQUIRED,UNKNOWN_REVIEW_REQUIRED,UNKNOWN,UNKNOWN,EVIDENCE_PARTIAL,per-asset source/master;platform and model version;per-asset prompt;input asset rights;commercial account evidence;applicable terms snapshot;creator authorization;license scope;reviewer identity;review date,NO,NO,NO_PENDING_EVIDENCE_RECOVERY,Repository provenance does not establish legal rights.,,,,,,
PHX-VIS-526C57D43BC0,app/assets/images/backgrounds/generated/harbin/central-street/09-blue-hour.webp,09-blue-hour.webp,WEBP,70934,1600,900,f008a1789c442f4b415ec7646e23ee086f473a515d87e46766b6ee6174c35819,755022516d81b84262d230d6b1574cbbf54bab75,YES,JourneyBackgroundCatalog / all Journey pages,Ordinary Journey,ordinary:harbin-central-street,NONE,PRIMARY,NO,NO,b4e54cb72d5cdb663d6b767c966ec21016ced048,2026-07-30T07:37:39+07:00,dhv5bnmfmh-cmyk,7eaa823f712251797194e6cb1995c9da79ad988a,NO,app/lib/data/journey_background_generated.dart;worker/scripts/generate_daily_backgrounds.mjs;git:b4e54cb72d5cdb663d6b767c966ec21016ced048,AI_GENERATED_RUNTIME_METADATA,REPOSITORY_PROVENANCE_ONLY,UNKNOWN,UNKNOWN,UNKNOWN,UNKNOWN,PARTIAL_WORKFLOW_ONLY,UNKNOWN,UNKNOWN,UNKNOWN,UNKNOWN,UNKNOWN,UNKNOWN,UNKNOWN,UNKNOWN_REVIEW_REQUIRED,UNKNOWN_REVIEW_REQUIRED,UNKNOWN,UNKNOWN,EVIDENCE_PARTIAL,per-asset source/master;platform and model version;per-asset prompt;input asset rights;commercial account evidence;applicable terms snapshot;creator authorization;license scope;reviewer identity;review date,NO,NO,NO_PENDING_EVIDENCE_RECOVERY,Repository provenance does not establish legal rights.,,,,,,
PHX-VIS-69E544331C69,app/assets/images/backgrounds/generated/harbin/central-street/10-moonlit-finale.webp,10-moonlit-finale.webp,WEBP,74036,1600,900,644c50cbc69d1c133dbcfa993415f7ecde07d738e2d4635c973ab5670a5136a8,2a45594f2dea44a860a4b48789a4095f3dc8e8d0,YES,JourneyBackgroundCatalog / all Journey pages,Ordinary Journey,ordinary:harbin-central-street,NONE,PRIMARY,NO,NO,b4e54cb72d5cdb663d6b767c966ec21016ced048,2026-07-30T07:37:39+07:00,dhv5bnmfmh-cmyk,7eaa823f712251797194e6cb1995c9da79ad988a,NO,app/lib/data/journey_background_generated.dart;worker/scripts/generate_daily_backgrounds.mjs;git:b4e54cb72d5cdb663d6b767c966ec21016ced048,AI_GENERATED_RUNTIME_METADATA,REPOSITORY_PROVENANCE_ONLY,UNKNOWN,UNKNOWN,UNKNOWN,UNKNOWN,PARTIAL_WORKFLOW_ONLY,UNKNOWN,UNKNOWN,UNKNOWN,UNKNOWN,UNKNOWN,UNKNOWN,UNKNOWN,UNKNOWN_REVIEW_REQUIRED,UNKNOWN_REVIEW_REQUIRED,UNKNOWN,UNKNOWN,EVIDENCE_PARTIAL,per-asset source/master;platform and model version;per-asset prompt;input asset rights;commercial account evidence;applicable terms snapshot;creator authorization;license scope;reviewer identity;review date,NO,NO,NO_PENDING_EVIDENCE_RECOVERY,Repository provenance does not establish legal rights.,,,,,,
PHX-VIS-007FF4F08F18,app/assets/images/backgrounds/generated/honghe/hani-rice-terraces/02-dawn-arrival.webp,02-dawn-arrival.webp,WEBP,56922,1600,900,6e5801015f4eaa175eadc1d87e837e77027d523e8d64cabb434697eaa74f2d8e,111e7634d71d18ca40ffec2ec41a3aff25058a72,YES,JourneyBackgroundCatalog / all Journey pages,Ordinary Journey,ordinary:honghe-hani-rice-terraces,NONE,PRIMARY,NO,NO,e3bbe25b396cb5ed903fdecd7c41ecab823673e7,2026-07-30T07:14:39+07:00,dhv5bnmfmh-cmyk,7eaa823f712251797194e6cb1995c9da79ad988a,NO,app/lib/data/journey_background_generated.dart;worker/scripts/generate_daily_backgrounds.mjs;git:e3bbe25b396cb5ed903fdecd7c41ecab823673e7,AI_GENERATED_RUNTIME_METADATA,REPOSITORY_PROVENANCE_ONLY,UNKNOWN,UNKNOWN,UNKNOWN,UNKNOWN,PARTIAL_WORKFLOW_ONLY,UNKNOWN,UNKNOWN,UNKNOWN,UNKNOWN,UNKNOWN,UNKNOWN,UNKNOWN,UNKNOWN_REVIEW_REQUIRED,UNKNOWN_REVIEW_REQUIRED,UNKNOWN,UNKNOWN,EVIDENCE_PARTIAL,per-asset source/master;platform and model version;per-asset prompt;input asset rights;commercial account evidence;applicable terms snapshot;creator authorization;license scope;reviewer identity;review date,NO,NO,NO_PENDING_EVIDENCE_RECOVERY,Repository provenance does not establish legal rights.,,,,,,
PHX-VIS-407F7A3B51DA,app/assets/images/backgrounds/generated/honghe/hani-rice-terraces/03-clear-morning.webp,03-clear-morning.webp,WEBP,47688,1600,900,1abda620f8f110fd93012db4347bc469a5036e5c9d975ff9c2e5570d19f30bb6,c42c71d859c8668de685847a0b611640b2d002f9,YES,JourneyBackgroundCatalog / all Journey pages,Ordinary Journey,ordinary:honghe-hani-rice-terraces,NONE,PRIMARY,NO,NO,e3bbe25b396cb5ed903fdecd7c41ecab823673e7,2026-07-30T07:14:39+07:00,dhv5bnmfmh-cmyk,7eaa823f712251797194e6cb1995c9da79ad988a,NO,app/lib/data/journey_background_generated.dart;worker/scripts/generate_daily_backgrounds.mjs;git:e3bbe25b396cb5ed903fdecd7c41ecab823673e7,AI_GENERATED_RUNTIME_METADATA,REPOSITORY_PROVENANCE_ONLY,UNKNOWN,UNKNOWN,UNKNOWN,UNKNOWN,PARTIAL_WORKFLOW_ONLY,UNKNOWN,UNKNOWN,UNKNOWN,UNKNOWN,UNKNOWN,UNKNOWN,UNKNOWN,UNKNOWN_REVIEW_REQUIRED,UNKNOWN_REVIEW_REQUIRED,UNKNOWN,UNKNOWN,EVIDENCE_PARTIAL,per-asset source/master;platform and model version;per-asset prompt;input asset rights;commercial account evidence;applicable terms snapshot;creator authorization;license scope;reviewer identity;review date,NO,NO,NO_PENDING_EVIDENCE_RECOVERY,Repository provenance does not establish legal rights.,,,,,,
PHX-VIS-F1720E1CBADF,app/assets/images/backgrounds/generated/honghe/hani-rice-terraces/04-atmospheric-detail.webp,04-atmospheric-detail.webp,WEBP,101012,1600,900,b85d6bbb0b7339ed71ec2107d4546b18f897a824d80ef0e4efefa867afb829f3,b114c1001642ad8cc0a7fb1d53b1b58df2ff8eee,YES,JourneyBackgroundCatalog / all Journey pages,Ordinary Journey,ordinary:honghe-hani-rice-terraces,NONE,PRIMARY,NO,NO,e3bbe25b396cb5ed903fdecd7c41ecab823673e7,2026-07-30T07:14:39+07:00,dhv5bnmfmh-cmyk,7eaa823f712251797194e6cb1995c9da79ad988a,NO,app/lib/data/journey_background_generated.dart;worker/scripts/generate_daily_backgrounds.mjs;git:e3bbe25b396cb5ed903fdecd7c41ecab823673e7,AI_GENERATED_RUNTIME_METADATA,REPOSITORY_PROVENANCE_ONLY,UNKNOWN,UNKNOWN,UNKNOWN,UNKNOWN,PARTIAL_WORKFLOW_ONLY,UNKNOWN,UNKNOWN,UNKNOWN,UNKNOWN,UNKNOWN,UNKNOWN,UNKNOWN,UNKNOWN_REVIEW_REQUIRED,UNKNOWN_REVIEW_REQUIRED,UNKNOWN,UNKNOWN,EVIDENCE_PARTIAL,per-asset source/master;platform and model version;per-asset prompt;input asset rights;commercial account evidence;applicable terms snapshot;creator authorization;license scope;reviewer identity;review date,NO,NO,NO_PENDING_EVIDENCE_RECOVERY,Repository provenance does not establish legal rights.,,,,,,
PHX-VIS-BC27D0851BCE,app/assets/images/backgrounds/generated/honghe/hani-rice-terraces/05-heritage-texture.webp,05-heritage-texture.webp,WEBP,126502,1600,900,9588fbe447dcde57048fd9bb81e67735a11a35a86d250a54165d015475742ee5,32019e0fc51163384fad349c5619af85f934464d,YES,JourneyBackgroundCatalog / all Journey pages,Ordinary Journey,ordinary:honghe-hani-rice-terraces,NONE,PRIMARY,NO,NO,e3bbe25b396cb5ed903fdecd7c41ecab823673e7,2026-07-30T07:14:39+07:00,dhv5bnmfmh-cmyk,7eaa823f712251797194e6cb1995c9da79ad988a,NO,app/lib/data/journey_background_generated.dart;worker/scripts/generate_daily_backgrounds.mjs;git:e3bbe25b396cb5ed903fdecd7c41ecab823673e7,AI_GENERATED_RUNTIME_METADATA,REPOSITORY_PROVENANCE_ONLY,UNKNOWN,UNKNOWN,UNKNOWN,UNKNOWN,PARTIAL_WORKFLOW_ONLY,UNKNOWN,UNKNOWN,UNKNOWN,UNKNOWN,UNKNOWN,UNKNOWN,UNKNOWN,UNKNOWN_REVIEW_REQUIRED,UNKNOWN_REVIEW_REQUIRED,UNKNOWN,UNKNOWN,EVIDENCE_PARTIAL,per-asset source/master;platform and model version;per-asset prompt;input asset rights;commercial account evidence;applicable terms snapshot;creator authorization;license scope;reviewer identity;review date,NO,NO,NO_PENDING_EVIDENCE_RECOVERY,Repository provenance does not establish legal rights.,,,,,,
PHX-VIS-818AF4F79958,app/assets/images/backgrounds/generated/honghe/hani-rice-terraces/06-after-rain.webp,06-after-rain.webp,WEBP,64388,1600,900,cc7f8cfb9ede9880eb2c99fd0a916cd078dfa9f18282bdc9b3a0f2a71a47353c,d4dabdb59f7c4b91b9c27b2095d4f70d3c627cbe,YES,JourneyBackgroundCatalog / all Journey pages,Ordinary Journey,ordinary:honghe-hani-rice-terraces,NONE,PRIMARY,NO,NO,e3bbe25b396cb5ed903fdecd7c41ecab823673e7,2026-07-30T07:14:39+07:00,dhv5bnmfmh-cmyk,7eaa823f712251797194e6cb1995c9da79ad988a,NO,app/lib/data/journey_background_generated.dart;worker/scripts/generate_daily_backgrounds.mjs;git:e3bbe25b396cb5ed903fdecd7c41ecab823673e7,AI_GENERATED_RUNTIME_METADATA,REPOSITORY_PROVENANCE_ONLY,UNKNOWN,UNKNOWN,UNKNOWN,UNKNOWN,PARTIAL_WORKFLOW_ONLY,UNKNOWN,UNKNOWN,UNKNOWN,UNKNOWN,UNKNOWN,UNKNOWN,UNKNOWN,UNKNOWN_REVIEW_REQUIRED,UNKNOWN_REVIEW_REQUIRED,UNKNOWN,UNKNOWN,EVIDENCE_PARTIAL,per-asset source/master;platform and model version;per-asset prompt;input asset rights;commercial account evidence;applicable terms snapshot;creator authorization;license scope;reviewer identity;review date,NO,NO,NO_PENDING_EVIDENCE_RECOVERY,Repository provenance does not establish legal rights.,,,,,,
PHX-VIS-FB3D6304A7F4,app/assets/images/backgrounds/generated/honghe/hani-rice-terraces/07-traveler-scale.webp,07-traveler-scale.webp,WEBP,53724,1600,900,3c52e3b9232098d3b3d4751c3651b2d5b79c60db2fae9cd1af476729be10095e,0ff2a23a5ba9c09be19ac82cc633ebbe4c4399be,YES,JourneyBackgroundCatalog / all Journey pages,Ordinary Journey,ordinary:honghe-hani-rice-terraces,NONE,PRIMARY,NO,NO,e3bbe25b396cb5ed903fdecd7c41ecab823673e7,2026-07-30T07:14:39+07:00,dhv5bnmfmh-cmyk,7eaa823f712251797194e6cb1995c9da79ad988a,NO,app/lib/data/journey_background_generated.dart;worker/scripts/generate_daily_backgrounds.mjs;git:e3bbe25b396cb5ed903fdecd7c41ecab823673e7,AI_GENERATED_RUNTIME_METADATA,REPOSITORY_PROVENANCE_ONLY,UNKNOWN,UNKNOWN,UNKNOWN,UNKNOWN,PARTIAL_WORKFLOW_ONLY,UNKNOWN,UNKNOWN,UNKNOWN,UNKNOWN,UNKNOWN,UNKNOWN,UNKNOWN,UNKNOWN_REVIEW_REQUIRED,UNKNOWN_REVIEW_REQUIRED,UNKNOWN,UNKNOWN,EVIDENCE_PARTIAL,per-asset source/master;platform and model version;per-asset prompt;input asset rights;commercial account evidence;applicable terms snapshot;creator authorization;license scope;reviewer identity;review date,NO,NO,NO_PENDING_EVIDENCE_RECOVERY,Repository provenance does not establish legal rights.,,,,,,
PHX-VIS-A10426E9B8FF,app/assets/images/backgrounds/generated/honghe/hani-rice-terraces/08-golden-hour.webp,08-golden-hour.webp,WEBP,65192,1600,900,efaf1d9af8f6c70c2c3eb068154f109e1e252496f073f6e2fa73e5498034c56e,4d5bc5fe3f4f8f7c670f0322bc08ca1470653c6f,YES,JourneyBackgroundCatalog / all Journey pages,Ordinary Journey,ordinary:honghe-hani-rice-terraces,NONE,PRIMARY,NO,NO,e3bbe25b396cb5ed903fdecd7c41ecab823673e7,2026-07-30T07:14:39+07:00,dhv5bnmfmh-cmyk,7eaa823f712251797194e6cb1995c9da79ad988a,NO,app/lib/data/journey_background_generated.dart;worker/scripts/generate_daily_backgrounds.mjs;git:e3bbe25b396cb5ed903fdecd7c41ecab823673e7,AI_GENERATED_RUNTIME_METADATA,REPOSITORY_PROVENANCE_ONLY,UNKNOWN,UNKNOWN,UNKNOWN,UNKNOWN,PARTIAL_WORKFLOW_ONLY,UNKNOWN,UNKNOWN,UNKNOWN,UNKNOWN,UNKNOWN,UNKNOWN,UNKNOWN,UNKNOWN_REVIEW_REQUIRED,UNKNOWN_REVIEW_REQUIRED,UNKNOWN,UNKNOWN,EVIDENCE_PARTIAL,per-asset source/master;platform and model version;per-asset prompt;input asset rights;commercial account evidence;applicable terms snapshot;creator authorization;license scope;reviewer identity;review date,NO,NO,NO_PENDING_EVIDENCE_RECOVERY,Repository provenance does not establish legal rights.,,,,,,
PHX-VIS-1A451CACEB09,app/assets/images/backgrounds/generated/honghe/hani-rice-terraces/09-blue-hour.webp,09-blue-hour.webp,WEBP,46966,1600,900,ddd372bf8ec3e4e177f2c0ff9df51cdaad836205c521d5533d62437b2a06da50,f42630dcf330198f5e67db8bc22cb6036f6ddb96,YES,JourneyBackgroundCatalog / all Journey pages,Ordinary Journey,ordinary:honghe-hani-rice-terraces,NONE,PRIMARY,NO,NO,e3bbe25b396cb5ed903fdecd7c41ecab823673e7,2026-07-30T07:14:39+07:00,dhv5bnmfmh-cmyk,7eaa823f712251797194e6cb1995c9da79ad988a,NO,app/lib/data/journey_background_generated.dart;worker/scripts/generate_daily_backgrounds.mjs;git:e3bbe25b396cb5ed903fdecd7c41ecab823673e7,AI_GENERATED_RUNTIME_METADATA,REPOSITORY_PROVENANCE_ONLY,UNKNOWN,UNKNOWN,UNKNOWN,UNKNOWN,PARTIAL_WORKFLOW_ONLY,UNKNOWN,UNKNOWN,UNKNOWN,UNKNOWN,UNKNOWN,UNKNOWN,UNKNOWN,UNKNOWN_REVIEW_REQUIRED,UNKNOWN_REVIEW_REQUIRED,UNKNOWN,UNKNOWN,EVIDENCE_PARTIAL,per-asset source/master;platform and model version;per-asset prompt;input asset rights;commercial account evidence;applicable terms snapshot;creator authorization;license scope;reviewer identity;review date,NO,NO,NO_PENDING_EVIDENCE_RECOVERY,Repository provenance does not establish legal rights.,,,,,,
PHX-VIS-E0551C10B2AF,app/assets/images/backgrounds/generated/honghe/hani-rice-terraces/10-moonlit-finale.webp,10-moonlit-finale.webp,WEBP,37174,1600,900,49caf69a84c5c868498105ad228be1a800a414fea0e7cf23af72389e7a3b0b57,3ef6d0459a43f3b290643509d8d5b8c3ee41efc4,YES,JourneyBackgroundCatalog / all Journey pages,Ordinary Journey,ordinary:honghe-hani-rice-terraces,NONE,PRIMARY,NO,NO,e3bbe25b396cb5ed903fdecd7c41ecab823673e7,2026-07-30T07:14:39+07:00,dhv5bnmfmh-cmyk,7eaa823f712251797194e6cb1995c9da79ad988a,NO,app/lib/data/journey_background_generated.dart;worker/scripts/generate_daily_backgrounds.mjs;git:e3bbe25b396cb5ed903fdecd7c41ecab823673e7,AI_GENERATED_RUNTIME_METADATA,REPOSITORY_PROVENANCE_ONLY,UNKNOWN,UNKNOWN,UNKNOWN,UNKNOWN,PARTIAL_WORKFLOW_ONLY,UNKNOWN,UNKNOWN,UNKNOWN,UNKNOWN,UNKNOWN,UNKNOWN,UNKNOWN,UNKNOWN_REVIEW_REQUIRED,UNKNOWN_REVIEW_REQUIRED,UNKNOWN,UNKNOWN,EVIDENCE_PARTIAL,per-asset source/master;platform and model version;per-asset prompt;input asset rights;commercial account evidence;applicable terms snapshot;creator authorization;license scope;reviewer identity;review date,NO,NO,NO_PENDING_EVIDENCE_RECOVERY,Repository provenance does not establish legal rights.,,,,,,
PHX-VIS-01504D4DE7C1,app/assets/images/backgrounds/generated/honghe/hani-rice-terraces/honghe-hani-terraces-v1.webp,honghe-hani-terraces-v1.webp,WEBP,248144,941,1672,80b6281125751b16bc36657a0a3933362898f03eac9124c1609e5eac17077839,b3d97eab40413c24edac5916fdbb95dd2aca0239,YES,JourneyBackgroundCatalog / all Journey pages,Ordinary Journey,ordinary:honghe-hani-rice-terraces,NONE,PRIMARY,NO,NO,5cbfc514371acd5e84db03c06de78aaf6b961e68,2026-07-29T22:43:27+07:00,dhv5bnmfmh-cmyk,7eaa823f712251797194e6cb1995c9da79ad988a,NO,app/lib/data/journey_background_generated.dart;worker/scripts/generate_daily_backgrounds.mjs;git:5cbfc514371acd5e84db03c06de78aaf6b961e68,AI_GENERATED_RUNTIME_METADATA,REPOSITORY_PROVENANCE_ONLY,UNKNOWN,UNKNOWN,UNKNOWN,UNKNOWN,PARTIAL_WORKFLOW_ONLY,UNKNOWN,UNKNOWN,UNKNOWN,UNKNOWN,UNKNOWN,UNKNOWN,UNKNOWN,UNKNOWN_REVIEW_REQUIRED,UNKNOWN_REVIEW_REQUIRED,UNKNOWN,UNKNOWN,EVIDENCE_PARTIAL,per-asset source/master;platform and model version;per-asset prompt;input asset rights;commercial account evidence;applicable terms snapshot;creator authorization;license scope;reviewer identity;review date,NO,NO,NO_PENDING_EVIDENCE_RECOVERY,Repository provenance does not establish legal rights.,,,,,,
PHX-VIS-20E36B8DE5E1,app/assets/images/backgrounds/generated/huangshan/cloud-peaks/01-pre-dawn.webp,01-pre-dawn.webp,WEBP,18926,1600,900,ee84888aad9feaf431b4077b13ab78e869c656b07eafe2000d8fa0752288e81a,1256729052f021a0eef95138d20e634b69189cac,YES,JourneyBackgroundCatalog / all Journey pages,Ordinary Journey,ordinary:huangshan-cloud-peaks,NONE,PRIMARY,NO,NO,b4e54cb72d5cdb663d6b767c966ec21016ced048,2026-07-30T07:37:39+07:00,dhv5bnmfmh-cmyk,7eaa823f712251797194e6cb1995c9da79ad988a,NO,app/lib/data/journey_background_generated.dart;worker/scripts/generate_daily_backgrounds.mjs;git:b4e54cb72d5cdb663d6b767c966ec21016ced048,AI_GENERATED_RUNTIME_METADATA,REPOSITORY_PROVENANCE_ONLY,UNKNOWN,UNKNOWN,UNKNOWN,UNKNOWN,PARTIAL_WORKFLOW_ONLY,UNKNOWN,UNKNOWN,UNKNOWN,UNKNOWN,UNKNOWN,UNKNOWN,UNKNOWN,UNKNOWN_REVIEW_REQUIRED,UNKNOWN_REVIEW_REQUIRED,UNKNOWN,UNKNOWN,EVIDENCE_PARTIAL,per-asset source/master;platform and model version;per-asset prompt;input asset rights;commercial account evidence;applicable terms snapshot;creator authorization;license scope;reviewer identity;review date,NO,NO,NO_PENDING_EVIDENCE_RECOVERY,Repository provenance does not establish legal rights.,,,,,,
PHX-VIS-4925D66B5E62,app/assets/images/backgrounds/generated/huangshan/cloud-peaks/02-sunrise.webp,02-sunrise.webp,WEBP,37354,1600,900,8cc3b823eeedce31cb9ef21c9bb15eb9eb314bac8a7c117bebbb472dd13d5e6a,360ed6dd89e0bf1e87c5870250d0a99b6a405aad,YES,JourneyBackgroundCatalog / all Journey pages,Ordinary Journey,ordinary:huangshan-cloud-peaks,NONE,PRIMARY,NO,NO,b4e54cb72d5cdb663d6b767c966ec21016ced048,2026-07-30T07:37:39+07:00,dhv5bnmfmh-cmyk,7eaa823f712251797194e6cb1995c9da79ad988a,NO,app/lib/data/journey_background_generated.dart;worker/scripts/generate_daily_backgrounds.mjs;git:b4e54cb72d5cdb663d6b767c966ec21016ced048,AI_GENERATED_RUNTIME_METADATA,REPOSITORY_PROVENANCE_ONLY,UNKNOWN,UNKNOWN,UNKNOWN,UNKNOWN,PARTIAL_WORKFLOW_ONLY,UNKNOWN,UNKNOWN,UNKNOWN,UNKNOWN,UNKNOWN,UNKNOWN,UNKNOWN,UNKNOWN_REVIEW_REQUIRED,UNKNOWN_REVIEW_REQUIRED,UNKNOWN,UNKNOWN,EVIDENCE_PARTIAL,per-asset source/master;platform and model version;per-asset prompt;input asset rights;commercial account evidence;applicable terms snapshot;creator authorization;license scope;reviewer identity;review date,NO,NO,NO_PENDING_EVIDENCE_RECOVERY,Repository provenance does not establish legal rights.,,,,,,
PHX-VIS-B42FFCA5D8FA,app/assets/images/backgrounds/generated/huangshan/cloud-peaks/03-clear-morning.webp,03-clear-morning.webp,WEBP,84940,1600,900,f7bf6835f753e9390673a890f1df5f208b5ac1f416d0e725afbb23c08d60a38a,446da7ae4262ca38422a965b3ceff2c07c21d1b7,YES,JourneyBackgroundCatalog / all Journey pages,Ordinary Journey,ordinary:huangshan-cloud-peaks,NONE,PRIMARY,NO,NO,b4e54cb72d5cdb663d6b767c966ec21016ced048,2026-07-30T07:37:39+07:00,dhv5bnmfmh-cmyk,7eaa823f712251797194e6cb1995c9da79ad988a,NO,app/lib/data/journey_background_generated.dart;worker/scripts/generate_daily_backgrounds.mjs;git:b4e54cb72d5cdb663d6b767c966ec21016ced048,AI_GENERATED_RUNTIME_METADATA,REPOSITORY_PROVENANCE_ONLY,UNKNOWN,UNKNOWN,UNKNOWN,UNKNOWN,PARTIAL_WORKFLOW_ONLY,UNKNOWN,UNKNOWN,UNKNOWN,UNKNOWN,UNKNOWN,UNKNOWN,UNKNOWN,UNKNOWN_REVIEW_REQUIRED,UNKNOWN_REVIEW_REQUIRED,UNKNOWN,UNKNOWN,EVIDENCE_PARTIAL,per-asset source/master;platform and model version;per-asset prompt;input asset rights;commercial account evidence;applicable terms snapshot;creator authorization;license scope;reviewer identity;review date,NO,NO,NO_PENDING_EVIDENCE_RECOVERY,Repository provenance does not establish legal rights.,,,,,,
PHX-VIS-5D93BB68519F,app/assets/images/backgrounds/generated/huangshan/cloud-peaks/04-heritage-detail.webp,04-heritage-detail.webp,WEBP,83108,1600,900,d1015ba0713f8ecabe1912ca9a0343ade6e66d75415124a6ba4ec1c9f8e3664c,beb71fbb5bfd6de3dbcb3445fe2b76beb7419b1f,YES,JourneyBackgroundCatalog / all Journey pages,Ordinary Journey,ordinary:huangshan-cloud-peaks,NONE,PRIMARY,NO,NO,b4e54cb72d5cdb663d6b767c966ec21016ced048,2026-07-30T07:37:39+07:00,dhv5bnmfmh-cmyk,7eaa823f712251797194e6cb1995c9da79ad988a,NO,app/lib/data/journey_background_generated.dart;worker/scripts/generate_daily_backgrounds.mjs;git:b4e54cb72d5cdb663d6b767c966ec21016ced048,AI_GENERATED_RUNTIME_METADATA,REPOSITORY_PROVENANCE_ONLY,UNKNOWN,UNKNOWN,UNKNOWN,UNKNOWN,PARTIAL_WORKFLOW_ONLY,UNKNOWN,UNKNOWN,UNKNOWN,UNKNOWN,UNKNOWN,UNKNOWN,UNKNOWN,UNKNOWN_REVIEW_REQUIRED,UNKNOWN_REVIEW_REQUIRED,UNKNOWN,UNKNOWN,EVIDENCE_PARTIAL,per-asset source/master;platform and model version;per-asset prompt;input asset rights;commercial account evidence;applicable terms snapshot;creator authorization;license scope;reviewer identity;review date,NO,NO,NO_PENDING_EVIDENCE_RECOVERY,Repository provenance does not establish legal rights.,,,,,,
PHX-VIS-C5B0ABA17361,app/assets/images/backgrounds/generated/huangshan/cloud-peaks/05-layered-landscape.webp,05-layered-landscape.webp,WEBP,69346,1600,900,df78841cfe8f62f03db64a767e0bcacd7ff5ffa9a2b44e9ac4407ab210de0caf,6022bfdd1a565e081a993065755fc51fad7c4569,YES,JourneyBackgroundCatalog / all Journey pages,Ordinary Journey,ordinary:huangshan-cloud-peaks,NONE,PRIMARY,NO,NO,b4e54cb72d5cdb663d6b767c966ec21016ced048,2026-07-30T07:37:39+07:00,dhv5bnmfmh-cmyk,7eaa823f712251797194e6cb1995c9da79ad988a,NO,app/lib/data/journey_background_generated.dart;worker/scripts/generate_daily_backgrounds.mjs;git:b4e54cb72d5cdb663d6b767c966ec21016ced048,AI_GENERATED_RUNTIME_METADATA,REPOSITORY_PROVENANCE_ONLY,UNKNOWN,UNKNOWN,UNKNOWN,UNKNOWN,PARTIAL_WORKFLOW_ONLY,UNKNOWN,UNKNOWN,UNKNOWN,UNKNOWN,UNKNOWN,UNKNOWN,UNKNOWN,UNKNOWN_REVIEW_REQUIRED,UNKNOWN_REVIEW_REQUIRED,UNKNOWN,UNKNOWN,EVIDENCE_PARTIAL,per-asset source/master;platform and model version;per-asset prompt;input asset rights;commercial account evidence;applicable terms snapshot;creator authorization;license scope;reviewer identity;review date,NO,NO,NO_PENDING_EVIDENCE_RECOVERY,Repository provenance does not establish legal rights.,,,,,,
PHX-VIS-BB5F7456652F,app/assets/images/backgrounds/generated/huangshan/cloud-peaks/06-after-rain.webp,06-after-rain.webp,WEBP,39674,1600,900,8bf7665ed1cb5e0b86666337cfb9e5a8011efc35d8e20327fd60200a56223648,6d0825e8bf546af3543fc180894c80a354b81a3c,YES,JourneyBackgroundCatalog / all Journey pages,Ordinary Journey,ordinary:huangshan-cloud-peaks,NONE,PRIMARY,NO,NO,b4e54cb72d5cdb663d6b767c966ec21016ced048,2026-07-30T07:37:39+07:00,dhv5bnmfmh-cmyk,7eaa823f712251797194e6cb1995c9da79ad988a,NO,app/lib/data/journey_background_generated.dart;worker/scripts/generate_daily_backgrounds.mjs;git:b4e54cb72d5cdb663d6b767c966ec21016ced048,AI_GENERATED_RUNTIME_METADATA,REPOSITORY_PROVENANCE_ONLY,UNKNOWN,UNKNOWN,UNKNOWN,UNKNOWN,PARTIAL_WORKFLOW_ONLY,UNKNOWN,UNKNOWN,UNKNOWN,UNKNOWN,UNKNOWN,UNKNOWN,UNKNOWN,UNKNOWN_REVIEW_REQUIRED,UNKNOWN_REVIEW_REQUIRED,UNKNOWN,UNKNOWN,EVIDENCE_PARTIAL,per-asset source/master;platform and model version;per-asset prompt;input asset rights;commercial account evidence;applicable terms snapshot;creator authorization;license scope;reviewer identity;review date,NO,NO,NO_PENDING_EVIDENCE_RECOVERY,Repository provenance does not establish legal rights.,,,,,,
PHX-VIS-27FC5B252CF5,app/assets/images/backgrounds/generated/huangshan/cloud-peaks/07-traveler-scale.webp,07-traveler-scale.webp,WEBP,44664,1600,900,5684085b0ff2cb45cd37f66a64019fc217111f03d128430c7a0bfd9b6b914191,34ee5be014464dd90c9f669fb7c1aadcb0193839,YES,JourneyBackgroundCatalog / all Journey pages,Ordinary Journey,ordinary:huangshan-cloud-peaks,NONE,PRIMARY,NO,NO,b4e54cb72d5cdb663d6b767c966ec21016ced048,2026-07-30T07:37:39+07:00,dhv5bnmfmh-cmyk,7eaa823f712251797194e6cb1995c9da79ad988a,NO,app/lib/data/journey_background_generated.dart;worker/scripts/generate_daily_backgrounds.mjs;git:b4e54cb72d5cdb663d6b767c966ec21016ced048,AI_GENERATED_RUNTIME_METADATA,REPOSITORY_PROVENANCE_ONLY,UNKNOWN,UNKNOWN,UNKNOWN,UNKNOWN,PARTIAL_WORKFLOW_ONLY,UNKNOWN,UNKNOWN,UNKNOWN,UNKNOWN,UNKNOWN,UNKNOWN,UNKNOWN,UNKNOWN_REVIEW_REQUIRED,UNKNOWN_REVIEW_REQUIRED,UNKNOWN,UNKNOWN,EVIDENCE_PARTIAL,per-asset source/master;platform and model version;per-asset prompt;input asset rights;commercial account evidence;applicable terms snapshot;creator authorization;license scope;reviewer identity;review date,NO,NO,NO_PENDING_EVIDENCE_RECOVERY,Repository provenance does not establish legal rights.,,,,,,
PHX-VIS-25354AD71C66,app/assets/images/backgrounds/generated/huangshan/cloud-peaks/08-golden-hour.webp,08-golden-hour.webp,WEBP,50250,1600,900,30e9dbbaefaf5e9d2c4690b74c90056bc4abdc06af94e2e95ef7c9f5de74f085,4e21b2e15c021b30085566c49380dee58ce78a8d,YES,JourneyBackgroundCatalog / all Journey pages,Ordinary Journey,ordinary:huangshan-cloud-peaks,NONE,PRIMARY,NO,NO,b4e54cb72d5cdb663d6b767c966ec21016ced048,2026-07-30T07:37:39+07:00,dhv5bnmfmh-cmyk,7eaa823f712251797194e6cb1995c9da79ad988a,NO,app/lib/data/journey_background_generated.dart;worker/scripts/generate_daily_backgrounds.mjs;git:b4e54cb72d5cdb663d6b767c966ec21016ced048,AI_GENERATED_RUNTIME_METADATA,REPOSITORY_PROVENANCE_ONLY,UNKNOWN,UNKNOWN,UNKNOWN,UNKNOWN,PARTIAL_WORKFLOW_ONLY,UNKNOWN,UNKNOWN,UNKNOWN,UNKNOWN,UNKNOWN,UNKNOWN,UNKNOWN,UNKNOWN_REVIEW_REQUIRED,UNKNOWN_REVIEW_REQUIRED,UNKNOWN,UNKNOWN,EVIDENCE_PARTIAL,per-asset source/master;platform and model version;per-asset prompt;input asset rights;commercial account evidence;applicable terms snapshot;creator authorization;license scope;reviewer identity;review date,NO,NO,NO_PENDING_EVIDENCE_RECOVERY,Repository provenance does not establish legal rights.,,,,,,
PHX-VIS-CBBBD6CEE696,app/assets/images/backgrounds/generated/huangshan/cloud-peaks/09-blue-hour.webp,09-blue-hour.webp,WEBP,37934,1600,900,44fc8b49721dbf364b8e2cddc22e4189ae6ff3243f907ac9cb8da3430059d15b,53cc560234013d46eee6789732db21850e067517,YES,JourneyBackgroundCatalog / all Journey pages,Ordinary Journey,ordinary:huangshan-cloud-peaks,NONE,PRIMARY,NO,NO,b4e54cb72d5cdb663d6b767c966ec21016ced048,2026-07-30T07:37:39+07:00,dhv5bnmfmh-cmyk,7eaa823f712251797194e6cb1995c9da79ad988a,NO,app/lib/data/journey_background_generated.dart;worker/scripts/generate_daily_backgrounds.mjs;git:b4e54cb72d5cdb663d6b767c966ec21016ced048,AI_GENERATED_RUNTIME_METADATA,REPOSITORY_PROVENANCE_ONLY,UNKNOWN,UNKNOWN,UNKNOWN,UNKNOWN,PARTIAL_WORKFLOW_ONLY,UNKNOWN,UNKNOWN,UNKNOWN,UNKNOWN,UNKNOWN,UNKNOWN,UNKNOWN,UNKNOWN_REVIEW_REQUIRED,UNKNOWN_REVIEW_REQUIRED,UNKNOWN,UNKNOWN,EVIDENCE_PARTIAL,per-asset source/master;platform and model version;per-asset prompt;input asset rights;commercial account evidence;applicable terms snapshot;creator authorization;license scope;reviewer identity;review date,NO,NO,NO_PENDING_EVIDENCE_RECOVERY,Repository provenance does not establish legal rights.,,,,,,
PHX-VIS-7FB8B2B2EEB9,app/assets/images/backgrounds/generated/huangshan/cloud-peaks/10-moonlit-finale.webp,10-moonlit-finale.webp,WEBP,34542,1600,900,d8c9d2e7c4e35a1d1ef91bf02c934bcd80e2aa8960824bc8d781ac3bcda080ee,8b59a43ec0d169909353bd90514ffa3540181787,YES,JourneyBackgroundCatalog / all Journey pages,Ordinary Journey,ordinary:huangshan-cloud-peaks,NONE,PRIMARY,NO,NO,b4e54cb72d5cdb663d6b767c966ec21016ced048,2026-07-30T07:37:39+07:00,dhv5bnmfmh-cmyk,7eaa823f712251797194e6cb1995c9da79ad988a,NO,app/lib/data/journey_background_generated.dart;worker/scripts/generate_daily_backgrounds.mjs;git:b4e54cb72d5cdb663d6b767c966ec21016ced048,AI_GENERATED_RUNTIME_METADATA,REPOSITORY_PROVENANCE_ONLY,UNKNOWN,UNKNOWN,UNKNOWN,UNKNOWN,PARTIAL_WORKFLOW_ONLY,UNKNOWN,UNKNOWN,UNKNOWN,UNKNOWN,UNKNOWN,UNKNOWN,UNKNOWN,UNKNOWN_REVIEW_REQUIRED,UNKNOWN_REVIEW_REQUIRED,UNKNOWN,UNKNOWN,EVIDENCE_PARTIAL,per-asset source/master;platform and model version;per-asset prompt;input asset rights;commercial account evidence;applicable terms snapshot;creator authorization;license scope;reviewer identity;review date,NO,NO,NO_PENDING_EVIDENCE_RECOVERY,Repository provenance does not establish legal rights.,,,,,,
PHX-VIS-34CF0F56FE00,app/assets/images/backgrounds/generated/jiangmen/kaiping-diaolou/02-dawn-arrival.webp,02-dawn-arrival.webp,WEBP,25844,1600,900,e7dc5b301f8a9c15bcf4668d3ec368d3332f3a002060979ab7d3b5ff96c2cd15,339a204e1b59e272d784bed8f12d2f608cce80ed,YES,JourneyBackgroundCatalog / all Journey pages,Ordinary Journey,ordinary:jiangmen-kaiping-diaolou,NONE,PRIMARY,NO,NO,8b49de6784cc03972305a55d0e47ddbf2df94daa,2026-07-30T06:35:58+07:00,dhv5bnmfmh-cmyk,7eaa823f712251797194e6cb1995c9da79ad988a,NO,app/lib/data/journey_background_generated.dart;worker/scripts/generate_daily_backgrounds.mjs;git:8b49de6784cc03972305a55d0e47ddbf2df94daa,AI_GENERATED_RUNTIME_METADATA,REPOSITORY_PROVENANCE_ONLY,UNKNOWN,UNKNOWN,UNKNOWN,UNKNOWN,PARTIAL_WORKFLOW_ONLY,UNKNOWN,UNKNOWN,UNKNOWN,UNKNOWN,UNKNOWN,UNKNOWN,UNKNOWN,UNKNOWN_REVIEW_REQUIRED,UNKNOWN_REVIEW_REQUIRED,UNKNOWN,UNKNOWN,EVIDENCE_PARTIAL,per-asset source/master;platform and model version;per-asset prompt;input asset rights;commercial account evidence;applicable terms snapshot;creator authorization;license scope;reviewer identity;review date,NO,NO,NO_PENDING_EVIDENCE_RECOVERY,Repository provenance does not establish legal rights.,,,,,,
PHX-VIS-C57FE31C4C5A,app/assets/images/backgrounds/generated/jiangmen/kaiping-diaolou/03-clear-morning.webp,03-clear-morning.webp,WEBP,89894,1600,900,89e6532f7484a70c8e909ecf5a7710979f7a9ac2d2a9358744a2b31f099e823c,dbbbcaaa3ac58d3c6c91e6a3523cfdbe37411b9e,YES,JourneyBackgroundCatalog / all Journey pages,Ordinary Journey,ordinary:jiangmen-kaiping-diaolou,NONE,PRIMARY,NO,NO,8b49de6784cc03972305a55d0e47ddbf2df94daa,2026-07-30T06:35:58+07:00,dhv5bnmfmh-cmyk,7eaa823f712251797194e6cb1995c9da79ad988a,NO,app/lib/data/journey_background_generated.dart;worker/scripts/generate_daily_backgrounds.mjs;git:8b49de6784cc03972305a55d0e47ddbf2df94daa,AI_GENERATED_RUNTIME_METADATA,REPOSITORY_PROVENANCE_ONLY,UNKNOWN,UNKNOWN,UNKNOWN,UNKNOWN,PARTIAL_WORKFLOW_ONLY,UNKNOWN,UNKNOWN,UNKNOWN,UNKNOWN,UNKNOWN,UNKNOWN,UNKNOWN,UNKNOWN_REVIEW_REQUIRED,UNKNOWN_REVIEW_REQUIRED,UNKNOWN,UNKNOWN,EVIDENCE_PARTIAL,per-asset source/master;platform and model version;per-asset prompt;input asset rights;commercial account evidence;applicable terms snapshot;creator authorization;license scope;reviewer identity;review date,NO,NO,NO_PENDING_EVIDENCE_RECOVERY,Repository provenance does not establish legal rights.,,,,,,
PHX-VIS-5E91DB2E1ACE,app/assets/images/backgrounds/generated/jiangmen/kaiping-diaolou/04-atmospheric-detail.webp,04-atmospheric-detail.webp,WEBP,104028,1600,900,0a9a64359c78eaf082ca0fb0e5866288161f7f50a5ae8ff03534ca4d1d6092a5,35b97ca7a7d9b3a6ae4f26610038bab5b406b5a0,YES,JourneyBackgroundCatalog / all Journey pages,Ordinary Journey,ordinary:jiangmen-kaiping-diaolou,NONE,PRIMARY,NO,NO,8b49de6784cc03972305a55d0e47ddbf2df94daa,2026-07-30T06:35:58+07:00,dhv5bnmfmh-cmyk,7eaa823f712251797194e6cb1995c9da79ad988a,NO,app/lib/data/journey_background_generated.dart;worker/scripts/generate_daily_backgrounds.mjs;git:8b49de6784cc03972305a55d0e47ddbf2df94daa,AI_GENERATED_RUNTIME_METADATA,REPOSITORY_PROVENANCE_ONLY,UNKNOWN,UNKNOWN,UNKNOWN,UNKNOWN,PARTIAL_WORKFLOW_ONLY,UNKNOWN,UNKNOWN,UNKNOWN,UNKNOWN,UNKNOWN,UNKNOWN,UNKNOWN,UNKNOWN_REVIEW_REQUIRED,UNKNOWN_REVIEW_REQUIRED,UNKNOWN,UNKNOWN,EVIDENCE_PARTIAL,per-asset source/master;platform and model version;per-asset prompt;input asset rights;commercial account evidence;applicable terms snapshot;creator authorization;license scope;reviewer identity;review date,NO,NO,NO_PENDING_EVIDENCE_RECOVERY,Repository provenance does not establish legal rights.,,,,,,
PHX-VIS-23FB261F5CD4,app/assets/images/backgrounds/generated/jiangmen/kaiping-diaolou/05-heritage-texture.webp,05-heritage-texture.webp,WEBP,102872,1600,900,4b053c1a12136cbd0e5cf4c31fa26755302eb58a918ed0d67549c75a8b32bbee,ead165d3f3320b9cbf6b6a5cbefbc5c4d8a63633,YES,JourneyBackgroundCatalog / all Journey pages,Ordinary Journey,ordinary:jiangmen-kaiping-diaolou,NONE,PRIMARY,NO,NO,8b49de6784cc03972305a55d0e47ddbf2df94daa,2026-07-30T06:35:58+07:00,dhv5bnmfmh-cmyk,7eaa823f712251797194e6cb1995c9da79ad988a,NO,app/lib/data/journey_background_generated.dart;worker/scripts/generate_daily_backgrounds.mjs;git:8b49de6784cc03972305a55d0e47ddbf2df94daa,AI_GENERATED_RUNTIME_METADATA,REPOSITORY_PROVENANCE_ONLY,UNKNOWN,UNKNOWN,UNKNOWN,UNKNOWN,PARTIAL_WORKFLOW_ONLY,UNKNOWN,UNKNOWN,UNKNOWN,UNKNOWN,UNKNOWN,UNKNOWN,UNKNOWN,UNKNOWN_REVIEW_REQUIRED,UNKNOWN_REVIEW_REQUIRED,UNKNOWN,UNKNOWN,EVIDENCE_PARTIAL,per-asset source/master;platform and model version;per-asset prompt;input asset rights;commercial account evidence;applicable terms snapshot;creator authorization;license scope;reviewer identity;review date,NO,NO,NO_PENDING_EVIDENCE_RECOVERY,Repository provenance does not establish legal rights.,,,,,,
PHX-VIS-5A0E8CF2516B,app/assets/images/backgrounds/generated/jiangmen/kaiping-diaolou/06-after-rain.webp,06-after-rain.webp,WEBP,43524,1600,900,15d8aaae34cc3c86fd0dc78cdb5b76c4fa70ff7b6c7393eb554dfd6bf95ecbfb,494fb68282b5bbb47d7a9520c91923373f3c5474,YES,JourneyBackgroundCatalog / all Journey pages,Ordinary Journey,ordinary:jiangmen-kaiping-diaolou,NONE,PRIMARY,NO,NO,8b49de6784cc03972305a55d0e47ddbf2df94daa,2026-07-30T06:35:58+07:00,dhv5bnmfmh-cmyk,7eaa823f712251797194e6cb1995c9da79ad988a,NO,app/lib/data/journey_background_generated.dart;worker/scripts/generate_daily_backgrounds.mjs;git:8b49de6784cc03972305a55d0e47ddbf2df94daa,AI_GENERATED_RUNTIME_METADATA,REPOSITORY_PROVENANCE_ONLY,UNKNOWN,UNKNOWN,UNKNOWN,UNKNOWN,PARTIAL_WORKFLOW_ONLY,UNKNOWN,UNKNOWN,UNKNOWN,UNKNOWN,UNKNOWN,UNKNOWN,UNKNOWN,UNKNOWN_REVIEW_REQUIRED,UNKNOWN_REVIEW_REQUIRED,UNKNOWN,UNKNOWN,EVIDENCE_PARTIAL,per-asset source/master;platform and model version;per-asset prompt;input asset rights;commercial account evidence;applicable terms snapshot;creator authorization;license scope;reviewer identity;review date,NO,NO,NO_PENDING_EVIDENCE_RECOVERY,Repository provenance does not establish legal rights.,,,,,,
PHX-VIS-10F65033664F,app/assets/images/backgrounds/generated/jiangmen/kaiping-diaolou/07-traveler-scale.webp,07-traveler-scale.webp,WEBP,76490,1600,900,12bdd9e1e70c788286fac097efc19ecfd78defb00d5c3fbda03d68ec90ba128b,252b29af40fec9af85cbcf5c256fbc14e7102ab1,YES,JourneyBackgroundCatalog / all Journey pages,Ordinary Journey,ordinary:jiangmen-kaiping-diaolou,NONE,PRIMARY,NO,NO,8b49de6784cc03972305a55d0e47ddbf2df94daa,2026-07-30T06:35:58+07:00,dhv5bnmfmh-cmyk,7eaa823f712251797194e6cb1995c9da79ad988a,NO,app/lib/data/journey_background_generated.dart;worker/scripts/generate_daily_backgrounds.mjs;git:8b49de6784cc03972305a55d0e47ddbf2df94daa,AI_GENERATED_RUNTIME_METADATA,REPOSITORY_PROVENANCE_ONLY,UNKNOWN,UNKNOWN,UNKNOWN,UNKNOWN,PARTIAL_WORKFLOW_ONLY,UNKNOWN,UNKNOWN,UNKNOWN,UNKNOWN,UNKNOWN,UNKNOWN,UNKNOWN,UNKNOWN_REVIEW_REQUIRED,UNKNOWN_REVIEW_REQUIRED,UNKNOWN,UNKNOWN,EVIDENCE_PARTIAL,per-asset source/master;platform and model version;per-asset prompt;input asset rights;commercial account evidence;applicable terms snapshot;creator authorization;license scope;reviewer identity;review date,NO,NO,NO_PENDING_EVIDENCE_RECOVERY,Repository provenance does not establish legal rights.,,,,,,
PHX-VIS-25AC3A018D38,app/assets/images/backgrounds/generated/jiangmen/kaiping-diaolou/08-golden-hour.webp,08-golden-hour.webp,WEBP,41586,1600,900,81610189aec44dc057d2d18c4ab1d0220c144bb1581e5ef5973ed1d507015569,121e7ecd7bbe2a67c420e5eaa0d4ac74cffa33bf,YES,JourneyBackgroundCatalog / all Journey pages,Ordinary Journey,ordinary:jiangmen-kaiping-diaolou,NONE,PRIMARY,NO,NO,8b49de6784cc03972305a55d0e47ddbf2df94daa,2026-07-30T06:35:58+07:00,dhv5bnmfmh-cmyk,7eaa823f712251797194e6cb1995c9da79ad988a,NO,app/lib/data/journey_background_generated.dart;worker/scripts/generate_daily_backgrounds.mjs;git:8b49de6784cc03972305a55d0e47ddbf2df94daa,AI_GENERATED_RUNTIME_METADATA,REPOSITORY_PROVENANCE_ONLY,UNKNOWN,UNKNOWN,UNKNOWN,UNKNOWN,PARTIAL_WORKFLOW_ONLY,UNKNOWN,UNKNOWN,UNKNOWN,UNKNOWN,UNKNOWN,UNKNOWN,UNKNOWN,UNKNOWN_REVIEW_REQUIRED,UNKNOWN_REVIEW_REQUIRED,UNKNOWN,UNKNOWN,EVIDENCE_PARTIAL,per-asset source/master;platform and model version;per-asset prompt;input asset rights;commercial account evidence;applicable terms snapshot;creator authorization;license scope;reviewer identity;review date,NO,NO,NO_PENDING_EVIDENCE_RECOVERY,Repository provenance does not establish legal rights.,,,,,,
PHX-VIS-E8A87DA9F552,app/assets/images/backgrounds/generated/jiangmen/kaiping-diaolou/09-blue-hour.webp,09-blue-hour.webp,WEBP,46106,1600,900,43b70dcf7669181ac1b695abc180603440c769bfd361a19754deb8cc3c552b0c,19a0fe02fdee9081adf7fa01d18a9b2b70669dd1,YES,JourneyBackgroundCatalog / all Journey pages,Ordinary Journey,ordinary:jiangmen-kaiping-diaolou,NONE,PRIMARY,NO,NO,8b49de6784cc03972305a55d0e47ddbf2df94daa,2026-07-30T06:35:58+07:00,dhv5bnmfmh-cmyk,7eaa823f712251797194e6cb1995c9da79ad988a,NO,app/lib/data/journey_background_generated.dart;worker/scripts/generate_daily_backgrounds.mjs;git:8b49de6784cc03972305a55d0e47ddbf2df94daa,AI_GENERATED_RUNTIME_METADATA,REPOSITORY_PROVENANCE_ONLY,UNKNOWN,UNKNOWN,UNKNOWN,UNKNOWN,PARTIAL_WORKFLOW_ONLY,UNKNOWN,UNKNOWN,UNKNOWN,UNKNOWN,UNKNOWN,UNKNOWN,UNKNOWN,UNKNOWN_REVIEW_REQUIRED,UNKNOWN_REVIEW_REQUIRED,UNKNOWN,UNKNOWN,EVIDENCE_PARTIAL,per-asset source/master;platform and model version;per-asset prompt;input asset rights;commercial account evidence;applicable terms snapshot;creator authorization;license scope;reviewer identity;review date,NO,NO,NO_PENDING_EVIDENCE_RECOVERY,Repository provenance does not establish legal rights.,,,,,,
PHX-VIS-40DCB1BC9B76,app/assets/images/backgrounds/generated/jiangmen/kaiping-diaolou/10-moonlit-finale.webp,10-moonlit-finale.webp,WEBP,45494,1600,900,36321c54f5a92f8181f092ec230ca18e9bcbe9d7564e556543456db2f39dba6a,63b627b5d307c2e584663e5c253c357c33cef312,YES,JourneyBackgroundCatalog / all Journey pages,Ordinary Journey,ordinary:jiangmen-kaiping-diaolou,NONE,PRIMARY,NO,NO,8b49de6784cc03972305a55d0e47ddbf2df94daa,2026-07-30T06:35:58+07:00,dhv5bnmfmh-cmyk,7eaa823f712251797194e6cb1995c9da79ad988a,NO,app/lib/data/journey_background_generated.dart;worker/scripts/generate_daily_backgrounds.mjs;git:8b49de6784cc03972305a55d0e47ddbf2df94daa,AI_GENERATED_RUNTIME_METADATA,REPOSITORY_PROVENANCE_ONLY,UNKNOWN,UNKNOWN,UNKNOWN,UNKNOWN,PARTIAL_WORKFLOW_ONLY,UNKNOWN,UNKNOWN,UNKNOWN,UNKNOWN,UNKNOWN,UNKNOWN,UNKNOWN,UNKNOWN_REVIEW_REQUIRED,UNKNOWN_REVIEW_REQUIRED,UNKNOWN,UNKNOWN,EVIDENCE_PARTIAL,per-asset source/master;platform and model version;per-asset prompt;input asset rights;commercial account evidence;applicable terms snapshot;creator authorization;license scope;reviewer identity;review date,NO,NO,NO_PENDING_EVIDENCE_RECOVERY,Repository provenance does not establish legal rights.,,,,,,
PHX-VIS-2872AADF40D2,app/assets/images/backgrounds/generated/jiangmen/kaiping-diaolou/jiangmen-kaiping-diaolou-v1.webp,jiangmen-kaiping-diaolou-v1.webp,WEBP,223092,941,1672,b310149000285d9a8ab2b968a4387e2a1aa7a0b5bcb7780b1ed4e3465f9aa81f,1a190896f156eb8e3a1d20f25e4c06192a65f0de,YES,JourneyBackgroundCatalog / all Journey pages,Ordinary Journey,ordinary:jiangmen-kaiping-diaolou,NONE,PRIMARY,NO,NO,79cd434086eb3476f16d6c5f217874ca3c2cdd9d,2026-07-29T21:45:11+07:00,dhv5bnmfmh-cmyk,7eaa823f712251797194e6cb1995c9da79ad988a,NO,app/lib/data/journey_background_generated.dart;worker/scripts/generate_daily_backgrounds.mjs;git:79cd434086eb3476f16d6c5f217874ca3c2cdd9d,AI_GENERATED_RUNTIME_METADATA,REPOSITORY_PROVENANCE_ONLY,UNKNOWN,UNKNOWN,UNKNOWN,UNKNOWN,PARTIAL_WORKFLOW_ONLY,UNKNOWN,UNKNOWN,UNKNOWN,UNKNOWN,UNKNOWN,UNKNOWN,UNKNOWN,UNKNOWN_REVIEW_REQUIRED,UNKNOWN_REVIEW_REQUIRED,UNKNOWN,UNKNOWN,EVIDENCE_PARTIAL,per-asset source/master;platform and model version;per-asset prompt;input asset rights;commercial account evidence;applicable terms snapshot;creator authorization;license scope;reviewer identity;review date,NO,NO,NO_PENDING_EVIDENCE_RECOVERY,Repository provenance does not establish legal rights.,,,,,,
PHX-VIS-4F88FEFE5037,app/assets/images/backgrounds/generated/kaifeng/song-capital/01-pre-dawn.webp,01-pre-dawn.webp,WEBP,50786,1600,900,f7d0d1598a1a9954fe2442b88d2e084c6f11379d05eb1a8192353cf18f2280df,9975516c5a4acc1c230aa1cc8a96614f66fe84ac,YES,JourneyBackgroundCatalog / all Journey pages,Ordinary Journey,ordinary:kaifeng-song-capital,NONE,PRIMARY,NO,NO,b4e54cb72d5cdb663d6b767c966ec21016ced048,2026-07-30T07:37:39+07:00,dhv5bnmfmh-cmyk,7eaa823f712251797194e6cb1995c9da79ad988a,NO,app/lib/data/journey_background_generated.dart;worker/scripts/generate_daily_backgrounds.mjs;git:b4e54cb72d5cdb663d6b767c966ec21016ced048,AI_GENERATED_RUNTIME_METADATA,REPOSITORY_PROVENANCE_ONLY,UNKNOWN,UNKNOWN,UNKNOWN,UNKNOWN,PARTIAL_WORKFLOW_ONLY,UNKNOWN,UNKNOWN,UNKNOWN,UNKNOWN,UNKNOWN,UNKNOWN,UNKNOWN,UNKNOWN_REVIEW_REQUIRED,UNKNOWN_REVIEW_REQUIRED,UNKNOWN,UNKNOWN,EVIDENCE_PARTIAL,per-asset source/master;platform and model version;per-asset prompt;input asset rights;commercial account evidence;applicable terms snapshot;creator authorization;license scope;reviewer identity;review date,NO,NO,NO_PENDING_EVIDENCE_RECOVERY,Repository provenance does not establish legal rights.,,,,,,
PHX-VIS-119B05764A0C,app/assets/images/backgrounds/generated/kaifeng/song-capital/02-sunrise.webp,02-sunrise.webp,WEBP,72620,1600,900,cd8f9e9e6d6482b2c8a5106a8a4f29ec0bfce050f6c0d581615d1b703c303520,0114d59a16bd08c14b5ef36e7cb5aa954441fe5b,YES,JourneyBackgroundCatalog / all Journey pages,Ordinary Journey,ordinary:kaifeng-song-capital,NONE,PRIMARY,NO,NO,b4e54cb72d5cdb663d6b767c966ec21016ced048,2026-07-30T07:37:39+07:00,dhv5bnmfmh-cmyk,7eaa823f712251797194e6cb1995c9da79ad988a,NO,app/lib/data/journey_background_generated.dart;worker/scripts/generate_daily_backgrounds.mjs;git:b4e54cb72d5cdb663d6b767c966ec21016ced048,AI_GENERATED_RUNTIME_METADATA,REPOSITORY_PROVENANCE_ONLY,UNKNOWN,UNKNOWN,UNKNOWN,UNKNOWN,PARTIAL_WORKFLOW_ONLY,UNKNOWN,UNKNOWN,UNKNOWN,UNKNOWN,UNKNOWN,UNKNOWN,UNKNOWN,UNKNOWN_REVIEW_REQUIRED,UNKNOWN_REVIEW_REQUIRED,UNKNOWN,UNKNOWN,EVIDENCE_PARTIAL,per-asset source/master;platform and model version;per-asset prompt;input asset rights;commercial account evidence;applicable terms snapshot;creator authorization;license scope;reviewer identity;review date,NO,NO,NO_PENDING_EVIDENCE_RECOVERY,Repository provenance does not establish legal rights.,,,,,,
PHX-VIS-1605D11B971A,app/assets/images/backgrounds/generated/kaifeng/song-capital/03-clear-morning.webp,03-clear-morning.webp,WEBP,87286,1600,900,12f718593213eca7552d4eb4d50987076eeaa1faeae8e5b4ff0402321605fd7b,09cbbb303b8ce5047e3c607f4c89f4a6c8ffadca,YES,JourneyBackgroundCatalog / all Journey pages,Ordinary Journey,ordinary:kaifeng-song-capital,NONE,PRIMARY,NO,NO,b4e54cb72d5cdb663d6b767c966ec21016ced048,2026-07-30T07:37:39+07:00,dhv5bnmfmh-cmyk,7eaa823f712251797194e6cb1995c9da79ad988a,NO,app/lib/data/journey_background_generated.dart;worker/scripts/generate_daily_backgrounds.mjs;git:b4e54cb72d5cdb663d6b767c966ec21016ced048,AI_GENERATED_RUNTIME_METADATA,REPOSITORY_PROVENANCE_ONLY,UNKNOWN,UNKNOWN,UNKNOWN,UNKNOWN,PARTIAL_WORKFLOW_ONLY,UNKNOWN,UNKNOWN,UNKNOWN,UNKNOWN,UNKNOWN,UNKNOWN,UNKNOWN,UNKNOWN_REVIEW_REQUIRED,UNKNOWN_REVIEW_REQUIRED,UNKNOWN,UNKNOWN,EVIDENCE_PARTIAL,per-asset source/master;platform and model version;per-asset prompt;input asset rights;commercial account evidence;applicable terms snapshot;creator authorization;license scope;reviewer identity;review date,NO,NO,NO_PENDING_EVIDENCE_RECOVERY,Repository provenance does not establish legal rights.,,,,,,
PHX-VIS-F2F3D63EF380,app/assets/images/backgrounds/generated/kaifeng/song-capital/04-heritage-detail.webp,04-heritage-detail.webp,WEBP,53478,1600,900,715d56d94d280631a6519a850a8ed2040490391d75cd5ec1637cba2ae2366bb4,ab6fe87ac355976ff47677c002f045a16bfb870b,YES,JourneyBackgroundCatalog / all Journey pages,Ordinary Journey,ordinary:kaifeng-song-capital,NONE,PRIMARY,NO,NO,b4e54cb72d5cdb663d6b767c966ec21016ced048,2026-07-30T07:37:39+07:00,dhv5bnmfmh-cmyk,7eaa823f712251797194e6cb1995c9da79ad988a,NO,app/lib/data/journey_background_generated.dart;worker/scripts/generate_daily_backgrounds.mjs;git:b4e54cb72d5cdb663d6b767c966ec21016ced048,AI_GENERATED_RUNTIME_METADATA,REPOSITORY_PROVENANCE_ONLY,UNKNOWN,UNKNOWN,UNKNOWN,UNKNOWN,PARTIAL_WORKFLOW_ONLY,UNKNOWN,UNKNOWN,UNKNOWN,UNKNOWN,UNKNOWN,UNKNOWN,UNKNOWN,UNKNOWN_REVIEW_REQUIRED,UNKNOWN_REVIEW_REQUIRED,UNKNOWN,UNKNOWN,EVIDENCE_PARTIAL,per-asset source/master;platform and model version;per-asset prompt;input asset rights;commercial account evidence;applicable terms snapshot;creator authorization;license scope;reviewer identity;review date,NO,NO,NO_PENDING_EVIDENCE_RECOVERY,Repository provenance does not establish legal rights.,,,,,,
PHX-VIS-F8BA9586E9B1,app/assets/images/backgrounds/generated/kaifeng/song-capital/05-layered-landscape.webp,05-layered-landscape.webp,WEBP,55592,1600,900,ea4c3813b38c4527d74032d7e152b2966b1362eff8ab87310a5f47d992e4d080,521f6edb9a4f3de2960ea7f5ef344d75aace90ea,YES,JourneyBackgroundCatalog / all Journey pages,Ordinary Journey,ordinary:kaifeng-song-capital,NONE,PRIMARY,NO,NO,b4e54cb72d5cdb663d6b767c966ec21016ced048,2026-07-30T07:37:39+07:00,dhv5bnmfmh-cmyk,7eaa823f712251797194e6cb1995c9da79ad988a,NO,app/lib/data/journey_background_generated.dart;worker/scripts/generate_daily_backgrounds.mjs;git:b4e54cb72d5cdb663d6b767c966ec21016ced048,AI_GENERATED_RUNTIME_METADATA,REPOSITORY_PROVENANCE_ONLY,UNKNOWN,UNKNOWN,UNKNOWN,UNKNOWN,PARTIAL_WORKFLOW_ONLY,UNKNOWN,UNKNOWN,UNKNOWN,UNKNOWN,UNKNOWN,UNKNOWN,UNKNOWN,UNKNOWN_REVIEW_REQUIRED,UNKNOWN_REVIEW_REQUIRED,UNKNOWN,UNKNOWN,EVIDENCE_PARTIAL,per-asset source/master;platform and model version;per-asset prompt;input asset rights;commercial account evidence;applicable terms snapshot;creator authorization;license scope;reviewer identity;review date,NO,NO,NO_PENDING_EVIDENCE_RECOVERY,Repository provenance does not establish legal rights.,,,,,,
PHX-VIS-0451F23E909E,app/assets/images/backgrounds/generated/kaifeng/song-capital/06-after-rain.webp,06-after-rain.webp,WEBP,73250,1600,900,817d5ce5b1f5ff0eb6c27c37f4ad24803c4d9d08ef0031d4ab386b6e39105492,3d5e0d3c1998e276a3997978721fd6cdde4d5a09,YES,JourneyBackgroundCatalog / all Journey pages,Ordinary Journey,ordinary:kaifeng-song-capital,NONE,PRIMARY,NO,NO,b4e54cb72d5cdb663d6b767c966ec21016ced048,2026-07-30T07:37:39+07:00,dhv5bnmfmh-cmyk,7eaa823f712251797194e6cb1995c9da79ad988a,NO,app/lib/data/journey_background_generated.dart;worker/scripts/generate_daily_backgrounds.mjs;git:b4e54cb72d5cdb663d6b767c966ec21016ced048,AI_GENERATED_RUNTIME_METADATA,REPOSITORY_PROVENANCE_ONLY,UNKNOWN,UNKNOWN,UNKNOWN,UNKNOWN,PARTIAL_WORKFLOW_ONLY,UNKNOWN,UNKNOWN,UNKNOWN,UNKNOWN,UNKNOWN,UNKNOWN,UNKNOWN,UNKNOWN_REVIEW_REQUIRED,UNKNOWN_REVIEW_REQUIRED,UNKNOWN,UNKNOWN,EVIDENCE_PARTIAL,per-asset source/master;platform and model version;per-asset prompt;input asset rights;commercial account evidence;applicable terms snapshot;creator authorization;license scope;reviewer identity;review date,NO,NO,NO_PENDING_EVIDENCE_RECOVERY,Repository provenance does not establish legal rights.,,,,,,
PHX-VIS-98E2001F3DE8,app/assets/images/backgrounds/generated/kaifeng/song-capital/07-traveler-scale.webp,07-traveler-scale.webp,WEBP,39814,1600,900,97b0247540ef3f7caaaa38b4f93e060a7510d0a228d3a81b7122fbb1c57dbb4f,543dc5f1848d05f8c9d5b36f70a5ccc1d14ef7c6,YES,JourneyBackgroundCatalog / all Journey pages,Ordinary Journey,ordinary:kaifeng-song-capital,NONE,PRIMARY,NO,NO,b4e54cb72d5cdb663d6b767c966ec21016ced048,2026-07-30T07:37:39+07:00,dhv5bnmfmh-cmyk,7eaa823f712251797194e6cb1995c9da79ad988a,NO,app/lib/data/journey_background_generated.dart;worker/scripts/generate_daily_backgrounds.mjs;git:b4e54cb72d5cdb663d6b767c966ec21016ced048,AI_GENERATED_RUNTIME_METADATA,REPOSITORY_PROVENANCE_ONLY,UNKNOWN,UNKNOWN,UNKNOWN,UNKNOWN,PARTIAL_WORKFLOW_ONLY,UNKNOWN,UNKNOWN,UNKNOWN,UNKNOWN,UNKNOWN,UNKNOWN,UNKNOWN,UNKNOWN_REVIEW_REQUIRED,UNKNOWN_REVIEW_REQUIRED,UNKNOWN,UNKNOWN,EVIDENCE_PARTIAL,per-asset source/master;platform and model version;per-asset prompt;input asset rights;commercial account evidence;applicable terms snapshot;creator authorization;license scope;reviewer identity;review date,NO,NO,NO_PENDING_EVIDENCE_RECOVERY,Repository provenance does not establish legal rights.,,,,,,
PHX-VIS-2C1CF55E8A80,app/assets/images/backgrounds/generated/kaifeng/song-capital/08-golden-hour.webp,08-golden-hour.webp,WEBP,52130,1600,900,c3c0401973f3b56e7371cd689c1d34a0c5f1cba90f6e40ef26a0bcae057f3591,f312b7402a1952a9eb573fb3aad1888decf8b7f7,YES,JourneyBackgroundCatalog / all Journey pages,Ordinary Journey,ordinary:kaifeng-song-capital,NONE,PRIMARY,NO,NO,b4e54cb72d5cdb663d6b767c966ec21016ced048,2026-07-30T07:37:39+07:00,dhv5bnmfmh-cmyk,7eaa823f712251797194e6cb1995c9da79ad988a,NO,app/lib/data/journey_background_generated.dart;worker/scripts/generate_daily_backgrounds.mjs;git:b4e54cb72d5cdb663d6b767c966ec21016ced048,AI_GENERATED_RUNTIME_METADATA,REPOSITORY_PROVENANCE_ONLY,UNKNOWN,UNKNOWN,UNKNOWN,UNKNOWN,PARTIAL_WORKFLOW_ONLY,UNKNOWN,UNKNOWN,UNKNOWN,UNKNOWN,UNKNOWN,UNKNOWN,UNKNOWN,UNKNOWN_REVIEW_REQUIRED,UNKNOWN_REVIEW_REQUIRED,UNKNOWN,UNKNOWN,EVIDENCE_PARTIAL,per-asset source/master;platform and model version;per-asset prompt;input asset rights;commercial account evidence;applicable terms snapshot;creator authorization;license scope;reviewer identity;review date,NO,NO,NO_PENDING_EVIDENCE_RECOVERY,Repository provenance does not establish legal rights.,,,,,,
PHX-VIS-5CEE05D2EC44,app/assets/images/backgrounds/generated/kaifeng/song-capital/09-blue-hour.webp,09-blue-hour.webp,WEBP,72900,1600,900,11dd4a503b83445cee647b6678f2f402bd1aab6fa62971a33cfdccaa57a01396,036bc9546a8b1ad69b99f57b4bc0c05fcba542f9,YES,JourneyBackgroundCatalog / all Journey pages,Ordinary Journey,ordinary:kaifeng-song-capital,NONE,PRIMARY,NO,NO,b4e54cb72d5cdb663d6b767c966ec21016ced048,2026-07-30T07:37:39+07:00,dhv5bnmfmh-cmyk,7eaa823f712251797194e6cb1995c9da79ad988a,NO,app/lib/data/journey_background_generated.dart;worker/scripts/generate_daily_backgrounds.mjs;git:b4e54cb72d5cdb663d6b767c966ec21016ced048,AI_GENERATED_RUNTIME_METADATA,REPOSITORY_PROVENANCE_ONLY,UNKNOWN,UNKNOWN,UNKNOWN,UNKNOWN,PARTIAL_WORKFLOW_ONLY,UNKNOWN,UNKNOWN,UNKNOWN,UNKNOWN,UNKNOWN,UNKNOWN,UNKNOWN,UNKNOWN_REVIEW_REQUIRED,UNKNOWN_REVIEW_REQUIRED,UNKNOWN,UNKNOWN,EVIDENCE_PARTIAL,per-asset source/master;platform and model version;per-asset prompt;input asset rights;commercial account evidence;applicable terms snapshot;creator authorization;license scope;reviewer identity;review date,NO,NO,NO_PENDING_EVIDENCE_RECOVERY,Repository provenance does not establish legal rights.,,,,,,
PHX-VIS-3338E19EE74D,app/assets/images/backgrounds/generated/kaifeng/song-capital/10-moonlit-finale.webp,10-moonlit-finale.webp,WEBP,40696,1600,900,428475a5004f2779236fd9d3ae39b27f20a70b2c7e95313b98bcb4dbff870b0d,0006f90035b80bcb1486862143904718978c81e8,YES,JourneyBackgroundCatalog / all Journey pages,Ordinary Journey,ordinary:kaifeng-song-capital,NONE,PRIMARY,NO,NO,b4e54cb72d5cdb663d6b767c966ec21016ced048,2026-07-30T07:37:39+07:00,dhv5bnmfmh-cmyk,7eaa823f712251797194e6cb1995c9da79ad988a,NO,app/lib/data/journey_background_generated.dart;worker/scripts/generate_daily_backgrounds.mjs;git:b4e54cb72d5cdb663d6b767c966ec21016ced048,AI_GENERATED_RUNTIME_METADATA,REPOSITORY_PROVENANCE_ONLY,UNKNOWN,UNKNOWN,UNKNOWN,UNKNOWN,PARTIAL_WORKFLOW_ONLY,UNKNOWN,UNKNOWN,UNKNOWN,UNKNOWN,UNKNOWN,UNKNOWN,UNKNOWN,UNKNOWN_REVIEW_REQUIRED,UNKNOWN_REVIEW_REQUIRED,UNKNOWN,UNKNOWN,EVIDENCE_PARTIAL,per-asset source/master;platform and model version;per-asset prompt;input asset rights;commercial account evidence;applicable terms snapshot;creator authorization;license scope;reviewer identity;review date,NO,NO,NO_PENDING_EVIDENCE_RECOVERY,Repository provenance does not establish legal rights.,,,,,,
PHX-VIS-FE914710E853,app/assets/images/backgrounds/generated/leshan/giant-buddha/02-dawn-arrival.webp,02-dawn-arrival.webp,WEBP,28382,1600,900,69591ad00da6c0efc3ded3f1cc4d31afd021bf52095ff4a2ba393d62d3fb2105,726b1d3c1d1bc708aa87fd768ade837c9ec92b85,YES,JourneyBackgroundCatalog / all Journey pages,Ordinary Journey,ordinary:leshan-giant-buddha,NONE,PRIMARY,NO,NO,e3bbe25b396cb5ed903fdecd7c41ecab823673e7,2026-07-30T07:14:39+07:00,dhv5bnmfmh-cmyk,7eaa823f712251797194e6cb1995c9da79ad988a,NO,app/lib/data/journey_background_generated.dart;worker/scripts/generate_daily_backgrounds.mjs;git:e3bbe25b396cb5ed903fdecd7c41ecab823673e7,AI_GENERATED_RUNTIME_METADATA,REPOSITORY_PROVENANCE_ONLY,UNKNOWN,UNKNOWN,UNKNOWN,UNKNOWN,PARTIAL_WORKFLOW_ONLY,UNKNOWN,UNKNOWN,UNKNOWN,UNKNOWN,UNKNOWN,UNKNOWN,UNKNOWN,UNKNOWN_REVIEW_REQUIRED,UNKNOWN_REVIEW_REQUIRED,UNKNOWN,UNKNOWN,EVIDENCE_PARTIAL,per-asset source/master;platform and model version;per-asset prompt;input asset rights;commercial account evidence;applicable terms snapshot;creator authorization;license scope;reviewer identity;review date,NO,NO,NO_PENDING_EVIDENCE_RECOVERY,Repository provenance does not establish legal rights.,,,,,,
PHX-VIS-A9E3EE565ADC,app/assets/images/backgrounds/generated/leshan/giant-buddha/03-clear-morning.webp,03-clear-morning.webp,WEBP,64090,1600,900,712ab4d89a352e8b28310fe7ca3e1e0fa7235930a5b78a1177595b35f781f16c,1620469d11ce1113fb30ae807c93bbb75a117413,YES,JourneyBackgroundCatalog / all Journey pages,Ordinary Journey,ordinary:leshan-giant-buddha,NONE,PRIMARY,NO,NO,e3bbe25b396cb5ed903fdecd7c41ecab823673e7,2026-07-30T07:14:39+07:00,dhv5bnmfmh-cmyk,7eaa823f712251797194e6cb1995c9da79ad988a,NO,app/lib/data/journey_background_generated.dart;worker/scripts/generate_daily_backgrounds.mjs;git:e3bbe25b396cb5ed903fdecd7c41ecab823673e7,AI_GENERATED_RUNTIME_METADATA,REPOSITORY_PROVENANCE_ONLY,UNKNOWN,UNKNOWN,UNKNOWN,UNKNOWN,PARTIAL_WORKFLOW_ONLY,UNKNOWN,UNKNOWN,UNKNOWN,UNKNOWN,UNKNOWN,UNKNOWN,UNKNOWN,UNKNOWN_REVIEW_REQUIRED,UNKNOWN_REVIEW_REQUIRED,UNKNOWN,UNKNOWN,EVIDENCE_PARTIAL,per-asset source/master;platform and model version;per-asset prompt;input asset rights;commercial account evidence;applicable terms snapshot;creator authorization;license scope;reviewer identity;review date,NO,NO,NO_PENDING_EVIDENCE_RECOVERY,Repository provenance does not establish legal rights.,,,,,,
PHX-VIS-2C2165944FDC,app/assets/images/backgrounds/generated/leshan/giant-buddha/04-atmospheric-detail.webp,04-atmospheric-detail.webp,WEBP,95866,1600,900,df291a7d9898b45da95332a86ac49d88e74635bcf957d69c422831c9d80e8823,22d352575e56c0de0f98654245aabe08ad0768ec,YES,JourneyBackgroundCatalog / all Journey pages,Ordinary Journey,ordinary:leshan-giant-buddha,NONE,PRIMARY,NO,NO,e3bbe25b396cb5ed903fdecd7c41ecab823673e7,2026-07-30T07:14:39+07:00,dhv5bnmfmh-cmyk,7eaa823f712251797194e6cb1995c9da79ad988a,NO,app/lib/data/journey_background_generated.dart;worker/scripts/generate_daily_backgrounds.mjs;git:e3bbe25b396cb5ed903fdecd7c41ecab823673e7,AI_GENERATED_RUNTIME_METADATA,REPOSITORY_PROVENANCE_ONLY,UNKNOWN,UNKNOWN,UNKNOWN,UNKNOWN,PARTIAL_WORKFLOW_ONLY,UNKNOWN,UNKNOWN,UNKNOWN,UNKNOWN,UNKNOWN,UNKNOWN,UNKNOWN,UNKNOWN_REVIEW_REQUIRED,UNKNOWN_REVIEW_REQUIRED,UNKNOWN,UNKNOWN,EVIDENCE_PARTIAL,per-asset source/master;platform and model version;per-asset prompt;input asset rights;commercial account evidence;applicable terms snapshot;creator authorization;license scope;reviewer identity;review date,NO,NO,NO_PENDING_EVIDENCE_RECOVERY,Repository provenance does not establish legal rights.,,,,,,
PHX-VIS-6876B78C360E,app/assets/images/backgrounds/generated/leshan/giant-buddha/05-heritage-texture.webp,05-heritage-texture.webp,WEBP,48580,1600,900,a98a55c0ab427c8660ebc635256e6e947a932e9541c05439d8e458232f101a25,4392f8b85de62287dac6baa2f49c46ed36e8166f,YES,JourneyBackgroundCatalog / all Journey pages,Ordinary Journey,ordinary:leshan-giant-buddha,NONE,PRIMARY,NO,NO,e3bbe25b396cb5ed903fdecd7c41ecab823673e7,2026-07-30T07:14:39+07:00,dhv5bnmfmh-cmyk,7eaa823f712251797194e6cb1995c9da79ad988a,NO,app/lib/data/journey_background_generated.dart;worker/scripts/generate_daily_backgrounds.mjs;git:e3bbe25b396cb5ed903fdecd7c41ecab823673e7,AI_GENERATED_RUNTIME_METADATA,REPOSITORY_PROVENANCE_ONLY,UNKNOWN,UNKNOWN,UNKNOWN,UNKNOWN,PARTIAL_WORKFLOW_ONLY,UNKNOWN,UNKNOWN,UNKNOWN,UNKNOWN,UNKNOWN,UNKNOWN,UNKNOWN,UNKNOWN_REVIEW_REQUIRED,UNKNOWN_REVIEW_REQUIRED,UNKNOWN,UNKNOWN,EVIDENCE_PARTIAL,per-asset source/master;platform and model version;per-asset prompt;input asset rights;commercial account evidence;applicable terms snapshot;creator authorization;license scope;reviewer identity;review date,NO,NO,NO_PENDING_EVIDENCE_RECOVERY,Repository provenance does not establish legal rights.,,,,,,
PHX-VIS-1B029A4AF1C5,app/assets/images/backgrounds/generated/leshan/giant-buddha/06-after-rain.webp,06-after-rain.webp,WEBP,112008,1600,900,733e2f465fb0077341f7efa1c379513c8a800ff7d1ed3bf84ebdb8546b5327e7,e291ddf9a14073f63555a7ec42130be4976d0562,YES,JourneyBackgroundCatalog / all Journey pages,Ordinary Journey,ordinary:leshan-giant-buddha,NONE,PRIMARY,NO,NO,e3bbe25b396cb5ed903fdecd7c41ecab823673e7,2026-07-30T07:14:39+07:00,dhv5bnmfmh-cmyk,7eaa823f712251797194e6cb1995c9da79ad988a,NO,app/lib/data/journey_background_generated.dart;worker/scripts/generate_daily_backgrounds.mjs;git:e3bbe25b396cb5ed903fdecd7c41ecab823673e7,AI_GENERATED_RUNTIME_METADATA,REPOSITORY_PROVENANCE_ONLY,UNKNOWN,UNKNOWN,UNKNOWN,UNKNOWN,PARTIAL_WORKFLOW_ONLY,UNKNOWN,UNKNOWN,UNKNOWN,UNKNOWN,UNKNOWN,UNKNOWN,UNKNOWN,UNKNOWN_REVIEW_REQUIRED,UNKNOWN_REVIEW_REQUIRED,UNKNOWN,UNKNOWN,EVIDENCE_PARTIAL,per-asset source/master;platform and model version;per-asset prompt;input asset rights;commercial account evidence;applicable terms snapshot;creator authorization;license scope;reviewer identity;review date,NO,NO,NO_PENDING_EVIDENCE_RECOVERY,Repository provenance does not establish legal rights.,,,,,,
PHX-VIS-86C52E492BEA,app/assets/images/backgrounds/generated/leshan/giant-buddha/07-traveler-scale.webp,07-traveler-scale.webp,WEBP,62308,1600,900,df8bc9abdc5ea87d379a85fb67c44594147a0f05a5e0e500f56e50f88037ef6a,6e5183c20c75a986420b42bf9854db81ba6636f5,YES,JourneyBackgroundCatalog / all Journey pages,Ordinary Journey,ordinary:leshan-giant-buddha,NONE,PRIMARY,NO,NO,e3bbe25b396cb5ed903fdecd7c41ecab823673e7,2026-07-30T07:14:39+07:00,dhv5bnmfmh-cmyk,7eaa823f712251797194e6cb1995c9da79ad988a,NO,app/lib/data/journey_background_generated.dart;worker/scripts/generate_daily_backgrounds.mjs;git:e3bbe25b396cb5ed903fdecd7c41ecab823673e7,AI_GENERATED_RUNTIME_METADATA,REPOSITORY_PROVENANCE_ONLY,UNKNOWN,UNKNOWN,UNKNOWN,UNKNOWN,PARTIAL_WORKFLOW_ONLY,UNKNOWN,UNKNOWN,UNKNOWN,UNKNOWN,UNKNOWN,UNKNOWN,UNKNOWN,UNKNOWN_REVIEW_REQUIRED,UNKNOWN_REVIEW_REQUIRED,UNKNOWN,UNKNOWN,EVIDENCE_PARTIAL,per-asset source/master;platform and model version;per-asset prompt;input asset rights;commercial account evidence;applicable terms snapshot;creator authorization;license scope;reviewer identity;review date,NO,NO,NO_PENDING_EVIDENCE_RECOVERY,Repository provenance does not establish legal rights.,,,,,,
PHX-VIS-FAA59C75C624,app/assets/images/backgrounds/generated/leshan/giant-buddha/08-golden-hour.webp,08-golden-hour.webp,WEBP,31700,1600,900,a0809a7c945fe6355060f633cbb25e8e503aa3de309afb1adee3868392d0af3d,2a91b5e24e3a6f85bd07d1aea88c5389845c60b8,YES,JourneyBackgroundCatalog / all Journey pages,Ordinary Journey,ordinary:leshan-giant-buddha,NONE,PRIMARY,NO,NO,e3bbe25b396cb5ed903fdecd7c41ecab823673e7,2026-07-30T07:14:39+07:00,dhv5bnmfmh-cmyk,7eaa823f712251797194e6cb1995c9da79ad988a,NO,app/lib/data/journey_background_generated.dart;worker/scripts/generate_daily_backgrounds.mjs;git:e3bbe25b396cb5ed903fdecd7c41ecab823673e7,AI_GENERATED_RUNTIME_METADATA,REPOSITORY_PROVENANCE_ONLY,UNKNOWN,UNKNOWN,UNKNOWN,UNKNOWN,PARTIAL_WORKFLOW_ONLY,UNKNOWN,UNKNOWN,UNKNOWN,UNKNOWN,UNKNOWN,UNKNOWN,UNKNOWN,UNKNOWN_REVIEW_REQUIRED,UNKNOWN_REVIEW_REQUIRED,UNKNOWN,UNKNOWN,EVIDENCE_PARTIAL,per-asset source/master;platform and model version;per-asset prompt;input asset rights;commercial account evidence;applicable terms snapshot;creator authorization;license scope;reviewer identity;review date,NO,NO,NO_PENDING_EVIDENCE_RECOVERY,Repository provenance does not establish legal rights.,,,,,,
PHX-VIS-87E1CA417F8C,app/assets/images/backgrounds/generated/leshan/giant-buddha/09-blue-hour.webp,09-blue-hour.webp,WEBP,19244,1600,900,5599a749a4163eb91f0ba00dc9ac65f504cedd4a68fa45f057b24438a6559192,e9a8460e87c80dd389844ee8e8d80e8982d8ab24,YES,JourneyBackgroundCatalog / all Journey pages,Ordinary Journey,ordinary:leshan-giant-buddha,NONE,PRIMARY,NO,NO,e3bbe25b396cb5ed903fdecd7c41ecab823673e7,2026-07-30T07:14:39+07:00,dhv5bnmfmh-cmyk,7eaa823f712251797194e6cb1995c9da79ad988a,NO,app/lib/data/journey_background_generated.dart;worker/scripts/generate_daily_backgrounds.mjs;git:e3bbe25b396cb5ed903fdecd7c41ecab823673e7,AI_GENERATED_RUNTIME_METADATA,REPOSITORY_PROVENANCE_ONLY,UNKNOWN,UNKNOWN,UNKNOWN,UNKNOWN,PARTIAL_WORKFLOW_ONLY,UNKNOWN,UNKNOWN,UNKNOWN,UNKNOWN,UNKNOWN,UNKNOWN,UNKNOWN,UNKNOWN_REVIEW_REQUIRED,UNKNOWN_REVIEW_REQUIRED,UNKNOWN,UNKNOWN,EVIDENCE_PARTIAL,per-asset source/master;platform and model version;per-asset prompt;input asset rights;commercial account evidence;applicable terms snapshot;creator authorization;license scope;reviewer identity;review date,NO,NO,NO_PENDING_EVIDENCE_RECOVERY,Repository provenance does not establish legal rights.,,,,,,
PHX-VIS-2359F91C516F,app/assets/images/backgrounds/generated/leshan/giant-buddha/10-moonlit-finale.webp,10-moonlit-finale.webp,WEBP,27036,1600,900,fb92d494681f7aa0ca44eec2d9e348d131a1b1dcb1e3ecaabddbc18000afe7f9,58a7ac6057d0ddef0284ffacf4c88c63d2de97ab,YES,JourneyBackgroundCatalog / all Journey pages,Ordinary Journey,ordinary:leshan-giant-buddha,NONE,PRIMARY,NO,NO,e3bbe25b396cb5ed903fdecd7c41ecab823673e7,2026-07-30T07:14:39+07:00,dhv5bnmfmh-cmyk,7eaa823f712251797194e6cb1995c9da79ad988a,NO,app/lib/data/journey_background_generated.dart;worker/scripts/generate_daily_backgrounds.mjs;git:e3bbe25b396cb5ed903fdecd7c41ecab823673e7,AI_GENERATED_RUNTIME_METADATA,REPOSITORY_PROVENANCE_ONLY,UNKNOWN,UNKNOWN,UNKNOWN,UNKNOWN,PARTIAL_WORKFLOW_ONLY,UNKNOWN,UNKNOWN,UNKNOWN,UNKNOWN,UNKNOWN,UNKNOWN,UNKNOWN,UNKNOWN_REVIEW_REQUIRED,UNKNOWN_REVIEW_REQUIRED,UNKNOWN,UNKNOWN,EVIDENCE_PARTIAL,per-asset source/master;platform and model version;per-asset prompt;input asset rights;commercial account evidence;applicable terms snapshot;creator authorization;license scope;reviewer identity;review date,NO,NO,NO_PENDING_EVIDENCE_RECOVERY,Repository provenance does not establish legal rights.,,,,,,
PHX-VIS-E4355905E4F2,app/assets/images/backgrounds/generated/leshan/giant-buddha/leshan-giant-buddha-v1.webp,leshan-giant-buddha-v1.webp,WEBP,165664,941,1672,ea68236c66a9a9266dd0ee854ccd5dff3f4ee4a66bed1df09535f7ddad65aa09,423fbf794ea13fc8cbe27de1a474b1b7e4f2afac,YES,JourneyBackgroundCatalog / all Journey pages,Ordinary Journey,ordinary:leshan-giant-buddha,NONE,PRIMARY,NO,NO,5cbfc514371acd5e84db03c06de78aaf6b961e68,2026-07-29T22:43:27+07:00,dhv5bnmfmh-cmyk,7eaa823f712251797194e6cb1995c9da79ad988a,NO,app/lib/data/journey_background_generated.dart;worker/scripts/generate_daily_backgrounds.mjs;git:5cbfc514371acd5e84db03c06de78aaf6b961e68,AI_GENERATED_RUNTIME_METADATA,REPOSITORY_PROVENANCE_ONLY,UNKNOWN,UNKNOWN,UNKNOWN,UNKNOWN,PARTIAL_WORKFLOW_ONLY,UNKNOWN,UNKNOWN,UNKNOWN,UNKNOWN,UNKNOWN,UNKNOWN,UNKNOWN,UNKNOWN_REVIEW_REQUIRED,UNKNOWN_REVIEW_REQUIRED,UNKNOWN,UNKNOWN,EVIDENCE_PARTIAL,per-asset source/master;platform and model version;per-asset prompt;input asset rights;commercial account evidence;applicable terms snapshot;creator authorization;license scope;reviewer identity;review date,NO,NO,NO_PENDING_EVIDENCE_RECOVERY,Repository provenance does not establish legal rights.,,,,,,
PHX-VIS-0D2EE9B0A8CF,app/assets/images/backgrounds/generated/lijiang/old-town/02-dawn-arrival.webp,02-dawn-arrival.webp,WEBP,60762,1600,900,231807e7d06f159e256a0843c26f0553b62bda761d6ecb82206d2524f7b52850,fae70920236e1e0b0adef5e12e76a938f581ac86,YES,JourneyBackgroundCatalog / all Journey pages,Ordinary Journey,ordinary:lijiang-old-town,NONE,PRIMARY,NO,NO,8b49de6784cc03972305a55d0e47ddbf2df94daa,2026-07-30T06:35:58+07:00,dhv5bnmfmh-cmyk,7eaa823f712251797194e6cb1995c9da79ad988a,NO,app/lib/data/journey_background_generated.dart;worker/scripts/generate_daily_backgrounds.mjs;git:8b49de6784cc03972305a55d0e47ddbf2df94daa,AI_GENERATED_RUNTIME_METADATA,REPOSITORY_PROVENANCE_ONLY,UNKNOWN,UNKNOWN,UNKNOWN,UNKNOWN,PARTIAL_WORKFLOW_ONLY,UNKNOWN,UNKNOWN,UNKNOWN,UNKNOWN,UNKNOWN,UNKNOWN,UNKNOWN,UNKNOWN_REVIEW_REQUIRED,UNKNOWN_REVIEW_REQUIRED,UNKNOWN,UNKNOWN,EVIDENCE_PARTIAL,per-asset source/master;platform and model version;per-asset prompt;input asset rights;commercial account evidence;applicable terms snapshot;creator authorization;license scope;reviewer identity;review date,NO,NO,NO_PENDING_EVIDENCE_RECOVERY,Repository provenance does not establish legal rights.,,,,,,
PHX-VIS-8C8F79CE188C,app/assets/images/backgrounds/generated/lijiang/old-town/03-clear-morning.webp,03-clear-morning.webp,WEBP,128048,1600,900,092958f2e3a0fd140d03d305b1de04a75273ceeb4d7f5637f12e3b27b87a846f,00ed4ffae751ac86cf554a8eea4c967e27460a1f,YES,JourneyBackgroundCatalog / all Journey pages,Ordinary Journey,ordinary:lijiang-old-town,NONE,PRIMARY,NO,NO,8b49de6784cc03972305a55d0e47ddbf2df94daa,2026-07-30T06:35:58+07:00,dhv5bnmfmh-cmyk,7eaa823f712251797194e6cb1995c9da79ad988a,NO,app/lib/data/journey_background_generated.dart;worker/scripts/generate_daily_backgrounds.mjs;git:8b49de6784cc03972305a55d0e47ddbf2df94daa,AI_GENERATED_RUNTIME_METADATA,REPOSITORY_PROVENANCE_ONLY,UNKNOWN,UNKNOWN,UNKNOWN,UNKNOWN,PARTIAL_WORKFLOW_ONLY,UNKNOWN,UNKNOWN,UNKNOWN,UNKNOWN,UNKNOWN,UNKNOWN,UNKNOWN,UNKNOWN_REVIEW_REQUIRED,UNKNOWN_REVIEW_REQUIRED,UNKNOWN,UNKNOWN,EVIDENCE_PARTIAL,per-asset source/master;platform and model version;per-asset prompt;input asset rights;commercial account evidence;applicable terms snapshot;creator authorization;license scope;reviewer identity;review date,NO,NO,NO_PENDING_EVIDENCE_RECOVERY,Repository provenance does not establish legal rights.,,,,,,
PHX-VIS-5190CBB1AECD,app/assets/images/backgrounds/generated/lijiang/old-town/04-atmospheric-detail.webp,04-atmospheric-detail.webp,WEBP,116702,1600,900,704aaf31d0b32c44f7948ef94fbfe53baff860b03a442dd63565006e1a4753b7,01c36292380763095e1162fb2910986a7eef0075,YES,JourneyBackgroundCatalog / all Journey pages,Ordinary Journey,ordinary:lijiang-old-town,NONE,PRIMARY,NO,NO,8b49de6784cc03972305a55d0e47ddbf2df94daa,2026-07-30T06:35:58+07:00,dhv5bnmfmh-cmyk,7eaa823f712251797194e6cb1995c9da79ad988a,NO,app/lib/data/journey_background_generated.dart;worker/scripts/generate_daily_backgrounds.mjs;git:8b49de6784cc03972305a55d0e47ddbf2df94daa,AI_GENERATED_RUNTIME_METADATA,REPOSITORY_PROVENANCE_ONLY,UNKNOWN,UNKNOWN,UNKNOWN,UNKNOWN,PARTIAL_WORKFLOW_ONLY,UNKNOWN,UNKNOWN,UNKNOWN,UNKNOWN,UNKNOWN,UNKNOWN,UNKNOWN,UNKNOWN_REVIEW_REQUIRED,UNKNOWN_REVIEW_REQUIRED,UNKNOWN,UNKNOWN,EVIDENCE_PARTIAL,per-asset source/master;platform and model version;per-asset prompt;input asset rights;commercial account evidence;applicable terms snapshot;creator authorization;license scope;reviewer identity;review date,NO,NO,NO_PENDING_EVIDENCE_RECOVERY,Repository provenance does not establish legal rights.,,,,,,
PHX-VIS-8CF5A61F88F1,app/assets/images/backgrounds/generated/lijiang/old-town/05-heritage-texture.webp,05-heritage-texture.webp,WEBP,112860,1600,900,327ee4b6821af1a58c137dce243a70b254489dccf58279fba0e4d522034f3b1e,825114dfc607e68482ea76288cf5cc45823cfb68,YES,JourneyBackgroundCatalog / all Journey pages,Ordinary Journey,ordinary:lijiang-old-town,NONE,PRIMARY,NO,NO,8b49de6784cc03972305a55d0e47ddbf2df94daa,2026-07-30T06:35:58+07:00,dhv5bnmfmh-cmyk,7eaa823f712251797194e6cb1995c9da79ad988a,NO,app/lib/data/journey_background_generated.dart;worker/scripts/generate_daily_backgrounds.mjs;git:8b49de6784cc03972305a55d0e47ddbf2df94daa,AI_GENERATED_RUNTIME_METADATA,REPOSITORY_PROVENANCE_ONLY,UNKNOWN,UNKNOWN,UNKNOWN,UNKNOWN,PARTIAL_WORKFLOW_ONLY,UNKNOWN,UNKNOWN,UNKNOWN,UNKNOWN,UNKNOWN,UNKNOWN,UNKNOWN,UNKNOWN_REVIEW_REQUIRED,UNKNOWN_REVIEW_REQUIRED,UNKNOWN,UNKNOWN,EVIDENCE_PARTIAL,per-asset source/master;platform and model version;per-asset prompt;input asset rights;commercial account evidence;applicable terms snapshot;creator authorization;license scope;reviewer identity;review date,NO,NO,NO_PENDING_EVIDENCE_RECOVERY,Repository provenance does not establish legal rights.,,,,,,
PHX-VIS-2682E609178D,app/assets/images/backgrounds/generated/lijiang/old-town/06-after-rain.webp,06-after-rain.webp,WEBP,126730,1600,900,1184aec71c06334a8b5482c8a4f18075e6e0b8609ac3a2fe9d8739b8d54d1c12,9cf981ff3dc26c2f9eb0f48a5547edc317f4ed55,YES,JourneyBackgroundCatalog / all Journey pages,Ordinary Journey,ordinary:lijiang-old-town,NONE,PRIMARY,NO,NO,8b49de6784cc03972305a55d0e47ddbf2df94daa,2026-07-30T06:35:58+07:00,dhv5bnmfmh-cmyk,7eaa823f712251797194e6cb1995c9da79ad988a,NO,app/lib/data/journey_background_generated.dart;worker/scripts/generate_daily_backgrounds.mjs;git:8b49de6784cc03972305a55d0e47ddbf2df94daa,AI_GENERATED_RUNTIME_METADATA,REPOSITORY_PROVENANCE_ONLY,UNKNOWN,UNKNOWN,UNKNOWN,UNKNOWN,PARTIAL_WORKFLOW_ONLY,UNKNOWN,UNKNOWN,UNKNOWN,UNKNOWN,UNKNOWN,UNKNOWN,UNKNOWN,UNKNOWN_REVIEW_REQUIRED,UNKNOWN_REVIEW_REQUIRED,UNKNOWN,UNKNOWN,EVIDENCE_PARTIAL,per-asset source/master;platform and model version;per-asset prompt;input asset rights;commercial account evidence;applicable terms snapshot;creator authorization;license scope;reviewer identity;review date,NO,NO,NO_PENDING_EVIDENCE_RECOVERY,Repository provenance does not establish legal rights.,,,,,,
PHX-VIS-2328D9024173,app/assets/images/backgrounds/generated/lijiang/old-town/07-traveler-scale.webp,07-traveler-scale.webp,WEBP,107602,1600,900,7dcf9ddeeada12c2da83ad5654e50c07c94813608f6523fc1672449be9b1d0c9,617b6bb245e5ed923353c0651830a5d7a6706983,YES,JourneyBackgroundCatalog / all Journey pages,Ordinary Journey,ordinary:lijiang-old-town,NONE,PRIMARY,NO,NO,8b49de6784cc03972305a55d0e47ddbf2df94daa,2026-07-30T06:35:58+07:00,dhv5bnmfmh-cmyk,7eaa823f712251797194e6cb1995c9da79ad988a,NO,app/lib/data/journey_background_generated.dart;worker/scripts/generate_daily_backgrounds.mjs;git:8b49de6784cc03972305a55d0e47ddbf2df94daa,AI_GENERATED_RUNTIME_METADATA,REPOSITORY_PROVENANCE_ONLY,UNKNOWN,UNKNOWN,UNKNOWN,UNKNOWN,PARTIAL_WORKFLOW_ONLY,UNKNOWN,UNKNOWN,UNKNOWN,UNKNOWN,UNKNOWN,UNKNOWN,UNKNOWN,UNKNOWN_REVIEW_REQUIRED,UNKNOWN_REVIEW_REQUIRED,UNKNOWN,UNKNOWN,EVIDENCE_PARTIAL,per-asset source/master;platform and model version;per-asset prompt;input asset rights;commercial account evidence;applicable terms snapshot;creator authorization;license scope;reviewer identity;review date,NO,NO,NO_PENDING_EVIDENCE_RECOVERY,Repository provenance does not establish legal rights.,,,,,,
PHX-VIS-F3E7ACB93EE3,app/assets/images/backgrounds/generated/lijiang/old-town/08-golden-hour.webp,08-golden-hour.webp,WEBP,85442,1600,900,61da7dd882950e6da69d14501566f2f4d499c953c3cff731cff9bc7a8b094337,393bb63b8665a7397308f29e997e6453b075218e,YES,JourneyBackgroundCatalog / all Journey pages,Ordinary Journey,ordinary:lijiang-old-town,NONE,PRIMARY,NO,NO,8b49de6784cc03972305a55d0e47ddbf2df94daa,2026-07-30T06:35:58+07:00,dhv5bnmfmh-cmyk,7eaa823f712251797194e6cb1995c9da79ad988a,NO,app/lib/data/journey_background_generated.dart;worker/scripts/generate_daily_backgrounds.mjs;git:8b49de6784cc03972305a55d0e47ddbf2df94daa,AI_GENERATED_RUNTIME_METADATA,REPOSITORY_PROVENANCE_ONLY,UNKNOWN,UNKNOWN,UNKNOWN,UNKNOWN,PARTIAL_WORKFLOW_ONLY,UNKNOWN,UNKNOWN,UNKNOWN,UNKNOWN,UNKNOWN,UNKNOWN,UNKNOWN,UNKNOWN_REVIEW_REQUIRED,UNKNOWN_REVIEW_REQUIRED,UNKNOWN,UNKNOWN,EVIDENCE_PARTIAL,per-asset source/master;platform and model version;per-asset prompt;input asset rights;commercial account evidence;applicable terms snapshot;creator authorization;license scope;reviewer identity;review date,NO,NO,NO_PENDING_EVIDENCE_RECOVERY,Repository provenance does not establish legal rights.,,,,,,
PHX-VIS-1B03E544FFBB,app/assets/images/backgrounds/generated/lijiang/old-town/09-blue-hour.webp,09-blue-hour.webp,WEBP,68420,1600,900,74c4aabf5bb951ce14d0643b38b7011143c84abc4bedbe50252bc63f20a1c79d,dd779a457348949ccadbf9a666d6ea332d2a68f5,YES,JourneyBackgroundCatalog / all Journey pages,Ordinary Journey,ordinary:lijiang-old-town,NONE,PRIMARY,NO,NO,8b49de6784cc03972305a55d0e47ddbf2df94daa,2026-07-30T06:35:58+07:00,dhv5bnmfmh-cmyk,7eaa823f712251797194e6cb1995c9da79ad988a,NO,app/lib/data/journey_background_generated.dart;worker/scripts/generate_daily_backgrounds.mjs;git:8b49de6784cc03972305a55d0e47ddbf2df94daa,AI_GENERATED_RUNTIME_METADATA,REPOSITORY_PROVENANCE_ONLY,UNKNOWN,UNKNOWN,UNKNOWN,UNKNOWN,PARTIAL_WORKFLOW_ONLY,UNKNOWN,UNKNOWN,UNKNOWN,UNKNOWN,UNKNOWN,UNKNOWN,UNKNOWN,UNKNOWN_REVIEW_REQUIRED,UNKNOWN_REVIEW_REQUIRED,UNKNOWN,UNKNOWN,EVIDENCE_PARTIAL,per-asset source/master;platform and model version;per-asset prompt;input asset rights;commercial account evidence;applicable terms snapshot;creator authorization;license scope;reviewer identity;review date,NO,NO,NO_PENDING_EVIDENCE_RECOVERY,Repository provenance does not establish legal rights.,,,,,,
PHX-VIS-5E2368F85EB6,app/assets/images/backgrounds/generated/lijiang/old-town/10-moonlit-finale.webp,10-moonlit-finale.webp,WEBP,85390,1600,900,95a31dbc9eacce8fa8d7ac970a74f0ac0e67c61dc890a82b463ec84cfdad83a9,60fcad33459945907652e2f85317b51a96faaeda,YES,JourneyBackgroundCatalog / all Journey pages,Ordinary Journey,ordinary:lijiang-old-town,NONE,PRIMARY,NO,NO,8b49de6784cc03972305a55d0e47ddbf2df94daa,2026-07-30T06:35:58+07:00,dhv5bnmfmh-cmyk,7eaa823f712251797194e6cb1995c9da79ad988a,NO,app/lib/data/journey_background_generated.dart;worker/scripts/generate_daily_backgrounds.mjs;git:8b49de6784cc03972305a55d0e47ddbf2df94daa,AI_GENERATED_RUNTIME_METADATA,REPOSITORY_PROVENANCE_ONLY,UNKNOWN,UNKNOWN,UNKNOWN,UNKNOWN,PARTIAL_WORKFLOW_ONLY,UNKNOWN,UNKNOWN,UNKNOWN,UNKNOWN,UNKNOWN,UNKNOWN,UNKNOWN,UNKNOWN_REVIEW_REQUIRED,UNKNOWN_REVIEW_REQUIRED,UNKNOWN,UNKNOWN,EVIDENCE_PARTIAL,per-asset source/master;platform and model version;per-asset prompt;input asset rights;commercial account evidence;applicable terms snapshot;creator authorization;license scope;reviewer identity;review date,NO,NO,NO_PENDING_EVIDENCE_RECOVERY,Repository provenance does not establish legal rights.,,,,,,
PHX-VIS-702F4C4CC598,app/assets/images/backgrounds/generated/lijiang/old-town/lijiang-old-town-v1.webp,lijiang-old-town-v1.webp,WEBP,185494,941,1672,1e41d2a6de2ffd530e4cb9db7db2e9d40ebd9ba71047606bdc71dcaca6bda673,357444050cc5d7bb6d28ff9fb3781094b8e2ba9a,YES,JourneyBackgroundCatalog / all Journey pages,Ordinary Journey,ordinary:lijiang-old-town,NONE,PRIMARY,NO,NO,79cd434086eb3476f16d6c5f217874ca3c2cdd9d,2026-07-29T21:45:11+07:00,dhv5bnmfmh-cmyk,7eaa823f712251797194e6cb1995c9da79ad988a,NO,app/lib/data/journey_background_generated.dart;worker/scripts/generate_daily_backgrounds.mjs;git:79cd434086eb3476f16d6c5f217874ca3c2cdd9d,AI_GENERATED_RUNTIME_METADATA,REPOSITORY_PROVENANCE_ONLY,UNKNOWN,UNKNOWN,UNKNOWN,UNKNOWN,PARTIAL_WORKFLOW_ONLY,UNKNOWN,UNKNOWN,UNKNOWN,UNKNOWN,UNKNOWN,UNKNOWN,UNKNOWN,UNKNOWN_REVIEW_REQUIRED,UNKNOWN_REVIEW_REQUIRED,UNKNOWN,UNKNOWN,EVIDENCE_PARTIAL,per-asset source/master;platform and model version;per-asset prompt;input asset rights;commercial account evidence;applicable terms snapshot;creator authorization;license scope;reviewer identity;review date,NO,NO,NO_PENDING_EVIDENCE_RECOVERY,Repository provenance does not establish legal rights.,,,,,,
PHX-VIS-63D0EA3579A1,app/assets/images/backgrounds/generated/luoyang/longmen-grottoes/02-clear-morning.webp,02-clear-morning.webp,WEBP,254964,941,1672,9b77008f8fea72b57eb055652b8d875a46c1d8dad1e1404d37b13104d91b4df6,8318137f280f45f9584267bd10a5a24407fa255a,YES,JourneyBackgroundCatalog / all Journey pages,Ordinary Journey,ordinary:luoyang-longmen-grottoes,NONE,PRIMARY,NO,NO,5a7b56fe3157ac7b7430f592abb53cb0995bcce2,2026-07-30T05:32:40+07:00,dhv5bnmfmh-cmyk,7eaa823f712251797194e6cb1995c9da79ad988a,NO,app/lib/data/journey_background_generated.dart;worker/scripts/generate_daily_backgrounds.mjs;git:5a7b56fe3157ac7b7430f592abb53cb0995bcce2,AI_GENERATED_RUNTIME_METADATA,REPOSITORY_PROVENANCE_ONLY,UNKNOWN,UNKNOWN,UNKNOWN,UNKNOWN,PARTIAL_WORKFLOW_ONLY,UNKNOWN,UNKNOWN,UNKNOWN,UNKNOWN,UNKNOWN,UNKNOWN,UNKNOWN,UNKNOWN_REVIEW_REQUIRED,UNKNOWN_REVIEW_REQUIRED,UNKNOWN,UNKNOWN,EVIDENCE_PARTIAL,per-asset source/master;platform and model version;per-asset prompt;input asset rights;commercial account evidence;applicable terms snapshot;creator authorization;license scope;reviewer identity;review date,NO,NO,NO_PENDING_EVIDENCE_RECOVERY,Repository provenance does not establish legal rights.,,,,,,
PHX-VIS-3BE0D0FD358E,app/assets/images/backgrounds/generated/luoyang/longmen-grottoes/03-river-mist.webp,03-river-mist.webp,WEBP,179622,941,1672,d680fb09a102881daa65c28baeaec38783d5dd26cf84b359676a133761a68823,24931c8b429cbfdc585158afaf0f8aa52292157e,YES,JourneyBackgroundCatalog / all Journey pages,Ordinary Journey,ordinary:luoyang-longmen-grottoes,NONE,PRIMARY,NO,NO,5a7b56fe3157ac7b7430f592abb53cb0995bcce2,2026-07-30T05:32:40+07:00,dhv5bnmfmh-cmyk,7eaa823f712251797194e6cb1995c9da79ad988a,NO,app/lib/data/journey_background_generated.dart;worker/scripts/generate_daily_backgrounds.mjs;git:5a7b56fe3157ac7b7430f592abb53cb0995bcce2,AI_GENERATED_RUNTIME_METADATA,REPOSITORY_PROVENANCE_ONLY,UNKNOWN,UNKNOWN,UNKNOWN,UNKNOWN,PARTIAL_WORKFLOW_ONLY,UNKNOWN,UNKNOWN,UNKNOWN,UNKNOWN,UNKNOWN,UNKNOWN,UNKNOWN,UNKNOWN_REVIEW_REQUIRED,UNKNOWN_REVIEW_REQUIRED,UNKNOWN,UNKNOWN,EVIDENCE_PARTIAL,per-asset source/master;platform and model version;per-asset prompt;input asset rights;commercial account evidence;applicable terms snapshot;creator authorization;license scope;reviewer identity;review date,NO,NO,NO_PENDING_EVIDENCE_RECOVERY,Repository provenance does not establish legal rights.,,,,,,
PHX-VIS-66C9F9061CDD,app/assets/images/backgrounds/generated/luoyang/longmen-grottoes/04-cliff-panorama.webp,04-cliff-panorama.webp,WEBP,294482,941,1672,5b7bc81aad8e187fa013eea8abfc587f6839fcc62c30ffca895520e46f7f1313,81638a70f965d94d2eea039c740861a1c01c7575,YES,JourneyBackgroundCatalog / all Journey pages,Ordinary Journey,ordinary:luoyang-longmen-grottoes,NONE,PRIMARY,NO,NO,5a7b56fe3157ac7b7430f592abb53cb0995bcce2,2026-07-30T05:32:40+07:00,dhv5bnmfmh-cmyk,7eaa823f712251797194e6cb1995c9da79ad988a,NO,app/lib/data/journey_background_generated.dart;worker/scripts/generate_daily_backgrounds.mjs;git:5a7b56fe3157ac7b7430f592abb53cb0995bcce2,AI_GENERATED_RUNTIME_METADATA,REPOSITORY_PROVENANCE_ONLY,UNKNOWN,UNKNOWN,UNKNOWN,UNKNOWN,PARTIAL_WORKFLOW_ONLY,UNKNOWN,UNKNOWN,UNKNOWN,UNKNOWN,UNKNOWN,UNKNOWN,UNKNOWN,UNKNOWN_REVIEW_REQUIRED,UNKNOWN_REVIEW_REQUIRED,UNKNOWN,UNKNOWN,EVIDENCE_PARTIAL,per-asset source/master;platform and model version;per-asset prompt;input asset rights;commercial account evidence;applicable terms snapshot;creator authorization;license scope;reviewer identity;review date,NO,NO,NO_PENDING_EVIDENCE_RECOVERY,Repository provenance does not establish legal rights.,,,,,,
PHX-VIS-4B5A5B9CAD43,app/assets/images/backgrounds/generated/luoyang/longmen-grottoes/05-after-rain.webp,05-after-rain.webp,WEBP,242240,941,1672,f60e7be99f1533416107259563635b3a99f7c7c7364cb6bd4ac534866d9865e4,61b3dcbd27a3ab732038d57e9561e21268179e76,YES,JourneyBackgroundCatalog / all Journey pages,Ordinary Journey,ordinary:luoyang-longmen-grottoes,NONE,PRIMARY,NO,NO,5a7b56fe3157ac7b7430f592abb53cb0995bcce2,2026-07-30T05:32:40+07:00,dhv5bnmfmh-cmyk,7eaa823f712251797194e6cb1995c9da79ad988a,NO,app/lib/data/journey_background_generated.dart;worker/scripts/generate_daily_backgrounds.mjs;git:5a7b56fe3157ac7b7430f592abb53cb0995bcce2,AI_GENERATED_RUNTIME_METADATA,REPOSITORY_PROVENANCE_ONLY,UNKNOWN,UNKNOWN,UNKNOWN,UNKNOWN,PARTIAL_WORKFLOW_ONLY,UNKNOWN,UNKNOWN,UNKNOWN,UNKNOWN,UNKNOWN,UNKNOWN,UNKNOWN,UNKNOWN_REVIEW_REQUIRED,UNKNOWN_REVIEW_REQUIRED,UNKNOWN,UNKNOWN,EVIDENCE_PARTIAL,per-asset source/master;platform and model version;per-asset prompt;input asset rights;commercial account evidence;applicable terms snapshot;creator authorization;license scope;reviewer identity;review date,NO,NO,NO_PENDING_EVIDENCE_RECOVERY,Repository provenance does not establish legal rights.,,,,,,
PHX-VIS-F822FC481F8D,app/assets/images/backgrounds/generated/luoyang/longmen-grottoes/06-winter-snow.webp,06-winter-snow.webp,WEBP,267762,941,1672,9d7347fd482d0d0d5069bb760c5fa0dc9e589eb8274460af61246e1fb80b5a68,970932745232b6fc3defb9da0b64fc7c7d35d127,YES,JourneyBackgroundCatalog / all Journey pages,Ordinary Journey,ordinary:luoyang-longmen-grottoes,NONE,PRIMARY,NO,NO,5a7b56fe3157ac7b7430f592abb53cb0995bcce2,2026-07-30T05:32:40+07:00,dhv5bnmfmh-cmyk,7eaa823f712251797194e6cb1995c9da79ad988a,NO,app/lib/data/journey_background_generated.dart;worker/scripts/generate_daily_backgrounds.mjs;git:5a7b56fe3157ac7b7430f592abb53cb0995bcce2,AI_GENERATED_RUNTIME_METADATA,REPOSITORY_PROVENANCE_ONLY,UNKNOWN,UNKNOWN,UNKNOWN,UNKNOWN,PARTIAL_WORKFLOW_ONLY,UNKNOWN,UNKNOWN,UNKNOWN,UNKNOWN,UNKNOWN,UNKNOWN,UNKNOWN,UNKNOWN_REVIEW_REQUIRED,UNKNOWN_REVIEW_REQUIRED,UNKNOWN,UNKNOWN,EVIDENCE_PARTIAL,per-asset source/master;platform and model version;per-asset prompt;input asset rights;commercial account evidence;applicable terms snapshot;creator authorization;license scope;reviewer identity;review date,NO,NO,NO_PENDING_EVIDENCE_RECOVERY,Repository provenance does not establish legal rights.,,,,,,
PHX-VIS-A4B73EBB87D5,app/assets/images/backgrounds/generated/luoyang/longmen-grottoes/07-golden-hour.webp,07-golden-hour.webp,WEBP,191586,941,1672,774f8309bbcc6362d80ff95adfec57fafd15f9511b7ac1de25989be3671c8c08,1056bc245361a02af370a897df490185af518381,YES,JourneyBackgroundCatalog / all Journey pages,Ordinary Journey,ordinary:luoyang-longmen-grottoes,NONE,PRIMARY,NO,NO,5a7b56fe3157ac7b7430f592abb53cb0995bcce2,2026-07-30T05:32:40+07:00,dhv5bnmfmh-cmyk,7eaa823f712251797194e6cb1995c9da79ad988a,NO,app/lib/data/journey_background_generated.dart;worker/scripts/generate_daily_backgrounds.mjs;git:5a7b56fe3157ac7b7430f592abb53cb0995bcce2,AI_GENERATED_RUNTIME_METADATA,REPOSITORY_PROVENANCE_ONLY,UNKNOWN,UNKNOWN,UNKNOWN,UNKNOWN,PARTIAL_WORKFLOW_ONLY,UNKNOWN,UNKNOWN,UNKNOWN,UNKNOWN,UNKNOWN,UNKNOWN,UNKNOWN,UNKNOWN_REVIEW_REQUIRED,UNKNOWN_REVIEW_REQUIRED,UNKNOWN,UNKNOWN,EVIDENCE_PARTIAL,per-asset source/master;platform and model version;per-asset prompt;input asset rights;commercial account evidence;applicable terms snapshot;creator authorization;license scope;reviewer identity;review date,NO,NO,NO_PENDING_EVIDENCE_RECOVERY,Repository provenance does not establish legal rights.,,,,,,
PHX-VIS-EE0DF7ED4C1B,app/assets/images/backgrounds/generated/luoyang/longmen-grottoes/08-blue-hour.webp,08-blue-hour.webp,WEBP,126818,941,1672,66dec1c1d853a11f167ab767a9660e0be07b088b0c24c68aa0b62742d8ed24ce,09e7b7d1f63153b5b3458c9184255a78d179886b,YES,JourneyBackgroundCatalog / all Journey pages,Ordinary Journey,ordinary:luoyang-longmen-grottoes,NONE,PRIMARY,NO,NO,5a7b56fe3157ac7b7430f592abb53cb0995bcce2,2026-07-30T05:32:40+07:00,dhv5bnmfmh-cmyk,7eaa823f712251797194e6cb1995c9da79ad988a,NO,app/lib/data/journey_background_generated.dart;worker/scripts/generate_daily_backgrounds.mjs;git:5a7b56fe3157ac7b7430f592abb53cb0995bcce2,AI_GENERATED_RUNTIME_METADATA,REPOSITORY_PROVENANCE_ONLY,UNKNOWN,UNKNOWN,UNKNOWN,UNKNOWN,PARTIAL_WORKFLOW_ONLY,UNKNOWN,UNKNOWN,UNKNOWN,UNKNOWN,UNKNOWN,UNKNOWN,UNKNOWN,UNKNOWN_REVIEW_REQUIRED,UNKNOWN_REVIEW_REQUIRED,UNKNOWN,UNKNOWN,EVIDENCE_PARTIAL,per-asset source/master;platform and model version;per-asset prompt;input asset rights;commercial account evidence;applicable terms snapshot;creator authorization;license scope;reviewer identity;review date,NO,NO,NO_PENDING_EVIDENCE_RECOVERY,Repository provenance does not establish legal rights.,,,,,,
PHX-VIS-13972B88B6BA,app/assets/images/backgrounds/generated/luoyang/longmen-grottoes/09-moonlit-grottoes.webp,09-moonlit-grottoes.webp,WEBP,164880,941,1672,45ce7c8b16d57ac82c9727c1eda1603064e3a46cdb29e8d462eaec329f664902,2b55a30b7c104322c92fbcb2ada04dc1d317b460,YES,JourneyBackgroundCatalog / all Journey pages,Ordinary Journey,ordinary:luoyang-longmen-grottoes,NONE,PRIMARY,NO,NO,5a7b56fe3157ac7b7430f592abb53cb0995bcce2,2026-07-30T05:32:40+07:00,dhv5bnmfmh-cmyk,7eaa823f712251797194e6cb1995c9da79ad988a,NO,app/lib/data/journey_background_generated.dart;worker/scripts/generate_daily_backgrounds.mjs;git:5a7b56fe3157ac7b7430f592abb53cb0995bcce2,AI_GENERATED_RUNTIME_METADATA,REPOSITORY_PROVENANCE_ONLY,UNKNOWN,UNKNOWN,UNKNOWN,UNKNOWN,PARTIAL_WORKFLOW_ONLY,UNKNOWN,UNKNOWN,UNKNOWN,UNKNOWN,UNKNOWN,UNKNOWN,UNKNOWN,UNKNOWN_REVIEW_REQUIRED,UNKNOWN_REVIEW_REQUIRED,UNKNOWN,UNKNOWN,EVIDENCE_PARTIAL,per-asset source/master;platform and model version;per-asset prompt;input asset rights;commercial account evidence;applicable terms snapshot;creator authorization;license scope;reviewer identity;review date,NO,NO,NO_PENDING_EVIDENCE_RECOVERY,Repository provenance does not establish legal rights.,,,,,,
PHX-VIS-CCE692F07934,app/assets/images/backgrounds/generated/luoyang/longmen-grottoes/10-night-panorama.webp,10-night-panorama.webp,WEBP,107476,941,1672,231d01af67c208aac87ce98cb923625fc59e642f722caaa129a2e02f6f93f6e4,1143c4cf043130cf39777c4ab325359ec1dd447a,YES,JourneyBackgroundCatalog / all Journey pages,Ordinary Journey,ordinary:luoyang-longmen-grottoes,NONE,PRIMARY,NO,NO,5a7b56fe3157ac7b7430f592abb53cb0995bcce2,2026-07-30T05:32:40+07:00,dhv5bnmfmh-cmyk,7eaa823f712251797194e6cb1995c9da79ad988a,NO,app/lib/data/journey_background_generated.dart;worker/scripts/generate_daily_backgrounds.mjs;git:5a7b56fe3157ac7b7430f592abb53cb0995bcce2,AI_GENERATED_RUNTIME_METADATA,REPOSITORY_PROVENANCE_ONLY,UNKNOWN,UNKNOWN,UNKNOWN,UNKNOWN,PARTIAL_WORKFLOW_ONLY,UNKNOWN,UNKNOWN,UNKNOWN,UNKNOWN,UNKNOWN,UNKNOWN,UNKNOWN,UNKNOWN_REVIEW_REQUIRED,UNKNOWN_REVIEW_REQUIRED,UNKNOWN,UNKNOWN,EVIDENCE_PARTIAL,per-asset source/master;platform and model version;per-asset prompt;input asset rights;commercial account evidence;applicable terms snapshot;creator authorization;license scope;reviewer identity;review date,NO,NO,NO_PENDING_EVIDENCE_RECOVERY,Repository provenance does not establish legal rights.,,,,,,
PHX-VIS-9FA819720896,app/assets/images/backgrounds/generated/luoyang/longmen-grottoes/luoyang-longmen-grottoes-v1.webp,luoyang-longmen-grottoes-v1.webp,WEBP,302220,941,1672,773571edea251405a71f697430bfd4dbade156c3d6286b5a3d0feaa8e9851549,64a2de03a88a921c2192c978b5946dbcd9e34b6d,YES,JourneyBackgroundCatalog / all Journey pages,Ordinary Journey,ordinary:luoyang-longmen-grottoes,NONE,PRIMARY,NO,NO,f4eee5fd02dc8bd657b4909e62895dc45446ef83,2026-07-29T20:41:19+07:00,dhv5bnmfmh-cmyk,7eaa823f712251797194e6cb1995c9da79ad988a,NO,app/lib/data/journey_background_generated.dart;worker/scripts/generate_daily_backgrounds.mjs;git:f4eee5fd02dc8bd657b4909e62895dc45446ef83,AI_GENERATED_RUNTIME_METADATA,REPOSITORY_PROVENANCE_ONLY,UNKNOWN,UNKNOWN,UNKNOWN,UNKNOWN,PARTIAL_WORKFLOW_ONLY,UNKNOWN,UNKNOWN,UNKNOWN,UNKNOWN,UNKNOWN,UNKNOWN,UNKNOWN,UNKNOWN_REVIEW_REQUIRED,UNKNOWN_REVIEW_REQUIRED,UNKNOWN,UNKNOWN,EVIDENCE_PARTIAL,per-asset source/master;platform and model version;per-asset prompt;input asset rights;commercial account evidence;applicable terms snapshot;creator authorization;license scope;reviewer identity;review date,NO,NO,NO_PENDING_EVIDENCE_RECOVERY,Repository provenance does not establish legal rights.,,,,,,
PHX-VIS-A6F46AC22A14,app/assets/images/backgrounds/generated/nanjing/qinhuai-river/01-sunrise-arrival.webp,01-sunrise-arrival.webp,WEBP,92136,864,1536,89d1353151e9efafdedcebc13c7a909eea38f212b280cc7fc3dbe039915a82bb,01c54fb5e1469c117efdbecc2ccf188e7dfa610a,YES,JourneyBackgroundCatalog / all Journey pages,Ordinary Journey,ordinary:nanjing-qinhuai-river,NONE,PRIMARY,NO,NO,ccd848979f8f86196c11e5d692f3f437cd76c7de,2026-07-27T19:37:57+07:00,dhv5bnmfmh-cmyk,7eaa823f712251797194e6cb1995c9da79ad988a,YES,design/ASSET_REGISTER.csv;design/PHOENIX_ASSET_OWNERSHIP.md;app/lib/data/journey_background_generated.dart;worker/scripts/generate_daily_backgrounds.mjs;git:ccd848979f8f86196c11e5d692f3f437cd76c7de,AI-generated Phoenix original,OpenAI image generation 2026-07-22,UNKNOWN,OpenAI (existing record),UNKNOWN,UNKNOWN,PARTIAL_WORKFLOW_ONLY,UNKNOWN,UNKNOWN,UNKNOWN,phoenix-exclusive-owned,UNKNOWN,UNKNOWN,UNKNOWN,UNKNOWN_REVIEW_REQUIRED,UNKNOWN_REVIEW_REQUIRED,UNKNOWN,UNKNOWN,EVIDENCE_PARTIAL,per-asset source/master;platform and model version;per-asset prompt;input asset rights;commercial account evidence;applicable terms snapshot;creator authorization;license scope;reviewer identity;review date,NO,NO,NO_PENDING_EVIDENCE_RECOVERY,Preserved legacy fields: description=Nanjing Qinhuai River sunrise arrival;origin=AI-generated Phoenix original;license_type=phoenix-exclusive-owned;proof_url=OpenAI image generation 2026-07-22;review_status=approved Repository provenance does not establish legal rights.,,,,,,
PHX-VIS-9B596B1F95D6,app/assets/images/backgrounds/generated/nanjing/qinhuai-river/02-morning-street.webp,02-morning-street.webp,WEBP,82084,864,1536,bfdaa3cc5ddc97fb469e37444552bb48968020b11f9114eef4a667ad0e729f53,4bdbb8e086a8ca0fd4a5bfe71760fcea1a07f1b3,YES,JourneyBackgroundCatalog / all Journey pages,Ordinary Journey,ordinary:nanjing-qinhuai-river,NONE,PRIMARY,NO,NO,ccd848979f8f86196c11e5d692f3f437cd76c7de,2026-07-27T19:37:57+07:00,dhv5bnmfmh-cmyk,7eaa823f712251797194e6cb1995c9da79ad988a,YES,design/ASSET_REGISTER.csv;design/PHOENIX_ASSET_OWNERSHIP.md;app/lib/data/journey_background_generated.dart;worker/scripts/generate_daily_backgrounds.mjs;git:ccd848979f8f86196c11e5d692f3f437cd76c7de,AI-generated Phoenix original,OpenAI image generation 2026-07-22,UNKNOWN,OpenAI (existing record),UNKNOWN,UNKNOWN,PARTIAL_WORKFLOW_ONLY,UNKNOWN,UNKNOWN,UNKNOWN,phoenix-exclusive-owned,UNKNOWN,UNKNOWN,UNKNOWN,UNKNOWN_REVIEW_REQUIRED,UNKNOWN_REVIEW_REQUIRED,UNKNOWN,UNKNOWN,EVIDENCE_PARTIAL,per-asset source/master;platform and model version;per-asset prompt;input asset rights;commercial account evidence;applicable terms snapshot;creator authorization;license scope;reviewer identity;review date,NO,NO,NO_PENDING_EVIDENCE_RECOVERY,Preserved legacy fields: description=Nanjing Qinhuai River morning waterside;origin=AI-generated Phoenix original;license_type=phoenix-exclusive-owned;proof_url=OpenAI image generation 2026-07-22;review_status=approved Repository provenance does not establish legal rights.,,,,,,
PHX-VIS-24257BF08653,app/assets/images/backgrounds/generated/nanjing/qinhuai-river/03-misty-detail.webp,03-misty-detail.webp,WEBP,128794,864,1536,0e7a3bc3df7514832cf8e3d0836a3fdb36f82fe1bf041a512cffb121349905cd,07302feee235d2e710e13610fe1de8e80090cf8c,YES,JourneyBackgroundCatalog / all Journey pages,Ordinary Journey,ordinary:nanjing-qinhuai-river,NONE,PRIMARY,NO,NO,ccd848979f8f86196c11e5d692f3f437cd76c7de,2026-07-27T19:37:57+07:00,dhv5bnmfmh-cmyk,7eaa823f712251797194e6cb1995c9da79ad988a,YES,design/ASSET_REGISTER.csv;design/PHOENIX_ASSET_OWNERSHIP.md;app/lib/data/journey_background_generated.dart;worker/scripts/generate_daily_backgrounds.mjs;git:ccd848979f8f86196c11e5d692f3f437cd76c7de,AI-generated Phoenix original,OpenAI image generation 2026-07-22,UNKNOWN,OpenAI (existing record),UNKNOWN,UNKNOWN,PARTIAL_WORKFLOW_ONLY,UNKNOWN,UNKNOWN,UNKNOWN,phoenix-exclusive-owned,UNKNOWN,UNKNOWN,UNKNOWN,UNKNOWN_REVIEW_REQUIRED,UNKNOWN_REVIEW_REQUIRED,UNKNOWN,UNKNOWN,EVIDENCE_PARTIAL,per-asset source/master;platform and model version;per-asset prompt;input asset rights;commercial account evidence;applicable terms snapshot;creator authorization;license scope;reviewer identity;review date,NO,NO,NO_PENDING_EVIDENCE_RECOVERY,Preserved legacy fields: description=Nanjing Qinhuai River misty detail;origin=AI-generated Phoenix original;license_type=phoenix-exclusive-owned;proof_url=OpenAI image generation 2026-07-22;review_status=approved Repository provenance does not establish legal rights.,,,,,,
PHX-VIS-930BDDA475B0,app/assets/images/backgrounds/generated/nanjing/qinhuai-river/04-bright-panorama.webp,04-bright-panorama.webp,WEBP,143534,864,1536,6084559ef07b14b956e43f555e81bd399a9f5e8921901e6f73b40172ba4c73fa,85ce622e39f510cc67bd7689b29b53b0696e5b52,YES,JourneyBackgroundCatalog / all Journey pages,Ordinary Journey,ordinary:nanjing-qinhuai-river,NONE,PRIMARY,NO,NO,ccd848979f8f86196c11e5d692f3f437cd76c7de,2026-07-27T19:37:57+07:00,dhv5bnmfmh-cmyk,7eaa823f712251797194e6cb1995c9da79ad988a,YES,design/ASSET_REGISTER.csv;design/PHOENIX_ASSET_OWNERSHIP.md;app/lib/data/journey_background_generated.dart;worker/scripts/generate_daily_backgrounds.mjs;git:ccd848979f8f86196c11e5d692f3f437cd76c7de,AI-generated Phoenix original,OpenAI image generation 2026-07-22,UNKNOWN,OpenAI (existing record),UNKNOWN,UNKNOWN,PARTIAL_WORKFLOW_ONLY,UNKNOWN,UNKNOWN,UNKNOWN,phoenix-exclusive-owned,UNKNOWN,UNKNOWN,UNKNOWN,UNKNOWN_REVIEW_REQUIRED,UNKNOWN_REVIEW_REQUIRED,UNKNOWN,UNKNOWN,EVIDENCE_PARTIAL,per-asset source/master;platform and model version;per-asset prompt;input asset rights;commercial account evidence;applicable terms snapshot;creator authorization;license scope;reviewer identity;review date,NO,NO,NO_PENDING_EVIDENCE_RECOVERY,Preserved legacy fields: description=Nanjing Qinhuai River bright panorama;origin=AI-generated Phoenix original;license_type=phoenix-exclusive-owned;proof_url=OpenAI image generation 2026-07-22;review_status=approved Repository provenance does not establish legal rights.,,,,,,
PHX-VIS-5A4572863D6C,app/assets/images/backgrounds/generated/nanjing/qinhuai-river/05-after-rain.webp,05-after-rain.webp,WEBP,167110,864,1536,4a6676cee4de6da3e8663bd9573431cad40a25879ef2cc0473e0b76b081a27c0,a92487156af3c4d1b5f70bc60087249e68383f4e,YES,JourneyBackgroundCatalog / all Journey pages,Ordinary Journey,ordinary:nanjing-qinhuai-river,NONE,PRIMARY,NO,NO,ccd848979f8f86196c11e5d692f3f437cd76c7de,2026-07-27T19:37:57+07:00,dhv5bnmfmh-cmyk,7eaa823f712251797194e6cb1995c9da79ad988a,YES,design/ASSET_REGISTER.csv;design/PHOENIX_ASSET_OWNERSHIP.md;app/lib/data/journey_background_generated.dart;worker/scripts/generate_daily_backgrounds.mjs;git:ccd848979f8f86196c11e5d692f3f437cd76c7de,AI-generated Phoenix original,OpenAI image generation 2026-07-22,UNKNOWN,OpenAI (existing record),UNKNOWN,UNKNOWN,PARTIAL_WORKFLOW_ONLY,UNKNOWN,UNKNOWN,UNKNOWN,phoenix-exclusive-owned,UNKNOWN,UNKNOWN,UNKNOWN,UNKNOWN_REVIEW_REQUIRED,UNKNOWN_REVIEW_REQUIRED,UNKNOWN,UNKNOWN,EVIDENCE_PARTIAL,per-asset source/master;platform and model version;per-asset prompt;input asset rights;commercial account evidence;applicable terms snapshot;creator authorization;license scope;reviewer identity;review date,NO,NO,NO_PENDING_EVIDENCE_RECOVERY,Preserved legacy fields: description=Nanjing Qinhuai River after rain;origin=AI-generated Phoenix original;license_type=phoenix-exclusive-owned;proof_url=OpenAI image generation 2026-07-22;review_status=approved Repository provenance does not establish legal rights.,,,,,,
PHX-VIS-19FF3B85BD86,app/assets/images/backgrounds/generated/nanjing/qinhuai-river/06-seasonal-landscape.webp,06-seasonal-landscape.webp,WEBP,206834,864,1536,75516ac759053909b6fcd8e6b16d77371ab67a420c0e514e831147a5bc434f9d,2572f7f02ad8cfd0f69b622698130f0cf1a018b3,YES,JourneyBackgroundCatalog / all Journey pages,Ordinary Journey,ordinary:nanjing-qinhuai-river,NONE,PRIMARY,NO,NO,ccd848979f8f86196c11e5d692f3f437cd76c7de,2026-07-27T19:37:57+07:00,dhv5bnmfmh-cmyk,7eaa823f712251797194e6cb1995c9da79ad988a,YES,design/ASSET_REGISTER.csv;design/PHOENIX_ASSET_OWNERSHIP.md;app/lib/data/journey_background_generated.dart;worker/scripts/generate_daily_backgrounds.mjs;git:ccd848979f8f86196c11e5d692f3f437cd76c7de,AI-generated Phoenix original,OpenAI image generation 2026-07-22,UNKNOWN,OpenAI (existing record),UNKNOWN,UNKNOWN,PARTIAL_WORKFLOW_ONLY,UNKNOWN,UNKNOWN,UNKNOWN,phoenix-exclusive-owned,UNKNOWN,UNKNOWN,UNKNOWN,UNKNOWN_REVIEW_REQUIRED,UNKNOWN_REVIEW_REQUIRED,UNKNOWN,UNKNOWN,EVIDENCE_PARTIAL,per-asset source/master;platform and model version;per-asset prompt;input asset rights;commercial account evidence;applicable terms snapshot;creator authorization;license scope;reviewer identity;review date,NO,NO,NO_PENDING_EVIDENCE_RECOVERY,Preserved legacy fields: description=Nanjing Qinhuai River autumn landscape;origin=AI-generated Phoenix original;license_type=phoenix-exclusive-owned;proof_url=OpenAI image generation 2026-07-22;review_status=approved Repository provenance does not establish legal rights.,,,,,,
PHX-VIS-D2026D4F9ACB,app/assets/images/backgrounds/generated/nanjing/qinhuai-river/07-golden-hour.webp,07-golden-hour.webp,WEBP,158856,864,1536,80fe69078d936b1c6df7f9d2d026021ae2ae05867574a05ccb8d5a3a4501936f,21b1b5e6bf185c39c77c44468ae28a6f136e22c8,YES,JourneyBackgroundCatalog / all Journey pages,Ordinary Journey,ordinary:nanjing-qinhuai-river,NONE,PRIMARY,NO,NO,ccd848979f8f86196c11e5d692f3f437cd76c7de,2026-07-27T19:37:57+07:00,dhv5bnmfmh-cmyk,7eaa823f712251797194e6cb1995c9da79ad988a,YES,design/ASSET_REGISTER.csv;design/PHOENIX_ASSET_OWNERSHIP.md;app/lib/data/journey_background_generated.dart;worker/scripts/generate_daily_backgrounds.mjs;git:ccd848979f8f86196c11e5d692f3f437cd76c7de,AI-generated Phoenix original,OpenAI image generation 2026-07-22,UNKNOWN,OpenAI (existing record),UNKNOWN,UNKNOWN,PARTIAL_WORKFLOW_ONLY,UNKNOWN,UNKNOWN,UNKNOWN,phoenix-exclusive-owned,UNKNOWN,UNKNOWN,UNKNOWN,UNKNOWN_REVIEW_REQUIRED,UNKNOWN_REVIEW_REQUIRED,UNKNOWN,UNKNOWN,EVIDENCE_PARTIAL,per-asset source/master;platform and model version;per-asset prompt;input asset rights;commercial account evidence;applicable terms snapshot;creator authorization;license scope;reviewer identity;review date,NO,NO,NO_PENDING_EVIDENCE_RECOVERY,Preserved legacy fields: description=Nanjing Qinhuai River golden hour;origin=AI-generated Phoenix original;license_type=phoenix-exclusive-owned;proof_url=OpenAI image generation 2026-07-22;review_status=approved Repository provenance does not establish legal rights.,,,,,,
PHX-VIS-C647DA92F06F,app/assets/images/backgrounds/generated/nanjing/qinhuai-river/08-blue-hour.webp,08-blue-hour.webp,WEBP,83670,864,1536,07048cb1d36c01bf6faff56f94e4fa8d17037aff5afdcdb33a9e44ef0655621c,494c5300bb1d61b90c31b4c29400488fa742b54b,YES,JourneyBackgroundCatalog / all Journey pages,Ordinary Journey,ordinary:nanjing-qinhuai-river,NONE,PRIMARY,NO,NO,ccd848979f8f86196c11e5d692f3f437cd76c7de,2026-07-27T19:37:57+07:00,dhv5bnmfmh-cmyk,7eaa823f712251797194e6cb1995c9da79ad988a,YES,design/ASSET_REGISTER.csv;design/PHOENIX_ASSET_OWNERSHIP.md;app/lib/data/journey_background_generated.dart;worker/scripts/generate_daily_backgrounds.mjs;git:ccd848979f8f86196c11e5d692f3f437cd76c7de,AI-generated Phoenix original,OpenAI image generation 2026-07-22,UNKNOWN,OpenAI (existing record),UNKNOWN,UNKNOWN,PARTIAL_WORKFLOW_ONLY,UNKNOWN,UNKNOWN,UNKNOWN,phoenix-exclusive-owned,UNKNOWN,UNKNOWN,UNKNOWN,UNKNOWN_REVIEW_REQUIRED,UNKNOWN_REVIEW_REQUIRED,UNKNOWN,UNKNOWN,EVIDENCE_PARTIAL,per-asset source/master;platform and model version;per-asset prompt;input asset rights;commercial account evidence;applicable terms snapshot;creator authorization;license scope;reviewer identity;review date,NO,NO,NO_PENDING_EVIDENCE_RECOVERY,Preserved legacy fields: description=Nanjing Qinhuai River blue hour;origin=AI-generated Phoenix original;license_type=phoenix-exclusive-owned;proof_url=OpenAI image generation 2026-07-22;review_status=approved Repository provenance does not establish legal rights.,,,,,,
PHX-VIS-8F0B32204040,app/assets/images/backgrounds/generated/nanjing/qinhuai-river/09-lantern-night.webp,09-lantern-night.webp,WEBP,127418,864,1536,34e28791c64653579ef31f559d78dd8e0fb2427e92892c4030d9d3533d37f6c5,00d7b8338204dbeab372e5964df45b739794b8c2,YES,JourneyBackgroundCatalog / all Journey pages,Ordinary Journey,ordinary:nanjing-qinhuai-river,NONE,PRIMARY,NO,NO,ccd848979f8f86196c11e5d692f3f437cd76c7de,2026-07-27T19:37:57+07:00,dhv5bnmfmh-cmyk,7eaa823f712251797194e6cb1995c9da79ad988a,YES,design/ASSET_REGISTER.csv;design/PHOENIX_ASSET_OWNERSHIP.md;app/lib/data/journey_background_generated.dart;worker/scripts/generate_daily_backgrounds.mjs;git:ccd848979f8f86196c11e5d692f3f437cd76c7de,AI-generated Phoenix original,OpenAI image generation 2026-07-22,UNKNOWN,OpenAI (existing record),UNKNOWN,UNKNOWN,PARTIAL_WORKFLOW_ONLY,UNKNOWN,UNKNOWN,UNKNOWN,phoenix-exclusive-owned,UNKNOWN,UNKNOWN,UNKNOWN,UNKNOWN_REVIEW_REQUIRED,UNKNOWN_REVIEW_REQUIRED,UNKNOWN,UNKNOWN,EVIDENCE_PARTIAL,per-asset source/master;platform and model version;per-asset prompt;input asset rights;commercial account evidence;applicable terms snapshot;creator authorization;license scope;reviewer identity;review date,NO,NO,NO_PENDING_EVIDENCE_RECOVERY,Preserved legacy fields: description=Nanjing Qinhuai River lantern night;origin=AI-generated Phoenix original;license_type=phoenix-exclusive-owned;proof_url=OpenAI image generation 2026-07-22;review_status=approved Repository provenance does not establish legal rights.,,,,,,
PHX-VIS-E8C574108155,app/assets/images/backgrounds/generated/nanjing/qinhuai-river/10-quiet-night-panorama.webp,10-quiet-night-panorama.webp,WEBP,70550,864,1536,8f451403abc30ca98112570b2f2cdbfede3289081c50060f36936cf0a30e1a5c,5b5f6105be7a27074b6b12e5f5745efed6c298eb,YES,JourneyBackgroundCatalog / all Journey pages,Ordinary Journey,ordinary:nanjing-qinhuai-river,NONE,PRIMARY,NO,NO,ccd848979f8f86196c11e5d692f3f437cd76c7de,2026-07-27T19:37:57+07:00,dhv5bnmfmh-cmyk,7eaa823f712251797194e6cb1995c9da79ad988a,YES,design/ASSET_REGISTER.csv;design/PHOENIX_ASSET_OWNERSHIP.md;app/lib/data/journey_background_generated.dart;worker/scripts/generate_daily_backgrounds.mjs;git:ccd848979f8f86196c11e5d692f3f437cd76c7de,AI-generated Phoenix original,OpenAI image generation 2026-07-22,UNKNOWN,OpenAI (existing record),UNKNOWN,UNKNOWN,PARTIAL_WORKFLOW_ONLY,UNKNOWN,UNKNOWN,UNKNOWN,phoenix-exclusive-owned,UNKNOWN,UNKNOWN,UNKNOWN,UNKNOWN_REVIEW_REQUIRED,UNKNOWN_REVIEW_REQUIRED,UNKNOWN,UNKNOWN,EVIDENCE_PARTIAL,per-asset source/master;platform and model version;per-asset prompt;input asset rights;commercial account evidence;applicable terms snapshot;creator authorization;license scope;reviewer identity;review date,NO,NO,NO_PENDING_EVIDENCE_RECOVERY,Preserved legacy fields: description=Nanjing Qinhuai River quiet night panorama;origin=AI-generated Phoenix original;license_type=phoenix-exclusive-owned;proof_url=OpenAI image generation 2026-07-22;review_status=approved Repository provenance does not establish legal rights.,,,,,,
PHX-VIS-566D932B182C,app/assets/images/backgrounds/generated/pingyao/ancient-city/02-dawn-arrival.webp,02-dawn-arrival.webp,WEBP,41524,1600,900,50b2bf35adceadcbb973737c61698297c90d826d3b1a2142382d88a21a436d0b,8fb0f0e37839ef7169cde6974017a6f34cf278cf,YES,JourneyBackgroundCatalog / all Journey pages,Ordinary Journey,ordinary:pingyao-ancient-city,NONE,PRIMARY,NO,NO,e3bbe25b396cb5ed903fdecd7c41ecab823673e7,2026-07-30T07:14:39+07:00,dhv5bnmfmh-cmyk,7eaa823f712251797194e6cb1995c9da79ad988a,NO,app/lib/data/journey_background_generated.dart;worker/scripts/generate_daily_backgrounds.mjs;git:e3bbe25b396cb5ed903fdecd7c41ecab823673e7,AI_GENERATED_RUNTIME_METADATA,REPOSITORY_PROVENANCE_ONLY,UNKNOWN,UNKNOWN,UNKNOWN,UNKNOWN,PARTIAL_WORKFLOW_ONLY,UNKNOWN,UNKNOWN,UNKNOWN,UNKNOWN,UNKNOWN,UNKNOWN,UNKNOWN,UNKNOWN_REVIEW_REQUIRED,UNKNOWN_REVIEW_REQUIRED,UNKNOWN,UNKNOWN,EVIDENCE_PARTIAL,per-asset source/master;platform and model version;per-asset prompt;input asset rights;commercial account evidence;applicable terms snapshot;creator authorization;license scope;reviewer identity;review date,NO,NO,NO_PENDING_EVIDENCE_RECOVERY,Repository provenance does not establish legal rights.,,,,,,
PHX-VIS-E5ED42BE8A87,app/assets/images/backgrounds/generated/pingyao/ancient-city/03-clear-morning.webp,03-clear-morning.webp,WEBP,69034,1600,900,0837acd52387476c3e45a7869f14a28bad9b7b2e30b85e17f8fef25d2a713167,684425c035f321bf4bb5ec390db5f2a5fa3ebda4,YES,JourneyBackgroundCatalog / all Journey pages,Ordinary Journey,ordinary:pingyao-ancient-city,NONE,PRIMARY,NO,NO,e3bbe25b396cb5ed903fdecd7c41ecab823673e7,2026-07-30T07:14:39+07:00,dhv5bnmfmh-cmyk,7eaa823f712251797194e6cb1995c9da79ad988a,NO,app/lib/data/journey_background_generated.dart;worker/scripts/generate_daily_backgrounds.mjs;git:e3bbe25b396cb5ed903fdecd7c41ecab823673e7,AI_GENERATED_RUNTIME_METADATA,REPOSITORY_PROVENANCE_ONLY,UNKNOWN,UNKNOWN,UNKNOWN,UNKNOWN,PARTIAL_WORKFLOW_ONLY,UNKNOWN,UNKNOWN,UNKNOWN,UNKNOWN,UNKNOWN,UNKNOWN,UNKNOWN,UNKNOWN_REVIEW_REQUIRED,UNKNOWN_REVIEW_REQUIRED,UNKNOWN,UNKNOWN,EVIDENCE_PARTIAL,per-asset source/master;platform and model version;per-asset prompt;input asset rights;commercial account evidence;applicable terms snapshot;creator authorization;license scope;reviewer identity;review date,NO,NO,NO_PENDING_EVIDENCE_RECOVERY,Repository provenance does not establish legal rights.,,,,,,
PHX-VIS-4B2973E81548,app/assets/images/backgrounds/generated/pingyao/ancient-city/04-atmospheric-detail.webp,04-atmospheric-detail.webp,WEBP,84718,1600,900,952cbeea5ad982821948c0d2951ef344df858dad06e76bb33b0ab493312f1328,616803852d771f57ef4b5643b653b60f877b10e7,YES,JourneyBackgroundCatalog / all Journey pages,Ordinary Journey,ordinary:pingyao-ancient-city,NONE,PRIMARY,NO,NO,e3bbe25b396cb5ed903fdecd7c41ecab823673e7,2026-07-30T07:14:39+07:00,dhv5bnmfmh-cmyk,7eaa823f712251797194e6cb1995c9da79ad988a,NO,app/lib/data/journey_background_generated.dart;worker/scripts/generate_daily_backgrounds.mjs;git:e3bbe25b396cb5ed903fdecd7c41ecab823673e7,AI_GENERATED_RUNTIME_METADATA,REPOSITORY_PROVENANCE_ONLY,UNKNOWN,UNKNOWN,UNKNOWN,UNKNOWN,PARTIAL_WORKFLOW_ONLY,UNKNOWN,UNKNOWN,UNKNOWN,UNKNOWN,UNKNOWN,UNKNOWN,UNKNOWN,UNKNOWN_REVIEW_REQUIRED,UNKNOWN_REVIEW_REQUIRED,UNKNOWN,UNKNOWN,EVIDENCE_PARTIAL,per-asset source/master;platform and model version;per-asset prompt;input asset rights;commercial account evidence;applicable terms snapshot;creator authorization;license scope;reviewer identity;review date,NO,NO,NO_PENDING_EVIDENCE_RECOVERY,Repository provenance does not establish legal rights.,,,,,,
PHX-VIS-AF5ED1303AE5,app/assets/images/backgrounds/generated/pingyao/ancient-city/05-heritage-texture.webp,05-heritage-texture.webp,WEBP,96608,1600,900,0da718eba873c3bae641084a1bf666afea6783782f4cac47734cd4bb1448faf7,e3cdf471462bf750d14cd8d0c6c7f1447e6feb0d,YES,JourneyBackgroundCatalog / all Journey pages,Ordinary Journey,ordinary:pingyao-ancient-city,NONE,PRIMARY,NO,NO,e3bbe25b396cb5ed903fdecd7c41ecab823673e7,2026-07-30T07:14:39+07:00,dhv5bnmfmh-cmyk,7eaa823f712251797194e6cb1995c9da79ad988a,NO,app/lib/data/journey_background_generated.dart;worker/scripts/generate_daily_backgrounds.mjs;git:e3bbe25b396cb5ed903fdecd7c41ecab823673e7,AI_GENERATED_RUNTIME_METADATA,REPOSITORY_PROVENANCE_ONLY,UNKNOWN,UNKNOWN,UNKNOWN,UNKNOWN,PARTIAL_WORKFLOW_ONLY,UNKNOWN,UNKNOWN,UNKNOWN,UNKNOWN,UNKNOWN,UNKNOWN,UNKNOWN,UNKNOWN_REVIEW_REQUIRED,UNKNOWN_REVIEW_REQUIRED,UNKNOWN,UNKNOWN,EVIDENCE_PARTIAL,per-asset source/master;platform and model version;per-asset prompt;input asset rights;commercial account evidence;applicable terms snapshot;creator authorization;license scope;reviewer identity;review date,NO,NO,NO_PENDING_EVIDENCE_RECOVERY,Repository provenance does not establish legal rights.,,,,,,
PHX-VIS-1AF08BB5DEED,app/assets/images/backgrounds/generated/pingyao/ancient-city/06-after-rain.webp,06-after-rain.webp,WEBP,53290,1600,900,ae6b8e978398716170465729b1739c73c3dd49942dc145ac45ddf36a013227d8,ece820013e3df1e706154933b7cb05b72e244720,YES,JourneyBackgroundCatalog / all Journey pages,Ordinary Journey,ordinary:pingyao-ancient-city,NONE,PRIMARY,NO,NO,e3bbe25b396cb5ed903fdecd7c41ecab823673e7,2026-07-30T07:14:39+07:00,dhv5bnmfmh-cmyk,7eaa823f712251797194e6cb1995c9da79ad988a,NO,app/lib/data/journey_background_generated.dart;worker/scripts/generate_daily_backgrounds.mjs;git:e3bbe25b396cb5ed903fdecd7c41ecab823673e7,AI_GENERATED_RUNTIME_METADATA,REPOSITORY_PROVENANCE_ONLY,UNKNOWN,UNKNOWN,UNKNOWN,UNKNOWN,PARTIAL_WORKFLOW_ONLY,UNKNOWN,UNKNOWN,UNKNOWN,UNKNOWN,UNKNOWN,UNKNOWN,UNKNOWN,UNKNOWN_REVIEW_REQUIRED,UNKNOWN_REVIEW_REQUIRED,UNKNOWN,UNKNOWN,EVIDENCE_PARTIAL,per-asset source/master;platform and model version;per-asset prompt;input asset rights;commercial account evidence;applicable terms snapshot;creator authorization;license scope;reviewer identity;review date,NO,NO,NO_PENDING_EVIDENCE_RECOVERY,Repository provenance does not establish legal rights.,,,,,,
PHX-VIS-7B17A10E01BE,app/assets/images/backgrounds/generated/pingyao/ancient-city/07-traveler-scale.webp,07-traveler-scale.webp,WEBP,48914,1600,900,ba6e9837ae172b4d8f3653db36760550e7f291d51a85f0c2476fc6840add4815,deb52803defa1bbd75e2bf81bc056bd144a6df13,YES,JourneyBackgroundCatalog / all Journey pages,Ordinary Journey,ordinary:pingyao-ancient-city,NONE,PRIMARY,NO,NO,e3bbe25b396cb5ed903fdecd7c41ecab823673e7,2026-07-30T07:14:39+07:00,dhv5bnmfmh-cmyk,7eaa823f712251797194e6cb1995c9da79ad988a,NO,app/lib/data/journey_background_generated.dart;worker/scripts/generate_daily_backgrounds.mjs;git:e3bbe25b396cb5ed903fdecd7c41ecab823673e7,AI_GENERATED_RUNTIME_METADATA,REPOSITORY_PROVENANCE_ONLY,UNKNOWN,UNKNOWN,UNKNOWN,UNKNOWN,PARTIAL_WORKFLOW_ONLY,UNKNOWN,UNKNOWN,UNKNOWN,UNKNOWN,UNKNOWN,UNKNOWN,UNKNOWN,UNKNOWN_REVIEW_REQUIRED,UNKNOWN_REVIEW_REQUIRED,UNKNOWN,UNKNOWN,EVIDENCE_PARTIAL,per-asset source/master;platform and model version;per-asset prompt;input asset rights;commercial account evidence;applicable terms snapshot;creator authorization;license scope;reviewer identity;review date,NO,NO,NO_PENDING_EVIDENCE_RECOVERY,Repository provenance does not establish legal rights.,,,,,,
PHX-VIS-E02FE8CE2A76,app/assets/images/backgrounds/generated/pingyao/ancient-city/08-golden-hour.webp,08-golden-hour.webp,WEBP,49080,1600,900,32e15f00163be36a006bc6382030cd583eb8e3035786a5e565baca6c93d65c2f,0c06a21294d024545768f418b04a69cccb25485e,YES,JourneyBackgroundCatalog / all Journey pages,Ordinary Journey,ordinary:pingyao-ancient-city,NONE,PRIMARY,NO,NO,e3bbe25b396cb5ed903fdecd7c41ecab823673e7,2026-07-30T07:14:39+07:00,dhv5bnmfmh-cmyk,7eaa823f712251797194e6cb1995c9da79ad988a,NO,app/lib/data/journey_background_generated.dart;worker/scripts/generate_daily_backgrounds.mjs;git:e3bbe25b396cb5ed903fdecd7c41ecab823673e7,AI_GENERATED_RUNTIME_METADATA,REPOSITORY_PROVENANCE_ONLY,UNKNOWN,UNKNOWN,UNKNOWN,UNKNOWN,PARTIAL_WORKFLOW_ONLY,UNKNOWN,UNKNOWN,UNKNOWN,UNKNOWN,UNKNOWN,UNKNOWN,UNKNOWN,UNKNOWN_REVIEW_REQUIRED,UNKNOWN_REVIEW_REQUIRED,UNKNOWN,UNKNOWN,EVIDENCE_PARTIAL,per-asset source/master;platform and model version;per-asset prompt;input asset rights;commercial account evidence;applicable terms snapshot;creator authorization;license scope;reviewer identity;review date,NO,NO,NO_PENDING_EVIDENCE_RECOVERY,Repository provenance does not establish legal rights.,,,,,,
PHX-VIS-6E2046D5531C,app/assets/images/backgrounds/generated/pingyao/ancient-city/09-blue-hour.webp,09-blue-hour.webp,WEBP,49242,1600,900,c4b5384bf0b4e5e76ddb51f7eeb95bb214b9500e686c03a0094aca219d0b3f7c,a2ccdf9cd0e0a24892f133622a7601f820e50209,YES,JourneyBackgroundCatalog / all Journey pages,Ordinary Journey,ordinary:pingyao-ancient-city,NONE,PRIMARY,NO,NO,e3bbe25b396cb5ed903fdecd7c41ecab823673e7,2026-07-30T07:14:39+07:00,dhv5bnmfmh-cmyk,7eaa823f712251797194e6cb1995c9da79ad988a,NO,app/lib/data/journey_background_generated.dart;worker/scripts/generate_daily_backgrounds.mjs;git:e3bbe25b396cb5ed903fdecd7c41ecab823673e7,AI_GENERATED_RUNTIME_METADATA,REPOSITORY_PROVENANCE_ONLY,UNKNOWN,UNKNOWN,UNKNOWN,UNKNOWN,PARTIAL_WORKFLOW_ONLY,UNKNOWN,UNKNOWN,UNKNOWN,UNKNOWN,UNKNOWN,UNKNOWN,UNKNOWN,UNKNOWN_REVIEW_REQUIRED,UNKNOWN_REVIEW_REQUIRED,UNKNOWN,UNKNOWN,EVIDENCE_PARTIAL,per-asset source/master;platform and model version;per-asset prompt;input asset rights;commercial account evidence;applicable terms snapshot;creator authorization;license scope;reviewer identity;review date,NO,NO,NO_PENDING_EVIDENCE_RECOVERY,Repository provenance does not establish legal rights.,,,,,,
PHX-VIS-06491DC4F930,app/assets/images/backgrounds/generated/pingyao/ancient-city/10-moonlit-finale.webp,10-moonlit-finale.webp,WEBP,26532,1600,900,03117a4b9236790b6e1ad13e094740d50086a4a44e438fd446cfa092aa470c11,8db5d84f4c397f3c23cc24bd6e260c2a66d6a0d7,YES,JourneyBackgroundCatalog / all Journey pages,Ordinary Journey,ordinary:pingyao-ancient-city,NONE,PRIMARY,NO,NO,e3bbe25b396cb5ed903fdecd7c41ecab823673e7,2026-07-30T07:14:39+07:00,dhv5bnmfmh-cmyk,7eaa823f712251797194e6cb1995c9da79ad988a,NO,app/lib/data/journey_background_generated.dart;worker/scripts/generate_daily_backgrounds.mjs;git:e3bbe25b396cb5ed903fdecd7c41ecab823673e7,AI_GENERATED_RUNTIME_METADATA,REPOSITORY_PROVENANCE_ONLY,UNKNOWN,UNKNOWN,UNKNOWN,UNKNOWN,PARTIAL_WORKFLOW_ONLY,UNKNOWN,UNKNOWN,UNKNOWN,UNKNOWN,UNKNOWN,UNKNOWN,UNKNOWN,UNKNOWN_REVIEW_REQUIRED,UNKNOWN_REVIEW_REQUIRED,UNKNOWN,UNKNOWN,EVIDENCE_PARTIAL,per-asset source/master;platform and model version;per-asset prompt;input asset rights;commercial account evidence;applicable terms snapshot;creator authorization;license scope;reviewer identity;review date,NO,NO,NO_PENDING_EVIDENCE_RECOVERY,Repository provenance does not establish legal rights.,,,,,,
PHX-VIS-8A8F77DFC6CF,app/assets/images/backgrounds/generated/pingyao/ancient-city/pingyao-ancient-city-v1.webp,pingyao-ancient-city-v1.webp,WEBP,151384,941,1672,9ec569310fb41384185707e7e7668be05a74986b3978256ede55b61ccaa0bfe4,5d193a8c834628765bfb3eb88261a39bc3a4a043,YES,JourneyBackgroundCatalog / all Journey pages,Ordinary Journey,ordinary:pingyao-ancient-city,NONE,PRIMARY,NO,NO,5cbfc514371acd5e84db03c06de78aaf6b961e68,2026-07-29T22:43:27+07:00,dhv5bnmfmh-cmyk,7eaa823f712251797194e6cb1995c9da79ad988a,NO,app/lib/data/journey_background_generated.dart;worker/scripts/generate_daily_backgrounds.mjs;git:5cbfc514371acd5e84db03c06de78aaf6b961e68,AI_GENERATED_RUNTIME_METADATA,REPOSITORY_PROVENANCE_ONLY,UNKNOWN,UNKNOWN,UNKNOWN,UNKNOWN,PARTIAL_WORKFLOW_ONLY,UNKNOWN,UNKNOWN,UNKNOWN,UNKNOWN,UNKNOWN,UNKNOWN,UNKNOWN,UNKNOWN_REVIEW_REQUIRED,UNKNOWN_REVIEW_REQUIRED,UNKNOWN,UNKNOWN,EVIDENCE_PARTIAL,per-asset source/master;platform and model version;per-asset prompt;input asset rights;commercial account evidence;applicable terms snapshot;creator authorization;license scope;reviewer identity;review date,NO,NO,NO_PENDING_EVIDENCE_RECOVERY,Repository provenance does not establish legal rights.,,,,,,
PHX-VIS-FACAC49AB88E,app/assets/images/backgrounds/generated/quanzhou/kaiyuan-temple/02-dawn-arrival.webp,02-dawn-arrival.webp,WEBP,91674,1600,900,ac0bde1356aa4cc43e00e3e03e89cba79014a666ed0a2b1878e6c7b9f821546c,31bf902be301cfc409ffe83a49357b6110cd3d7b,YES,JourneyBackgroundCatalog / all Journey pages,Ordinary Journey,ordinary:quanzhou-kaiyuan-temple,NONE,PRIMARY,NO,NO,8b49de6784cc03972305a55d0e47ddbf2df94daa,2026-07-30T06:35:58+07:00,dhv5bnmfmh-cmyk,7eaa823f712251797194e6cb1995c9da79ad988a,NO,app/lib/data/journey_background_generated.dart;worker/scripts/generate_daily_backgrounds.mjs;git:8b49de6784cc03972305a55d0e47ddbf2df94daa,AI_GENERATED_RUNTIME_METADATA,REPOSITORY_PROVENANCE_ONLY,UNKNOWN,UNKNOWN,UNKNOWN,UNKNOWN,PARTIAL_WORKFLOW_ONLY,UNKNOWN,UNKNOWN,UNKNOWN,UNKNOWN,UNKNOWN,UNKNOWN,UNKNOWN,UNKNOWN_REVIEW_REQUIRED,UNKNOWN_REVIEW_REQUIRED,UNKNOWN,UNKNOWN,EVIDENCE_PARTIAL,per-asset source/master;platform and model version;per-asset prompt;input asset rights;commercial account evidence;applicable terms snapshot;creator authorization;license scope;reviewer identity;review date,NO,NO,NO_PENDING_EVIDENCE_RECOVERY,Repository provenance does not establish legal rights.,,,,,,
PHX-VIS-0AE9E007542D,app/assets/images/backgrounds/generated/quanzhou/kaiyuan-temple/03-clear-morning.webp,03-clear-morning.webp,WEBP,82338,1600,900,4344ab9a2dd32bd2685abdc3a443ebb86aebe9c64be0503147a73fd11a1f964b,b633affd4eb6d01a48cd7c4cbd25efd0eef2ed1c,YES,JourneyBackgroundCatalog / all Journey pages,Ordinary Journey,ordinary:quanzhou-kaiyuan-temple,NONE,PRIMARY,NO,NO,8b49de6784cc03972305a55d0e47ddbf2df94daa,2026-07-30T06:35:58+07:00,dhv5bnmfmh-cmyk,7eaa823f712251797194e6cb1995c9da79ad988a,NO,app/lib/data/journey_background_generated.dart;worker/scripts/generate_daily_backgrounds.mjs;git:8b49de6784cc03972305a55d0e47ddbf2df94daa,AI_GENERATED_RUNTIME_METADATA,REPOSITORY_PROVENANCE_ONLY,UNKNOWN,UNKNOWN,UNKNOWN,UNKNOWN,PARTIAL_WORKFLOW_ONLY,UNKNOWN,UNKNOWN,UNKNOWN,UNKNOWN,UNKNOWN,UNKNOWN,UNKNOWN,UNKNOWN_REVIEW_REQUIRED,UNKNOWN_REVIEW_REQUIRED,UNKNOWN,UNKNOWN,EVIDENCE_PARTIAL,per-asset source/master;platform and model version;per-asset prompt;input asset rights;commercial account evidence;applicable terms snapshot;creator authorization;license scope;reviewer identity;review date,NO,NO,NO_PENDING_EVIDENCE_RECOVERY,Repository provenance does not establish legal rights.,,,,,,
PHX-VIS-9E3A31D64471,app/assets/images/backgrounds/generated/quanzhou/kaiyuan-temple/04-atmospheric-detail.webp,04-atmospheric-detail.webp,WEBP,57428,1600,900,3d7f1f18ef2a80c22ab8ce1f036e1b2411b6c47d65b3741be6f56a92f7613a0a,f0d1ad68514dba9ce170d0690641bc0d4f6188ee,YES,JourneyBackgroundCatalog / all Journey pages,Ordinary Journey,ordinary:quanzhou-kaiyuan-temple,NONE,PRIMARY,NO,NO,8b49de6784cc03972305a55d0e47ddbf2df94daa,2026-07-30T06:35:58+07:00,dhv5bnmfmh-cmyk,7eaa823f712251797194e6cb1995c9da79ad988a,NO,app/lib/data/journey_background_generated.dart;worker/scripts/generate_daily_backgrounds.mjs;git:8b49de6784cc03972305a55d0e47ddbf2df94daa,AI_GENERATED_RUNTIME_METADATA,REPOSITORY_PROVENANCE_ONLY,UNKNOWN,UNKNOWN,UNKNOWN,UNKNOWN,PARTIAL_WORKFLOW_ONLY,UNKNOWN,UNKNOWN,UNKNOWN,UNKNOWN,UNKNOWN,UNKNOWN,UNKNOWN,UNKNOWN_REVIEW_REQUIRED,UNKNOWN_REVIEW_REQUIRED,UNKNOWN,UNKNOWN,EVIDENCE_PARTIAL,per-asset source/master;platform and model version;per-asset prompt;input asset rights;commercial account evidence;applicable terms snapshot;creator authorization;license scope;reviewer identity;review date,NO,NO,NO_PENDING_EVIDENCE_RECOVERY,Repository provenance does not establish legal rights.,,,,,,
PHX-VIS-FA052865BF56,app/assets/images/backgrounds/generated/quanzhou/kaiyuan-temple/05-heritage-texture.webp,05-heritage-texture.webp,WEBP,79786,1600,900,1753f5b603f2ae5ac68b24afd8b9bdbb8392bc5151885d35facc991d540db972,6309456c00deb3fc7a5f95fd6a10555dc1e2d13b,YES,JourneyBackgroundCatalog / all Journey pages,Ordinary Journey,ordinary:quanzhou-kaiyuan-temple,NONE,PRIMARY,NO,NO,8b49de6784cc03972305a55d0e47ddbf2df94daa,2026-07-30T06:35:58+07:00,dhv5bnmfmh-cmyk,7eaa823f712251797194e6cb1995c9da79ad988a,NO,app/lib/data/journey_background_generated.dart;worker/scripts/generate_daily_backgrounds.mjs;git:8b49de6784cc03972305a55d0e47ddbf2df94daa,AI_GENERATED_RUNTIME_METADATA,REPOSITORY_PROVENANCE_ONLY,UNKNOWN,UNKNOWN,UNKNOWN,UNKNOWN,PARTIAL_WORKFLOW_ONLY,UNKNOWN,UNKNOWN,UNKNOWN,UNKNOWN,UNKNOWN,UNKNOWN,UNKNOWN,UNKNOWN_REVIEW_REQUIRED,UNKNOWN_REVIEW_REQUIRED,UNKNOWN,UNKNOWN,EVIDENCE_PARTIAL,per-asset source/master;platform and model version;per-asset prompt;input asset rights;commercial account evidence;applicable terms snapshot;creator authorization;license scope;reviewer identity;review date,NO,NO,NO_PENDING_EVIDENCE_RECOVERY,Repository provenance does not establish legal rights.,,,,,,
PHX-VIS-29D58A31CCB5,app/assets/images/backgrounds/generated/quanzhou/kaiyuan-temple/06-after-rain.webp,06-after-rain.webp,WEBP,128588,1600,900,eb5f7237b5818dd7379d7f38264cd1726fe767aabf06cb378f7e73b86905d672,7e3d56cb52b3f4c462ecbea434eefa68f558de56,YES,JourneyBackgroundCatalog / all Journey pages,Ordinary Journey,ordinary:quanzhou-kaiyuan-temple,NONE,PRIMARY,NO,NO,8b49de6784cc03972305a55d0e47ddbf2df94daa,2026-07-30T06:35:58+07:00,dhv5bnmfmh-cmyk,7eaa823f712251797194e6cb1995c9da79ad988a,NO,app/lib/data/journey_background_generated.dart;worker/scripts/generate_daily_backgrounds.mjs;git:8b49de6784cc03972305a55d0e47ddbf2df94daa,AI_GENERATED_RUNTIME_METADATA,REPOSITORY_PROVENANCE_ONLY,UNKNOWN,UNKNOWN,UNKNOWN,UNKNOWN,PARTIAL_WORKFLOW_ONLY,UNKNOWN,UNKNOWN,UNKNOWN,UNKNOWN,UNKNOWN,UNKNOWN,UNKNOWN,UNKNOWN_REVIEW_REQUIRED,UNKNOWN_REVIEW_REQUIRED,UNKNOWN,UNKNOWN,EVIDENCE_PARTIAL,per-asset source/master;platform and model version;per-asset prompt;input asset rights;commercial account evidence;applicable terms snapshot;creator authorization;license scope;reviewer identity;review date,NO,NO,NO_PENDING_EVIDENCE_RECOVERY,Repository provenance does not establish legal rights.,,,,,,
PHX-VIS-656D0F7C1AF4,app/assets/images/backgrounds/generated/quanzhou/kaiyuan-temple/07-traveler-scale.webp,07-traveler-scale.webp,WEBP,80432,1600,900,cb3ff1f1710d7102765003706c107e22bc1371842ce50e4aa9a22552668e8230,7cd2ca1dc07e4ec6a19c9cf1c2c9c12f74654030,YES,JourneyBackgroundCatalog / all Journey pages,Ordinary Journey,ordinary:quanzhou-kaiyuan-temple,NONE,PRIMARY,NO,NO,8b49de6784cc03972305a55d0e47ddbf2df94daa,2026-07-30T06:35:58+07:00,dhv5bnmfmh-cmyk,7eaa823f712251797194e6cb1995c9da79ad988a,NO,app/lib/data/journey_background_generated.dart;worker/scripts/generate_daily_backgrounds.mjs;git:8b49de6784cc03972305a55d0e47ddbf2df94daa,AI_GENERATED_RUNTIME_METADATA,REPOSITORY_PROVENANCE_ONLY,UNKNOWN,UNKNOWN,UNKNOWN,UNKNOWN,PARTIAL_WORKFLOW_ONLY,UNKNOWN,UNKNOWN,UNKNOWN,UNKNOWN,UNKNOWN,UNKNOWN,UNKNOWN,UNKNOWN_REVIEW_REQUIRED,UNKNOWN_REVIEW_REQUIRED,UNKNOWN,UNKNOWN,EVIDENCE_PARTIAL,per-asset source/master;platform and model version;per-asset prompt;input asset rights;commercial account evidence;applicable terms snapshot;creator authorization;license scope;reviewer identity;review date,NO,NO,NO_PENDING_EVIDENCE_RECOVERY,Repository provenance does not establish legal rights.,,,,,,
PHX-VIS-D2B0BB5702DC,app/assets/images/backgrounds/generated/quanzhou/kaiyuan-temple/08-golden-hour.webp,08-golden-hour.webp,WEBP,83584,1600,900,d8d2d954744a222a492f5d263a0dfcd7612b6a753302d4a0bef26f3ae1226e1f,d634260c3397e891985be8050c423cabc230c800,YES,JourneyBackgroundCatalog / all Journey pages,Ordinary Journey,ordinary:quanzhou-kaiyuan-temple,NONE,PRIMARY,NO,NO,8b49de6784cc03972305a55d0e47ddbf2df94daa,2026-07-30T06:35:58+07:00,dhv5bnmfmh-cmyk,7eaa823f712251797194e6cb1995c9da79ad988a,NO,app/lib/data/journey_background_generated.dart;worker/scripts/generate_daily_backgrounds.mjs;git:8b49de6784cc03972305a55d0e47ddbf2df94daa,AI_GENERATED_RUNTIME_METADATA,REPOSITORY_PROVENANCE_ONLY,UNKNOWN,UNKNOWN,UNKNOWN,UNKNOWN,PARTIAL_WORKFLOW_ONLY,UNKNOWN,UNKNOWN,UNKNOWN,UNKNOWN,UNKNOWN,UNKNOWN,UNKNOWN,UNKNOWN_REVIEW_REQUIRED,UNKNOWN_REVIEW_REQUIRED,UNKNOWN,UNKNOWN,EVIDENCE_PARTIAL,per-asset source/master;platform and model version;per-asset prompt;input asset rights;commercial account evidence;applicable terms snapshot;creator authorization;license scope;reviewer identity;review date,NO,NO,NO_PENDING_EVIDENCE_RECOVERY,Repository provenance does not establish legal rights.,,,,,,
PHX-VIS-D21C69104479,app/assets/images/backgrounds/generated/quanzhou/kaiyuan-temple/09-blue-hour.webp,09-blue-hour.webp,WEBP,55118,1600,900,ee784b2bbe306811ae1ca0c34ae48346220c4ea61b5428ef888352ed6579b7d7,9986f8b5b1dd962f309ed39429034a6d5e9c2fbc,YES,JourneyBackgroundCatalog / all Journey pages,Ordinary Journey,ordinary:quanzhou-kaiyuan-temple,NONE,PRIMARY,NO,NO,8b49de6784cc03972305a55d0e47ddbf2df94daa,2026-07-30T06:35:58+07:00,dhv5bnmfmh-cmyk,7eaa823f712251797194e6cb1995c9da79ad988a,NO,app/lib/data/journey_background_generated.dart;worker/scripts/generate_daily_backgrounds.mjs;git:8b49de6784cc03972305a55d0e47ddbf2df94daa,AI_GENERATED_RUNTIME_METADATA,REPOSITORY_PROVENANCE_ONLY,UNKNOWN,UNKNOWN,UNKNOWN,UNKNOWN,PARTIAL_WORKFLOW_ONLY,UNKNOWN,UNKNOWN,UNKNOWN,UNKNOWN,UNKNOWN,UNKNOWN,UNKNOWN,UNKNOWN_REVIEW_REQUIRED,UNKNOWN_REVIEW_REQUIRED,UNKNOWN,UNKNOWN,EVIDENCE_PARTIAL,per-asset source/master;platform and model version;per-asset prompt;input asset rights;commercial account evidence;applicable terms snapshot;creator authorization;license scope;reviewer identity;review date,NO,NO,NO_PENDING_EVIDENCE_RECOVERY,Repository provenance does not establish legal rights.,,,,,,
PHX-VIS-9E9F45C004EA,app/assets/images/backgrounds/generated/quanzhou/kaiyuan-temple/10-moonlit-finale.webp,10-moonlit-finale.webp,WEBP,69836,1600,900,f221763569a0ad57e3776f8011ae7e6c66cf7f7147cd97ee56aeb074ec59e2dd,e004c9d26beaca7fcfe876d7ae74d7f1827c6a05,YES,JourneyBackgroundCatalog / all Journey pages,Ordinary Journey,ordinary:quanzhou-kaiyuan-temple,NONE,PRIMARY,NO,NO,8b49de6784cc03972305a55d0e47ddbf2df94daa,2026-07-30T06:35:58+07:00,dhv5bnmfmh-cmyk,7eaa823f712251797194e6cb1995c9da79ad988a,NO,app/lib/data/journey_background_generated.dart;worker/scripts/generate_daily_backgrounds.mjs;git:8b49de6784cc03972305a55d0e47ddbf2df94daa,AI_GENERATED_RUNTIME_METADATA,REPOSITORY_PROVENANCE_ONLY,UNKNOWN,UNKNOWN,UNKNOWN,UNKNOWN,PARTIAL_WORKFLOW_ONLY,UNKNOWN,UNKNOWN,UNKNOWN,UNKNOWN,UNKNOWN,UNKNOWN,UNKNOWN,UNKNOWN_REVIEW_REQUIRED,UNKNOWN_REVIEW_REQUIRED,UNKNOWN,UNKNOWN,EVIDENCE_PARTIAL,per-asset source/master;platform and model version;per-asset prompt;input asset rights;commercial account evidence;applicable terms snapshot;creator authorization;license scope;reviewer identity;review date,NO,NO,NO_PENDING_EVIDENCE_RECOVERY,Repository provenance does not establish legal rights.,,,,,,
PHX-VIS-2AD3D3ADEAD8,app/assets/images/backgrounds/generated/quanzhou/kaiyuan-temple/quanzhou-kaiyuan-temple-v1.webp,quanzhou-kaiyuan-temple-v1.webp,WEBP,185466,941,1672,0df0c1b5fe2313f3b35234821581b0b3933793bd24d494f3aad8f93b735ca801,292c7c2ff9b6b93b6d32a0f08d3224b4a61dba3d,YES,JourneyBackgroundCatalog / all Journey pages,Ordinary Journey,ordinary:quanzhou-kaiyuan-temple,NONE,PRIMARY,NO,NO,f4eee5fd02dc8bd657b4909e62895dc45446ef83,2026-07-29T20:41:19+07:00,dhv5bnmfmh-cmyk,7eaa823f712251797194e6cb1995c9da79ad988a,NO,app/lib/data/journey_background_generated.dart;worker/scripts/generate_daily_backgrounds.mjs;git:f4eee5fd02dc8bd657b4909e62895dc45446ef83,AI_GENERATED_RUNTIME_METADATA,REPOSITORY_PROVENANCE_ONLY,UNKNOWN,UNKNOWN,UNKNOWN,UNKNOWN,PARTIAL_WORKFLOW_ONLY,UNKNOWN,UNKNOWN,UNKNOWN,UNKNOWN,UNKNOWN,UNKNOWN,UNKNOWN,UNKNOWN_REVIEW_REQUIRED,UNKNOWN_REVIEW_REQUIRED,UNKNOWN,UNKNOWN,EVIDENCE_PARTIAL,per-asset source/master;platform and model version;per-asset prompt;input asset rights;commercial account evidence;applicable terms snapshot;creator authorization;license scope;reviewer identity;review date,NO,NO,NO_PENDING_EVIDENCE_RECOVERY,Repository provenance does not establish legal rights.,,,,,,
PHX-VIS-1C16B6C46BA9,app/assets/images/backgrounds/generated/qufu/confucius-sites/02-dawn-arrival.webp,02-dawn-arrival.webp,WEBP,56310,1600,900,cd746b9c6ef8bc053e8a5cd87ecd89aaf496baf3a6b0bb3057f63c148734565b,39173362c003a9859ec0d8266c6a299c81cb3b79,YES,JourneyBackgroundCatalog / all Journey pages,Ordinary Journey,ordinary:qufu-confucius-sites,NONE,PRIMARY,NO,NO,e3bbe25b396cb5ed903fdecd7c41ecab823673e7,2026-07-30T07:14:39+07:00,dhv5bnmfmh-cmyk,7eaa823f712251797194e6cb1995c9da79ad988a,NO,app/lib/data/journey_background_generated.dart;worker/scripts/generate_daily_backgrounds.mjs;git:e3bbe25b396cb5ed903fdecd7c41ecab823673e7,AI_GENERATED_RUNTIME_METADATA,REPOSITORY_PROVENANCE_ONLY,UNKNOWN,UNKNOWN,UNKNOWN,UNKNOWN,PARTIAL_WORKFLOW_ONLY,UNKNOWN,UNKNOWN,UNKNOWN,UNKNOWN,UNKNOWN,UNKNOWN,UNKNOWN,UNKNOWN_REVIEW_REQUIRED,UNKNOWN_REVIEW_REQUIRED,UNKNOWN,UNKNOWN,EVIDENCE_PARTIAL,per-asset source/master;platform and model version;per-asset prompt;input asset rights;commercial account evidence;applicable terms snapshot;creator authorization;license scope;reviewer identity;review date,NO,NO,NO_PENDING_EVIDENCE_RECOVERY,Repository provenance does not establish legal rights.,,,,,,
PHX-VIS-C571999FE84B,app/assets/images/backgrounds/generated/qufu/confucius-sites/03-clear-morning.webp,03-clear-morning.webp,WEBP,88622,1600,900,c2297f0a9ad52242f80b0dee103a9266e666609a145c9b801353854eee05f65b,0ad7ad3b299903064432dee660a1c869b464b32f,YES,JourneyBackgroundCatalog / all Journey pages,Ordinary Journey,ordinary:qufu-confucius-sites,NONE,PRIMARY,NO,NO,e3bbe25b396cb5ed903fdecd7c41ecab823673e7,2026-07-30T07:14:39+07:00,dhv5bnmfmh-cmyk,7eaa823f712251797194e6cb1995c9da79ad988a,NO,app/lib/data/journey_background_generated.dart;worker/scripts/generate_daily_backgrounds.mjs;git:e3bbe25b396cb5ed903fdecd7c41ecab823673e7,AI_GENERATED_RUNTIME_METADATA,REPOSITORY_PROVENANCE_ONLY,UNKNOWN,UNKNOWN,UNKNOWN,UNKNOWN,PARTIAL_WORKFLOW_ONLY,UNKNOWN,UNKNOWN,UNKNOWN,UNKNOWN,UNKNOWN,UNKNOWN,UNKNOWN,UNKNOWN_REVIEW_REQUIRED,UNKNOWN_REVIEW_REQUIRED,UNKNOWN,UNKNOWN,EVIDENCE_PARTIAL,per-asset source/master;platform and model version;per-asset prompt;input asset rights;commercial account evidence;applicable terms snapshot;creator authorization;license scope;reviewer identity;review date,NO,NO,NO_PENDING_EVIDENCE_RECOVERY,Repository provenance does not establish legal rights.,,,,,,
PHX-VIS-8A0DBF8D5C94,app/assets/images/backgrounds/generated/qufu/confucius-sites/04-atmospheric-detail.webp,04-atmospheric-detail.webp,WEBP,90490,1600,900,ee07df36e9e4d40ed8a5ddd375fbe81b4baef2afb3e96dc331d871998ebcf137,a36785ac48cb17fa15b046da5370688b4954b701,YES,JourneyBackgroundCatalog / all Journey pages,Ordinary Journey,ordinary:qufu-confucius-sites,NONE,PRIMARY,NO,NO,e3bbe25b396cb5ed903fdecd7c41ecab823673e7,2026-07-30T07:14:39+07:00,dhv5bnmfmh-cmyk,7eaa823f712251797194e6cb1995c9da79ad988a,NO,app/lib/data/journey_background_generated.dart;worker/scripts/generate_daily_backgrounds.mjs;git:e3bbe25b396cb5ed903fdecd7c41ecab823673e7,AI_GENERATED_RUNTIME_METADATA,REPOSITORY_PROVENANCE_ONLY,UNKNOWN,UNKNOWN,UNKNOWN,UNKNOWN,PARTIAL_WORKFLOW_ONLY,UNKNOWN,UNKNOWN,UNKNOWN,UNKNOWN,UNKNOWN,UNKNOWN,UNKNOWN,UNKNOWN_REVIEW_REQUIRED,UNKNOWN_REVIEW_REQUIRED,UNKNOWN,UNKNOWN,EVIDENCE_PARTIAL,per-asset source/master;platform and model version;per-asset prompt;input asset rights;commercial account evidence;applicable terms snapshot;creator authorization;license scope;reviewer identity;review date,NO,NO,NO_PENDING_EVIDENCE_RECOVERY,Repository provenance does not establish legal rights.,,,,,,
PHX-VIS-811FFA8A6DAF,app/assets/images/backgrounds/generated/qufu/confucius-sites/05-heritage-texture.webp,05-heritage-texture.webp,WEBP,73050,1600,900,5a6a1e5047c6aba44a85c51f4e69c31f28f2b0e3478f902354c307b58840a844,bc7eb265ba40cfbdec7b61ea1b6639359be60fcd,YES,JourneyBackgroundCatalog / all Journey pages,Ordinary Journey,ordinary:qufu-confucius-sites,NONE,PRIMARY,NO,NO,e3bbe25b396cb5ed903fdecd7c41ecab823673e7,2026-07-30T07:14:39+07:00,dhv5bnmfmh-cmyk,7eaa823f712251797194e6cb1995c9da79ad988a,NO,app/lib/data/journey_background_generated.dart;worker/scripts/generate_daily_backgrounds.mjs;git:e3bbe25b396cb5ed903fdecd7c41ecab823673e7,AI_GENERATED_RUNTIME_METADATA,REPOSITORY_PROVENANCE_ONLY,UNKNOWN,UNKNOWN,UNKNOWN,UNKNOWN,PARTIAL_WORKFLOW_ONLY,UNKNOWN,UNKNOWN,UNKNOWN,UNKNOWN,UNKNOWN,UNKNOWN,UNKNOWN,UNKNOWN_REVIEW_REQUIRED,UNKNOWN_REVIEW_REQUIRED,UNKNOWN,UNKNOWN,EVIDENCE_PARTIAL,per-asset source/master;platform and model version;per-asset prompt;input asset rights;commercial account evidence;applicable terms snapshot;creator authorization;license scope;reviewer identity;review date,NO,NO,NO_PENDING_EVIDENCE_RECOVERY,Repository provenance does not establish legal rights.,,,,,,
PHX-VIS-CC83175C8CCE,app/assets/images/backgrounds/generated/qufu/confucius-sites/06-after-rain.webp,06-after-rain.webp,WEBP,102832,1600,900,81aa5ef978c8b6da84aa6d0c0aa65cb0f555d7ab4552772e0d3ee521e932986f,301d1892d77e7be7fffabb8822ddee7e76552406,YES,JourneyBackgroundCatalog / all Journey pages,Ordinary Journey,ordinary:qufu-confucius-sites,NONE,PRIMARY,NO,NO,e3bbe25b396cb5ed903fdecd7c41ecab823673e7,2026-07-30T07:14:39+07:00,dhv5bnmfmh-cmyk,7eaa823f712251797194e6cb1995c9da79ad988a,NO,app/lib/data/journey_background_generated.dart;worker/scripts/generate_daily_backgrounds.mjs;git:e3bbe25b396cb5ed903fdecd7c41ecab823673e7,AI_GENERATED_RUNTIME_METADATA,REPOSITORY_PROVENANCE_ONLY,UNKNOWN,UNKNOWN,UNKNOWN,UNKNOWN,PARTIAL_WORKFLOW_ONLY,UNKNOWN,UNKNOWN,UNKNOWN,UNKNOWN,UNKNOWN,UNKNOWN,UNKNOWN,UNKNOWN_REVIEW_REQUIRED,UNKNOWN_REVIEW_REQUIRED,UNKNOWN,UNKNOWN,EVIDENCE_PARTIAL,per-asset source/master;platform and model version;per-asset prompt;input asset rights;commercial account evidence;applicable terms snapshot;creator authorization;license scope;reviewer identity;review date,NO,NO,NO_PENDING_EVIDENCE_RECOVERY,Repository provenance does not establish legal rights.,,,,,,
PHX-VIS-57F6CD1D67E8,app/assets/images/backgrounds/generated/qufu/confucius-sites/07-traveler-scale.webp,07-traveler-scale.webp,WEBP,86788,1600,900,6f8d4343e18fe76dd9fa2af5c985cba2a6f91cbe0822195a869c9b40cffe5b40,24dadfaa5c3a7ebada141c259799ba4987831d1d,YES,JourneyBackgroundCatalog / all Journey pages,Ordinary Journey,ordinary:qufu-confucius-sites,NONE,PRIMARY,NO,NO,e3bbe25b396cb5ed903fdecd7c41ecab823673e7,2026-07-30T07:14:39+07:00,dhv5bnmfmh-cmyk,7eaa823f712251797194e6cb1995c9da79ad988a,NO,app/lib/data/journey_background_generated.dart;worker/scripts/generate_daily_backgrounds.mjs;git:e3bbe25b396cb5ed903fdecd7c41ecab823673e7,AI_GENERATED_RUNTIME_METADATA,REPOSITORY_PROVENANCE_ONLY,UNKNOWN,UNKNOWN,UNKNOWN,UNKNOWN,PARTIAL_WORKFLOW_ONLY,UNKNOWN,UNKNOWN,UNKNOWN,UNKNOWN,UNKNOWN,UNKNOWN,UNKNOWN,UNKNOWN_REVIEW_REQUIRED,UNKNOWN_REVIEW_REQUIRED,UNKNOWN,UNKNOWN,EVIDENCE_PARTIAL,per-asset source/master;platform and model version;per-asset prompt;input asset rights;commercial account evidence;applicable terms snapshot;creator authorization;license scope;reviewer identity;review date,NO,NO,NO_PENDING_EVIDENCE_RECOVERY,Repository provenance does not establish legal rights.,,,,,,
PHX-VIS-2AE6DB018079,app/assets/images/backgrounds/generated/qufu/confucius-sites/08-golden-hour.webp,08-golden-hour.webp,WEBP,80238,1600,900,a5463d048305805a151fc2f302e1d53e99324fa3ce7243ee6f719c0315f98d4f,0bf99e3b0aa861914919c2f94299ea6d87d788b2,YES,JourneyBackgroundCatalog / all Journey pages,Ordinary Journey,ordinary:qufu-confucius-sites,NONE,PRIMARY,NO,NO,e3bbe25b396cb5ed903fdecd7c41ecab823673e7,2026-07-30T07:14:39+07:00,dhv5bnmfmh-cmyk,7eaa823f712251797194e6cb1995c9da79ad988a,NO,app/lib/data/journey_background_generated.dart;worker/scripts/generate_daily_backgrounds.mjs;git:e3bbe25b396cb5ed903fdecd7c41ecab823673e7,AI_GENERATED_RUNTIME_METADATA,REPOSITORY_PROVENANCE_ONLY,UNKNOWN,UNKNOWN,UNKNOWN,UNKNOWN,PARTIAL_WORKFLOW_ONLY,UNKNOWN,UNKNOWN,UNKNOWN,UNKNOWN,UNKNOWN,UNKNOWN,UNKNOWN,UNKNOWN_REVIEW_REQUIRED,UNKNOWN_REVIEW_REQUIRED,UNKNOWN,UNKNOWN,EVIDENCE_PARTIAL,per-asset source/master;platform and model version;per-asset prompt;input asset rights;commercial account evidence;applicable terms snapshot;creator authorization;license scope;reviewer identity;review date,NO,NO,NO_PENDING_EVIDENCE_RECOVERY,Repository provenance does not establish legal rights.,,,,,,
PHX-VIS-F7F8153327D1,app/assets/images/backgrounds/generated/qufu/confucius-sites/09-blue-hour.webp,09-blue-hour.webp,WEBP,52782,1600,900,728eb5172fdc25d4b9b1a3871a92763b779ce93a489e77fed9eb7fb87037006b,65056bd8c70bc01b4031298ed95a4bf12342e268,YES,JourneyBackgroundCatalog / all Journey pages,Ordinary Journey,ordinary:qufu-confucius-sites,NONE,PRIMARY,NO,NO,e3bbe25b396cb5ed903fdecd7c41ecab823673e7,2026-07-30T07:14:39+07:00,dhv5bnmfmh-cmyk,7eaa823f712251797194e6cb1995c9da79ad988a,NO,app/lib/data/journey_background_generated.dart;worker/scripts/generate_daily_backgrounds.mjs;git:e3bbe25b396cb5ed903fdecd7c41ecab823673e7,AI_GENERATED_RUNTIME_METADATA,REPOSITORY_PROVENANCE_ONLY,UNKNOWN,UNKNOWN,UNKNOWN,UNKNOWN,PARTIAL_WORKFLOW_ONLY,UNKNOWN,UNKNOWN,UNKNOWN,UNKNOWN,UNKNOWN,UNKNOWN,UNKNOWN,UNKNOWN_REVIEW_REQUIRED,UNKNOWN_REVIEW_REQUIRED,UNKNOWN,UNKNOWN,EVIDENCE_PARTIAL,per-asset source/master;platform and model version;per-asset prompt;input asset rights;commercial account evidence;applicable terms snapshot;creator authorization;license scope;reviewer identity;review date,NO,NO,NO_PENDING_EVIDENCE_RECOVERY,Repository provenance does not establish legal rights.,,,,,,
PHX-VIS-414525584F04,app/assets/images/backgrounds/generated/qufu/confucius-sites/10-moonlit-finale.webp,10-moonlit-finale.webp,WEBP,64924,1600,900,fe82b8feeec99626d3483fe3b9fa80520d921e5f304a6ce9e43fd0b741c06bb9,8e25c49b89992a186655ae4df7765f11a6cd2cc2,YES,JourneyBackgroundCatalog / all Journey pages,Ordinary Journey,ordinary:qufu-confucius-sites,NONE,PRIMARY,NO,NO,e3bbe25b396cb5ed903fdecd7c41ecab823673e7,2026-07-30T07:14:39+07:00,dhv5bnmfmh-cmyk,7eaa823f712251797194e6cb1995c9da79ad988a,NO,app/lib/data/journey_background_generated.dart;worker/scripts/generate_daily_backgrounds.mjs;git:e3bbe25b396cb5ed903fdecd7c41ecab823673e7,AI_GENERATED_RUNTIME_METADATA,REPOSITORY_PROVENANCE_ONLY,UNKNOWN,UNKNOWN,UNKNOWN,UNKNOWN,PARTIAL_WORKFLOW_ONLY,UNKNOWN,UNKNOWN,UNKNOWN,UNKNOWN,UNKNOWN,UNKNOWN,UNKNOWN,UNKNOWN_REVIEW_REQUIRED,UNKNOWN_REVIEW_REQUIRED,UNKNOWN,UNKNOWN,EVIDENCE_PARTIAL,per-asset source/master;platform and model version;per-asset prompt;input asset rights;commercial account evidence;applicable terms snapshot;creator authorization;license scope;reviewer identity;review date,NO,NO,NO_PENDING_EVIDENCE_RECOVERY,Repository provenance does not establish legal rights.,,,,,,
PHX-VIS-17DCA63C4B4D,app/assets/images/backgrounds/generated/qufu/confucius-sites/qufu-confucius-v1.webp,qufu-confucius-v1.webp,WEBP,177282,941,1672,dba4efa51e9701caf9931e124e762cc956f452c472c3af5b98e512ce59f976c1,3204eeac2151b2778688fe4aa757e45ae2678f5d,YES,JourneyBackgroundCatalog / all Journey pages,Ordinary Journey,ordinary:qufu-confucius-sites,NONE,PRIMARY,NO,NO,5cbfc514371acd5e84db03c06de78aaf6b961e68,2026-07-29T22:43:27+07:00,dhv5bnmfmh-cmyk,7eaa823f712251797194e6cb1995c9da79ad988a,NO,app/lib/data/journey_background_generated.dart;worker/scripts/generate_daily_backgrounds.mjs;git:5cbfc514371acd5e84db03c06de78aaf6b961e68,AI_GENERATED_RUNTIME_METADATA,REPOSITORY_PROVENANCE_ONLY,UNKNOWN,UNKNOWN,UNKNOWN,UNKNOWN,PARTIAL_WORKFLOW_ONLY,UNKNOWN,UNKNOWN,UNKNOWN,UNKNOWN,UNKNOWN,UNKNOWN,UNKNOWN,UNKNOWN_REVIEW_REQUIRED,UNKNOWN_REVIEW_REQUIRED,UNKNOWN,UNKNOWN,EVIDENCE_PARTIAL,per-asset source/master;platform and model version;per-asset prompt;input asset rights;commercial account evidence;applicable terms snapshot;creator authorization;license scope;reviewer identity;review date,NO,NO,NO_PENDING_EVIDENCE_RECOVERY,Repository provenance does not establish legal rights.,,,,,,
PHX-VIS-725DD4368F0D,app/assets/images/backgrounds/generated/shanghai/bund/01-sunrise-arrival.webp,01-sunrise-arrival.webp,WEBP,109120,864,1536,6ceae0b7f4acc22b4845f074b16504093f5ae1fc412ac69bca348a3c3f4ebe75,a6268f6fd40f8f3fd2760013df8a5e6da487a382,YES,JourneyBackgroundCatalog / all Journey pages,Ordinary Journey,ordinary:shanghai-bund,NONE,PRIMARY,NO,NO,ccd848979f8f86196c11e5d692f3f437cd76c7de,2026-07-27T19:37:57+07:00,dhv5bnmfmh-cmyk,7eaa823f712251797194e6cb1995c9da79ad988a,YES,design/ASSET_REGISTER.csv;design/PHOENIX_ASSET_OWNERSHIP.md;app/lib/data/journey_background_generated.dart;worker/scripts/generate_daily_backgrounds.mjs;git:ccd848979f8f86196c11e5d692f3f437cd76c7de,AI-generated Phoenix original,OpenAI image generation 2026-07-22,UNKNOWN,OpenAI (existing record),UNKNOWN,UNKNOWN,PARTIAL_WORKFLOW_ONLY,UNKNOWN,UNKNOWN,UNKNOWN,phoenix-exclusive-owned,UNKNOWN,UNKNOWN,UNKNOWN,UNKNOWN_REVIEW_REQUIRED,UNKNOWN_REVIEW_REQUIRED,UNKNOWN,UNKNOWN,EVIDENCE_PARTIAL,per-asset source/master;platform and model version;per-asset prompt;input asset rights;commercial account evidence;applicable terms snapshot;creator authorization;license scope;reviewer identity;review date,NO,NO,NO_PENDING_EVIDENCE_RECOVERY,Preserved legacy fields: description=Shanghai Bund sunrise arrival;origin=AI-generated Phoenix original;license_type=phoenix-exclusive-owned;proof_url=OpenAI image generation 2026-07-22;review_status=approved Repository provenance does not establish legal rights.,,,,,,
PHX-VIS-613F2055F41A,app/assets/images/backgrounds/generated/shanghai/bund/02-morning-street.webp,02-morning-street.webp,WEBP,113860,864,1536,12ae5d30b5ba50b80dd718369dc80892206c8967ed3ef81cf739fccc842debc7,c7488f8c85b672b2b17e19a0aaf2b91717c207e1,YES,JourneyBackgroundCatalog / all Journey pages,Ordinary Journey,ordinary:shanghai-bund,NONE,PRIMARY,NO,NO,ccd848979f8f86196c11e5d692f3f437cd76c7de,2026-07-27T19:37:57+07:00,dhv5bnmfmh-cmyk,7eaa823f712251797194e6cb1995c9da79ad988a,YES,design/ASSET_REGISTER.csv;design/PHOENIX_ASSET_OWNERSHIP.md;app/lib/data/journey_background_generated.dart;worker/scripts/generate_daily_backgrounds.mjs;git:ccd848979f8f86196c11e5d692f3f437cd76c7de,AI-generated Phoenix original,OpenAI image generation 2026-07-22,UNKNOWN,OpenAI (existing record),UNKNOWN,UNKNOWN,PARTIAL_WORKFLOW_ONLY,UNKNOWN,UNKNOWN,UNKNOWN,phoenix-exclusive-owned,UNKNOWN,UNKNOWN,UNKNOWN,UNKNOWN_REVIEW_REQUIRED,UNKNOWN_REVIEW_REQUIRED,UNKNOWN,UNKNOWN,EVIDENCE_PARTIAL,per-asset source/master;platform and model version;per-asset prompt;input asset rights;commercial account evidence;applicable terms snapshot;creator authorization;license scope;reviewer identity;review date,NO,NO,NO_PENDING_EVIDENCE_RECOVERY,Preserved legacy fields: description=Shanghai Bund morning street;origin=AI-generated Phoenix original;license_type=phoenix-exclusive-owned;proof_url=OpenAI image generation 2026-07-22;review_status=approved Repository provenance does not establish legal rights.,,,,,,
PHX-VIS-36C0EB81FE6E,app/assets/images/backgrounds/generated/shanghai/bund/03-misty-detail.webp,03-misty-detail.webp,WEBP,92224,864,1536,2f96f0ac5a25f3f5a9e04d171cb69682d7fc035fde2c4c4c69ad72f4b9537c5d,5b6c1d67eccc5ae8deb4b46799106f03ee3f7160,YES,JourneyBackgroundCatalog / all Journey pages,Ordinary Journey,ordinary:shanghai-bund,NONE,PRIMARY,NO,NO,ccd848979f8f86196c11e5d692f3f437cd76c7de,2026-07-27T19:37:57+07:00,dhv5bnmfmh-cmyk,7eaa823f712251797194e6cb1995c9da79ad988a,YES,design/ASSET_REGISTER.csv;design/PHOENIX_ASSET_OWNERSHIP.md;app/lib/data/journey_background_generated.dart;worker/scripts/generate_daily_backgrounds.mjs;git:ccd848979f8f86196c11e5d692f3f437cd76c7de,AI-generated Phoenix original,OpenAI image generation 2026-07-22,UNKNOWN,OpenAI (existing record),UNKNOWN,UNKNOWN,PARTIAL_WORKFLOW_ONLY,UNKNOWN,UNKNOWN,UNKNOWN,phoenix-exclusive-owned,UNKNOWN,UNKNOWN,UNKNOWN,UNKNOWN_REVIEW_REQUIRED,UNKNOWN_REVIEW_REQUIRED,UNKNOWN,UNKNOWN,EVIDENCE_PARTIAL,per-asset source/master;platform and model version;per-asset prompt;input asset rights;commercial account evidence;applicable terms snapshot;creator authorization;license scope;reviewer identity;review date,NO,NO,NO_PENDING_EVIDENCE_RECOVERY,Preserved legacy fields: description=Shanghai Bund misty architectural detail;origin=AI-generated Phoenix original;license_type=phoenix-exclusive-owned;proof_url=OpenAI image generation 2026-07-22;review_status=approved Repository provenance does not establish legal rights.,,,,,,
PHX-VIS-53110687646C,app/assets/images/backgrounds/generated/shanghai/bund/04-bright-panorama.webp,04-bright-panorama.webp,WEBP,138754,864,1536,af2f7b8b65d5d0e0f51ddb9231180f3740490c3c1d464dd3a21865264f93f40e,c8790c63af71f20d62e16260b57a4d3da322ec55,YES,JourneyBackgroundCatalog / all Journey pages,Ordinary Journey,ordinary:shanghai-bund,NONE,PRIMARY,NO,NO,ccd848979f8f86196c11e5d692f3f437cd76c7de,2026-07-27T19:37:57+07:00,dhv5bnmfmh-cmyk,7eaa823f712251797194e6cb1995c9da79ad988a,YES,design/ASSET_REGISTER.csv;design/PHOENIX_ASSET_OWNERSHIP.md;app/lib/data/journey_background_generated.dart;worker/scripts/generate_daily_backgrounds.mjs;git:ccd848979f8f86196c11e5d692f3f437cd76c7de,AI-generated Phoenix original,OpenAI image generation 2026-07-22,UNKNOWN,OpenAI (existing record),UNKNOWN,UNKNOWN,PARTIAL_WORKFLOW_ONLY,UNKNOWN,UNKNOWN,UNKNOWN,phoenix-exclusive-owned,UNKNOWN,UNKNOWN,UNKNOWN,UNKNOWN_REVIEW_REQUIRED,UNKNOWN_REVIEW_REQUIRED,UNKNOWN,UNKNOWN,EVIDENCE_PARTIAL,per-asset source/master;platform and model version;per-asset prompt;input asset rights;commercial account evidence;applicable terms snapshot;creator authorization;license scope;reviewer identity;review date,NO,NO,NO_PENDING_EVIDENCE_RECOVERY,Preserved legacy fields: description=Shanghai Bund bright panorama;origin=AI-generated Phoenix original;license_type=phoenix-exclusive-owned;proof_url=OpenAI image generation 2026-07-22;review_status=approved Repository provenance does not establish legal rights.,,,,,,
PHX-VIS-8DEBE7C37167,app/assets/images/backgrounds/generated/shanghai/bund/05-after-rain.webp,05-after-rain.webp,WEBP,103584,864,1536,712008d479f863701144d6a0d5dddc8bf5a8501f91b6fb9abdfbd8fa0cb4999c,82bbbf48a0f54af52b4ab4db0a5af60d9cdf260b,YES,JourneyBackgroundCatalog / all Journey pages,Ordinary Journey,ordinary:shanghai-bund,NONE,PRIMARY,NO,NO,ccd848979f8f86196c11e5d692f3f437cd76c7de,2026-07-27T19:37:57+07:00,dhv5bnmfmh-cmyk,7eaa823f712251797194e6cb1995c9da79ad988a,YES,design/ASSET_REGISTER.csv;design/PHOENIX_ASSET_OWNERSHIP.md;app/lib/data/journey_background_generated.dart;worker/scripts/generate_daily_backgrounds.mjs;git:ccd848979f8f86196c11e5d692f3f437cd76c7de,AI-generated Phoenix original,OpenAI image generation 2026-07-22,UNKNOWN,OpenAI (existing record),UNKNOWN,UNKNOWN,PARTIAL_WORKFLOW_ONLY,UNKNOWN,UNKNOWN,UNKNOWN,phoenix-exclusive-owned,UNKNOWN,UNKNOWN,UNKNOWN,UNKNOWN_REVIEW_REQUIRED,UNKNOWN_REVIEW_REQUIRED,UNKNOWN,UNKNOWN,EVIDENCE_PARTIAL,per-asset source/master;platform and model version;per-asset prompt;input asset rights;commercial account evidence;applicable terms snapshot;creator authorization;license scope;reviewer identity;review date,NO,NO,NO_PENDING_EVIDENCE_RECOVERY,Preserved legacy fields: description=Shanghai Bund after rain;origin=AI-generated Phoenix original;license_type=phoenix-exclusive-owned;proof_url=OpenAI image generation 2026-07-22;review_status=approved Repository provenance does not establish legal rights.,,,,,,
PHX-VIS-A3A6C0D7D59B,app/assets/images/backgrounds/generated/shanghai/bund/06-seasonal-landscape.webp,06-seasonal-landscape.webp,WEBP,173848,864,1536,5cc9736a1c83ff5691ce3bc14e3c6e46e3e239c9199fe2b87eb7e2e66147f8b6,c5f5d3f4298ecc4cd48b80c9d8f203d7d04f2aa8,YES,JourneyBackgroundCatalog / all Journey pages,Ordinary Journey,ordinary:shanghai-bund,NONE,PRIMARY,NO,NO,ccd848979f8f86196c11e5d692f3f437cd76c7de,2026-07-27T19:37:57+07:00,dhv5bnmfmh-cmyk,7eaa823f712251797194e6cb1995c9da79ad988a,YES,design/ASSET_REGISTER.csv;design/PHOENIX_ASSET_OWNERSHIP.md;app/lib/data/journey_background_generated.dart;worker/scripts/generate_daily_backgrounds.mjs;git:ccd848979f8f86196c11e5d692f3f437cd76c7de,AI-generated Phoenix original,OpenAI image generation 2026-07-22,UNKNOWN,OpenAI (existing record),UNKNOWN,UNKNOWN,PARTIAL_WORKFLOW_ONLY,UNKNOWN,UNKNOWN,UNKNOWN,phoenix-exclusive-owned,UNKNOWN,UNKNOWN,UNKNOWN,UNKNOWN_REVIEW_REQUIRED,UNKNOWN_REVIEW_REQUIRED,UNKNOWN,UNKNOWN,EVIDENCE_PARTIAL,per-asset source/master;platform and model version;per-asset prompt;input asset rights;commercial account evidence;applicable terms snapshot;creator authorization;license scope;reviewer identity;review date,NO,NO,NO_PENDING_EVIDENCE_RECOVERY,Preserved legacy fields: description=Shanghai Bund autumn landscape;origin=AI-generated Phoenix original;license_type=phoenix-exclusive-owned;proof_url=OpenAI image generation 2026-07-22;review_status=approved Repository provenance does not establish legal rights.,,,,,,
PHX-VIS-A861CBDA857B,app/assets/images/backgrounds/generated/shanghai/bund/07-golden-hour.webp,07-golden-hour.webp,WEBP,98516,864,1536,335c5030f9493384c31fbb09814087146cf58868c95ce8bab690194c796f5734,a656f0c17f890d0b3b196fd12e9f21e31018967d,YES,JourneyBackgroundCatalog / all Journey pages,Ordinary Journey,ordinary:shanghai-bund,NONE,PRIMARY,NO,NO,ccd848979f8f86196c11e5d692f3f437cd76c7de,2026-07-27T19:37:57+07:00,dhv5bnmfmh-cmyk,7eaa823f712251797194e6cb1995c9da79ad988a,YES,design/ASSET_REGISTER.csv;design/PHOENIX_ASSET_OWNERSHIP.md;app/lib/data/journey_background_generated.dart;worker/scripts/generate_daily_backgrounds.mjs;git:ccd848979f8f86196c11e5d692f3f437cd76c7de,AI-generated Phoenix original,OpenAI image generation 2026-07-22,UNKNOWN,OpenAI (existing record),UNKNOWN,UNKNOWN,PARTIAL_WORKFLOW_ONLY,UNKNOWN,UNKNOWN,UNKNOWN,phoenix-exclusive-owned,UNKNOWN,UNKNOWN,UNKNOWN,UNKNOWN_REVIEW_REQUIRED,UNKNOWN_REVIEW_REQUIRED,UNKNOWN,UNKNOWN,EVIDENCE_PARTIAL,per-asset source/master;platform and model version;per-asset prompt;input asset rights;commercial account evidence;applicable terms snapshot;creator authorization;license scope;reviewer identity;review date,NO,NO,NO_PENDING_EVIDENCE_RECOVERY,Preserved legacy fields: description=Shanghai Bund golden hour;origin=AI-generated Phoenix original;license_type=phoenix-exclusive-owned;proof_url=OpenAI image generation 2026-07-22;review_status=approved Repository provenance does not establish legal rights.,,,,,,
PHX-VIS-F96940345858,app/assets/images/backgrounds/generated/shanghai/bund/08-blue-hour.webp,08-blue-hour.webp,WEBP,100804,864,1536,bd07ba88a4d2525d20b7517bdc2805cf640ed909342bd483550472351f24acd0,c1119ed8d9b5320f9946cbb3f08ba6fbb1792994,YES,JourneyBackgroundCatalog / all Journey pages,Ordinary Journey,ordinary:shanghai-bund,NONE,PRIMARY,NO,NO,ccd848979f8f86196c11e5d692f3f437cd76c7de,2026-07-27T19:37:57+07:00,dhv5bnmfmh-cmyk,7eaa823f712251797194e6cb1995c9da79ad988a,YES,design/ASSET_REGISTER.csv;design/PHOENIX_ASSET_OWNERSHIP.md;app/lib/data/journey_background_generated.dart;worker/scripts/generate_daily_backgrounds.mjs;git:ccd848979f8f86196c11e5d692f3f437cd76c7de,AI-generated Phoenix original,OpenAI image generation 2026-07-22,UNKNOWN,OpenAI (existing record),UNKNOWN,UNKNOWN,PARTIAL_WORKFLOW_ONLY,UNKNOWN,UNKNOWN,UNKNOWN,phoenix-exclusive-owned,UNKNOWN,UNKNOWN,UNKNOWN,UNKNOWN_REVIEW_REQUIRED,UNKNOWN_REVIEW_REQUIRED,UNKNOWN,UNKNOWN,EVIDENCE_PARTIAL,per-asset source/master;platform and model version;per-asset prompt;input asset rights;commercial account evidence;applicable terms snapshot;creator authorization;license scope;reviewer identity;review date,NO,NO,NO_PENDING_EVIDENCE_RECOVERY,Preserved legacy fields: description=Shanghai Bund blue hour;origin=AI-generated Phoenix original;license_type=phoenix-exclusive-owned;proof_url=OpenAI image generation 2026-07-22;review_status=approved Repository provenance does not establish legal rights.,,,,,,
PHX-VIS-8FF534F73017,app/assets/images/backgrounds/generated/shanghai/bund/09-lantern-night.webp,09-lantern-night.webp,WEBP,89470,864,1536,53810c91c42dca5252ea0b71de2cc7e39ec971c4d000059f849014a56d5ce406,49ef640f6d79db3bbab13326ee2641c5d4caecb2,YES,JourneyBackgroundCatalog / all Journey pages,Ordinary Journey,ordinary:shanghai-bund,NONE,PRIMARY,NO,NO,ccd848979f8f86196c11e5d692f3f437cd76c7de,2026-07-27T19:37:57+07:00,dhv5bnmfmh-cmyk,7eaa823f712251797194e6cb1995c9da79ad988a,YES,design/ASSET_REGISTER.csv;design/PHOENIX_ASSET_OWNERSHIP.md;app/lib/data/journey_background_generated.dart;worker/scripts/generate_daily_backgrounds.mjs;git:ccd848979f8f86196c11e5d692f3f437cd76c7de,AI-generated Phoenix original,OpenAI image generation 2026-07-22,UNKNOWN,OpenAI (existing record),UNKNOWN,UNKNOWN,PARTIAL_WORKFLOW_ONLY,UNKNOWN,UNKNOWN,UNKNOWN,phoenix-exclusive-owned,UNKNOWN,UNKNOWN,UNKNOWN,UNKNOWN_REVIEW_REQUIRED,UNKNOWN_REVIEW_REQUIRED,UNKNOWN,UNKNOWN,EVIDENCE_PARTIAL,per-asset source/master;platform and model version;per-asset prompt;input asset rights;commercial account evidence;applicable terms snapshot;creator authorization;license scope;reviewer identity;review date,NO,NO,NO_PENDING_EVIDENCE_RECOVERY,Preserved legacy fields: description=Shanghai Bund waterfront night;origin=AI-generated Phoenix original;license_type=phoenix-exclusive-owned;proof_url=OpenAI image generation 2026-07-22;review_status=approved Repository provenance does not establish legal rights.,,,,,,
PHX-VIS-F8FE5492E626,app/assets/images/backgrounds/generated/shanghai/bund/10-quiet-night-panorama.webp,10-quiet-night-panorama.webp,WEBP,47618,864,1536,2abeeaafdb76f010b39414bedb0d1114a1885a80a351862107ff1bf9c77e6bb7,49c85fee601e14fdf85fac0532d4dfd79974e366,YES,JourneyBackgroundCatalog / all Journey pages,Ordinary Journey,ordinary:shanghai-bund,NONE,PRIMARY,NO,NO,ccd848979f8f86196c11e5d692f3f437cd76c7de,2026-07-27T19:37:57+07:00,dhv5bnmfmh-cmyk,7eaa823f712251797194e6cb1995c9da79ad988a,YES,design/ASSET_REGISTER.csv;design/PHOENIX_ASSET_OWNERSHIP.md;app/lib/data/journey_background_generated.dart;worker/scripts/generate_daily_backgrounds.mjs;git:ccd848979f8f86196c11e5d692f3f437cd76c7de,AI-generated Phoenix original,OpenAI image generation 2026-07-22,UNKNOWN,OpenAI (existing record),UNKNOWN,UNKNOWN,PARTIAL_WORKFLOW_ONLY,UNKNOWN,UNKNOWN,UNKNOWN,phoenix-exclusive-owned,UNKNOWN,UNKNOWN,UNKNOWN,UNKNOWN_REVIEW_REQUIRED,UNKNOWN_REVIEW_REQUIRED,UNKNOWN,UNKNOWN,EVIDENCE_PARTIAL,per-asset source/master;platform and model version;per-asset prompt;input asset rights;commercial account evidence;applicable terms snapshot;creator authorization;license scope;reviewer identity;review date,NO,NO,NO_PENDING_EVIDENCE_RECOVERY,Preserved legacy fields: description=Shanghai Bund quiet night panorama;origin=AI-generated Phoenix original;license_type=phoenix-exclusive-owned;proof_url=OpenAI image generation 2026-07-22;review_status=approved Repository provenance does not establish legal rights.,,,,,,
PHX-VIS-883EA3D79B60,app/assets/images/backgrounds/generated/suzhou/humble-administrators-garden/02-clear-morning.webp,02-clear-morning.webp,WEBP,204258,941,1672,bb7445e4e806d38969f6b0c97661019cea0f4efe233a8cab4f984180212fb138,d8c52fc3615b01cb52b774b6578b172b84772caf,YES,JourneyBackgroundCatalog / all Journey pages,Ordinary Journey,ordinary:suzhou-humble-administrators-garden,NONE,PRIMARY,NO,NO,07b2cb5346754c9cf05ed43b4a476fa9fa1c9877,2026-07-29T23:25:17+07:00,dhv5bnmfmh-cmyk,7eaa823f712251797194e6cb1995c9da79ad988a,NO,app/lib/data/journey_background_generated.dart;worker/scripts/generate_daily_backgrounds.mjs;git:07b2cb5346754c9cf05ed43b4a476fa9fa1c9877,AI_GENERATED_RUNTIME_METADATA,REPOSITORY_PROVENANCE_ONLY,UNKNOWN,UNKNOWN,UNKNOWN,UNKNOWN,PARTIAL_WORKFLOW_ONLY,UNKNOWN,UNKNOWN,UNKNOWN,UNKNOWN,UNKNOWN,UNKNOWN,UNKNOWN,UNKNOWN_REVIEW_REQUIRED,UNKNOWN_REVIEW_REQUIRED,UNKNOWN,UNKNOWN,EVIDENCE_PARTIAL,per-asset source/master;platform and model version;per-asset prompt;input asset rights;commercial account evidence;applicable terms snapshot;creator authorization;license scope;reviewer identity;review date,NO,NO,NO_PENDING_EVIDENCE_RECOVERY,Repository provenance does not establish legal rights.,,,,,,
PHX-VIS-851269F84609,app/assets/images/backgrounds/generated/suzhou/humble-administrators-garden/03-misty-detail.webp,03-misty-detail.webp,WEBP,262828,941,1672,a126731da00d37577997d8ee13ff47d6f5a6eefe4412172ba13d9784e56f88df,0374ff156fc7ab26499c90dcfb41b3222fedf417,YES,JourneyBackgroundCatalog / all Journey pages,Ordinary Journey,ordinary:suzhou-humble-administrators-garden,NONE,PRIMARY,NO,NO,07b2cb5346754c9cf05ed43b4a476fa9fa1c9877,2026-07-29T23:25:17+07:00,dhv5bnmfmh-cmyk,7eaa823f712251797194e6cb1995c9da79ad988a,NO,app/lib/data/journey_background_generated.dart;worker/scripts/generate_daily_backgrounds.mjs;git:07b2cb5346754c9cf05ed43b4a476fa9fa1c9877,AI_GENERATED_RUNTIME_METADATA,REPOSITORY_PROVENANCE_ONLY,UNKNOWN,UNKNOWN,UNKNOWN,UNKNOWN,PARTIAL_WORKFLOW_ONLY,UNKNOWN,UNKNOWN,UNKNOWN,UNKNOWN,UNKNOWN,UNKNOWN,UNKNOWN,UNKNOWN_REVIEW_REQUIRED,UNKNOWN_REVIEW_REQUIRED,UNKNOWN,UNKNOWN,EVIDENCE_PARTIAL,per-asset source/master;platform and model version;per-asset prompt;input asset rights;commercial account evidence;applicable terms snapshot;creator authorization;license scope;reviewer identity;review date,NO,NO,NO_PENDING_EVIDENCE_RECOVERY,Repository provenance does not establish legal rights.,,,,,,
PHX-VIS-3D658691E399,app/assets/images/backgrounds/generated/suzhou/humble-administrators-garden/04-bright-panorama.webp,04-bright-panorama.webp,WEBP,265156,941,1672,bb77200d86a4114772293257d2728ee61bb1efa9bab9a5c95cca070006af3d62,0fb09db9a2f9f140b1d81fb40c00a11806a1f13d,YES,JourneyBackgroundCatalog / all Journey pages,Ordinary Journey,ordinary:suzhou-humble-administrators-garden,NONE,PRIMARY,NO,NO,07b2cb5346754c9cf05ed43b4a476fa9fa1c9877,2026-07-29T23:25:17+07:00,dhv5bnmfmh-cmyk,7eaa823f712251797194e6cb1995c9da79ad988a,NO,app/lib/data/journey_background_generated.dart;worker/scripts/generate_daily_backgrounds.mjs;git:07b2cb5346754c9cf05ed43b4a476fa9fa1c9877,AI_GENERATED_RUNTIME_METADATA,REPOSITORY_PROVENANCE_ONLY,UNKNOWN,UNKNOWN,UNKNOWN,UNKNOWN,PARTIAL_WORKFLOW_ONLY,UNKNOWN,UNKNOWN,UNKNOWN,UNKNOWN,UNKNOWN,UNKNOWN,UNKNOWN,UNKNOWN_REVIEW_REQUIRED,UNKNOWN_REVIEW_REQUIRED,UNKNOWN,UNKNOWN,EVIDENCE_PARTIAL,per-asset source/master;platform and model version;per-asset prompt;input asset rights;commercial account evidence;applicable terms snapshot;creator authorization;license scope;reviewer identity;review date,NO,NO,NO_PENDING_EVIDENCE_RECOVERY,Repository provenance does not establish legal rights.,,,,,,
PHX-VIS-2888874CD5A4,app/assets/images/backgrounds/generated/suzhou/humble-administrators-garden/05-after-rain.webp,05-after-rain.webp,WEBP,284844,941,1672,690ebade13e411d029ecea81b36c5653bcd5f05c1ee9b040b6836671ed47c570,db7553e426b41c1d04e1a759bd7ffe0bb008f1f4,YES,JourneyBackgroundCatalog / all Journey pages,Ordinary Journey,ordinary:suzhou-humble-administrators-garden,NONE,PRIMARY,NO,NO,07b2cb5346754c9cf05ed43b4a476fa9fa1c9877,2026-07-29T23:25:17+07:00,dhv5bnmfmh-cmyk,7eaa823f712251797194e6cb1995c9da79ad988a,NO,app/lib/data/journey_background_generated.dart;worker/scripts/generate_daily_backgrounds.mjs;git:07b2cb5346754c9cf05ed43b4a476fa9fa1c9877,AI_GENERATED_RUNTIME_METADATA,REPOSITORY_PROVENANCE_ONLY,UNKNOWN,UNKNOWN,UNKNOWN,UNKNOWN,PARTIAL_WORKFLOW_ONLY,UNKNOWN,UNKNOWN,UNKNOWN,UNKNOWN,UNKNOWN,UNKNOWN,UNKNOWN,UNKNOWN_REVIEW_REQUIRED,UNKNOWN_REVIEW_REQUIRED,UNKNOWN,UNKNOWN,EVIDENCE_PARTIAL,per-asset source/master;platform and model version;per-asset prompt;input asset rights;commercial account evidence;applicable terms snapshot;creator authorization;license scope;reviewer identity;review date,NO,NO,NO_PENDING_EVIDENCE_RECOVERY,Repository provenance does not establish legal rights.,,,,,,
PHX-VIS-4A4FE2174ACC,app/assets/images/backgrounds/generated/suzhou/humble-administrators-garden/06-autumn-maples.webp,06-autumn-maples.webp,WEBP,252800,941,1672,4de48613508dfb1d0a18db8962ea2243cc7aef011000ed699febd54d8b6c51ba,ea7b627c9ec971e8dc29c0c885166dd29d92a130,YES,JourneyBackgroundCatalog / all Journey pages,Ordinary Journey,ordinary:suzhou-humble-administrators-garden,NONE,PRIMARY,NO,NO,07b2cb5346754c9cf05ed43b4a476fa9fa1c9877,2026-07-29T23:25:17+07:00,dhv5bnmfmh-cmyk,7eaa823f712251797194e6cb1995c9da79ad988a,NO,app/lib/data/journey_background_generated.dart;worker/scripts/generate_daily_backgrounds.mjs;git:07b2cb5346754c9cf05ed43b4a476fa9fa1c9877,AI_GENERATED_RUNTIME_METADATA,REPOSITORY_PROVENANCE_ONLY,UNKNOWN,UNKNOWN,UNKNOWN,UNKNOWN,PARTIAL_WORKFLOW_ONLY,UNKNOWN,UNKNOWN,UNKNOWN,UNKNOWN,UNKNOWN,UNKNOWN,UNKNOWN,UNKNOWN_REVIEW_REQUIRED,UNKNOWN_REVIEW_REQUIRED,UNKNOWN,UNKNOWN,EVIDENCE_PARTIAL,per-asset source/master;platform and model version;per-asset prompt;input asset rights;commercial account evidence;applicable terms snapshot;creator authorization;license scope;reviewer identity;review date,NO,NO,NO_PENDING_EVIDENCE_RECOVERY,Repository provenance does not establish legal rights.,,,,,,
PHX-VIS-7B868CC706DC,app/assets/images/backgrounds/generated/suzhou/humble-administrators-garden/07-golden-hour.webp,07-golden-hour.webp,WEBP,270040,941,1672,9fbdec42671e7c124ffffe6c7bb0527866b1288b5a7f42f946621ba48e6e937b,b75e3bdbcb527da3a669865a4f54074f66fe03db,YES,JourneyBackgroundCatalog / all Journey pages,Ordinary Journey,ordinary:suzhou-humble-administrators-garden,NONE,PRIMARY,NO,NO,07b2cb5346754c9cf05ed43b4a476fa9fa1c9877,2026-07-29T23:25:17+07:00,dhv5bnmfmh-cmyk,7eaa823f712251797194e6cb1995c9da79ad988a,NO,app/lib/data/journey_background_generated.dart;worker/scripts/generate_daily_backgrounds.mjs;git:07b2cb5346754c9cf05ed43b4a476fa9fa1c9877,AI_GENERATED_RUNTIME_METADATA,REPOSITORY_PROVENANCE_ONLY,UNKNOWN,UNKNOWN,UNKNOWN,UNKNOWN,PARTIAL_WORKFLOW_ONLY,UNKNOWN,UNKNOWN,UNKNOWN,UNKNOWN,UNKNOWN,UNKNOWN,UNKNOWN,UNKNOWN_REVIEW_REQUIRED,UNKNOWN_REVIEW_REQUIRED,UNKNOWN,UNKNOWN,EVIDENCE_PARTIAL,per-asset source/master;platform and model version;per-asset prompt;input asset rights;commercial account evidence;applicable terms snapshot;creator authorization;license scope;reviewer identity;review date,NO,NO,NO_PENDING_EVIDENCE_RECOVERY,Repository provenance does not establish legal rights.,,,,,,
PHX-VIS-ED963F7A654E,app/assets/images/backgrounds/generated/suzhou/humble-administrators-garden/08-blue-hour.webp,08-blue-hour.webp,WEBP,304970,941,1672,067a6e169205f02fac38052fbdd482887fb7244ebe3c2d43452d76c49cf64da1,487cdcea6c3bb627449e9ed2cd1191c143adb29b,YES,JourneyBackgroundCatalog / all Journey pages,Ordinary Journey,ordinary:suzhou-humble-administrators-garden,NONE,PRIMARY,NO,NO,07b2cb5346754c9cf05ed43b4a476fa9fa1c9877,2026-07-29T23:25:17+07:00,dhv5bnmfmh-cmyk,7eaa823f712251797194e6cb1995c9da79ad988a,NO,app/lib/data/journey_background_generated.dart;worker/scripts/generate_daily_backgrounds.mjs;git:07b2cb5346754c9cf05ed43b4a476fa9fa1c9877,AI_GENERATED_RUNTIME_METADATA,REPOSITORY_PROVENANCE_ONLY,UNKNOWN,UNKNOWN,UNKNOWN,UNKNOWN,PARTIAL_WORKFLOW_ONLY,UNKNOWN,UNKNOWN,UNKNOWN,UNKNOWN,UNKNOWN,UNKNOWN,UNKNOWN,UNKNOWN_REVIEW_REQUIRED,UNKNOWN_REVIEW_REQUIRED,UNKNOWN,UNKNOWN,EVIDENCE_PARTIAL,per-asset source/master;platform and model version;per-asset prompt;input asset rights;commercial account evidence;applicable terms snapshot;creator authorization;license scope;reviewer identity;review date,NO,NO,NO_PENDING_EVIDENCE_RECOVERY,Repository provenance does not establish legal rights.,,,,,,
PHX-VIS-8552D0A9DB08,app/assets/images/backgrounds/generated/suzhou/humble-administrators-garden/09-lantern-night.webp,09-lantern-night.webp,WEBP,177378,941,1672,3890fcd0a87193d8e271288d2335fca1e1404f77a8724a2db5b0bcbb7eb3845b,a570ee36370f10ff43b5853f23fee3ae8a64fa56,YES,JourneyBackgroundCatalog / all Journey pages,Ordinary Journey,ordinary:suzhou-humble-administrators-garden,NONE,PRIMARY,NO,NO,07b2cb5346754c9cf05ed43b4a476fa9fa1c9877,2026-07-29T23:25:17+07:00,dhv5bnmfmh-cmyk,7eaa823f712251797194e6cb1995c9da79ad988a,NO,app/lib/data/journey_background_generated.dart;worker/scripts/generate_daily_backgrounds.mjs;git:07b2cb5346754c9cf05ed43b4a476fa9fa1c9877,AI_GENERATED_RUNTIME_METADATA,REPOSITORY_PROVENANCE_ONLY,UNKNOWN,UNKNOWN,UNKNOWN,UNKNOWN,PARTIAL_WORKFLOW_ONLY,UNKNOWN,UNKNOWN,UNKNOWN,UNKNOWN,UNKNOWN,UNKNOWN,UNKNOWN,UNKNOWN_REVIEW_REQUIRED,UNKNOWN_REVIEW_REQUIRED,UNKNOWN,UNKNOWN,EVIDENCE_PARTIAL,per-asset source/master;platform and model version;per-asset prompt;input asset rights;commercial account evidence;applicable terms snapshot;creator authorization;license scope;reviewer identity;review date,NO,NO,NO_PENDING_EVIDENCE_RECOVERY,Repository provenance does not establish legal rights.,,,,,,
PHX-VIS-9AF18FF7637E,app/assets/images/backgrounds/generated/suzhou/humble-administrators-garden/10-moonlit-panorama.webp,10-moonlit-panorama.webp,WEBP,154796,941,1672,a757414af88f244a824c2488246eba108ff3dafece2dc8ef02bc179a74efcc6c,d33bd9610515627df85da6bd63c9320dbb3dd43b,YES,JourneyBackgroundCatalog / all Journey pages,Ordinary Journey,ordinary:suzhou-humble-administrators-garden,NONE,PRIMARY,NO,NO,07b2cb5346754c9cf05ed43b4a476fa9fa1c9877,2026-07-29T23:25:17+07:00,dhv5bnmfmh-cmyk,7eaa823f712251797194e6cb1995c9da79ad988a,NO,app/lib/data/journey_background_generated.dart;worker/scripts/generate_daily_backgrounds.mjs;git:07b2cb5346754c9cf05ed43b4a476fa9fa1c9877,AI_GENERATED_RUNTIME_METADATA,REPOSITORY_PROVENANCE_ONLY,UNKNOWN,UNKNOWN,UNKNOWN,UNKNOWN,PARTIAL_WORKFLOW_ONLY,UNKNOWN,UNKNOWN,UNKNOWN,UNKNOWN,UNKNOWN,UNKNOWN,UNKNOWN,UNKNOWN_REVIEW_REQUIRED,UNKNOWN_REVIEW_REQUIRED,UNKNOWN,UNKNOWN,EVIDENCE_PARTIAL,per-asset source/master;platform and model version;per-asset prompt;input asset rights;commercial account evidence;applicable terms snapshot;creator authorization;license scope;reviewer identity;review date,NO,NO,NO_PENDING_EVIDENCE_RECOVERY,Repository provenance does not establish legal rights.,,,,,,
PHX-VIS-89202CE0BDF4,app/assets/images/backgrounds/generated/suzhou/humble-administrators-garden/suzhou-humble-administrators-garden-v1.webp,suzhou-humble-administrators-garden-v1.webp,WEBP,298476,941,1672,2d32ff666609a6bdf795b68e5d40cf1a30d9a083b1545ad7e942e8fc3d702955,c55355dcf43f61c1d371e5a1544918055abaa75b,YES,JourneyBackgroundCatalog / all Journey pages,Ordinary Journey,ordinary:suzhou-humble-administrators-garden,NONE,PRIMARY,NO,NO,f4eee5fd02dc8bd657b4909e62895dc45446ef83,2026-07-29T20:41:19+07:00,dhv5bnmfmh-cmyk,7eaa823f712251797194e6cb1995c9da79ad988a,NO,app/lib/data/journey_background_generated.dart;worker/scripts/generate_daily_backgrounds.mjs;git:f4eee5fd02dc8bd657b4909e62895dc45446ef83,AI_GENERATED_RUNTIME_METADATA,REPOSITORY_PROVENANCE_ONLY,UNKNOWN,UNKNOWN,UNKNOWN,UNKNOWN,PARTIAL_WORKFLOW_ONLY,UNKNOWN,UNKNOWN,UNKNOWN,UNKNOWN,UNKNOWN,UNKNOWN,UNKNOWN,UNKNOWN_REVIEW_REQUIRED,UNKNOWN_REVIEW_REQUIRED,UNKNOWN,UNKNOWN,EVIDENCE_PARTIAL,per-asset source/master;platform and model version;per-asset prompt;input asset rights;commercial account evidence;applicable terms snapshot;creator authorization;license scope;reviewer identity;review date,NO,NO,NO_PENDING_EVIDENCE_RECOVERY,Repository provenance does not establish legal rights.,,,,,,
PHX-VIS-9778765BC403,app/assets/images/backgrounds/generated/wuyishan/nine-bend-stream/02-dawn-arrival.webp,02-dawn-arrival.webp,WEBP,34428,1600,900,7ef11ba9f0a736db887ebd6c6937799e743f5ad42a8ca49ba5a5d16be64c7177,146f097b7bbd055962795c89dc36ea54869ac22f,YES,JourneyBackgroundCatalog / all Journey pages,Ordinary Journey,ordinary:wuyishan-nine-bend-stream,NONE,PRIMARY,NO,NO,e3bbe25b396cb5ed903fdecd7c41ecab823673e7,2026-07-30T07:14:39+07:00,dhv5bnmfmh-cmyk,7eaa823f712251797194e6cb1995c9da79ad988a,NO,app/lib/data/journey_background_generated.dart;worker/scripts/generate_daily_backgrounds.mjs;git:e3bbe25b396cb5ed903fdecd7c41ecab823673e7,AI_GENERATED_RUNTIME_METADATA,REPOSITORY_PROVENANCE_ONLY,UNKNOWN,UNKNOWN,UNKNOWN,UNKNOWN,PARTIAL_WORKFLOW_ONLY,UNKNOWN,UNKNOWN,UNKNOWN,UNKNOWN,UNKNOWN,UNKNOWN,UNKNOWN,UNKNOWN_REVIEW_REQUIRED,UNKNOWN_REVIEW_REQUIRED,UNKNOWN,UNKNOWN,EVIDENCE_PARTIAL,per-asset source/master;platform and model version;per-asset prompt;input asset rights;commercial account evidence;applicable terms snapshot;creator authorization;license scope;reviewer identity;review date,NO,NO,NO_PENDING_EVIDENCE_RECOVERY,Repository provenance does not establish legal rights.,,,,,,
PHX-VIS-183AC3745677,app/assets/images/backgrounds/generated/wuyishan/nine-bend-stream/03-clear-morning.webp,03-clear-morning.webp,WEBP,76234,1600,900,dd0c6e32aacb16dcb013e7baae38575260e84b4868ffa182726a1eb92c311b93,6c80f2c5741254ec60ac86a7600a3d1f28755c5d,YES,JourneyBackgroundCatalog / all Journey pages,Ordinary Journey,ordinary:wuyishan-nine-bend-stream,NONE,PRIMARY,NO,NO,e3bbe25b396cb5ed903fdecd7c41ecab823673e7,2026-07-30T07:14:39+07:00,dhv5bnmfmh-cmyk,7eaa823f712251797194e6cb1995c9da79ad988a,NO,app/lib/data/journey_background_generated.dart;worker/scripts/generate_daily_backgrounds.mjs;git:e3bbe25b396cb5ed903fdecd7c41ecab823673e7,AI_GENERATED_RUNTIME_METADATA,REPOSITORY_PROVENANCE_ONLY,UNKNOWN,UNKNOWN,UNKNOWN,UNKNOWN,PARTIAL_WORKFLOW_ONLY,UNKNOWN,UNKNOWN,UNKNOWN,UNKNOWN,UNKNOWN,UNKNOWN,UNKNOWN,UNKNOWN_REVIEW_REQUIRED,UNKNOWN_REVIEW_REQUIRED,UNKNOWN,UNKNOWN,EVIDENCE_PARTIAL,per-asset source/master;platform and model version;per-asset prompt;input asset rights;commercial account evidence;applicable terms snapshot;creator authorization;license scope;reviewer identity;review date,NO,NO,NO_PENDING_EVIDENCE_RECOVERY,Repository provenance does not establish legal rights.,,,,,,
PHX-VIS-9C3685A63D1E,app/assets/images/backgrounds/generated/wuyishan/nine-bend-stream/04-atmospheric-detail.webp,04-atmospheric-detail.webp,WEBP,68414,1600,900,f579ff9f8342e4ad0ff3e4b688cf4a625fe4f09d92fc9ab1d168d9f57f6c6fbc,b0a7e5fcc312e3796c7bd574478ac09e427d9a59,YES,JourneyBackgroundCatalog / all Journey pages,Ordinary Journey,ordinary:wuyishan-nine-bend-stream,NONE,PRIMARY,NO,NO,e3bbe25b396cb5ed903fdecd7c41ecab823673e7,2026-07-30T07:14:39+07:00,dhv5bnmfmh-cmyk,7eaa823f712251797194e6cb1995c9da79ad988a,NO,app/lib/data/journey_background_generated.dart;worker/scripts/generate_daily_backgrounds.mjs;git:e3bbe25b396cb5ed903fdecd7c41ecab823673e7,AI_GENERATED_RUNTIME_METADATA,REPOSITORY_PROVENANCE_ONLY,UNKNOWN,UNKNOWN,UNKNOWN,UNKNOWN,PARTIAL_WORKFLOW_ONLY,UNKNOWN,UNKNOWN,UNKNOWN,UNKNOWN,UNKNOWN,UNKNOWN,UNKNOWN,UNKNOWN_REVIEW_REQUIRED,UNKNOWN_REVIEW_REQUIRED,UNKNOWN,UNKNOWN,EVIDENCE_PARTIAL,per-asset source/master;platform and model version;per-asset prompt;input asset rights;commercial account evidence;applicable terms snapshot;creator authorization;license scope;reviewer identity;review date,NO,NO,NO_PENDING_EVIDENCE_RECOVERY,Repository provenance does not establish legal rights.,,,,,,
PHX-VIS-5674DC8F1083,app/assets/images/backgrounds/generated/wuyishan/nine-bend-stream/05-heritage-texture.webp,05-heritage-texture.webp,WEBP,113006,1600,900,2cd3659090f4ee23f5499e4c53b09c241439cea6d07c58a1bdd17564b5a9e7a2,813199b0eb63b9aa285718c151dea1426bfdbd38,YES,JourneyBackgroundCatalog / all Journey pages,Ordinary Journey,ordinary:wuyishan-nine-bend-stream,NONE,PRIMARY,NO,NO,e3bbe25b396cb5ed903fdecd7c41ecab823673e7,2026-07-30T07:14:39+07:00,dhv5bnmfmh-cmyk,7eaa823f712251797194e6cb1995c9da79ad988a,NO,app/lib/data/journey_background_generated.dart;worker/scripts/generate_daily_backgrounds.mjs;git:e3bbe25b396cb5ed903fdecd7c41ecab823673e7,AI_GENERATED_RUNTIME_METADATA,REPOSITORY_PROVENANCE_ONLY,UNKNOWN,UNKNOWN,UNKNOWN,UNKNOWN,PARTIAL_WORKFLOW_ONLY,UNKNOWN,UNKNOWN,UNKNOWN,UNKNOWN,UNKNOWN,UNKNOWN,UNKNOWN,UNKNOWN_REVIEW_REQUIRED,UNKNOWN_REVIEW_REQUIRED,UNKNOWN,UNKNOWN,EVIDENCE_PARTIAL,per-asset source/master;platform and model version;per-asset prompt;input asset rights;commercial account evidence;applicable terms snapshot;creator authorization;license scope;reviewer identity;review date,NO,NO,NO_PENDING_EVIDENCE_RECOVERY,Repository provenance does not establish legal rights.,,,,,,
PHX-VIS-9D531916023F,app/assets/images/backgrounds/generated/wuyishan/nine-bend-stream/06-after-rain.webp,06-after-rain.webp,WEBP,68580,1600,900,b43b66d62be511ba6213d7404f8a72452a2200e64641086b7d9c01df23f52d4b,807815e67167fae4b94d35adf8778039bbf287d9,YES,JourneyBackgroundCatalog / all Journey pages,Ordinary Journey,ordinary:wuyishan-nine-bend-stream,NONE,PRIMARY,NO,NO,e3bbe25b396cb5ed903fdecd7c41ecab823673e7,2026-07-30T07:14:39+07:00,dhv5bnmfmh-cmyk,7eaa823f712251797194e6cb1995c9da79ad988a,NO,app/lib/data/journey_background_generated.dart;worker/scripts/generate_daily_backgrounds.mjs;git:e3bbe25b396cb5ed903fdecd7c41ecab823673e7,AI_GENERATED_RUNTIME_METADATA,REPOSITORY_PROVENANCE_ONLY,UNKNOWN,UNKNOWN,UNKNOWN,UNKNOWN,PARTIAL_WORKFLOW_ONLY,UNKNOWN,UNKNOWN,UNKNOWN,UNKNOWN,UNKNOWN,UNKNOWN,UNKNOWN,UNKNOWN_REVIEW_REQUIRED,UNKNOWN_REVIEW_REQUIRED,UNKNOWN,UNKNOWN,EVIDENCE_PARTIAL,per-asset source/master;platform and model version;per-asset prompt;input asset rights;commercial account evidence;applicable terms snapshot;creator authorization;license scope;reviewer identity;review date,NO,NO,NO_PENDING_EVIDENCE_RECOVERY,Repository provenance does not establish legal rights.,,,,,,
PHX-VIS-79E1AC0C302B,app/assets/images/backgrounds/generated/wuyishan/nine-bend-stream/07-traveler-scale.webp,07-traveler-scale.webp,WEBP,72422,1600,900,a31f98c7ba0b8fdaa475a81aa678310732bcc1d0d609c57ed1eb1dbb01eabe24,01074f172316dd9f97321153a5da61b89f38ef9d,YES,JourneyBackgroundCatalog / all Journey pages,Ordinary Journey,ordinary:wuyishan-nine-bend-stream,NONE,PRIMARY,NO,NO,e3bbe25b396cb5ed903fdecd7c41ecab823673e7,2026-07-30T07:14:39+07:00,dhv5bnmfmh-cmyk,7eaa823f712251797194e6cb1995c9da79ad988a,NO,app/lib/data/journey_background_generated.dart;worker/scripts/generate_daily_backgrounds.mjs;git:e3bbe25b396cb5ed903fdecd7c41ecab823673e7,AI_GENERATED_RUNTIME_METADATA,REPOSITORY_PROVENANCE_ONLY,UNKNOWN,UNKNOWN,UNKNOWN,UNKNOWN,PARTIAL_WORKFLOW_ONLY,UNKNOWN,UNKNOWN,UNKNOWN,UNKNOWN,UNKNOWN,UNKNOWN,UNKNOWN,UNKNOWN_REVIEW_REQUIRED,UNKNOWN_REVIEW_REQUIRED,UNKNOWN,UNKNOWN,EVIDENCE_PARTIAL,per-asset source/master;platform and model version;per-asset prompt;input asset rights;commercial account evidence;applicable terms snapshot;creator authorization;license scope;reviewer identity;review date,NO,NO,NO_PENDING_EVIDENCE_RECOVERY,Repository provenance does not establish legal rights.,,,,,,
PHX-VIS-E40760FEF69A,app/assets/images/backgrounds/generated/wuyishan/nine-bend-stream/08-golden-hour.webp,08-golden-hour.webp,WEBP,66120,1600,900,b9d9b97440c7bb98a29b34c96902cde82dc48dbff9b31ba1420174258f3d3ad7,c1f47035609aa8e2bc6d13e392c4a778be97f382,YES,JourneyBackgroundCatalog / all Journey pages,Ordinary Journey,ordinary:wuyishan-nine-bend-stream,NONE,PRIMARY,NO,NO,e3bbe25b396cb5ed903fdecd7c41ecab823673e7,2026-07-30T07:14:39+07:00,dhv5bnmfmh-cmyk,7eaa823f712251797194e6cb1995c9da79ad988a,NO,app/lib/data/journey_background_generated.dart;worker/scripts/generate_daily_backgrounds.mjs;git:e3bbe25b396cb5ed903fdecd7c41ecab823673e7,AI_GENERATED_RUNTIME_METADATA,REPOSITORY_PROVENANCE_ONLY,UNKNOWN,UNKNOWN,UNKNOWN,UNKNOWN,PARTIAL_WORKFLOW_ONLY,UNKNOWN,UNKNOWN,UNKNOWN,UNKNOWN,UNKNOWN,UNKNOWN,UNKNOWN,UNKNOWN_REVIEW_REQUIRED,UNKNOWN_REVIEW_REQUIRED,UNKNOWN,UNKNOWN,EVIDENCE_PARTIAL,per-asset source/master;platform and model version;per-asset prompt;input asset rights;commercial account evidence;applicable terms snapshot;creator authorization;license scope;reviewer identity;review date,NO,NO,NO_PENDING_EVIDENCE_RECOVERY,Repository provenance does not establish legal rights.,,,,,,
PHX-VIS-A8FD4A8BFC01,app/assets/images/backgrounds/generated/wuyishan/nine-bend-stream/09-blue-hour.webp,09-blue-hour.webp,WEBP,31622,1600,900,6032ff2bfa452ab7e229f8f9246eba3b8f2009d3a8c731d075bb6753d46157ac,ad8e085b025a05aba60b463f93541c098f4ede48,YES,JourneyBackgroundCatalog / all Journey pages,Ordinary Journey,ordinary:wuyishan-nine-bend-stream,NONE,PRIMARY,NO,NO,e3bbe25b396cb5ed903fdecd7c41ecab823673e7,2026-07-30T07:14:39+07:00,dhv5bnmfmh-cmyk,7eaa823f712251797194e6cb1995c9da79ad988a,NO,app/lib/data/journey_background_generated.dart;worker/scripts/generate_daily_backgrounds.mjs;git:e3bbe25b396cb5ed903fdecd7c41ecab823673e7,AI_GENERATED_RUNTIME_METADATA,REPOSITORY_PROVENANCE_ONLY,UNKNOWN,UNKNOWN,UNKNOWN,UNKNOWN,PARTIAL_WORKFLOW_ONLY,UNKNOWN,UNKNOWN,UNKNOWN,UNKNOWN,UNKNOWN,UNKNOWN,UNKNOWN,UNKNOWN_REVIEW_REQUIRED,UNKNOWN_REVIEW_REQUIRED,UNKNOWN,UNKNOWN,EVIDENCE_PARTIAL,per-asset source/master;platform and model version;per-asset prompt;input asset rights;commercial account evidence;applicable terms snapshot;creator authorization;license scope;reviewer identity;review date,NO,NO,NO_PENDING_EVIDENCE_RECOVERY,Repository provenance does not establish legal rights.,,,,,,
PHX-VIS-8A9F6AD7B3A4,app/assets/images/backgrounds/generated/wuyishan/nine-bend-stream/10-moonlit-finale.webp,10-moonlit-finale.webp,WEBP,34116,1600,900,86930ca019ca516757b2220562876d3f98219a0b2bdaf0a9a42906786620ec7c,860b18b654bede2a2183fc143ad7032b72964646,YES,JourneyBackgroundCatalog / all Journey pages,Ordinary Journey,ordinary:wuyishan-nine-bend-stream,NONE,PRIMARY,NO,NO,e3bbe25b396cb5ed903fdecd7c41ecab823673e7,2026-07-30T07:14:39+07:00,dhv5bnmfmh-cmyk,7eaa823f712251797194e6cb1995c9da79ad988a,NO,app/lib/data/journey_background_generated.dart;worker/scripts/generate_daily_backgrounds.mjs;git:e3bbe25b396cb5ed903fdecd7c41ecab823673e7,AI_GENERATED_RUNTIME_METADATA,REPOSITORY_PROVENANCE_ONLY,UNKNOWN,UNKNOWN,UNKNOWN,UNKNOWN,PARTIAL_WORKFLOW_ONLY,UNKNOWN,UNKNOWN,UNKNOWN,UNKNOWN,UNKNOWN,UNKNOWN,UNKNOWN,UNKNOWN_REVIEW_REQUIRED,UNKNOWN_REVIEW_REQUIRED,UNKNOWN,UNKNOWN,EVIDENCE_PARTIAL,per-asset source/master;platform and model version;per-asset prompt;input asset rights;commercial account evidence;applicable terms snapshot;creator authorization;license scope;reviewer identity;review date,NO,NO,NO_PENDING_EVIDENCE_RECOVERY,Repository provenance does not establish legal rights.,,,,,,
PHX-VIS-75E3F8191EA6,app/assets/images/backgrounds/generated/wuyishan/nine-bend-stream/wuyishan-nine-bend-v1.webp,wuyishan-nine-bend-v1.webp,WEBP,246630,941,1672,05d9775674beb53f0dc64504780c4df8ed9c3fddd82b425575ef880c2542a403,f9073cb4dcbd4c7fed0217fe902f551582414ac7,YES,JourneyBackgroundCatalog / all Journey pages,Ordinary Journey,ordinary:wuyishan-nine-bend-stream,NONE,PRIMARY,NO,NO,5cbfc514371acd5e84db03c06de78aaf6b961e68,2026-07-29T22:43:27+07:00,dhv5bnmfmh-cmyk,7eaa823f712251797194e6cb1995c9da79ad988a,NO,app/lib/data/journey_background_generated.dart;worker/scripts/generate_daily_backgrounds.mjs;git:5cbfc514371acd5e84db03c06de78aaf6b961e68,AI_GENERATED_RUNTIME_METADATA,REPOSITORY_PROVENANCE_ONLY,UNKNOWN,UNKNOWN,UNKNOWN,UNKNOWN,PARTIAL_WORKFLOW_ONLY,UNKNOWN,UNKNOWN,UNKNOWN,UNKNOWN,UNKNOWN,UNKNOWN,UNKNOWN,UNKNOWN_REVIEW_REQUIRED,UNKNOWN_REVIEW_REQUIRED,UNKNOWN,UNKNOWN,EVIDENCE_PARTIAL,per-asset source/master;platform and model version;per-asset prompt;input asset rights;commercial account evidence;applicable terms snapshot;creator authorization;license scope;reviewer identity;review date,NO,NO,NO_PENDING_EVIDENCE_RECOVERY,Repository provenance does not establish legal rights.,,,,,,
PHX-VIS-0192D3E8887A,app/assets/images/backgrounds/generated/xiamen/kulangsu/02-dawn-arrival.webp,02-dawn-arrival.webp,WEBP,53032,1600,900,295c224b2f1c46b0332f3ad3cdcdb78054263c84e4917350e0f9d2d74e453787,ed0cc873277202333620734c4588b2ee288b566b,YES,JourneyBackgroundCatalog / all Journey pages,Ordinary Journey,ordinary:xiamen-kulangsu,NONE,PRIMARY,NO,NO,e3bbe25b396cb5ed903fdecd7c41ecab823673e7,2026-07-30T07:14:39+07:00,dhv5bnmfmh-cmyk,7eaa823f712251797194e6cb1995c9da79ad988a,NO,app/lib/data/journey_background_generated.dart;worker/scripts/generate_daily_backgrounds.mjs;git:e3bbe25b396cb5ed903fdecd7c41ecab823673e7,AI_GENERATED_RUNTIME_METADATA,REPOSITORY_PROVENANCE_ONLY,UNKNOWN,UNKNOWN,UNKNOWN,UNKNOWN,PARTIAL_WORKFLOW_ONLY,UNKNOWN,UNKNOWN,UNKNOWN,UNKNOWN,UNKNOWN,UNKNOWN,UNKNOWN,UNKNOWN_REVIEW_REQUIRED,UNKNOWN_REVIEW_REQUIRED,UNKNOWN,UNKNOWN,EVIDENCE_PARTIAL,per-asset source/master;platform and model version;per-asset prompt;input asset rights;commercial account evidence;applicable terms snapshot;creator authorization;license scope;reviewer identity;review date,NO,NO,NO_PENDING_EVIDENCE_RECOVERY,Repository provenance does not establish legal rights.,,,,,,
PHX-VIS-95C02EC143E9,app/assets/images/backgrounds/generated/xiamen/kulangsu/03-clear-morning.webp,03-clear-morning.webp,WEBP,92942,1600,900,3995ac9a1611271c76dc12e339615fc07732dc7c3083a928cbcb54f0d2f3dbed,3f7e5da8db7824e3023f94776b3996d863ba3141,YES,JourneyBackgroundCatalog / all Journey pages,Ordinary Journey,ordinary:xiamen-kulangsu,NONE,PRIMARY,NO,NO,e3bbe25b396cb5ed903fdecd7c41ecab823673e7,2026-07-30T07:14:39+07:00,dhv5bnmfmh-cmyk,7eaa823f712251797194e6cb1995c9da79ad988a,NO,app/lib/data/journey_background_generated.dart;worker/scripts/generate_daily_backgrounds.mjs;git:e3bbe25b396cb5ed903fdecd7c41ecab823673e7,AI_GENERATED_RUNTIME_METADATA,REPOSITORY_PROVENANCE_ONLY,UNKNOWN,UNKNOWN,UNKNOWN,UNKNOWN,PARTIAL_WORKFLOW_ONLY,UNKNOWN,UNKNOWN,UNKNOWN,UNKNOWN,UNKNOWN,UNKNOWN,UNKNOWN,UNKNOWN_REVIEW_REQUIRED,UNKNOWN_REVIEW_REQUIRED,UNKNOWN,UNKNOWN,EVIDENCE_PARTIAL,per-asset source/master;platform and model version;per-asset prompt;input asset rights;commercial account evidence;applicable terms snapshot;creator authorization;license scope;reviewer identity;review date,NO,NO,NO_PENDING_EVIDENCE_RECOVERY,Repository provenance does not establish legal rights.,,,,,,
PHX-VIS-D1A90A5CFA1A,app/assets/images/backgrounds/generated/xiamen/kulangsu/04-atmospheric-detail.webp,04-atmospheric-detail.webp,WEBP,63562,1600,900,db6ad5145df273c09189367dd385fea7295f845bef9098997c38e915c6ac0c96,2af6597d2f8aec832ebb421a334001977c574605,YES,JourneyBackgroundCatalog / all Journey pages,Ordinary Journey,ordinary:xiamen-kulangsu,NONE,PRIMARY,NO,NO,e3bbe25b396cb5ed903fdecd7c41ecab823673e7,2026-07-30T07:14:39+07:00,dhv5bnmfmh-cmyk,7eaa823f712251797194e6cb1995c9da79ad988a,NO,app/lib/data/journey_background_generated.dart;worker/scripts/generate_daily_backgrounds.mjs;git:e3bbe25b396cb5ed903fdecd7c41ecab823673e7,AI_GENERATED_RUNTIME_METADATA,REPOSITORY_PROVENANCE_ONLY,UNKNOWN,UNKNOWN,UNKNOWN,UNKNOWN,PARTIAL_WORKFLOW_ONLY,UNKNOWN,UNKNOWN,UNKNOWN,UNKNOWN,UNKNOWN,UNKNOWN,UNKNOWN,UNKNOWN_REVIEW_REQUIRED,UNKNOWN_REVIEW_REQUIRED,UNKNOWN,UNKNOWN,EVIDENCE_PARTIAL,per-asset source/master;platform and model version;per-asset prompt;input asset rights;commercial account evidence;applicable terms snapshot;creator authorization;license scope;reviewer identity;review date,NO,NO,NO_PENDING_EVIDENCE_RECOVERY,Repository provenance does not establish legal rights.,,,,,,
PHX-VIS-2DA6155E02B4,app/assets/images/backgrounds/generated/xiamen/kulangsu/05-heritage-texture.webp,05-heritage-texture.webp,WEBP,95336,1600,900,6991ce4913fef30813286e363039ed4742e0f941768a96740d3459433db65428,e0c76e00cfb16735a27f1aaf7ae69dccf3a56c57,YES,JourneyBackgroundCatalog / all Journey pages,Ordinary Journey,ordinary:xiamen-kulangsu,NONE,PRIMARY,NO,NO,e3bbe25b396cb5ed903fdecd7c41ecab823673e7,2026-07-30T07:14:39+07:00,dhv5bnmfmh-cmyk,7eaa823f712251797194e6cb1995c9da79ad988a,NO,app/lib/data/journey_background_generated.dart;worker/scripts/generate_daily_backgrounds.mjs;git:e3bbe25b396cb5ed903fdecd7c41ecab823673e7,AI_GENERATED_RUNTIME_METADATA,REPOSITORY_PROVENANCE_ONLY,UNKNOWN,UNKNOWN,UNKNOWN,UNKNOWN,PARTIAL_WORKFLOW_ONLY,UNKNOWN,UNKNOWN,UNKNOWN,UNKNOWN,UNKNOWN,UNKNOWN,UNKNOWN,UNKNOWN_REVIEW_REQUIRED,UNKNOWN_REVIEW_REQUIRED,UNKNOWN,UNKNOWN,EVIDENCE_PARTIAL,per-asset source/master;platform and model version;per-asset prompt;input asset rights;commercial account evidence;applicable terms snapshot;creator authorization;license scope;reviewer identity;review date,NO,NO,NO_PENDING_EVIDENCE_RECOVERY,Repository provenance does not establish legal rights.,,,,,,
PHX-VIS-CEC18A9D3939,app/assets/images/backgrounds/generated/xiamen/kulangsu/06-after-rain.webp,06-after-rain.webp,WEBP,76076,1600,900,15ec1c2f33a64a7b02bcaebe43f6d9104d1938854e39a7b8acc48a7d62c64afe,00c455c82830c76a5e14e6c85bcb9869d53b75ce,YES,JourneyBackgroundCatalog / all Journey pages,Ordinary Journey,ordinary:xiamen-kulangsu,NONE,PRIMARY,NO,NO,e3bbe25b396cb5ed903fdecd7c41ecab823673e7,2026-07-30T07:14:39+07:00,dhv5bnmfmh-cmyk,7eaa823f712251797194e6cb1995c9da79ad988a,NO,app/lib/data/journey_background_generated.dart;worker/scripts/generate_daily_backgrounds.mjs;git:e3bbe25b396cb5ed903fdecd7c41ecab823673e7,AI_GENERATED_RUNTIME_METADATA,REPOSITORY_PROVENANCE_ONLY,UNKNOWN,UNKNOWN,UNKNOWN,UNKNOWN,PARTIAL_WORKFLOW_ONLY,UNKNOWN,UNKNOWN,UNKNOWN,UNKNOWN,UNKNOWN,UNKNOWN,UNKNOWN,UNKNOWN_REVIEW_REQUIRED,UNKNOWN_REVIEW_REQUIRED,UNKNOWN,UNKNOWN,EVIDENCE_PARTIAL,per-asset source/master;platform and model version;per-asset prompt;input asset rights;commercial account evidence;applicable terms snapshot;creator authorization;license scope;reviewer identity;review date,NO,NO,NO_PENDING_EVIDENCE_RECOVERY,Repository provenance does not establish legal rights.,,,,,,
PHX-VIS-CE35EF8AAE68,app/assets/images/backgrounds/generated/xiamen/kulangsu/07-traveler-scale.webp,07-traveler-scale.webp,WEBP,96596,1600,900,4a9e6643f9e26010bd76b41ce80b2f87e11e8d74527d5d8660469b9e86cfbeda,6dbbc15d62f648bce8771629bb10ed2d7595c343,YES,JourneyBackgroundCatalog / all Journey pages,Ordinary Journey,ordinary:xiamen-kulangsu,NONE,PRIMARY,NO,NO,e3bbe25b396cb5ed903fdecd7c41ecab823673e7,2026-07-30T07:14:39+07:00,dhv5bnmfmh-cmyk,7eaa823f712251797194e6cb1995c9da79ad988a,NO,app/lib/data/journey_background_generated.dart;worker/scripts/generate_daily_backgrounds.mjs;git:e3bbe25b396cb5ed903fdecd7c41ecab823673e7,AI_GENERATED_RUNTIME_METADATA,REPOSITORY_PROVENANCE_ONLY,UNKNOWN,UNKNOWN,UNKNOWN,UNKNOWN,PARTIAL_WORKFLOW_ONLY,UNKNOWN,UNKNOWN,UNKNOWN,UNKNOWN,UNKNOWN,UNKNOWN,UNKNOWN,UNKNOWN_REVIEW_REQUIRED,UNKNOWN_REVIEW_REQUIRED,UNKNOWN,UNKNOWN,EVIDENCE_PARTIAL,per-asset source/master;platform and model version;per-asset prompt;input asset rights;commercial account evidence;applicable terms snapshot;creator authorization;license scope;reviewer identity;review date,NO,NO,NO_PENDING_EVIDENCE_RECOVERY,Repository provenance does not establish legal rights.,,,,,,
PHX-VIS-0C638F8F714B,app/assets/images/backgrounds/generated/xiamen/kulangsu/08-golden-hour.webp,08-golden-hour.webp,WEBP,61832,1600,900,08ce6afd86df9a7889654aa1b552f16aabc95d47d566f55dd0f04eb5b2efed8b,8ab0bfd143fd9d0224c44c6833e5d16398146554,YES,JourneyBackgroundCatalog / all Journey pages,Ordinary Journey,ordinary:xiamen-kulangsu,NONE,PRIMARY,NO,NO,e3bbe25b396cb5ed903fdecd7c41ecab823673e7,2026-07-30T07:14:39+07:00,dhv5bnmfmh-cmyk,7eaa823f712251797194e6cb1995c9da79ad988a,NO,app/lib/data/journey_background_generated.dart;worker/scripts/generate_daily_backgrounds.mjs;git:e3bbe25b396cb5ed903fdecd7c41ecab823673e7,AI_GENERATED_RUNTIME_METADATA,REPOSITORY_PROVENANCE_ONLY,UNKNOWN,UNKNOWN,UNKNOWN,UNKNOWN,PARTIAL_WORKFLOW_ONLY,UNKNOWN,UNKNOWN,UNKNOWN,UNKNOWN,UNKNOWN,UNKNOWN,UNKNOWN,UNKNOWN_REVIEW_REQUIRED,UNKNOWN_REVIEW_REQUIRED,UNKNOWN,UNKNOWN,EVIDENCE_PARTIAL,per-asset source/master;platform and model version;per-asset prompt;input asset rights;commercial account evidence;applicable terms snapshot;creator authorization;license scope;reviewer identity;review date,NO,NO,NO_PENDING_EVIDENCE_RECOVERY,Repository provenance does not establish legal rights.,,,,,,
PHX-VIS-2125FCDE5B5E,app/assets/images/backgrounds/generated/xiamen/kulangsu/09-blue-hour.webp,09-blue-hour.webp,WEBP,40988,1600,900,8ff373d6c2a0fc634c63e7b456668e81c80619e5d57a6ffaf5bc0680de609ffe,681b8b5d473d8f84f31cf2e36d57735ab8830fd7,YES,JourneyBackgroundCatalog / all Journey pages,Ordinary Journey,ordinary:xiamen-kulangsu,NONE,PRIMARY,NO,NO,e3bbe25b396cb5ed903fdecd7c41ecab823673e7,2026-07-30T07:14:39+07:00,dhv5bnmfmh-cmyk,7eaa823f712251797194e6cb1995c9da79ad988a,NO,app/lib/data/journey_background_generated.dart;worker/scripts/generate_daily_backgrounds.mjs;git:e3bbe25b396cb5ed903fdecd7c41ecab823673e7,AI_GENERATED_RUNTIME_METADATA,REPOSITORY_PROVENANCE_ONLY,UNKNOWN,UNKNOWN,UNKNOWN,UNKNOWN,PARTIAL_WORKFLOW_ONLY,UNKNOWN,UNKNOWN,UNKNOWN,UNKNOWN,UNKNOWN,UNKNOWN,UNKNOWN,UNKNOWN_REVIEW_REQUIRED,UNKNOWN_REVIEW_REQUIRED,UNKNOWN,UNKNOWN,EVIDENCE_PARTIAL,per-asset source/master;platform and model version;per-asset prompt;input asset rights;commercial account evidence;applicable terms snapshot;creator authorization;license scope;reviewer identity;review date,NO,NO,NO_PENDING_EVIDENCE_RECOVERY,Repository provenance does not establish legal rights.,,,,,,
PHX-VIS-6CA67189C89F,app/assets/images/backgrounds/generated/xiamen/kulangsu/10-moonlit-finale.webp,10-moonlit-finale.webp,WEBP,32176,1600,900,3ebf0df25e7ea49c5065875dbca551a7f32f0546881fb19aa9f6c974ebb16b2d,479fbe13ae215e0eb54e95a045ca47af13745f1c,YES,JourneyBackgroundCatalog / all Journey pages,Ordinary Journey,ordinary:xiamen-kulangsu,NONE,PRIMARY,NO,NO,e3bbe25b396cb5ed903fdecd7c41ecab823673e7,2026-07-30T07:14:39+07:00,dhv5bnmfmh-cmyk,7eaa823f712251797194e6cb1995c9da79ad988a,NO,app/lib/data/journey_background_generated.dart;worker/scripts/generate_daily_backgrounds.mjs;git:e3bbe25b396cb5ed903fdecd7c41ecab823673e7,AI_GENERATED_RUNTIME_METADATA,REPOSITORY_PROVENANCE_ONLY,UNKNOWN,UNKNOWN,UNKNOWN,UNKNOWN,PARTIAL_WORKFLOW_ONLY,UNKNOWN,UNKNOWN,UNKNOWN,UNKNOWN,UNKNOWN,UNKNOWN,UNKNOWN,UNKNOWN_REVIEW_REQUIRED,UNKNOWN_REVIEW_REQUIRED,UNKNOWN,UNKNOWN,EVIDENCE_PARTIAL,per-asset source/master;platform and model version;per-asset prompt;input asset rights;commercial account evidence;applicable terms snapshot;creator authorization;license scope;reviewer identity;review date,NO,NO,NO_PENDING_EVIDENCE_RECOVERY,Repository provenance does not establish legal rights.,,,,,,
PHX-VIS-D4D6E20BA4FE,app/assets/images/backgrounds/generated/xiamen/kulangsu/xiamen-kulangsu-v1.webp,xiamen-kulangsu-v1.webp,WEBP,278848,941,1672,69b9cba1b02555a204e80228f0296a384ed8d11e7381d89dbdb79e6d5e3fe46f,9002bdaea2af9c4d5fc3c486a693be2acc1e86ba,YES,JourneyBackgroundCatalog / all Journey pages,Ordinary Journey,ordinary:xiamen-kulangsu,NONE,PRIMARY,NO,NO,3d5801900a4480d1c93e9dcdae6f0e0eed41a8fa,2026-07-29T22:14:45+07:00,dhv5bnmfmh-cmyk,7eaa823f712251797194e6cb1995c9da79ad988a,NO,app/lib/data/journey_background_generated.dart;worker/scripts/generate_daily_backgrounds.mjs;git:3d5801900a4480d1c93e9dcdae6f0e0eed41a8fa,AI_GENERATED_RUNTIME_METADATA,REPOSITORY_PROVENANCE_ONLY,UNKNOWN,UNKNOWN,UNKNOWN,UNKNOWN,PARTIAL_WORKFLOW_ONLY,UNKNOWN,UNKNOWN,UNKNOWN,UNKNOWN,UNKNOWN,UNKNOWN,UNKNOWN,UNKNOWN_REVIEW_REQUIRED,UNKNOWN_REVIEW_REQUIRED,UNKNOWN,UNKNOWN,EVIDENCE_PARTIAL,per-asset source/master;platform and model version;per-asset prompt;input asset rights;commercial account evidence;applicable terms snapshot;creator authorization;license scope;reviewer identity;review date,NO,NO,NO_PENDING_EVIDENCE_RECOVERY,Repository provenance does not establish legal rights.,,,,,,
PHX-VIS-271106766C2C,app/assets/images/backgrounds/generated/xian/city-wall/01-sunrise-arrival.webp,01-sunrise-arrival.webp,WEBP,93046,864,1536,2c758b44fde1cec6aa39752f3e5d5c04dad8792675bb4fb9ee8351ad07aab56b,605a3a5a841391e6f28c74dbae1d24e859b75e04,YES,JourneyBackgroundCatalog / all Journey pages,Ordinary Journey,ordinary:xian-city-wall,NONE,PRIMARY,NO,NO,ccd848979f8f86196c11e5d692f3f437cd76c7de,2026-07-27T19:37:57+07:00,dhv5bnmfmh-cmyk,7eaa823f712251797194e6cb1995c9da79ad988a,YES,design/ASSET_REGISTER.csv;design/PHOENIX_ASSET_OWNERSHIP.md;app/lib/data/journey_background_generated.dart;worker/scripts/generate_daily_backgrounds.mjs;git:ccd848979f8f86196c11e5d692f3f437cd76c7de,AI-generated Phoenix original,OpenAI image generation 2026-07-22,UNKNOWN,OpenAI (existing record),UNKNOWN,UNKNOWN,PARTIAL_WORKFLOW_ONLY,UNKNOWN,UNKNOWN,UNKNOWN,phoenix-exclusive-owned,UNKNOWN,UNKNOWN,UNKNOWN,UNKNOWN_REVIEW_REQUIRED,UNKNOWN_REVIEW_REQUIRED,UNKNOWN,UNKNOWN,EVIDENCE_PARTIAL,per-asset source/master;platform and model version;per-asset prompt;input asset rights;commercial account evidence;applicable terms snapshot;creator authorization;license scope;reviewer identity;review date,NO,NO,NO_PENDING_EVIDENCE_RECOVERY,Preserved legacy fields: description=Xian city wall sunrise arrival;origin=AI-generated Phoenix original;license_type=phoenix-exclusive-owned;proof_url=OpenAI image generation 2026-07-22;review_status=approved Repository provenance does not establish legal rights.,,,,,,
PHX-VIS-C58C5D1D726E,app/assets/images/backgrounds/generated/xian/city-wall/02-morning-street.webp,02-morning-street.webp,WEBP,120370,864,1536,37c52dd7065baf574f8dd9ccccb3732cc78f7790fc2db1f1a8429eb6f37dd185,584afa7c0205bfa474d46b35fc7164abbaa02a11,YES,JourneyBackgroundCatalog / all Journey pages,Ordinary Journey,ordinary:xian-city-wall,NONE,PRIMARY,NO,NO,ccd848979f8f86196c11e5d692f3f437cd76c7de,2026-07-27T19:37:57+07:00,dhv5bnmfmh-cmyk,7eaa823f712251797194e6cb1995c9da79ad988a,YES,design/ASSET_REGISTER.csv;design/PHOENIX_ASSET_OWNERSHIP.md;app/lib/data/journey_background_generated.dart;worker/scripts/generate_daily_backgrounds.mjs;git:ccd848979f8f86196c11e5d692f3f437cd76c7de,AI-generated Phoenix original,OpenAI image generation 2026-07-22,UNKNOWN,OpenAI (existing record),UNKNOWN,UNKNOWN,PARTIAL_WORKFLOW_ONLY,UNKNOWN,UNKNOWN,UNKNOWN,phoenix-exclusive-owned,UNKNOWN,UNKNOWN,UNKNOWN,UNKNOWN_REVIEW_REQUIRED,UNKNOWN_REVIEW_REQUIRED,UNKNOWN,UNKNOWN,EVIDENCE_PARTIAL,per-asset source/master;platform and model version;per-asset prompt;input asset rights;commercial account evidence;applicable terms snapshot;creator authorization;license scope;reviewer identity;review date,NO,NO,NO_PENDING_EVIDENCE_RECOVERY,Preserved legacy fields: description=Xian city wall morning street;origin=AI-generated Phoenix original;license_type=phoenix-exclusive-owned;proof_url=OpenAI image generation 2026-07-22;review_status=approved Repository provenance does not establish legal rights.,,,,,,
PHX-VIS-B824EFFD8830,app/assets/images/backgrounds/generated/xian/city-wall/03-misty-detail.webp,03-misty-detail.webp,WEBP,131218,864,1536,1446ff9d81fc2b0b4563da44abe0da7f04a11d0b6f95ca818742dfcf54b479bc,9cf48ebed96a490d8416df777926fa03680ec7d0,YES,JourneyBackgroundCatalog / all Journey pages,Ordinary Journey,ordinary:xian-city-wall,NONE,PRIMARY,NO,NO,ccd848979f8f86196c11e5d692f3f437cd76c7de,2026-07-27T19:37:57+07:00,dhv5bnmfmh-cmyk,7eaa823f712251797194e6cb1995c9da79ad988a,YES,design/ASSET_REGISTER.csv;design/PHOENIX_ASSET_OWNERSHIP.md;app/lib/data/journey_background_generated.dart;worker/scripts/generate_daily_backgrounds.mjs;git:ccd848979f8f86196c11e5d692f3f437cd76c7de,AI-generated Phoenix original,OpenAI image generation 2026-07-22,UNKNOWN,OpenAI (existing record),UNKNOWN,UNKNOWN,PARTIAL_WORKFLOW_ONLY,UNKNOWN,UNKNOWN,UNKNOWN,phoenix-exclusive-owned,UNKNOWN,UNKNOWN,UNKNOWN,UNKNOWN_REVIEW_REQUIRED,UNKNOWN_REVIEW_REQUIRED,UNKNOWN,UNKNOWN,EVIDENCE_PARTIAL,per-asset source/master;platform and model version;per-asset prompt;input asset rights;commercial account evidence;applicable terms snapshot;creator authorization;license scope;reviewer identity;review date,NO,NO,NO_PENDING_EVIDENCE_RECOVERY,Preserved legacy fields: description=Xian city wall misty architectural detail;origin=AI-generated Phoenix original;license_type=phoenix-exclusive-owned;proof_url=OpenAI image generation 2026-07-22;review_status=approved Repository provenance does not establish legal rights.,,,,,,
PHX-VIS-7C87E571FF03,app/assets/images/backgrounds/generated/xian/city-wall/04-bright-panorama.webp,04-bright-panorama.webp,WEBP,152010,864,1536,177d91e603a4f52bc0e2a63b314ee3ce73b13a915ec45cf6e690bd6770ec7135,557308a49cf6ce281e90ade273272527cd4902ad,YES,JourneyBackgroundCatalog / all Journey pages,Ordinary Journey,ordinary:xian-city-wall,NONE,PRIMARY,NO,NO,ccd848979f8f86196c11e5d692f3f437cd76c7de,2026-07-27T19:37:57+07:00,dhv5bnmfmh-cmyk,7eaa823f712251797194e6cb1995c9da79ad988a,YES,design/ASSET_REGISTER.csv;design/PHOENIX_ASSET_OWNERSHIP.md;app/lib/data/journey_background_generated.dart;worker/scripts/generate_daily_backgrounds.mjs;git:ccd848979f8f86196c11e5d692f3f437cd76c7de,AI-generated Phoenix original,OpenAI image generation 2026-07-22,UNKNOWN,OpenAI (existing record),UNKNOWN,UNKNOWN,PARTIAL_WORKFLOW_ONLY,UNKNOWN,UNKNOWN,UNKNOWN,phoenix-exclusive-owned,UNKNOWN,UNKNOWN,UNKNOWN,UNKNOWN_REVIEW_REQUIRED,UNKNOWN_REVIEW_REQUIRED,UNKNOWN,UNKNOWN,EVIDENCE_PARTIAL,per-asset source/master;platform and model version;per-asset prompt;input asset rights;commercial account evidence;applicable terms snapshot;creator authorization;license scope;reviewer identity;review date,NO,NO,NO_PENDING_EVIDENCE_RECOVERY,Preserved legacy fields: description=Xian city wall bright panorama;origin=AI-generated Phoenix original;license_type=phoenix-exclusive-owned;proof_url=OpenAI image generation 2026-07-22;review_status=approved Repository provenance does not establish legal rights.,,,,,,
PHX-VIS-42A00970A9CC,app/assets/images/backgrounds/generated/xian/city-wall/05-after-rain.webp,05-after-rain.webp,WEBP,103972,864,1536,6bc11cf2f6815086431813abb501757343d8110800bd05e0a11473b7dd00b6b4,6efb72da82e32caa223fd769751d847799b6bcb4,YES,JourneyBackgroundCatalog / all Journey pages,Ordinary Journey,ordinary:xian-city-wall,NONE,PRIMARY,NO,NO,ccd848979f8f86196c11e5d692f3f437cd76c7de,2026-07-27T19:37:57+07:00,dhv5bnmfmh-cmyk,7eaa823f712251797194e6cb1995c9da79ad988a,YES,design/ASSET_REGISTER.csv;design/PHOENIX_ASSET_OWNERSHIP.md;app/lib/data/journey_background_generated.dart;worker/scripts/generate_daily_backgrounds.mjs;git:ccd848979f8f86196c11e5d692f3f437cd76c7de,AI-generated Phoenix original,OpenAI image generation 2026-07-22,UNKNOWN,OpenAI (existing record),UNKNOWN,UNKNOWN,PARTIAL_WORKFLOW_ONLY,UNKNOWN,UNKNOWN,UNKNOWN,phoenix-exclusive-owned,UNKNOWN,UNKNOWN,UNKNOWN,UNKNOWN_REVIEW_REQUIRED,UNKNOWN_REVIEW_REQUIRED,UNKNOWN,UNKNOWN,EVIDENCE_PARTIAL,per-asset source/master;platform and model version;per-asset prompt;input asset rights;commercial account evidence;applicable terms snapshot;creator authorization;license scope;reviewer identity;review date,NO,NO,NO_PENDING_EVIDENCE_RECOVERY,Preserved legacy fields: description=Xian city wall after rain;origin=AI-generated Phoenix original;license_type=phoenix-exclusive-owned;proof_url=OpenAI image generation 2026-07-22;review_status=approved Repository provenance does not establish legal rights.,,,,,,
PHX-VIS-2247956B05CA,app/assets/images/backgrounds/generated/xian/city-wall/06-seasonal-landscape.webp,06-seasonal-landscape.webp,WEBP,165308,864,1536,b4299c1fcc20af814585fd2986374089822eb2ea6d3679c9c8e8ffcd85a1584c,b1c85de1d488bad365aba852e8f70071e3adae0f,YES,JourneyBackgroundCatalog / all Journey pages,Ordinary Journey,ordinary:xian-city-wall,NONE,PRIMARY,NO,NO,ccd848979f8f86196c11e5d692f3f437cd76c7de,2026-07-27T19:37:57+07:00,dhv5bnmfmh-cmyk,7eaa823f712251797194e6cb1995c9da79ad988a,YES,design/ASSET_REGISTER.csv;design/PHOENIX_ASSET_OWNERSHIP.md;app/lib/data/journey_background_generated.dart;worker/scripts/generate_daily_backgrounds.mjs;git:ccd848979f8f86196c11e5d692f3f437cd76c7de,AI-generated Phoenix original,OpenAI image generation 2026-07-22,UNKNOWN,OpenAI (existing record),UNKNOWN,UNKNOWN,PARTIAL_WORKFLOW_ONLY,UNKNOWN,UNKNOWN,UNKNOWN,phoenix-exclusive-owned,UNKNOWN,UNKNOWN,UNKNOWN,UNKNOWN_REVIEW_REQUIRED,UNKNOWN_REVIEW_REQUIRED,UNKNOWN,UNKNOWN,EVIDENCE_PARTIAL,per-asset source/master;platform and model version;per-asset prompt;input asset rights;commercial account evidence;applicable terms snapshot;creator authorization;license scope;reviewer identity;review date,NO,NO,NO_PENDING_EVIDENCE_RECOVERY,Preserved legacy fields: description=Xian city wall autumn landscape;origin=AI-generated Phoenix original;license_type=phoenix-exclusive-owned;proof_url=OpenAI image generation 2026-07-22;review_status=approved Repository provenance does not establish legal rights.,,,,,,
PHX-VIS-D5C387BF4A79,app/assets/images/backgrounds/generated/xian/city-wall/07-golden-hour.webp,07-golden-hour.webp,WEBP,92558,864,1536,072ccb614e121a339e5192f5620a9011c411173f6d3307a0af44b589e835c455,85796f6041e6ddfb41ff47949a38fda889c01cdc,YES,JourneyBackgroundCatalog / all Journey pages,Ordinary Journey,ordinary:xian-city-wall,NONE,PRIMARY,NO,NO,ccd848979f8f86196c11e5d692f3f437cd76c7de,2026-07-27T19:37:57+07:00,dhv5bnmfmh-cmyk,7eaa823f712251797194e6cb1995c9da79ad988a,YES,design/ASSET_REGISTER.csv;design/PHOENIX_ASSET_OWNERSHIP.md;app/lib/data/journey_background_generated.dart;worker/scripts/generate_daily_backgrounds.mjs;git:ccd848979f8f86196c11e5d692f3f437cd76c7de,AI-generated Phoenix original,OpenAI image generation 2026-07-22,UNKNOWN,OpenAI (existing record),UNKNOWN,UNKNOWN,PARTIAL_WORKFLOW_ONLY,UNKNOWN,UNKNOWN,UNKNOWN,phoenix-exclusive-owned,UNKNOWN,UNKNOWN,UNKNOWN,UNKNOWN_REVIEW_REQUIRED,UNKNOWN_REVIEW_REQUIRED,UNKNOWN,UNKNOWN,EVIDENCE_PARTIAL,per-asset source/master;platform and model version;per-asset prompt;input asset rights;commercial account evidence;applicable terms snapshot;creator authorization;license scope;reviewer identity;review date,NO,NO,NO_PENDING_EVIDENCE_RECOVERY,Preserved legacy fields: description=Xian city wall golden hour;origin=AI-generated Phoenix original;license_type=phoenix-exclusive-owned;proof_url=OpenAI image generation 2026-07-22;review_status=approved Repository provenance does not establish legal rights.,,,,,,
PHX-VIS-ED8304553B95,app/assets/images/backgrounds/generated/xian/city-wall/08-blue-hour.webp,08-blue-hour.webp,WEBP,80560,864,1536,5b121b9875a4f2e5faf0160c669878765c780f6a82146cfc8dc424e8a2937666,6faaf46e2c6d51c1de3031e862ce658d0473cc41,YES,JourneyBackgroundCatalog / all Journey pages,Ordinary Journey,ordinary:xian-city-wall,NONE,PRIMARY,NO,NO,ccd848979f8f86196c11e5d692f3f437cd76c7de,2026-07-27T19:37:57+07:00,dhv5bnmfmh-cmyk,7eaa823f712251797194e6cb1995c9da79ad988a,YES,design/ASSET_REGISTER.csv;design/PHOENIX_ASSET_OWNERSHIP.md;app/lib/data/journey_background_generated.dart;worker/scripts/generate_daily_backgrounds.mjs;git:ccd848979f8f86196c11e5d692f3f437cd76c7de,AI-generated Phoenix original,OpenAI image generation 2026-07-22,UNKNOWN,OpenAI (existing record),UNKNOWN,UNKNOWN,PARTIAL_WORKFLOW_ONLY,UNKNOWN,UNKNOWN,UNKNOWN,phoenix-exclusive-owned,UNKNOWN,UNKNOWN,UNKNOWN,UNKNOWN_REVIEW_REQUIRED,UNKNOWN_REVIEW_REQUIRED,UNKNOWN,UNKNOWN,EVIDENCE_PARTIAL,per-asset source/master;platform and model version;per-asset prompt;input asset rights;commercial account evidence;applicable terms snapshot;creator authorization;license scope;reviewer identity;review date,NO,NO,NO_PENDING_EVIDENCE_RECOVERY,Preserved legacy fields: description=Xian city wall blue hour;origin=AI-generated Phoenix original;license_type=phoenix-exclusive-owned;proof_url=OpenAI image generation 2026-07-22;review_status=approved Repository provenance does not establish legal rights.,,,,,,
PHX-VIS-F0BD435C41A1,app/assets/images/backgrounds/generated/xian/city-wall/09-lantern-night.webp,09-lantern-night.webp,WEBP,96536,864,1536,0a3dc02bdfa6187fbeb71162c434976059d6b68f4abbbb44a62c28dc9f332262,84a2b102fbcf4f096c1af49eafb7bc249b84e843,YES,JourneyBackgroundCatalog / all Journey pages,Ordinary Journey,ordinary:xian-city-wall,NONE,PRIMARY,NO,NO,ccd848979f8f86196c11e5d692f3f437cd76c7de,2026-07-27T19:37:57+07:00,dhv5bnmfmh-cmyk,7eaa823f712251797194e6cb1995c9da79ad988a,YES,design/ASSET_REGISTER.csv;design/PHOENIX_ASSET_OWNERSHIP.md;app/lib/data/journey_background_generated.dart;worker/scripts/generate_daily_backgrounds.mjs;git:ccd848979f8f86196c11e5d692f3f437cd76c7de,AI-generated Phoenix original,OpenAI image generation 2026-07-22,UNKNOWN,OpenAI (existing record),UNKNOWN,UNKNOWN,PARTIAL_WORKFLOW_ONLY,UNKNOWN,UNKNOWN,UNKNOWN,phoenix-exclusive-owned,UNKNOWN,UNKNOWN,UNKNOWN,UNKNOWN_REVIEW_REQUIRED,UNKNOWN_REVIEW_REQUIRED,UNKNOWN,UNKNOWN,EVIDENCE_PARTIAL,per-asset source/master;platform and model version;per-asset prompt;input asset rights;commercial account evidence;applicable terms snapshot;creator authorization;license scope;reviewer identity;review date,NO,NO,NO_PENDING_EVIDENCE_RECOVERY,Preserved legacy fields: description=Xian city wall lantern night;origin=AI-generated Phoenix original;license_type=phoenix-exclusive-owned;proof_url=OpenAI image generation 2026-07-22;review_status=approved Repository provenance does not establish legal rights.,,,,,,
PHX-VIS-4125DDDAC28A,app/assets/images/backgrounds/generated/xian/city-wall/10-quiet-night-panorama.webp,10-quiet-night-panorama.webp,WEBP,56900,864,1536,7b41a10f93a9c3f49ee42fe0d7730cd8c02b3d70f4e572b843cbd09f8cf9e981,98c1431112f7b10d1f7488835a2c965c63a01342,YES,JourneyBackgroundCatalog / all Journey pages,Ordinary Journey,ordinary:xian-city-wall,NONE,PRIMARY,NO,NO,ccd848979f8f86196c11e5d692f3f437cd76c7de,2026-07-27T19:37:57+07:00,dhv5bnmfmh-cmyk,7eaa823f712251797194e6cb1995c9da79ad988a,YES,design/ASSET_REGISTER.csv;design/PHOENIX_ASSET_OWNERSHIP.md;app/lib/data/journey_background_generated.dart;worker/scripts/generate_daily_backgrounds.mjs;git:ccd848979f8f86196c11e5d692f3f437cd76c7de,AI-generated Phoenix original,OpenAI image generation 2026-07-22,UNKNOWN,OpenAI (existing record),UNKNOWN,UNKNOWN,PARTIAL_WORKFLOW_ONLY,UNKNOWN,UNKNOWN,UNKNOWN,phoenix-exclusive-owned,UNKNOWN,UNKNOWN,UNKNOWN,UNKNOWN_REVIEW_REQUIRED,UNKNOWN_REVIEW_REQUIRED,UNKNOWN,UNKNOWN,EVIDENCE_PARTIAL,per-asset source/master;platform and model version;per-asset prompt;input asset rights;commercial account evidence;applicable terms snapshot;creator authorization;license scope;reviewer identity;review date,NO,NO,NO_PENDING_EVIDENCE_RECOVERY,Preserved legacy fields: description=Xian city wall quiet night panorama;origin=AI-generated Phoenix original;license_type=phoenix-exclusive-owned;proof_url=OpenAI image generation 2026-07-22;review_status=approved Repository provenance does not establish legal rights.,,,,,,
PHX-VIS-955F387F5EED,app/assets/images/backgrounds/generated/zhangjiajie/wulingyuan/01-pre-dawn.webp,01-pre-dawn.webp,WEBP,34340,1600,900,5b4a3f4a1c09f68e87861b737bb02e6215395710c476e89a0ca4a672531ccae4,3d74280e96c8cdc7c2170229e3558dc9245d777b,YES,JourneyBackgroundCatalog / all Journey pages,Ordinary Journey,ordinary:zhangjiajie-wulingyuan,NONE,PRIMARY,NO,NO,b4e54cb72d5cdb663d6b767c966ec21016ced048,2026-07-30T07:37:39+07:00,dhv5bnmfmh-cmyk,7eaa823f712251797194e6cb1995c9da79ad988a,NO,app/lib/data/journey_background_generated.dart;worker/scripts/generate_daily_backgrounds.mjs;git:b4e54cb72d5cdb663d6b767c966ec21016ced048,AI_GENERATED_RUNTIME_METADATA,REPOSITORY_PROVENANCE_ONLY,UNKNOWN,UNKNOWN,UNKNOWN,UNKNOWN,PARTIAL_WORKFLOW_ONLY,UNKNOWN,UNKNOWN,UNKNOWN,UNKNOWN,UNKNOWN,UNKNOWN,UNKNOWN,UNKNOWN_REVIEW_REQUIRED,UNKNOWN_REVIEW_REQUIRED,UNKNOWN,UNKNOWN,EVIDENCE_PARTIAL,per-asset source/master;platform and model version;per-asset prompt;input asset rights;commercial account evidence;applicable terms snapshot;creator authorization;license scope;reviewer identity;review date,NO,NO,NO_PENDING_EVIDENCE_RECOVERY,Repository provenance does not establish legal rights.,,,,,,
PHX-VIS-C9D2D10AB247,app/assets/images/backgrounds/generated/zhangjiajie/wulingyuan/02-sunrise.webp,02-sunrise.webp,WEBP,47624,1600,900,c26f682a39bf48a235a1757a8f83b846d787b3ee99c21ae4ff1dfbf1f23e0535,ce263dd457fa77f7db8011a32abc80b0abd658dc,YES,JourneyBackgroundCatalog / all Journey pages,Ordinary Journey,ordinary:zhangjiajie-wulingyuan,NONE,PRIMARY,NO,NO,b4e54cb72d5cdb663d6b767c966ec21016ced048,2026-07-30T07:37:39+07:00,dhv5bnmfmh-cmyk,7eaa823f712251797194e6cb1995c9da79ad988a,NO,app/lib/data/journey_background_generated.dart;worker/scripts/generate_daily_backgrounds.mjs;git:b4e54cb72d5cdb663d6b767c966ec21016ced048,AI_GENERATED_RUNTIME_METADATA,REPOSITORY_PROVENANCE_ONLY,UNKNOWN,UNKNOWN,UNKNOWN,UNKNOWN,PARTIAL_WORKFLOW_ONLY,UNKNOWN,UNKNOWN,UNKNOWN,UNKNOWN,UNKNOWN,UNKNOWN,UNKNOWN,UNKNOWN_REVIEW_REQUIRED,UNKNOWN_REVIEW_REQUIRED,UNKNOWN,UNKNOWN,EVIDENCE_PARTIAL,per-asset source/master;platform and model version;per-asset prompt;input asset rights;commercial account evidence;applicable terms snapshot;creator authorization;license scope;reviewer identity;review date,NO,NO,NO_PENDING_EVIDENCE_RECOVERY,Repository provenance does not establish legal rights.,,,,,,
PHX-VIS-C39834B29E87,app/assets/images/backgrounds/generated/zhangjiajie/wulingyuan/03-clear-morning.webp,03-clear-morning.webp,WEBP,98292,1600,900,c27de1c45b98fbabb304d65fc85755df4e780ced07f9206693875b7f720000ba,0d43cafcf80d206456d1e3cc0723d8eb2b3a6d1a,YES,JourneyBackgroundCatalog / all Journey pages,Ordinary Journey,ordinary:zhangjiajie-wulingyuan,NONE,PRIMARY,NO,NO,b4e54cb72d5cdb663d6b767c966ec21016ced048,2026-07-30T07:37:39+07:00,dhv5bnmfmh-cmyk,7eaa823f712251797194e6cb1995c9da79ad988a,NO,app/lib/data/journey_background_generated.dart;worker/scripts/generate_daily_backgrounds.mjs;git:b4e54cb72d5cdb663d6b767c966ec21016ced048,AI_GENERATED_RUNTIME_METADATA,REPOSITORY_PROVENANCE_ONLY,UNKNOWN,UNKNOWN,UNKNOWN,UNKNOWN,PARTIAL_WORKFLOW_ONLY,UNKNOWN,UNKNOWN,UNKNOWN,UNKNOWN,UNKNOWN,UNKNOWN,UNKNOWN,UNKNOWN_REVIEW_REQUIRED,UNKNOWN_REVIEW_REQUIRED,UNKNOWN,UNKNOWN,EVIDENCE_PARTIAL,per-asset source/master;platform and model version;per-asset prompt;input asset rights;commercial account evidence;applicable terms snapshot;creator authorization;license scope;reviewer identity;review date,NO,NO,NO_PENDING_EVIDENCE_RECOVERY,Repository provenance does not establish legal rights.,,,,,,
PHX-VIS-27062068505D,app/assets/images/backgrounds/generated/zhangjiajie/wulingyuan/04-heritage-detail.webp,04-heritage-detail.webp,WEBP,103076,1600,900,9404973aec323fb582018257af5e847a835b1f5f4953aa954e59b9425eb193f8,b6ff634d14c64ae8c369ebc3f7160faace392809,YES,JourneyBackgroundCatalog / all Journey pages,Ordinary Journey,ordinary:zhangjiajie-wulingyuan,NONE,PRIMARY,NO,NO,b4e54cb72d5cdb663d6b767c966ec21016ced048,2026-07-30T07:37:39+07:00,dhv5bnmfmh-cmyk,7eaa823f712251797194e6cb1995c9da79ad988a,NO,app/lib/data/journey_background_generated.dart;worker/scripts/generate_daily_backgrounds.mjs;git:b4e54cb72d5cdb663d6b767c966ec21016ced048,AI_GENERATED_RUNTIME_METADATA,REPOSITORY_PROVENANCE_ONLY,UNKNOWN,UNKNOWN,UNKNOWN,UNKNOWN,PARTIAL_WORKFLOW_ONLY,UNKNOWN,UNKNOWN,UNKNOWN,UNKNOWN,UNKNOWN,UNKNOWN,UNKNOWN,UNKNOWN_REVIEW_REQUIRED,UNKNOWN_REVIEW_REQUIRED,UNKNOWN,UNKNOWN,EVIDENCE_PARTIAL,per-asset source/master;platform and model version;per-asset prompt;input asset rights;commercial account evidence;applicable terms snapshot;creator authorization;license scope;reviewer identity;review date,NO,NO,NO_PENDING_EVIDENCE_RECOVERY,Repository provenance does not establish legal rights.,,,,,,
PHX-VIS-5A7C2D00F445,app/assets/images/backgrounds/generated/zhangjiajie/wulingyuan/05-layered-landscape.webp,05-layered-landscape.webp,WEBP,78530,1600,900,9e3f73d1c7a6fc4bc312ea8b1c447c03f93b6b7a0763ff05f8bcde0570c32e2e,47e9990cf32f1f12264987530b66f27b94c42846,YES,JourneyBackgroundCatalog / all Journey pages,Ordinary Journey,ordinary:zhangjiajie-wulingyuan,NONE,PRIMARY,NO,NO,b4e54cb72d5cdb663d6b767c966ec21016ced048,2026-07-30T07:37:39+07:00,dhv5bnmfmh-cmyk,7eaa823f712251797194e6cb1995c9da79ad988a,NO,app/lib/data/journey_background_generated.dart;worker/scripts/generate_daily_backgrounds.mjs;git:b4e54cb72d5cdb663d6b767c966ec21016ced048,AI_GENERATED_RUNTIME_METADATA,REPOSITORY_PROVENANCE_ONLY,UNKNOWN,UNKNOWN,UNKNOWN,UNKNOWN,PARTIAL_WORKFLOW_ONLY,UNKNOWN,UNKNOWN,UNKNOWN,UNKNOWN,UNKNOWN,UNKNOWN,UNKNOWN,UNKNOWN_REVIEW_REQUIRED,UNKNOWN_REVIEW_REQUIRED,UNKNOWN,UNKNOWN,EVIDENCE_PARTIAL,per-asset source/master;platform and model version;per-asset prompt;input asset rights;commercial account evidence;applicable terms snapshot;creator authorization;license scope;reviewer identity;review date,NO,NO,NO_PENDING_EVIDENCE_RECOVERY,Repository provenance does not establish legal rights.,,,,,,
PHX-VIS-C110A4CD2E5E,app/assets/images/backgrounds/generated/zhangjiajie/wulingyuan/06-after-rain.webp,06-after-rain.webp,WEBP,44810,1600,900,cde1f133f0cecd8549168257dc7870fdf2d7e45d7d444b0a15186e7bf9bf3fd4,193d1cc437177bda89fa25daaea7b11662eccc18,YES,JourneyBackgroundCatalog / all Journey pages,Ordinary Journey,ordinary:zhangjiajie-wulingyuan,NONE,PRIMARY,NO,NO,b4e54cb72d5cdb663d6b767c966ec21016ced048,2026-07-30T07:37:39+07:00,dhv5bnmfmh-cmyk,7eaa823f712251797194e6cb1995c9da79ad988a,NO,app/lib/data/journey_background_generated.dart;worker/scripts/generate_daily_backgrounds.mjs;git:b4e54cb72d5cdb663d6b767c966ec21016ced048,AI_GENERATED_RUNTIME_METADATA,REPOSITORY_PROVENANCE_ONLY,UNKNOWN,UNKNOWN,UNKNOWN,UNKNOWN,PARTIAL_WORKFLOW_ONLY,UNKNOWN,UNKNOWN,UNKNOWN,UNKNOWN,UNKNOWN,UNKNOWN,UNKNOWN,UNKNOWN_REVIEW_REQUIRED,UNKNOWN_REVIEW_REQUIRED,UNKNOWN,UNKNOWN,EVIDENCE_PARTIAL,per-asset source/master;platform and model version;per-asset prompt;input asset rights;commercial account evidence;applicable terms snapshot;creator authorization;license scope;reviewer identity;review date,NO,NO,NO_PENDING_EVIDENCE_RECOVERY,Repository provenance does not establish legal rights.,,,,,,
PHX-VIS-0FA6C2E741FB,app/assets/images/backgrounds/generated/zhangjiajie/wulingyuan/07-traveler-scale.webp,07-traveler-scale.webp,WEBP,35924,1600,900,2760537d34e4bc162df62363be98e2bccc0f2adcf31f7da8b7d2f7b0983c7b9e,99b45eec731132589aeb5dd61385ab909bbed3eb,YES,JourneyBackgroundCatalog / all Journey pages,Ordinary Journey,ordinary:zhangjiajie-wulingyuan,NONE,PRIMARY,NO,NO,b4e54cb72d5cdb663d6b767c966ec21016ced048,2026-07-30T07:37:39+07:00,dhv5bnmfmh-cmyk,7eaa823f712251797194e6cb1995c9da79ad988a,NO,app/lib/data/journey_background_generated.dart;worker/scripts/generate_daily_backgrounds.mjs;git:b4e54cb72d5cdb663d6b767c966ec21016ced048,AI_GENERATED_RUNTIME_METADATA,REPOSITORY_PROVENANCE_ONLY,UNKNOWN,UNKNOWN,UNKNOWN,UNKNOWN,PARTIAL_WORKFLOW_ONLY,UNKNOWN,UNKNOWN,UNKNOWN,UNKNOWN,UNKNOWN,UNKNOWN,UNKNOWN,UNKNOWN_REVIEW_REQUIRED,UNKNOWN_REVIEW_REQUIRED,UNKNOWN,UNKNOWN,EVIDENCE_PARTIAL,per-asset source/master;platform and model version;per-asset prompt;input asset rights;commercial account evidence;applicable terms snapshot;creator authorization;license scope;reviewer identity;review date,NO,NO,NO_PENDING_EVIDENCE_RECOVERY,Repository provenance does not establish legal rights.,,,,,,
PHX-VIS-4A1A8B4BD5A9,app/assets/images/backgrounds/generated/zhangjiajie/wulingyuan/08-golden-hour.webp,08-golden-hour.webp,WEBP,66642,1600,900,fef61cf38a4d8f422677b9490c67d71027262d3dab44442f94a343ee2aec9411,1580bf61e52b06c5e9aad34ca2b3b726001c992a,YES,JourneyBackgroundCatalog / all Journey pages,Ordinary Journey,ordinary:zhangjiajie-wulingyuan,NONE,PRIMARY,NO,NO,b4e54cb72d5cdb663d6b767c966ec21016ced048,2026-07-30T07:37:39+07:00,dhv5bnmfmh-cmyk,7eaa823f712251797194e6cb1995c9da79ad988a,NO,app/lib/data/journey_background_generated.dart;worker/scripts/generate_daily_backgrounds.mjs;git:b4e54cb72d5cdb663d6b767c966ec21016ced048,AI_GENERATED_RUNTIME_METADATA,REPOSITORY_PROVENANCE_ONLY,UNKNOWN,UNKNOWN,UNKNOWN,UNKNOWN,PARTIAL_WORKFLOW_ONLY,UNKNOWN,UNKNOWN,UNKNOWN,UNKNOWN,UNKNOWN,UNKNOWN,UNKNOWN,UNKNOWN_REVIEW_REQUIRED,UNKNOWN_REVIEW_REQUIRED,UNKNOWN,UNKNOWN,EVIDENCE_PARTIAL,per-asset source/master;platform and model version;per-asset prompt;input asset rights;commercial account evidence;applicable terms snapshot;creator authorization;license scope;reviewer identity;review date,NO,NO,NO_PENDING_EVIDENCE_RECOVERY,Repository provenance does not establish legal rights.,,,,,,
PHX-VIS-CBF545FDFADF,app/assets/images/backgrounds/generated/zhangjiajie/wulingyuan/09-blue-hour.webp,09-blue-hour.webp,WEBP,25382,1600,900,0b19d43018fd09542e33dd44bcddbb798f9221cae1a729fd0327233a49bbd09d,e8992f403c3c022e5fd9cc1d714fe6f29043011a,YES,JourneyBackgroundCatalog / all Journey pages,Ordinary Journey,ordinary:zhangjiajie-wulingyuan,NONE,PRIMARY,NO,NO,b4e54cb72d5cdb663d6b767c966ec21016ced048,2026-07-30T07:37:39+07:00,dhv5bnmfmh-cmyk,7eaa823f712251797194e6cb1995c9da79ad988a,NO,app/lib/data/journey_background_generated.dart;worker/scripts/generate_daily_backgrounds.mjs;git:b4e54cb72d5cdb663d6b767c966ec21016ced048,AI_GENERATED_RUNTIME_METADATA,REPOSITORY_PROVENANCE_ONLY,UNKNOWN,UNKNOWN,UNKNOWN,UNKNOWN,PARTIAL_WORKFLOW_ONLY,UNKNOWN,UNKNOWN,UNKNOWN,UNKNOWN,UNKNOWN,UNKNOWN,UNKNOWN,UNKNOWN_REVIEW_REQUIRED,UNKNOWN_REVIEW_REQUIRED,UNKNOWN,UNKNOWN,EVIDENCE_PARTIAL,per-asset source/master;platform and model version;per-asset prompt;input asset rights;commercial account evidence;applicable terms snapshot;creator authorization;license scope;reviewer identity;review date,NO,NO,NO_PENDING_EVIDENCE_RECOVERY,Repository provenance does not establish legal rights.,,,,,,
PHX-VIS-18FB3CBB2E78,app/assets/images/backgrounds/generated/zhangjiajie/wulingyuan/10-moonlit-finale.webp,10-moonlit-finale.webp,WEBP,27414,1600,900,24606998fa7655dd4e3b80cc8232f6ea5c0a6b416602312d7899fafad9060a61,f0154f60b31a921bfa2920e12a8f1e9a4752c0fd,YES,JourneyBackgroundCatalog / all Journey pages,Ordinary Journey,ordinary:zhangjiajie-wulingyuan,NONE,PRIMARY,NO,NO,b4e54cb72d5cdb663d6b767c966ec21016ced048,2026-07-30T07:37:39+07:00,dhv5bnmfmh-cmyk,7eaa823f712251797194e6cb1995c9da79ad988a,NO,app/lib/data/journey_background_generated.dart;worker/scripts/generate_daily_backgrounds.mjs;git:b4e54cb72d5cdb663d6b767c966ec21016ced048,AI_GENERATED_RUNTIME_METADATA,REPOSITORY_PROVENANCE_ONLY,UNKNOWN,UNKNOWN,UNKNOWN,UNKNOWN,PARTIAL_WORKFLOW_ONLY,UNKNOWN,UNKNOWN,UNKNOWN,UNKNOWN,UNKNOWN,UNKNOWN,UNKNOWN,UNKNOWN_REVIEW_REQUIRED,UNKNOWN_REVIEW_REQUIRED,UNKNOWN,UNKNOWN,EVIDENCE_PARTIAL,per-asset source/master;platform and model version;per-asset prompt;input asset rights;commercial account evidence;applicable terms snapshot;creator authorization;license scope;reviewer identity;review date,NO,NO,NO_PENDING_EVIDENCE_RECOVERY,Repository provenance does not establish legal rights.,,,,,,
PHX-VIS-EAD695B36985,app/assets/images/backgrounds/seed/beijing-forbidden-city-v1.webp,beijing-forbidden-city-v1.webp,WEBP,3178,480,854,23c964073b218b90cb31551cf482fd2362ff9e3241b998cd0ba5f021b4e7bc8f,db1155009b476da772c95ebb0e03452fc07c4ae2,NO,Catalogued seed is shadowed by approved generated candidates,Static Fallback,ordinary:beijing-forbidden-city:seed,NONE,STATIC_FALLBACK,YES,YES,ccd848979f8f86196c11e5d692f3f437cd76c7de,2026-07-27T19:37:57+07:00,dhv5bnmfmh-cmyk,7eaa823f712251797194e6cb1995c9da79ad988a,NO,app/lib/data/journey_background_catalog.dart;git:ccd848979f8f86196c11e5d692f3f437cd76c7de,ORIGINAL_SEED_RUNTIME_METADATA,REPOSITORY_PROVENANCE_ONLY,UNKNOWN,UNKNOWN,UNKNOWN,UNKNOWN,UNKNOWN,UNKNOWN,UNKNOWN,UNKNOWN,UNKNOWN,UNKNOWN,UNKNOWN,UNKNOWN,UNKNOWN_REVIEW_REQUIRED,UNKNOWN_REVIEW_REQUIRED,UNKNOWN,UNKNOWN,EVIDENCE_PARTIAL,per-asset source/master;platform and model version;per-asset prompt;input asset rights;commercial account evidence;applicable terms snapshot;creator authorization;license scope;reviewer identity;review date,NO,NO,NO_PENDING_EVIDENCE_RECOVERY,Repository provenance does not establish legal rights.,,,,,,
PHX-VIS-A60718DCA83B,app/assets/images/backgrounds/seed/beijing-forbidden-city-v2.webp,beijing-forbidden-city-v2.webp,WEBP,2960,480,854,c643913817b61383313214bbad8b50a6ee23e8c732fe6926064c0a412fac6d80,cd8dc44ea7d6c4189e3ebf10543b0a4e45809583,NO,Catalogued seed is shadowed by approved generated candidates,Static Fallback,ordinary:beijing-forbidden-city:seed,NONE,STATIC_FALLBACK,YES,YES,ccd848979f8f86196c11e5d692f3f437cd76c7de,2026-07-27T19:37:57+07:00,dhv5bnmfmh-cmyk,7eaa823f712251797194e6cb1995c9da79ad988a,NO,app/lib/data/journey_background_catalog.dart;git:ccd848979f8f86196c11e5d692f3f437cd76c7de,ORIGINAL_SEED_RUNTIME_METADATA,REPOSITORY_PROVENANCE_ONLY,UNKNOWN,UNKNOWN,UNKNOWN,UNKNOWN,UNKNOWN,UNKNOWN,UNKNOWN,UNKNOWN,UNKNOWN,UNKNOWN,UNKNOWN,UNKNOWN,UNKNOWN_REVIEW_REQUIRED,UNKNOWN_REVIEW_REQUIRED,UNKNOWN,UNKNOWN,EVIDENCE_PARTIAL,per-asset source/master;platform and model version;per-asset prompt;input asset rights;commercial account evidence;applicable terms snapshot;creator authorization;license scope;reviewer identity;review date,NO,NO,NO_PENDING_EVIDENCE_RECOVERY,Repository provenance does not establish legal rights.,,,,,,
PHX-VIS-EED45C66FD96,app/assets/images/backgrounds/seed/beijing-forbidden-city-v3.webp,beijing-forbidden-city-v3.webp,WEBP,3788,480,854,3929a846f9d896056c9aaab0780343a989c2786b08017bea72af7af627a34af4,67812ee7a9da88df71755748ae8f5785b6dbd8bc,NO,Catalogued seed is shadowed by approved generated candidates,Static Fallback,ordinary:beijing-forbidden-city:seed,NONE,STATIC_FALLBACK,YES,YES,ccd848979f8f86196c11e5d692f3f437cd76c7de,2026-07-27T19:37:57+07:00,dhv5bnmfmh-cmyk,7eaa823f712251797194e6cb1995c9da79ad988a,NO,app/lib/data/journey_background_catalog.dart;git:ccd848979f8f86196c11e5d692f3f437cd76c7de,ORIGINAL_SEED_RUNTIME_METADATA,REPOSITORY_PROVENANCE_ONLY,UNKNOWN,UNKNOWN,UNKNOWN,UNKNOWN,UNKNOWN,UNKNOWN,UNKNOWN,UNKNOWN,UNKNOWN,UNKNOWN,UNKNOWN,UNKNOWN,UNKNOWN_REVIEW_REQUIRED,UNKNOWN_REVIEW_REQUIRED,UNKNOWN,UNKNOWN,EVIDENCE_PARTIAL,per-asset source/master;platform and model version;per-asset prompt;input asset rights;commercial account evidence;applicable terms snapshot;creator authorization;license scope;reviewer identity;review date,NO,NO,NO_PENDING_EVIDENCE_RECOVERY,Repository provenance does not establish legal rights.,,,,,,
PHX-VIS-967E08175F65,app/assets/images/backgrounds/seed/chengdu-kuanzhai-alley-v1.webp,chengdu-kuanzhai-alley-v1.webp,WEBP,5170,480,854,d13f04197141ad0b2e9a3aac2d8f92cf0f5fc2c62ebc695f2798fa207ee105e4,1006ee32c78a9b5f25a6909bb7913cee242062dd,NO,Catalogued seed is shadowed by approved generated candidates,Static Fallback,ordinary:chengdu-kuanzhai-alley:seed,NONE,STATIC_FALLBACK,YES,YES,ccd848979f8f86196c11e5d692f3f437cd76c7de,2026-07-27T19:37:57+07:00,dhv5bnmfmh-cmyk,7eaa823f712251797194e6cb1995c9da79ad988a,NO,app/lib/data/journey_background_catalog.dart;git:ccd848979f8f86196c11e5d692f3f437cd76c7de,ORIGINAL_SEED_RUNTIME_METADATA,REPOSITORY_PROVENANCE_ONLY,UNKNOWN,UNKNOWN,UNKNOWN,UNKNOWN,UNKNOWN,UNKNOWN,UNKNOWN,UNKNOWN,UNKNOWN,UNKNOWN,UNKNOWN,UNKNOWN,UNKNOWN_REVIEW_REQUIRED,UNKNOWN_REVIEW_REQUIRED,UNKNOWN,UNKNOWN,EVIDENCE_PARTIAL,per-asset source/master;platform and model version;per-asset prompt;input asset rights;commercial account evidence;applicable terms snapshot;creator authorization;license scope;reviewer identity;review date,NO,NO,NO_PENDING_EVIDENCE_RECOVERY,Repository provenance does not establish legal rights.,,,,,,
PHX-VIS-E44F88BC862D,app/assets/images/backgrounds/seed/chengdu-kuanzhai-alley-v2.webp,chengdu-kuanzhai-alley-v2.webp,WEBP,5616,480,854,6af22ed179c834ec026113a6b83afcb24086f36958a8994684fc67e90ccbbcdd,4537c37f624b461e2d62d4987e8faedcc0db92d1,NO,Catalogued seed is shadowed by approved generated candidates,Static Fallback,ordinary:chengdu-kuanzhai-alley:seed,NONE,STATIC_FALLBACK,YES,YES,ccd848979f8f86196c11e5d692f3f437cd76c7de,2026-07-27T19:37:57+07:00,dhv5bnmfmh-cmyk,7eaa823f712251797194e6cb1995c9da79ad988a,NO,app/lib/data/journey_background_catalog.dart;git:ccd848979f8f86196c11e5d692f3f437cd76c7de,ORIGINAL_SEED_RUNTIME_METADATA,REPOSITORY_PROVENANCE_ONLY,UNKNOWN,UNKNOWN,UNKNOWN,UNKNOWN,UNKNOWN,UNKNOWN,UNKNOWN,UNKNOWN,UNKNOWN,UNKNOWN,UNKNOWN,UNKNOWN,UNKNOWN_REVIEW_REQUIRED,UNKNOWN_REVIEW_REQUIRED,UNKNOWN,UNKNOWN,EVIDENCE_PARTIAL,per-asset source/master;platform and model version;per-asset prompt;input asset rights;commercial account evidence;applicable terms snapshot;creator authorization;license scope;reviewer identity;review date,NO,NO,NO_PENDING_EVIDENCE_RECOVERY,Repository provenance does not establish legal rights.,,,,,,
PHX-VIS-5A434E5C42DB,app/assets/images/backgrounds/seed/chengdu-kuanzhai-alley-v3.webp,chengdu-kuanzhai-alley-v3.webp,WEBP,4580,480,854,48de2ec893cbc10bb70e18b59dd46167c3b0ea3791dfced9589c6bc397dcb79a,2928ac061a784980a316ad9a01d41a477fb2536c,NO,Catalogued seed is shadowed by approved generated candidates,Static Fallback,ordinary:chengdu-kuanzhai-alley:seed,NONE,STATIC_FALLBACK,YES,YES,ccd848979f8f86196c11e5d692f3f437cd76c7de,2026-07-27T19:37:57+07:00,dhv5bnmfmh-cmyk,7eaa823f712251797194e6cb1995c9da79ad988a,NO,app/lib/data/journey_background_catalog.dart;git:ccd848979f8f86196c11e5d692f3f437cd76c7de,ORIGINAL_SEED_RUNTIME_METADATA,REPOSITORY_PROVENANCE_ONLY,UNKNOWN,UNKNOWN,UNKNOWN,UNKNOWN,UNKNOWN,UNKNOWN,UNKNOWN,UNKNOWN,UNKNOWN,UNKNOWN,UNKNOWN,UNKNOWN,UNKNOWN_REVIEW_REQUIRED,UNKNOWN_REVIEW_REQUIRED,UNKNOWN,UNKNOWN,EVIDENCE_PARTIAL,per-asset source/master;platform and model version;per-asset prompt;input asset rights;commercial account evidence;applicable terms snapshot;creator authorization;license scope;reviewer identity;review date,NO,NO,NO_PENDING_EVIDENCE_RECOVERY,Repository provenance does not establish legal rights.,,,,,,
PHX-VIS-438B1E72BBCC,app/assets/images/backgrounds/seed/guangzhou-chen-clan-v1.webp,guangzhou-chen-clan-v1.webp,WEBP,3772,480,854,bcd326be1e7e106f5606007d4d37749771c01b382c25da981127e05f6faec129,e0a488ceeda994402684d75cc934dad25b5b74b7,NO,Catalogued seed is shadowed by approved generated candidates,Static Fallback,ordinary:guangzhou-chen-clan-academy:seed,NONE,STATIC_FALLBACK,YES,YES,ccd848979f8f86196c11e5d692f3f437cd76c7de,2026-07-27T19:37:57+07:00,dhv5bnmfmh-cmyk,7eaa823f712251797194e6cb1995c9da79ad988a,NO,app/lib/data/journey_background_catalog.dart;git:ccd848979f8f86196c11e5d692f3f437cd76c7de,ORIGINAL_SEED_RUNTIME_METADATA,REPOSITORY_PROVENANCE_ONLY,UNKNOWN,UNKNOWN,UNKNOWN,UNKNOWN,UNKNOWN,UNKNOWN,UNKNOWN,UNKNOWN,UNKNOWN,UNKNOWN,UNKNOWN,UNKNOWN,UNKNOWN_REVIEW_REQUIRED,UNKNOWN_REVIEW_REQUIRED,UNKNOWN,UNKNOWN,EVIDENCE_PARTIAL,per-asset source/master;platform and model version;per-asset prompt;input asset rights;commercial account evidence;applicable terms snapshot;creator authorization;license scope;reviewer identity;review date,NO,NO,NO_PENDING_EVIDENCE_RECOVERY,Repository provenance does not establish legal rights.,,,,,,
PHX-VIS-5182153E827E,app/assets/images/backgrounds/seed/guangzhou-chen-clan-v2.webp,guangzhou-chen-clan-v2.webp,WEBP,3718,480,854,5ec7014209920ee599e9f53c150317e457181c21016584231e5b92fbe93bdaab,83c445366a356022306f1de738d94198872a7e4c,NO,Catalogued seed is shadowed by approved generated candidates,Static Fallback,ordinary:guangzhou-chen-clan-academy:seed,NONE,STATIC_FALLBACK,YES,YES,ccd848979f8f86196c11e5d692f3f437cd76c7de,2026-07-27T19:37:57+07:00,dhv5bnmfmh-cmyk,7eaa823f712251797194e6cb1995c9da79ad988a,NO,app/lib/data/journey_background_catalog.dart;git:ccd848979f8f86196c11e5d692f3f437cd76c7de,ORIGINAL_SEED_RUNTIME_METADATA,REPOSITORY_PROVENANCE_ONLY,UNKNOWN,UNKNOWN,UNKNOWN,UNKNOWN,UNKNOWN,UNKNOWN,UNKNOWN,UNKNOWN,UNKNOWN,UNKNOWN,UNKNOWN,UNKNOWN,UNKNOWN_REVIEW_REQUIRED,UNKNOWN_REVIEW_REQUIRED,UNKNOWN,UNKNOWN,EVIDENCE_PARTIAL,per-asset source/master;platform and model version;per-asset prompt;input asset rights;commercial account evidence;applicable terms snapshot;creator authorization;license scope;reviewer identity;review date,NO,NO,NO_PENDING_EVIDENCE_RECOVERY,Repository provenance does not establish legal rights.,,,,,,
PHX-VIS-6C16B425AD23,app/assets/images/backgrounds/seed/guangzhou-chen-clan-v3.webp,guangzhou-chen-clan-v3.webp,WEBP,3512,480,854,495bebc2b27b2018b026bc55bbb12a331067fe2da387ee3b83cf19034710b386,f87af4bd5d0141ce7583b44604b8d04744342c4a,NO,Catalogued seed is shadowed by approved generated candidates,Static Fallback,ordinary:guangzhou-chen-clan-academy:seed,NONE,STATIC_FALLBACK,YES,YES,ccd848979f8f86196c11e5d692f3f437cd76c7de,2026-07-27T19:37:57+07:00,dhv5bnmfmh-cmyk,7eaa823f712251797194e6cb1995c9da79ad988a,NO,app/lib/data/journey_background_catalog.dart;git:ccd848979f8f86196c11e5d692f3f437cd76c7de,ORIGINAL_SEED_RUNTIME_METADATA,REPOSITORY_PROVENANCE_ONLY,UNKNOWN,UNKNOWN,UNKNOWN,UNKNOWN,UNKNOWN,UNKNOWN,UNKNOWN,UNKNOWN,UNKNOWN,UNKNOWN,UNKNOWN,UNKNOWN,UNKNOWN_REVIEW_REQUIRED,UNKNOWN_REVIEW_REQUIRED,UNKNOWN,UNKNOWN,EVIDENCE_PARTIAL,per-asset source/master;platform and model version;per-asset prompt;input asset rights;commercial account evidence;applicable terms snapshot;creator authorization;license scope;reviewer identity;review date,NO,NO,NO_PENDING_EVIDENCE_RECOVERY,Repository provenance does not establish legal rights.,,,,,,
PHX-VIS-F90F485F1E78,app/assets/images/backgrounds/seed/hangzhou-west-lake-v1.webp,hangzhou-west-lake-v1.webp,WEBP,6660,480,854,a948d1e0883a73b894a1706f187918433826438fe230639f1b838a954af2e558,f424b227d6e1166c2d460c096b8427133c4bc558,NO,Catalogued seed is shadowed by approved generated candidates,Static Fallback,ordinary:hangzhou-west-lake:seed,NONE,STATIC_FALLBACK,YES,YES,ccd848979f8f86196c11e5d692f3f437cd76c7de,2026-07-27T19:37:57+07:00,dhv5bnmfmh-cmyk,7eaa823f712251797194e6cb1995c9da79ad988a,NO,app/lib/data/journey_background_catalog.dart;git:ccd848979f8f86196c11e5d692f3f437cd76c7de,ORIGINAL_SEED_RUNTIME_METADATA,REPOSITORY_PROVENANCE_ONLY,UNKNOWN,UNKNOWN,UNKNOWN,UNKNOWN,UNKNOWN,UNKNOWN,UNKNOWN,UNKNOWN,UNKNOWN,UNKNOWN,UNKNOWN,UNKNOWN,UNKNOWN_REVIEW_REQUIRED,UNKNOWN_REVIEW_REQUIRED,UNKNOWN,UNKNOWN,EVIDENCE_PARTIAL,per-asset source/master;platform and model version;per-asset prompt;input asset rights;commercial account evidence;applicable terms snapshot;creator authorization;license scope;reviewer identity;review date,NO,NO,NO_PENDING_EVIDENCE_RECOVERY,Repository provenance does not establish legal rights.,,,,,,
PHX-VIS-BA5CB0214F77,app/assets/images/backgrounds/seed/hangzhou-west-lake-v2.webp,hangzhou-west-lake-v2.webp,WEBP,6720,480,854,4ae3b61d11b0a184e5b5c4253a5bd7562b4b81c8f24faa01b408c530b4af773d,f63355ea552d32cc13484bdb1726f7693df98ef5,NO,Catalogued seed is shadowed by approved generated candidates,Static Fallback,ordinary:hangzhou-west-lake:seed,NONE,STATIC_FALLBACK,YES,YES,ccd848979f8f86196c11e5d692f3f437cd76c7de,2026-07-27T19:37:57+07:00,dhv5bnmfmh-cmyk,7eaa823f712251797194e6cb1995c9da79ad988a,NO,app/lib/data/journey_background_catalog.dart;git:ccd848979f8f86196c11e5d692f3f437cd76c7de,ORIGINAL_SEED_RUNTIME_METADATA,REPOSITORY_PROVENANCE_ONLY,UNKNOWN,UNKNOWN,UNKNOWN,UNKNOWN,UNKNOWN,UNKNOWN,UNKNOWN,UNKNOWN,UNKNOWN,UNKNOWN,UNKNOWN,UNKNOWN,UNKNOWN_REVIEW_REQUIRED,UNKNOWN_REVIEW_REQUIRED,UNKNOWN,UNKNOWN,EVIDENCE_PARTIAL,per-asset source/master;platform and model version;per-asset prompt;input asset rights;commercial account evidence;applicable terms snapshot;creator authorization;license scope;reviewer identity;review date,NO,NO,NO_PENDING_EVIDENCE_RECOVERY,Repository provenance does not establish legal rights.,,,,,,
PHX-VIS-8BEC123DFCAD,app/assets/images/backgrounds/seed/hangzhou-west-lake-v3.webp,hangzhou-west-lake-v3.webp,WEBP,6232,480,854,6c474a6981de55643a9b9858b6ead6671bba69e3be9a319b5b93dd96b4dc5043,a47583fa26257b9ff32bf475f1752c72859f098a,NO,Catalogued seed is shadowed by approved generated candidates,Static Fallback,ordinary:hangzhou-west-lake:seed,NONE,STATIC_FALLBACK,YES,YES,ccd848979f8f86196c11e5d692f3f437cd76c7de,2026-07-27T19:37:57+07:00,dhv5bnmfmh-cmyk,7eaa823f712251797194e6cb1995c9da79ad988a,NO,app/lib/data/journey_background_catalog.dart;git:ccd848979f8f86196c11e5d692f3f437cd76c7de,ORIGINAL_SEED_RUNTIME_METADATA,REPOSITORY_PROVENANCE_ONLY,UNKNOWN,UNKNOWN,UNKNOWN,UNKNOWN,UNKNOWN,UNKNOWN,UNKNOWN,UNKNOWN,UNKNOWN,UNKNOWN,UNKNOWN,UNKNOWN,UNKNOWN_REVIEW_REQUIRED,UNKNOWN_REVIEW_REQUIRED,UNKNOWN,UNKNOWN,EVIDENCE_PARTIAL,per-asset source/master;platform and model version;per-asset prompt;input asset rights;commercial account evidence;applicable terms snapshot;creator authorization;license scope;reviewer identity;review date,NO,NO,NO_PENDING_EVIDENCE_RECOVERY,Repository provenance does not establish legal rights.,,,,,,
PHX-VIS-1754596FE90E,app/assets/images/backgrounds/seed/nanjing-qinhuai-river-v1.webp,nanjing-qinhuai-river-v1.webp,WEBP,5124,480,854,23710dc2578d9729b78308d931ef110966edbc719b9cb357b27ab9b9e75df91b,c6bc86ffa1fc9e5a0784866e13cc9c88ad5b91ae,NO,Catalogued seed is shadowed by approved generated candidates,Static Fallback,ordinary:nanjing-qinhuai-river:seed,NONE,STATIC_FALLBACK,YES,YES,ccd848979f8f86196c11e5d692f3f437cd76c7de,2026-07-27T19:37:57+07:00,dhv5bnmfmh-cmyk,7eaa823f712251797194e6cb1995c9da79ad988a,NO,app/lib/data/journey_background_catalog.dart;git:ccd848979f8f86196c11e5d692f3f437cd76c7de,ORIGINAL_SEED_RUNTIME_METADATA,REPOSITORY_PROVENANCE_ONLY,UNKNOWN,UNKNOWN,UNKNOWN,UNKNOWN,UNKNOWN,UNKNOWN,UNKNOWN,UNKNOWN,UNKNOWN,UNKNOWN,UNKNOWN,UNKNOWN,UNKNOWN_REVIEW_REQUIRED,UNKNOWN_REVIEW_REQUIRED,UNKNOWN,UNKNOWN,EVIDENCE_PARTIAL,per-asset source/master;platform and model version;per-asset prompt;input asset rights;commercial account evidence;applicable terms snapshot;creator authorization;license scope;reviewer identity;review date,NO,NO,NO_PENDING_EVIDENCE_RECOVERY,Repository provenance does not establish legal rights.,,,,,,
PHX-VIS-71E4AE0E512D,app/assets/images/backgrounds/seed/nanjing-qinhuai-river-v2.webp,nanjing-qinhuai-river-v2.webp,WEBP,5250,480,854,77cc0f650dccdbeb32d1e31e569390c4b103dfd8be87c3267b345ca4820b7b04,854850956e2678143b147b37b06ebcd04b24c8f7,NO,Catalogued seed is shadowed by approved generated candidates,Static Fallback,ordinary:nanjing-qinhuai-river:seed,NONE,STATIC_FALLBACK,YES,YES,ccd848979f8f86196c11e5d692f3f437cd76c7de,2026-07-27T19:37:57+07:00,dhv5bnmfmh-cmyk,7eaa823f712251797194e6cb1995c9da79ad988a,NO,app/lib/data/journey_background_catalog.dart;git:ccd848979f8f86196c11e5d692f3f437cd76c7de,ORIGINAL_SEED_RUNTIME_METADATA,REPOSITORY_PROVENANCE_ONLY,UNKNOWN,UNKNOWN,UNKNOWN,UNKNOWN,UNKNOWN,UNKNOWN,UNKNOWN,UNKNOWN,UNKNOWN,UNKNOWN,UNKNOWN,UNKNOWN,UNKNOWN_REVIEW_REQUIRED,UNKNOWN_REVIEW_REQUIRED,UNKNOWN,UNKNOWN,EVIDENCE_PARTIAL,per-asset source/master;platform and model version;per-asset prompt;input asset rights;commercial account evidence;applicable terms snapshot;creator authorization;license scope;reviewer identity;review date,NO,NO,NO_PENDING_EVIDENCE_RECOVERY,Repository provenance does not establish legal rights.,,,,,,
PHX-VIS-3D0418A7F136,app/assets/images/backgrounds/seed/nanjing-qinhuai-river-v3.webp,nanjing-qinhuai-river-v3.webp,WEBP,4908,480,854,a06b19c91cd44c93c0c06122cc902f592cb688b7fb039237b71b80ca52edf499,5fdfe41ade7f82a0ffc6a723a5db817809d08a69,NO,Catalogued seed is shadowed by approved generated candidates,Static Fallback,ordinary:nanjing-qinhuai-river:seed,NONE,STATIC_FALLBACK,YES,YES,ccd848979f8f86196c11e5d692f3f437cd76c7de,2026-07-27T19:37:57+07:00,dhv5bnmfmh-cmyk,7eaa823f712251797194e6cb1995c9da79ad988a,NO,app/lib/data/journey_background_catalog.dart;git:ccd848979f8f86196c11e5d692f3f437cd76c7de,ORIGINAL_SEED_RUNTIME_METADATA,REPOSITORY_PROVENANCE_ONLY,UNKNOWN,UNKNOWN,UNKNOWN,UNKNOWN,UNKNOWN,UNKNOWN,UNKNOWN,UNKNOWN,UNKNOWN,UNKNOWN,UNKNOWN,UNKNOWN,UNKNOWN_REVIEW_REQUIRED,UNKNOWN_REVIEW_REQUIRED,UNKNOWN,UNKNOWN,EVIDENCE_PARTIAL,per-asset source/master;platform and model version;per-asset prompt;input asset rights;commercial account evidence;applicable terms snapshot;creator authorization;license scope;reviewer identity;review date,NO,NO,NO_PENDING_EVIDENCE_RECOVERY,Repository provenance does not establish legal rights.,,,,,,
PHX-VIS-1AAAB28D33CC,app/assets/images/backgrounds/seed/shanghai-bund-v1.webp,shanghai-bund-v1.webp,WEBP,4058,480,854,6e34841c58766c7ba5072fde3e1eab263301a32e445924576ec1f681d66a177a,a35ec7f060f7fddbd66a75593a5dbac8d383bd7e,NO,Catalogued seed is shadowed by approved generated candidates,Static Fallback,ordinary:shanghai-bund:seed,NONE,STATIC_FALLBACK,YES,YES,ccd848979f8f86196c11e5d692f3f437cd76c7de,2026-07-27T19:37:57+07:00,dhv5bnmfmh-cmyk,7eaa823f712251797194e6cb1995c9da79ad988a,NO,app/lib/data/journey_background_catalog.dart;git:ccd848979f8f86196c11e5d692f3f437cd76c7de,ORIGINAL_SEED_RUNTIME_METADATA,REPOSITORY_PROVENANCE_ONLY,UNKNOWN,UNKNOWN,UNKNOWN,UNKNOWN,UNKNOWN,UNKNOWN,UNKNOWN,UNKNOWN,UNKNOWN,UNKNOWN,UNKNOWN,UNKNOWN,UNKNOWN_REVIEW_REQUIRED,UNKNOWN_REVIEW_REQUIRED,UNKNOWN,UNKNOWN,EVIDENCE_PARTIAL,per-asset source/master;platform and model version;per-asset prompt;input asset rights;commercial account evidence;applicable terms snapshot;creator authorization;license scope;reviewer identity;review date,NO,NO,NO_PENDING_EVIDENCE_RECOVERY,Repository provenance does not establish legal rights.,,,,,,
PHX-VIS-1B280C525C0D,app/assets/images/backgrounds/seed/shanghai-bund-v2.webp,shanghai-bund-v2.webp,WEBP,4078,480,854,dfacb21a10d58988a25328b02ea8821305032e8daebecbb697f5cab0d28bb6b1,5afdc349db4a9592e46959600bf1b4f128e8a2b2,NO,Catalogued seed is shadowed by approved generated candidates,Static Fallback,ordinary:shanghai-bund:seed,NONE,STATIC_FALLBACK,YES,YES,ccd848979f8f86196c11e5d692f3f437cd76c7de,2026-07-27T19:37:57+07:00,dhv5bnmfmh-cmyk,7eaa823f712251797194e6cb1995c9da79ad988a,NO,app/lib/data/journey_background_catalog.dart;git:ccd848979f8f86196c11e5d692f3f437cd76c7de,ORIGINAL_SEED_RUNTIME_METADATA,REPOSITORY_PROVENANCE_ONLY,UNKNOWN,UNKNOWN,UNKNOWN,UNKNOWN,UNKNOWN,UNKNOWN,UNKNOWN,UNKNOWN,UNKNOWN,UNKNOWN,UNKNOWN,UNKNOWN,UNKNOWN_REVIEW_REQUIRED,UNKNOWN_REVIEW_REQUIRED,UNKNOWN,UNKNOWN,EVIDENCE_PARTIAL,per-asset source/master;platform and model version;per-asset prompt;input asset rights;commercial account evidence;applicable terms snapshot;creator authorization;license scope;reviewer identity;review date,NO,NO,NO_PENDING_EVIDENCE_RECOVERY,Repository provenance does not establish legal rights.,,,,,,
PHX-VIS-A97CD380F2BD,app/assets/images/backgrounds/seed/shanghai-bund-v3.webp,shanghai-bund-v3.webp,WEBP,3580,480,854,d52b578edc483f13b2ec5088fdb3a49369d518f71ed1c4826a810a387ca988cf,775a919266c682f1eacccf16b3e7b33d31bee83b,NO,Catalogued seed is shadowed by approved generated candidates,Static Fallback,ordinary:shanghai-bund:seed,NONE,STATIC_FALLBACK,YES,YES,ccd848979f8f86196c11e5d692f3f437cd76c7de,2026-07-27T19:37:57+07:00,dhv5bnmfmh-cmyk,7eaa823f712251797194e6cb1995c9da79ad988a,NO,app/lib/data/journey_background_catalog.dart;git:ccd848979f8f86196c11e5d692f3f437cd76c7de,ORIGINAL_SEED_RUNTIME_METADATA,REPOSITORY_PROVENANCE_ONLY,UNKNOWN,UNKNOWN,UNKNOWN,UNKNOWN,UNKNOWN,UNKNOWN,UNKNOWN,UNKNOWN,UNKNOWN,UNKNOWN,UNKNOWN,UNKNOWN,UNKNOWN_REVIEW_REQUIRED,UNKNOWN_REVIEW_REQUIRED,UNKNOWN,UNKNOWN,EVIDENCE_PARTIAL,per-asset source/master;platform and model version;per-asset prompt;input asset rights;commercial account evidence;applicable terms snapshot;creator authorization;license scope;reviewer identity;review date,NO,NO,NO_PENDING_EVIDENCE_RECOVERY,Repository provenance does not establish legal rights.,,,,,,
PHX-VIS-D4B0B514709E,app/assets/images/backgrounds/seed/xian-city-wall-v1.webp,xian-city-wall-v1.webp,WEBP,3102,480,854,407d895b12b9aab503e3dd0b46cc671b5385d0f733da958a959f7d394a9b8013,4cf1747d157650d008ea802ed1b2875a553b4eb9,NO,Catalogued seed is shadowed by approved generated candidates,Static Fallback,ordinary:xian-city-wall:seed,NONE,STATIC_FALLBACK,YES,YES,ccd848979f8f86196c11e5d692f3f437cd76c7de,2026-07-27T19:37:57+07:00,dhv5bnmfmh-cmyk,7eaa823f712251797194e6cb1995c9da79ad988a,NO,app/lib/data/journey_background_catalog.dart;git:ccd848979f8f86196c11e5d692f3f437cd76c7de,ORIGINAL_SEED_RUNTIME_METADATA,REPOSITORY_PROVENANCE_ONLY,UNKNOWN,UNKNOWN,UNKNOWN,UNKNOWN,UNKNOWN,UNKNOWN,UNKNOWN,UNKNOWN,UNKNOWN,UNKNOWN,UNKNOWN,UNKNOWN,UNKNOWN_REVIEW_REQUIRED,UNKNOWN_REVIEW_REQUIRED,UNKNOWN,UNKNOWN,EVIDENCE_PARTIAL,per-asset source/master;platform and model version;per-asset prompt;input asset rights;commercial account evidence;applicable terms snapshot;creator authorization;license scope;reviewer identity;review date,NO,NO,NO_PENDING_EVIDENCE_RECOVERY,Repository provenance does not establish legal rights.,,,,,,
PHX-VIS-9A6716024495,app/assets/images/backgrounds/seed/xian-city-wall-v2.webp,xian-city-wall-v2.webp,WEBP,3026,480,854,ae285a09811b8fdd18a1108fa898bd110c0d3a70bfb096eb5f6cbe9287b1d4d7,860d0b1ea8da1a9479c4ed7045f6abcc824a7834,NO,Catalogued seed is shadowed by approved generated candidates,Static Fallback,ordinary:xian-city-wall:seed,NONE,STATIC_FALLBACK,YES,YES,ccd848979f8f86196c11e5d692f3f437cd76c7de,2026-07-27T19:37:57+07:00,dhv5bnmfmh-cmyk,7eaa823f712251797194e6cb1995c9da79ad988a,NO,app/lib/data/journey_background_catalog.dart;git:ccd848979f8f86196c11e5d692f3f437cd76c7de,ORIGINAL_SEED_RUNTIME_METADATA,REPOSITORY_PROVENANCE_ONLY,UNKNOWN,UNKNOWN,UNKNOWN,UNKNOWN,UNKNOWN,UNKNOWN,UNKNOWN,UNKNOWN,UNKNOWN,UNKNOWN,UNKNOWN,UNKNOWN,UNKNOWN_REVIEW_REQUIRED,UNKNOWN_REVIEW_REQUIRED,UNKNOWN,UNKNOWN,EVIDENCE_PARTIAL,per-asset source/master;platform and model version;per-asset prompt;input asset rights;commercial account evidence;applicable terms snapshot;creator authorization;license scope;reviewer identity;review date,NO,NO,NO_PENDING_EVIDENCE_RECOVERY,Repository provenance does not establish legal rights.,,,,,,
PHX-VIS-BEAE0FC123D1,app/assets/images/backgrounds/seed/xian-city-wall-v3.webp,xian-city-wall-v3.webp,WEBP,3278,480,854,5f89794e70b955a5a48345ef9561b69b789c8a5c997dde050945cb1af57f8c37,2cc0225911d89396690f2ea92e6a229811aa9ee7,NO,Catalogued seed is shadowed by approved generated candidates,Static Fallback,ordinary:xian-city-wall:seed,NONE,STATIC_FALLBACK,YES,YES,ccd848979f8f86196c11e5d692f3f437cd76c7de,2026-07-27T19:37:57+07:00,dhv5bnmfmh-cmyk,7eaa823f712251797194e6cb1995c9da79ad988a,NO,app/lib/data/journey_background_catalog.dart;git:ccd848979f8f86196c11e5d692f3f437cd76c7de,ORIGINAL_SEED_RUNTIME_METADATA,REPOSITORY_PROVENANCE_ONLY,UNKNOWN,UNKNOWN,UNKNOWN,UNKNOWN,UNKNOWN,UNKNOWN,UNKNOWN,UNKNOWN,UNKNOWN,UNKNOWN,UNKNOWN,UNKNOWN,UNKNOWN_REVIEW_REQUIRED,UNKNOWN_REVIEW_REQUIRED,UNKNOWN,UNKNOWN,EVIDENCE_PARTIAL,per-asset source/master;platform and model version;per-asset prompt;input asset rights;commercial account evidence;applicable terms snapshot;creator authorization;license scope;reviewer identity;review date,NO,NO,NO_PENDING_EVIDENCE_RECOVERY,Repository provenance does not establish legal rights.,,,,,,
PHX-VIS-4DF9E6B6E4CE,app/assets/images/home/phoenix-world-language-journey-v1.webp,phoenix-world-language-journey-v1.webp,WEBP,209916,864,1536,c2b9f04c8cf67fed4180a16fcf1ab654db40fe5f66d5badde9207689b744220d,efc4305403c93b1a1c0a580afe21ee4a59fea802,NO,Global runtime or web manifest reference,Home,global:home,NONE,PRIMARY,YES,YES,ccd848979f8f86196c11e5d692f3f437cd76c7de,2026-07-27T19:37:57+07:00,dhv5bnmfmh-cmyk,7eaa823f712251797194e6cb1995c9da79ad988a,NO,git:ccd848979f8f86196c11e5d692f3f437cd76c7de,UNKNOWN,UNKNOWN,UNKNOWN,UNKNOWN,UNKNOWN,UNKNOWN,UNKNOWN,UNKNOWN,UNKNOWN,UNKNOWN,UNKNOWN,UNKNOWN,UNKNOWN,UNKNOWN,UNKNOWN_REVIEW_REQUIRED,UNKNOWN_REVIEW_REQUIRED,UNKNOWN,UNKNOWN,RETIRED_REPLACED,NOT_APPLICABLE_RETIRED,NO_RETIRED,NO_RETIRED,NO,Repository provenance does not establish legal rights. Replaced by PHX-GLOBAL-HOME-001; historical repository provenance retained.,,,,,,RETIRED_AFTER_VERIFIED_REPLACEMENT
PHX-VIS-31F01618907D,app/assets/images/maps/china-passport-atlas-v2.webp,china-passport-atlas-v2.webp,WEBP,221932,941,1672,83b1f3cf06a5af8deef4304f3818d401846b6795f134ed8327253ca981badd9c,9185b4230b5e15bc15901f878e983bbe7db1441f,NO,Global runtime or web manifest reference,Map,global:maps,NONE,PRIMARY,YES,YES,b3358867a86074372b7abe82bc411e87e83b1bc7,2026-07-27T22:29:00+07:00,dhv5bnmfmh-cmyk,7eaa823f712251797194e6cb1995c9da79ad988a,NO,git:b3358867a86074372b7abe82bc411e87e83b1bc7,UNKNOWN,UNKNOWN,UNKNOWN,UNKNOWN,UNKNOWN,UNKNOWN,UNKNOWN,UNKNOWN,UNKNOWN,UNKNOWN,UNKNOWN,UNKNOWN,UNKNOWN,UNKNOWN,UNKNOWN_REVIEW_REQUIRED,UNKNOWN_REVIEW_REQUIRED,UNKNOWN,UNKNOWN,RETIRED_REPLACED,NOT_APPLICABLE_RETIRED,NO_RETIRED,NO_RETIRED,NO,Repository provenance does not establish legal rights. Replaced by PHX-GLOBAL-MAP-CHINA-001; historical repository provenance retained.,,,,,,RETIRED_AFTER_VERIFIED_REPLACEMENT
PHX-VIS-ADA17B1D9078,app/assets/images/maps/east-asia-flight-relief-v2.webp,east-asia-flight-relief-v2.webp,WEBP,270898,1672,941,aa7545a0ec59544dbf48dd81c4f4afe3a2b4ae7095fc7ab9b65467eb2ca3de95,ca850d92730c4e781ac6fd5e99ce38dc63f7ff24,NO,Global runtime or web manifest reference,Map,global:maps,NONE,PRIMARY,YES,YES,b3358867a86074372b7abe82bc411e87e83b1bc7,2026-07-27T22:29:00+07:00,dhv5bnmfmh-cmyk,7eaa823f712251797194e6cb1995c9da79ad988a,NO,git:b3358867a86074372b7abe82bc411e87e83b1bc7,UNKNOWN,UNKNOWN,UNKNOWN,UNKNOWN,UNKNOWN,UNKNOWN,UNKNOWN,UNKNOWN,UNKNOWN,UNKNOWN,UNKNOWN,UNKNOWN,UNKNOWN,UNKNOWN,UNKNOWN_REVIEW_REQUIRED,UNKNOWN_REVIEW_REQUIRED,UNKNOWN,UNKNOWN,RETIRED_REPLACED,NOT_APPLICABLE_RETIRED,NO_RETIRED,NO_RETIRED,NO,Repository provenance does not establish legal rights. Replaced by PHX-GLOBAL-MAP-ASIA-001; historical repository provenance retained.,,,,,,RETIRED_AFTER_VERIFIED_REPLACEMENT
PHX-VIS-3F73EE897775,app/assets/images/maps/world-flight-atlas-v1.webp,world-flight-atlas-v1.webp,WEBP,53566,1333,941,4eda74f5e5b65a332c6ab58c6bc2d2473abf9190f7a7f8dbb58e0b9fc7182f27,18706e19fe009ee071d464cefe9c8cd58067609b,NO,Global runtime or web manifest reference,Map,global:maps,NONE,PRIMARY,YES,YES,b3358867a86074372b7abe82bc411e87e83b1bc7,2026-07-27T22:29:00+07:00,dhv5bnmfmh-cmyk,7eaa823f712251797194e6cb1995c9da79ad988a,NO,git:b3358867a86074372b7abe82bc411e87e83b1bc7,UNKNOWN,UNKNOWN,UNKNOWN,UNKNOWN,UNKNOWN,UNKNOWN,UNKNOWN,UNKNOWN,UNKNOWN,UNKNOWN,UNKNOWN,UNKNOWN,UNKNOWN,UNKNOWN,UNKNOWN_REVIEW_REQUIRED,UNKNOWN_REVIEW_REQUIRED,UNKNOWN,UNKNOWN,RETIRED_REPLACED,NOT_APPLICABLE_RETIRED,NO_RETIRED,NO_RETIRED,NO,Repository provenance does not establish legal rights. Replaced by PHX-GLOBAL-MAP-WORLD-001; historical repository provenance retained.,,,,,,RETIRED_AFTER_VERIFIED_REPLACEMENT
PHX-VIS-6AA66F04AB4A,app/assets/images/phoenix-flight-cycle-v2.webp,phoenix-flight-cycle-v2.webp,WEBP,153572,2172,724,aa7b0b72cc93c7c284a12a276b73f30c8390111ace11c93d24337280e625e049,fc57ab87362d0f600987557633474e1a80e57b95,NO,Bundled asset; no runtime reference found,Dynamic Layer,global:flight,app/assets/images/phoenix-flight-cycle-v4.webp,EXACT_DUPLICATE,YES,YES,2c653119f96613c96964232000fa8d31e16c9816,2026-07-29T08:11:38+07:00,dhv5bnmfmh-cmyk,7eaa823f712251797194e6cb1995c9da79ad988a,NO,git:2c653119f96613c96964232000fa8d31e16c9816,UNKNOWN,UNKNOWN,UNKNOWN,UNKNOWN,UNKNOWN,UNKNOWN,UNKNOWN,UNKNOWN,UNKNOWN,UNKNOWN,UNKNOWN,UNKNOWN,UNKNOWN,UNKNOWN,UNKNOWN_REVIEW_REQUIRED,UNKNOWN_REVIEW_REQUIRED,UNKNOWN,UNKNOWN,EVIDENCE_MISSING,creation method;source/master;creator;tool and model;prompt;input asset rights;commercial account evidence;terms;license;reviewer identity;review date,NO,NO,NO_PENDING_EVIDENCE_RECOVERY,Repository provenance does not establish legal rights.,,,,,,
PHX-VIS-9B397EE24658,app/assets/images/phoenix-flight-cycle-v3.webp,phoenix-flight-cycle-v3.webp,WEBP,581378,2172,724,82c6743f115ced85ed47068971686b3ff8fe2e96cd32573347cf1208e4396b30,b25261ec18327ff824d014aa517940278996ff29,NO,Bundled asset; no runtime reference found,Dynamic Layer,global:flight,NONE,PRIMARY,YES,YES,312d23f96b6b42de78b5f3ba88abde92647e7c8a,2026-07-29T08:22:52+07:00,dhv5bnmfmh-cmyk,7eaa823f712251797194e6cb1995c9da79ad988a,NO,git:312d23f96b6b42de78b5f3ba88abde92647e7c8a,UNKNOWN,UNKNOWN,UNKNOWN,UNKNOWN,UNKNOWN,UNKNOWN,UNKNOWN,UNKNOWN,UNKNOWN,UNKNOWN,UNKNOWN,UNKNOWN,UNKNOWN,UNKNOWN,UNKNOWN_REVIEW_REQUIRED,UNKNOWN_REVIEW_REQUIRED,UNKNOWN,UNKNOWN,EVIDENCE_MISSING,creation method;source/master;creator;tool and model;prompt;input asset rights;commercial account evidence;terms;license;reviewer identity;review date,NO,NO,NO_PENDING_EVIDENCE_RECOVERY,Repository provenance does not establish legal rights.,,,,,,
PHX-VIS-82799830A6C4,app/assets/images/phoenix-flight-cycle-v4.webp,phoenix-flight-cycle-v4.webp,WEBP,153572,2172,724,aa7b0b72cc93c7c284a12a276b73f30c8390111ace11c93d24337280e625e049,fc57ab87362d0f600987557633474e1a80e57b95,NO,Global runtime or web manifest reference,Dynamic Layer,global:flight,NONE,PRIMARY,YES,YES,e5dd94fe12dd291dbc216a930975ebf23cf6af84,2026-07-29T08:28:16+07:00,dhv5bnmfmh-cmyk,7eaa823f712251797194e6cb1995c9da79ad988a,NO,git:e5dd94fe12dd291dbc216a930975ebf23cf6af84,UNKNOWN,UNKNOWN,UNKNOWN,UNKNOWN,UNKNOWN,UNKNOWN,UNKNOWN,UNKNOWN,UNKNOWN,UNKNOWN,UNKNOWN,UNKNOWN,UNKNOWN,UNKNOWN,UNKNOWN_REVIEW_REQUIRED,UNKNOWN_REVIEW_REQUIRED,UNKNOWN,UNKNOWN,RETIRED_REPLACED,NOT_APPLICABLE_RETIRED,NO_RETIRED,NO_RETIRED,NO,Repository provenance does not establish legal rights. Replaced by PHX-GLOBAL-DYNAMIC-001; historical repository provenance retained.,,,,,,RETIRED_AFTER_VERIFIED_REPLACEMENT
PHX-VIS-D63F5E9BE35A,app/assets/images/phoenix-flight-sprite.webp,phoenix-flight-sprite.webp,WEBP,97656,1200,800,2efaf49127600ea753b275e4557d5722da004e8f6f438e2751242f107f59584d,0d42eff7898a65b24a262af738df610ec3df2e9b,NO,Bundled asset; no runtime reference found,Dynamic Layer,global:flight,NONE,PRIMARY,YES,YES,dc02d0cbc69cda66dcaa3b1303bda244f6a7077a,2026-07-29T08:00:50+07:00,dhv5bnmfmh-cmyk,7eaa823f712251797194e6cb1995c9da79ad988a,NO,git:dc02d0cbc69cda66dcaa3b1303bda244f6a7077a,UNKNOWN,UNKNOWN,UNKNOWN,UNKNOWN,UNKNOWN,UNKNOWN,UNKNOWN,UNKNOWN,UNKNOWN,UNKNOWN,UNKNOWN,UNKNOWN,UNKNOWN,UNKNOWN,UNKNOWN_REVIEW_REQUIRED,UNKNOWN_REVIEW_REQUIRED,UNKNOWN,UNKNOWN,EVIDENCE_MISSING,creation method;source/master;creator;tool and model;prompt;input asset rights;commercial account evidence;terms;license;reviewer identity;review date,NO,NO,NO_PENDING_EVIDENCE_RECOVERY,Repository provenance does not establish legal rights.,,,,,,
PHX-VIS-EE82038EAB43,app/assets/images/phoenix-launch-cover.webp,phoenix-launch-cover.webp,WEBP,116482,853,1844,8e2cf3e8d51afbd5b2e08cbeb06870437563cea18f8e41577a54cb1b37cbc51a,7c0487ae83264d15444c5160ff0edba3359e034d,NO,Bundled asset; no runtime reference found,Splash,global:launch,NONE,PRIMARY,YES,YES,8afee337f8fc5023f530ad530f2f6eb52c211351,2026-07-29T07:36:09+07:00,dhv5bnmfmh-cmyk,7eaa823f712251797194e6cb1995c9da79ad988a,NO,git:8afee337f8fc5023f530ad530f2f6eb52c211351,UNKNOWN,UNKNOWN,UNKNOWN,UNKNOWN,UNKNOWN,UNKNOWN,UNKNOWN,UNKNOWN,UNKNOWN,UNKNOWN,UNKNOWN,UNKNOWN,UNKNOWN,UNKNOWN,UNKNOWN_REVIEW_REQUIRED,UNKNOWN_REVIEW_REQUIRED,UNKNOWN,UNKNOWN,EVIDENCE_MISSING,creation method;source/master;creator;tool and model;prompt;input asset rights;commercial account evidence;terms;license;reviewer identity;review date,NO,NO,NO_PENDING_EVIDENCE_RECOVERY,Repository provenance does not establish legal rights.,,,,,,
PHX-VIS-CCC9DE29AC18,app/assets/images/phoenix-time-earth-v2.webp,phoenix-time-earth-v2.webp,WEBP,119596,941,1672,bf063d9a5229a7f96decff0f012d60431deccbdeac51765d37b09b2094a1af1e,bc7526f879172b06080b1e7cbe3e686d06382df4,NO,Global runtime or web manifest reference,Splash,global:launch,NONE,PRIMARY,YES,YES,312d23f96b6b42de78b5f3ba88abde92647e7c8a,2026-07-29T08:22:52+07:00,dhv5bnmfmh-cmyk,7eaa823f712251797194e6cb1995c9da79ad988a,NO,git:312d23f96b6b42de78b5f3ba88abde92647e7c8a,UNKNOWN,UNKNOWN,UNKNOWN,UNKNOWN,UNKNOWN,UNKNOWN,UNKNOWN,UNKNOWN,UNKNOWN,UNKNOWN,UNKNOWN,UNKNOWN,UNKNOWN,UNKNOWN,UNKNOWN_REVIEW_REQUIRED,UNKNOWN_REVIEW_REQUIRED,UNKNOWN,UNKNOWN,RETIRED_REPLACED,NOT_APPLICABLE_RETIRED,NO_RETIRED,NO_RETIRED,NO,Repository provenance does not establish legal rights. Replaced by PHX-GLOBAL-SPLASH-001; historical repository provenance retained.,,,,,,RETIRED_AFTER_VERIFIED_REPLACEMENT
PHX-VIS-24915B505256,app/assets/images/phoenix-time-earth.webp,phoenix-time-earth.webp,WEBP,119596,941,1672,bf063d9a5229a7f96decff0f012d60431deccbdeac51765d37b09b2094a1af1e,bc7526f879172b06080b1e7cbe3e686d06382df4,NO,Bundled asset; no runtime reference found,Splash,global:launch,app/assets/images/phoenix-time-earth-v2.webp,EXACT_DUPLICATE,YES,YES,dc02d0cbc69cda66dcaa3b1303bda244f6a7077a,2026-07-29T08:00:50+07:00,dhv5bnmfmh-cmyk,7eaa823f712251797194e6cb1995c9da79ad988a,NO,git:dc02d0cbc69cda66dcaa3b1303bda244f6a7077a,UNKNOWN,UNKNOWN,UNKNOWN,UNKNOWN,UNKNOWN,UNKNOWN,UNKNOWN,UNKNOWN,UNKNOWN,UNKNOWN,UNKNOWN,UNKNOWN,UNKNOWN,UNKNOWN,UNKNOWN_REVIEW_REQUIRED,UNKNOWN_REVIEW_REQUIRED,UNKNOWN,UNKNOWN,EVIDENCE_MISSING,creation method;source/master;creator;tool and model;prompt;input asset rights;commercial account evidence;terms;license;reviewer identity;review date,NO,NO,NO_PENDING_EVIDENCE_RECOVERY,Repository provenance does not establish legal rights.,,,,,,
PHX-VIS-E6A1D1902E03,app/assets/images/special-realms/dream-butterfly-v2.webp,dream-butterfly-v2.webp,WEBP,146854,900,1600,9a3b6803148023e8ad3b8804b5668e7ae8264a27ea793b18744738b6ba68e6bc,63a513eea2eace523ab3109f3b93267e564dfe8e,NO,Bundled legacy asset; no runtime reference,Special Journey,special:literary-roaming,NONE,PRIMARY,YES,YES,ccd848979f8f86196c11e5d692f3f437cd76c7de,2026-07-27T19:37:57+07:00,dhv5bnmfmh-cmyk,7eaa823f712251797194e6cb1995c9da79ad988a,NO,git:ccd848979f8f86196c11e5d692f3f437cd76c7de,UNKNOWN,UNKNOWN,UNKNOWN,UNKNOWN,UNKNOWN,UNKNOWN,UNKNOWN,UNKNOWN,UNKNOWN,UNKNOWN,UNKNOWN,UNKNOWN,UNKNOWN,UNKNOWN,UNKNOWN_REVIEW_REQUIRED,UNKNOWN_REVIEW_REQUIRED,UNKNOWN,UNKNOWN,EVIDENCE_MISSING,creation method;source/master;creator;tool and model;prompt;input asset rights;commercial account evidence;terms;license;reviewer identity;review date,NO,NO,NO_PENDING_EVIDENCE_RECOVERY,Repository provenance does not establish legal rights.,,,,,,
PHX-VIS-0C75F73593EB,app/assets/images/special-realms/dream-butterfly-v3.webp,dream-butterfly-v3.webp,WEBP,156028,900,1600,680d3b103d2f50a3cc92c9251b79a99a7900072bbc2211368bc310c3f72db9db,8b2a0c03a9ca0b164ee5de84b5964a1698b1a957,NO,SpecialRealmBackground / all special Journey pages,Special Journey,special:literary-roaming,NONE,PRIMARY,YES,YES,ccd848979f8f86196c11e5d692f3f437cd76c7de,2026-07-27T19:37:57+07:00,dhv5bnmfmh-cmyk,7eaa823f712251797194e6cb1995c9da79ad988a,NO,git:ccd848979f8f86196c11e5d692f3f437cd76c7de,UNKNOWN,UNKNOWN,UNKNOWN,UNKNOWN,UNKNOWN,UNKNOWN,UNKNOWN,UNKNOWN,UNKNOWN,UNKNOWN,UNKNOWN,UNKNOWN,UNKNOWN,UNKNOWN,UNKNOWN_REVIEW_REQUIRED,UNKNOWN_REVIEW_REQUIRED,UNKNOWN,UNKNOWN,RETIRED_REPLACED,NOT_APPLICABLE_RETIRED,NO_RETIRED,NO_RETIRED,NO,Repository provenance does not establish legal rights. Replaced by PHX-SPECIAL-LIT-001; historical repository provenance retained.,,,,,,RETIRED_AFTER_VERIFIED_REPLACEMENT
PHX-VIS-2C20156EA070,app/assets/images/special-realms/moon-letter-v2.webp,moon-letter-v2.webp,WEBP,175546,900,1600,e05e1dc54c3c43bdbbfafd43230bf61c83426467f542f798d973977616b166cb,cbf73345b9aa6acffc24eaea799446e28cef6b16,NO,SpecialRealmBackground / all special Journey pages,Special Journey,special:myth-tracing,NONE,PRIMARY,YES,YES,ccd848979f8f86196c11e5d692f3f437cd76c7de,2026-07-27T19:37:57+07:00,dhv5bnmfmh-cmyk,7eaa823f712251797194e6cb1995c9da79ad988a,NO,git:ccd848979f8f86196c11e5d692f3f437cd76c7de,UNKNOWN,UNKNOWN,UNKNOWN,UNKNOWN,UNKNOWN,UNKNOWN,UNKNOWN,UNKNOWN,UNKNOWN,UNKNOWN,UNKNOWN,UNKNOWN,UNKNOWN,UNKNOWN,UNKNOWN_REVIEW_REQUIRED,UNKNOWN_REVIEW_REQUIRED,UNKNOWN,UNKNOWN,RETIRED_REPLACED,NOT_APPLICABLE_RETIRED,NO_RETIRED,NO_RETIRED,NO,Repository provenance does not establish legal rights. Replaced by PHX-SPECIAL-MYT-001; historical repository provenance retained.,,,,,,RETIRED_AFTER_VERIFIED_REPLACEMENT
PHX-VIS-A876097CA29C,app/assets/images/special-realms/shadowless-inn-v2.webp,shadowless-inn-v2.webp,WEBP,139178,900,1600,ddc32a2ab304fa6d3bcc7d6b9afc43714829049896d6383edb05b203d64579c7,4ecebab2bf07af25a734e0c16852a38dae8570d4,NO,SpecialRealmBackground / all special Journey pages,Special Journey,special:strange-night-talks,NONE,PRIMARY,YES,YES,ccd848979f8f86196c11e5d692f3f437cd76c7de,2026-07-27T19:37:57+07:00,dhv5bnmfmh-cmyk,7eaa823f712251797194e6cb1995c9da79ad988a,NO,git:ccd848979f8f86196c11e5d692f3f437cd76c7de,UNKNOWN,UNKNOWN,UNKNOWN,UNKNOWN,UNKNOWN,UNKNOWN,UNKNOWN,UNKNOWN,UNKNOWN,UNKNOWN,UNKNOWN,UNKNOWN,UNKNOWN,UNKNOWN,UNKNOWN_REVIEW_REQUIRED,UNKNOWN_REVIEW_REQUIRED,UNKNOWN,UNKNOWN,RETIRED_REPLACED,NOT_APPLICABLE_RETIRED,NO_RETIRED,NO_RETIRED,NO,Repository provenance does not establish legal rights. Replaced by PHX-SPECIAL-SNT-001; historical repository provenance retained.,,,,,,RETIRED_AFTER_VERIFIED_REPLACEMENT
PHX-VIS-7FAE49AB4A6F,app/assets/images/special-realms/ten-scene/arcade-lost-property-01-opening.webp,arcade-lost-property-01-opening.webp,WEBP,65634,1600,900,1cb8d4d62f77054658db01aeffc1065ca0bbeebc21f23e52c1fe9ad6984d09ad,eb5fa666297b1befcbdb83ee408093eb4a1cfd05,NO,SpecialRealmBackground / all special Journey pages,Special Journey,special:arcade-lost-property,NONE,PRIMARY,YES,YES,abba4bcc6bc3e315c05545e8e304b00e37b7d399,2026-07-30T08:17:58+07:00,dhv5bnmfmh-cmyk,7eaa823f712251797194e6cb1995c9da79ad988a,NO,git:abba4bcc6bc3e315c05545e8e304b00e37b7d399,UNKNOWN,UNKNOWN,UNKNOWN,UNKNOWN,UNKNOWN,UNKNOWN,UNKNOWN,UNKNOWN,UNKNOWN,UNKNOWN,UNKNOWN,UNKNOWN,UNKNOWN,UNKNOWN,UNKNOWN_REVIEW_REQUIRED,UNKNOWN_REVIEW_REQUIRED,UNKNOWN,UNKNOWN,RETIRED_REPLACED,NOT_APPLICABLE_RETIRED,NO_RETIRED,NO_RETIRED,NO,Repository provenance does not establish legal rights. Replaced by PHX-SPECIAL-ALP-001; historical repository provenance retained.,,,,,,RETIRED_AFTER_VERIFIED_REPLACEMENT
PHX-VIS-F91823697F8F,app/assets/images/special-realms/ten-scene/arcade-lost-property-02-object.webp,arcade-lost-property-02-object.webp,WEBP,52274,1600,900,823dde81aad866c1f2e8f69491a53717f0f70d002c22bae5c7aeca7976b7bf1b,fb9cabde9c01053d848099cbf6a81a1eb4efbb5e,NO,SpecialRealmBackground / all special Journey pages,Special Journey,special:arcade-lost-property,NONE,PRIMARY,YES,YES,abba4bcc6bc3e315c05545e8e304b00e37b7d399,2026-07-30T08:17:58+07:00,dhv5bnmfmh-cmyk,7eaa823f712251797194e6cb1995c9da79ad988a,NO,git:abba4bcc6bc3e315c05545e8e304b00e37b7d399,UNKNOWN,UNKNOWN,UNKNOWN,UNKNOWN,UNKNOWN,UNKNOWN,UNKNOWN,UNKNOWN,UNKNOWN,UNKNOWN,UNKNOWN,UNKNOWN,UNKNOWN,UNKNOWN,UNKNOWN_REVIEW_REQUIRED,UNKNOWN_REVIEW_REQUIRED,UNKNOWN,UNKNOWN,RETIRED_REPLACED,NOT_APPLICABLE_RETIRED,NO_RETIRED,NO_RETIRED,NO,Repository provenance does not establish legal rights. Replaced by PHX-SPECIAL-ALP-002; historical repository provenance retained.,,,,,,RETIRED_AFTER_VERIFIED_REPLACEMENT
PHX-VIS-C332E1655021,app/assets/images/special-realms/ten-scene/arcade-lost-property-03-clue.webp,arcade-lost-property-03-clue.webp,WEBP,68048,1600,900,e47d8e7bfaf011734edb86754d3f408859f11796fc70466b8c486e960db43838,aec8db8bc393a5ebe28662101c20843b89568247,NO,SpecialRealmBackground / all special Journey pages,Special Journey,special:arcade-lost-property,NONE,PRIMARY,YES,YES,abba4bcc6bc3e315c05545e8e304b00e37b7d399,2026-07-30T08:17:58+07:00,dhv5bnmfmh-cmyk,7eaa823f712251797194e6cb1995c9da79ad988a,NO,git:abba4bcc6bc3e315c05545e8e304b00e37b7d399,UNKNOWN,UNKNOWN,UNKNOWN,UNKNOWN,UNKNOWN,UNKNOWN,UNKNOWN,UNKNOWN,UNKNOWN,UNKNOWN,UNKNOWN,UNKNOWN,UNKNOWN,UNKNOWN,UNKNOWN_REVIEW_REQUIRED,UNKNOWN_REVIEW_REQUIRED,UNKNOWN,UNKNOWN,RETIRED_REPLACED,NOT_APPLICABLE_RETIRED,NO_RETIRED,NO_RETIRED,NO,Repository provenance does not establish legal rights. Replaced by PHX-SPECIAL-ALP-003; historical repository provenance retained.,,,,,,RETIRED_AFTER_VERIFIED_REPLACEMENT
PHX-VIS-38D17616E7AB,app/assets/images/special-realms/ten-scene/arcade-lost-property-04-crossing.webp,arcade-lost-property-04-crossing.webp,WEBP,54742,1600,900,7c5d30f92e345abc083caccd9b077260d681c7944eebf1793093a390cc893eaa,f175c156689f737f0ca530d99b516234ff7cb4cc,NO,SpecialRealmBackground / all special Journey pages,Special Journey,special:arcade-lost-property,NONE,PRIMARY,YES,YES,abba4bcc6bc3e315c05545e8e304b00e37b7d399,2026-07-30T08:17:58+07:00,dhv5bnmfmh-cmyk,7eaa823f712251797194e6cb1995c9da79ad988a,NO,git:abba4bcc6bc3e315c05545e8e304b00e37b7d399,UNKNOWN,UNKNOWN,UNKNOWN,UNKNOWN,UNKNOWN,UNKNOWN,UNKNOWN,UNKNOWN,UNKNOWN,UNKNOWN,UNKNOWN,UNKNOWN,UNKNOWN,UNKNOWN,UNKNOWN_REVIEW_REQUIRED,UNKNOWN_REVIEW_REQUIRED,UNKNOWN,UNKNOWN,RETIRED_REPLACED,NOT_APPLICABLE_RETIRED,NO_RETIRED,NO_RETIRED,NO,Repository provenance does not establish legal rights. Replaced by PHX-SPECIAL-ALP-004; historical repository provenance retained.,,,,,,RETIRED_AFTER_VERIFIED_REPLACEMENT
PHX-VIS-BE255589B523,app/assets/images/special-realms/ten-scene/arcade-lost-property-05-overlap.webp,arcade-lost-property-05-overlap.webp,WEBP,62450,1600,900,f405bafb8dbb01adfd4953ce2e8e2cee9f3d63cb967f13afae2b7e138a6df006,7f0dfccd5ad72958ae8c8cc2a67b0932348688f7,NO,SpecialRealmBackground / all special Journey pages,Special Journey,special:arcade-lost-property,NONE,PRIMARY,YES,YES,abba4bcc6bc3e315c05545e8e304b00e37b7d399,2026-07-30T08:17:58+07:00,dhv5bnmfmh-cmyk,7eaa823f712251797194e6cb1995c9da79ad988a,NO,git:abba4bcc6bc3e315c05545e8e304b00e37b7d399,UNKNOWN,UNKNOWN,UNKNOWN,UNKNOWN,UNKNOWN,UNKNOWN,UNKNOWN,UNKNOWN,UNKNOWN,UNKNOWN,UNKNOWN,UNKNOWN,UNKNOWN,UNKNOWN,UNKNOWN_REVIEW_REQUIRED,UNKNOWN_REVIEW_REQUIRED,UNKNOWN,UNKNOWN,RETIRED_REPLACED,NOT_APPLICABLE_RETIRED,NO_RETIRED,NO_RETIRED,NO,Repository provenance does not establish legal rights. Replaced by PHX-SPECIAL-ALP-005; historical repository provenance retained.,,,,,,RETIRED_AFTER_VERIFIED_REPLACEMENT
PHX-VIS-3658FF6C8119,app/assets/images/special-realms/ten-scene/arcade-lost-property-06-storm.webp,arcade-lost-property-06-storm.webp,WEBP,69846,1600,900,efb68cbbd66162ff0fa3687efb5284ff386dc9fc65e8b0a759788b80320ed24c,86ab3394d8204076dd760f4c2b78681ba8304006,NO,SpecialRealmBackground / all special Journey pages,Special Journey,special:arcade-lost-property,NONE,PRIMARY,YES,YES,abba4bcc6bc3e315c05545e8e304b00e37b7d399,2026-07-30T08:17:58+07:00,dhv5bnmfmh-cmyk,7eaa823f712251797194e6cb1995c9da79ad988a,NO,git:abba4bcc6bc3e315c05545e8e304b00e37b7d399,UNKNOWN,UNKNOWN,UNKNOWN,UNKNOWN,UNKNOWN,UNKNOWN,UNKNOWN,UNKNOWN,UNKNOWN,UNKNOWN,UNKNOWN,UNKNOWN,UNKNOWN,UNKNOWN,UNKNOWN_REVIEW_REQUIRED,UNKNOWN_REVIEW_REQUIRED,UNKNOWN,UNKNOWN,RETIRED_REPLACED,NOT_APPLICABLE_RETIRED,NO_RETIRED,NO_RETIRED,NO,Repository provenance does not establish legal rights. Replaced by PHX-SPECIAL-ALP-006; historical repository provenance retained.,,,,,,RETIRED_AFTER_VERIFIED_REPLACEMENT
PHX-VIS-C9617F7F4F73,app/assets/images/special-realms/ten-scene/arcade-lost-property-07-memory.webp,arcade-lost-property-07-memory.webp,WEBP,64708,1600,900,3c1262edb80e4e72a51fa0c3e13d046045401a0600ee49d45d31161a6bd1b13b,8f9a91e25bf3fb10754c9b5355a285ca4d714804,NO,SpecialRealmBackground / all special Journey pages,Special Journey,special:arcade-lost-property,NONE,PRIMARY,YES,YES,abba4bcc6bc3e315c05545e8e304b00e37b7d399,2026-07-30T08:17:58+07:00,dhv5bnmfmh-cmyk,7eaa823f712251797194e6cb1995c9da79ad988a,NO,git:abba4bcc6bc3e315c05545e8e304b00e37b7d399,UNKNOWN,UNKNOWN,UNKNOWN,UNKNOWN,UNKNOWN,UNKNOWN,UNKNOWN,UNKNOWN,UNKNOWN,UNKNOWN,UNKNOWN,UNKNOWN,UNKNOWN,UNKNOWN,UNKNOWN_REVIEW_REQUIRED,UNKNOWN_REVIEW_REQUIRED,UNKNOWN,UNKNOWN,RETIRED_REPLACED,NOT_APPLICABLE_RETIRED,NO_RETIRED,NO_RETIRED,NO,Repository provenance does not establish legal rights. Replaced by PHX-SPECIAL-ALP-007; historical repository provenance retained.,,,,,,RETIRED_AFTER_VERIFIED_REPLACEMENT
PHX-VIS-B00B3CB12C82,app/assets/images/special-realms/ten-scene/arcade-lost-property-08-turning.webp,arcade-lost-property-08-turning.webp,WEBP,56044,1600,900,cc9591e7f75f9091dcea2dc489b81149af64e637dae48179dd44b37757058730,ac4607f00eec96d885eb82a18d107dc54bd48cbb,NO,SpecialRealmBackground / all special Journey pages,Special Journey,special:arcade-lost-property,NONE,PRIMARY,YES,YES,abba4bcc6bc3e315c05545e8e304b00e37b7d399,2026-07-30T08:17:58+07:00,dhv5bnmfmh-cmyk,7eaa823f712251797194e6cb1995c9da79ad988a,NO,git:abba4bcc6bc3e315c05545e8e304b00e37b7d399,UNKNOWN,UNKNOWN,UNKNOWN,UNKNOWN,UNKNOWN,UNKNOWN,UNKNOWN,UNKNOWN,UNKNOWN,UNKNOWN,UNKNOWN,UNKNOWN,UNKNOWN,UNKNOWN,UNKNOWN_REVIEW_REQUIRED,UNKNOWN_REVIEW_REQUIRED,UNKNOWN,UNKNOWN,RETIRED_REPLACED,NOT_APPLICABLE_RETIRED,NO_RETIRED,NO_RETIRED,NO,Repository provenance does not establish legal rights. Replaced by PHX-SPECIAL-ALP-008; historical repository provenance retained.,,,,,,RETIRED_AFTER_VERIFIED_REPLACEMENT
PHX-VIS-CC7B0C564063,app/assets/images/special-realms/ten-scene/arcade-lost-property-09-release.webp,arcade-lost-property-09-release.webp,WEBP,60960,1600,900,7f2d1e8a4600fd2a608d7d76462b729757db1a3bdb1b44509584afaed1d61924,7edaa64eee8eac1e0062cd777bf5468f4b976fec,NO,SpecialRealmBackground / all special Journey pages,Special Journey,special:arcade-lost-property,NONE,PRIMARY,YES,YES,abba4bcc6bc3e315c05545e8e304b00e37b7d399,2026-07-30T08:17:58+07:00,dhv5bnmfmh-cmyk,7eaa823f712251797194e6cb1995c9da79ad988a,NO,git:abba4bcc6bc3e315c05545e8e304b00e37b7d399,UNKNOWN,UNKNOWN,UNKNOWN,UNKNOWN,UNKNOWN,UNKNOWN,UNKNOWN,UNKNOWN,UNKNOWN,UNKNOWN,UNKNOWN,UNKNOWN,UNKNOWN,UNKNOWN,UNKNOWN_REVIEW_REQUIRED,UNKNOWN_REVIEW_REQUIRED,UNKNOWN,UNKNOWN,RETIRED_REPLACED,NOT_APPLICABLE_RETIRED,NO_RETIRED,NO_RETIRED,NO,Repository provenance does not establish legal rights. Replaced by PHX-SPECIAL-ALP-009; historical repository provenance retained.,,,,,,RETIRED_AFTER_VERIFIED_REPLACEMENT
PHX-VIS-221F56B4B98A,app/assets/images/special-realms/ten-scene/arcade-lost-property-10-finale.webp,arcade-lost-property-10-finale.webp,WEBP,89228,1600,900,db78bcc4fcc629f1509f59301655e87457142093ce0be624a274f8e04decba95,2934b75657c3fc3a0356db1ff525f82982a0fb19,NO,SpecialRealmBackground / all special Journey pages,Special Journey,special:arcade-lost-property,NONE,PRIMARY,YES,YES,abba4bcc6bc3e315c05545e8e304b00e37b7d399,2026-07-30T08:17:58+07:00,dhv5bnmfmh-cmyk,7eaa823f712251797194e6cb1995c9da79ad988a,NO,git:abba4bcc6bc3e315c05545e8e304b00e37b7d399,UNKNOWN,UNKNOWN,UNKNOWN,UNKNOWN,UNKNOWN,UNKNOWN,UNKNOWN,UNKNOWN,UNKNOWN,UNKNOWN,UNKNOWN,UNKNOWN,UNKNOWN,UNKNOWN,UNKNOWN_REVIEW_REQUIRED,UNKNOWN_REVIEW_REQUIRED,UNKNOWN,UNKNOWN,RETIRED_REPLACED,NOT_APPLICABLE_RETIRED,NO_RETIRED,NO_RETIRED,NO,Repository provenance does not establish legal rights. Replaced by PHX-SPECIAL-ALP-010; historical repository provenance retained.,,,,,,RETIRED_AFTER_VERIFIED_REPLACEMENT
PHX-VIS-CA3370EFB64E,app/assets/images/special-realms/ten-scene/changan-last-bus-01-opening.webp,changan-last-bus-01-opening.webp,WEBP,54896,1600,900,c83c672645ec19f6ed4476f88daee251ec733cc0e5909942816063aedcdc7c54,dff211c0504cde2f8e4064b30bc810a580d5c252,NO,SpecialRealmBackground / all special Journey pages,Special Journey,special:changan-last-bus,NONE,PRIMARY,YES,YES,abba4bcc6bc3e315c05545e8e304b00e37b7d399,2026-07-30T08:17:58+07:00,dhv5bnmfmh-cmyk,7eaa823f712251797194e6cb1995c9da79ad988a,NO,git:abba4bcc6bc3e315c05545e8e304b00e37b7d399,UNKNOWN,UNKNOWN,UNKNOWN,UNKNOWN,UNKNOWN,UNKNOWN,UNKNOWN,UNKNOWN,UNKNOWN,UNKNOWN,UNKNOWN,UNKNOWN,UNKNOWN,UNKNOWN,UNKNOWN_REVIEW_REQUIRED,UNKNOWN_REVIEW_REQUIRED,UNKNOWN,UNKNOWN,RETIRED_REPLACED,NOT_APPLICABLE_RETIRED,NO_RETIRED,NO_RETIRED,NO,Repository provenance does not establish legal rights. Replaced by PHX-SPECIAL-CLB-001; historical repository provenance retained.,,,,,,RETIRED_AFTER_VERIFIED_REPLACEMENT
PHX-VIS-635A079132AE,app/assets/images/special-realms/ten-scene/changan-last-bus-02-object.webp,changan-last-bus-02-object.webp,WEBP,60464,1600,900,c1cc0ab28ed854451400695eb1efd20ab6715d4368f5b9d186e4f33c8dadf77f,4ef9558349a01bda0e994043ab3a4769f6e92d81,NO,SpecialRealmBackground / all special Journey pages,Special Journey,special:changan-last-bus,NONE,PRIMARY,YES,YES,abba4bcc6bc3e315c05545e8e304b00e37b7d399,2026-07-30T08:17:58+07:00,dhv5bnmfmh-cmyk,7eaa823f712251797194e6cb1995c9da79ad988a,NO,git:abba4bcc6bc3e315c05545e8e304b00e37b7d399,UNKNOWN,UNKNOWN,UNKNOWN,UNKNOWN,UNKNOWN,UNKNOWN,UNKNOWN,UNKNOWN,UNKNOWN,UNKNOWN,UNKNOWN,UNKNOWN,UNKNOWN,UNKNOWN,UNKNOWN_REVIEW_REQUIRED,UNKNOWN_REVIEW_REQUIRED,UNKNOWN,UNKNOWN,RETIRED_REPLACED,NOT_APPLICABLE_RETIRED,NO_RETIRED,NO_RETIRED,NO,Repository provenance does not establish legal rights. Replaced by PHX-SPECIAL-CLB-002; historical repository provenance retained.,,,,,,RETIRED_AFTER_VERIFIED_REPLACEMENT
PHX-VIS-FD3018D7BAD1,app/assets/images/special-realms/ten-scene/changan-last-bus-03-clue.webp,changan-last-bus-03-clue.webp,WEBP,44800,1600,900,78b67b7a01c9f3e4a0c94acaea4d47a0a4bad670f7a026a15a12d1b63fc504a3,c50dc6e47a7b003d2085c8fffaf60744e46c6413,NO,SpecialRealmBackground / all special Journey pages,Special Journey,special:changan-last-bus,NONE,PRIMARY,YES,YES,abba4bcc6bc3e315c05545e8e304b00e37b7d399,2026-07-30T08:17:58+07:00,dhv5bnmfmh-cmyk,7eaa823f712251797194e6cb1995c9da79ad988a,NO,git:abba4bcc6bc3e315c05545e8e304b00e37b7d399,UNKNOWN,UNKNOWN,UNKNOWN,UNKNOWN,UNKNOWN,UNKNOWN,UNKNOWN,UNKNOWN,UNKNOWN,UNKNOWN,UNKNOWN,UNKNOWN,UNKNOWN,UNKNOWN,UNKNOWN_REVIEW_REQUIRED,UNKNOWN_REVIEW_REQUIRED,UNKNOWN,UNKNOWN,RETIRED_REPLACED,NOT_APPLICABLE_RETIRED,NO_RETIRED,NO_RETIRED,NO,Repository provenance does not establish legal rights. Replaced by PHX-SPECIAL-CLB-003; historical repository provenance retained.,,,,,,RETIRED_AFTER_VERIFIED_REPLACEMENT
PHX-VIS-23ACA49C503E,app/assets/images/special-realms/ten-scene/changan-last-bus-04-crossing.webp,changan-last-bus-04-crossing.webp,WEBP,70560,1600,900,8e6eb32d2b4c1ee03f6651780673856ec45d09014123254d8d19be44bbb7fcdf,3f788570c650ad804daf86b75171e93848865cb9,NO,SpecialRealmBackground / all special Journey pages,Special Journey,special:changan-last-bus,NONE,PRIMARY,YES,YES,abba4bcc6bc3e315c05545e8e304b00e37b7d399,2026-07-30T08:17:58+07:00,dhv5bnmfmh-cmyk,7eaa823f712251797194e6cb1995c9da79ad988a,NO,git:abba4bcc6bc3e315c05545e8e304b00e37b7d399,UNKNOWN,UNKNOWN,UNKNOWN,UNKNOWN,UNKNOWN,UNKNOWN,UNKNOWN,UNKNOWN,UNKNOWN,UNKNOWN,UNKNOWN,UNKNOWN,UNKNOWN,UNKNOWN,UNKNOWN_REVIEW_REQUIRED,UNKNOWN_REVIEW_REQUIRED,UNKNOWN,UNKNOWN,RETIRED_REPLACED,NOT_APPLICABLE_RETIRED,NO_RETIRED,NO_RETIRED,NO,Repository provenance does not establish legal rights. Replaced by PHX-SPECIAL-CLB-004; historical repository provenance retained.,,,,,,RETIRED_AFTER_VERIFIED_REPLACEMENT
PHX-VIS-297AF575F253,app/assets/images/special-realms/ten-scene/changan-last-bus-05-overlap.webp,changan-last-bus-05-overlap.webp,WEBP,57118,1600,900,2dca82c6403ad541b3cee7d63ab216ee86975d79c5183892e80f9f842fff7641,4883981c1b38e1c6317934c441a4b9e80f1a716b,NO,SpecialRealmBackground / all special Journey pages,Special Journey,special:changan-last-bus,NONE,PRIMARY,YES,YES,abba4bcc6bc3e315c05545e8e304b00e37b7d399,2026-07-30T08:17:58+07:00,dhv5bnmfmh-cmyk,7eaa823f712251797194e6cb1995c9da79ad988a,NO,git:abba4bcc6bc3e315c05545e8e304b00e37b7d399,UNKNOWN,UNKNOWN,UNKNOWN,UNKNOWN,UNKNOWN,UNKNOWN,UNKNOWN,UNKNOWN,UNKNOWN,UNKNOWN,UNKNOWN,UNKNOWN,UNKNOWN,UNKNOWN,UNKNOWN_REVIEW_REQUIRED,UNKNOWN_REVIEW_REQUIRED,UNKNOWN,UNKNOWN,RETIRED_REPLACED,NOT_APPLICABLE_RETIRED,NO_RETIRED,NO_RETIRED,NO,Repository provenance does not establish legal rights. Replaced by PHX-SPECIAL-CLB-005; historical repository provenance retained.,,,,,,RETIRED_AFTER_VERIFIED_REPLACEMENT
PHX-VIS-B52EC961D84F,app/assets/images/special-realms/ten-scene/changan-last-bus-06-storm.webp,changan-last-bus-06-storm.webp,WEBP,43276,1600,900,0050b82c3dbbaf7e7b471129b79ed77ab7e0c8bf6c9c344da2e99acba533521f,6f06ac68a0744a93ee96a8737bce29c3a9f54efa,NO,SpecialRealmBackground / all special Journey pages,Special Journey,special:changan-last-bus,NONE,PRIMARY,YES,YES,abba4bcc6bc3e315c05545e8e304b00e37b7d399,2026-07-30T08:17:58+07:00,dhv5bnmfmh-cmyk,7eaa823f712251797194e6cb1995c9da79ad988a,NO,git:abba4bcc6bc3e315c05545e8e304b00e37b7d399,UNKNOWN,UNKNOWN,UNKNOWN,UNKNOWN,UNKNOWN,UNKNOWN,UNKNOWN,UNKNOWN,UNKNOWN,UNKNOWN,UNKNOWN,UNKNOWN,UNKNOWN,UNKNOWN,UNKNOWN_REVIEW_REQUIRED,UNKNOWN_REVIEW_REQUIRED,UNKNOWN,UNKNOWN,RETIRED_REPLACED,NOT_APPLICABLE_RETIRED,NO_RETIRED,NO_RETIRED,NO,Repository provenance does not establish legal rights. Replaced by PHX-SPECIAL-CLB-006; historical repository provenance retained.,,,,,,RETIRED_AFTER_VERIFIED_REPLACEMENT
PHX-VIS-FEC6AB46DAA3,app/assets/images/special-realms/ten-scene/changan-last-bus-07-memory.webp,changan-last-bus-07-memory.webp,WEBP,52280,1600,900,a6fd413d940be933eaff2f7cad6750f1f338d5be20f1febe8b3446c1c03672e3,b5f0f9df6f58488047a6acce96fe1b82ded00bf6,NO,SpecialRealmBackground / all special Journey pages,Special Journey,special:changan-last-bus,NONE,PRIMARY,YES,YES,abba4bcc6bc3e315c05545e8e304b00e37b7d399,2026-07-30T08:17:58+07:00,dhv5bnmfmh-cmyk,7eaa823f712251797194e6cb1995c9da79ad988a,NO,git:abba4bcc6bc3e315c05545e8e304b00e37b7d399,UNKNOWN,UNKNOWN,UNKNOWN,UNKNOWN,UNKNOWN,UNKNOWN,UNKNOWN,UNKNOWN,UNKNOWN,UNKNOWN,UNKNOWN,UNKNOWN,UNKNOWN,UNKNOWN,UNKNOWN_REVIEW_REQUIRED,UNKNOWN_REVIEW_REQUIRED,UNKNOWN,UNKNOWN,RETIRED_REPLACED,NOT_APPLICABLE_RETIRED,NO_RETIRED,NO_RETIRED,NO,Repository provenance does not establish legal rights. Replaced by PHX-SPECIAL-CLB-007; historical repository provenance retained.,,,,,,RETIRED_AFTER_VERIFIED_REPLACEMENT
PHX-VIS-E63961B59600,app/assets/images/special-realms/ten-scene/changan-last-bus-08-turning.webp,changan-last-bus-08-turning.webp,WEBP,62292,1600,900,8e3d4a83e913b590961d670518f0e7fdc17bf8a73c21449280afc6944c089546,9c0386bb276700c661890f679e0b86a6ae45144b,NO,SpecialRealmBackground / all special Journey pages,Special Journey,special:changan-last-bus,NONE,PRIMARY,YES,YES,abba4bcc6bc3e315c05545e8e304b00e37b7d399,2026-07-30T08:17:58+07:00,dhv5bnmfmh-cmyk,7eaa823f712251797194e6cb1995c9da79ad988a,NO,git:abba4bcc6bc3e315c05545e8e304b00e37b7d399,UNKNOWN,UNKNOWN,UNKNOWN,UNKNOWN,UNKNOWN,UNKNOWN,UNKNOWN,UNKNOWN,UNKNOWN,UNKNOWN,UNKNOWN,UNKNOWN,UNKNOWN,UNKNOWN,UNKNOWN_REVIEW_REQUIRED,UNKNOWN_REVIEW_REQUIRED,UNKNOWN,UNKNOWN,RETIRED_REPLACED,NOT_APPLICABLE_RETIRED,NO_RETIRED,NO_RETIRED,NO,Repository provenance does not establish legal rights. Replaced by PHX-SPECIAL-CLB-008; historical repository provenance retained.,,,,,,RETIRED_AFTER_VERIFIED_REPLACEMENT
PHX-VIS-DF421743FFAF,app/assets/images/special-realms/ten-scene/changan-last-bus-09-release.webp,changan-last-bus-09-release.webp,WEBP,45904,1600,900,ae7034bfb9db665f3ad944da034759d0f9f952b1225c3a18101084ee30490d74,5a129cc497af4c5a94a4e7cc905473050c9534f0,NO,SpecialRealmBackground / all special Journey pages,Special Journey,special:changan-last-bus,NONE,PRIMARY,YES,YES,abba4bcc6bc3e315c05545e8e304b00e37b7d399,2026-07-30T08:17:58+07:00,dhv5bnmfmh-cmyk,7eaa823f712251797194e6cb1995c9da79ad988a,NO,git:abba4bcc6bc3e315c05545e8e304b00e37b7d399,UNKNOWN,UNKNOWN,UNKNOWN,UNKNOWN,UNKNOWN,UNKNOWN,UNKNOWN,UNKNOWN,UNKNOWN,UNKNOWN,UNKNOWN,UNKNOWN,UNKNOWN,UNKNOWN,UNKNOWN_REVIEW_REQUIRED,UNKNOWN_REVIEW_REQUIRED,UNKNOWN,UNKNOWN,RETIRED_REPLACED,NOT_APPLICABLE_RETIRED,NO_RETIRED,NO_RETIRED,NO,Repository provenance does not establish legal rights. Replaced by PHX-SPECIAL-CLB-009; historical repository provenance retained.,,,,,,RETIRED_AFTER_VERIFIED_REPLACEMENT
PHX-VIS-CCFA4904BCFC,app/assets/images/special-realms/ten-scene/changan-last-bus-10-finale.webp,changan-last-bus-10-finale.webp,WEBP,57596,1600,900,c9808ed3f512bfb840bf58532d8a3bc1182be0ededcc2887925a0f1df391deaf,fef702aaf080bbd02e50bbe02811be8ff57db0fb,NO,SpecialRealmBackground / all special Journey pages,Special Journey,special:changan-last-bus,NONE,PRIMARY,YES,YES,abba4bcc6bc3e315c05545e8e304b00e37b7d399,2026-07-30T08:17:58+07:00,dhv5bnmfmh-cmyk,7eaa823f712251797194e6cb1995c9da79ad988a,NO,git:abba4bcc6bc3e315c05545e8e304b00e37b7d399,UNKNOWN,UNKNOWN,UNKNOWN,UNKNOWN,UNKNOWN,UNKNOWN,UNKNOWN,UNKNOWN,UNKNOWN,UNKNOWN,UNKNOWN,UNKNOWN,UNKNOWN,UNKNOWN,UNKNOWN_REVIEW_REQUIRED,UNKNOWN_REVIEW_REQUIRED,UNKNOWN,UNKNOWN,RETIRED_REPLACED,NOT_APPLICABLE_RETIRED,NO_RETIRED,NO_RETIRED,NO,Repository provenance does not establish legal rights. Replaced by PHX-SPECIAL-CLB-010; historical repository provenance retained.,,,,,,RETIRED_AFTER_VERIFIED_REPLACEMENT
PHX-VIS-1DF843CC1ABE,app/assets/images/special-realms/ten-scene/dream-butterfly-02.webp,dream-butterfly-02.webp,WEBP,145256,900,1600,15317208d08878f189dc0473a11f2acf1a1e62bff72b446a5678cbeea289be3e,be4a372fd5abfa502085b7d2bbe960deb44fef0d,NO,SpecialRealmBackground / all special Journey pages,Special Journey,special:literary-roaming,NONE,PRIMARY,YES,YES,ccd848979f8f86196c11e5d692f3f437cd76c7de,2026-07-27T19:37:57+07:00,dhv5bnmfmh-cmyk,7eaa823f712251797194e6cb1995c9da79ad988a,NO,git:ccd848979f8f86196c11e5d692f3f437cd76c7de,UNKNOWN,UNKNOWN,UNKNOWN,UNKNOWN,UNKNOWN,UNKNOWN,UNKNOWN,UNKNOWN,UNKNOWN,UNKNOWN,UNKNOWN,UNKNOWN,UNKNOWN,UNKNOWN,UNKNOWN_REVIEW_REQUIRED,UNKNOWN_REVIEW_REQUIRED,UNKNOWN,UNKNOWN,RETIRED_REPLACED,NOT_APPLICABLE_RETIRED,NO_RETIRED,NO_RETIRED,NO,Repository provenance does not establish legal rights. Replaced by PHX-SPECIAL-LIT-002; historical repository provenance retained.,,,,,,RETIRED_AFTER_VERIFIED_REPLACEMENT
PHX-VIS-8429A359C486,app/assets/images/special-realms/ten-scene/dream-butterfly-03.webp,dream-butterfly-03.webp,WEBP,136626,900,1600,bcef381091e7870592504ceb884a15065569b73e4931fd1acf5e7963757ddb72,67368195306b13db96e5b7a31bf26b96b16e75a7,NO,SpecialRealmBackground / all special Journey pages,Special Journey,special:literary-roaming,NONE,PRIMARY,YES,YES,ccd848979f8f86196c11e5d692f3f437cd76c7de,2026-07-27T19:37:57+07:00,dhv5bnmfmh-cmyk,7eaa823f712251797194e6cb1995c9da79ad988a,NO,git:ccd848979f8f86196c11e5d692f3f437cd76c7de,UNKNOWN,UNKNOWN,UNKNOWN,UNKNOWN,UNKNOWN,UNKNOWN,UNKNOWN,UNKNOWN,UNKNOWN,UNKNOWN,UNKNOWN,UNKNOWN,UNKNOWN,UNKNOWN,UNKNOWN_REVIEW_REQUIRED,UNKNOWN_REVIEW_REQUIRED,UNKNOWN,UNKNOWN,RETIRED_REPLACED,NOT_APPLICABLE_RETIRED,NO_RETIRED,NO_RETIRED,NO,Repository provenance does not establish legal rights. Replaced by PHX-SPECIAL-LIT-003; historical repository provenance retained.,,,,,,RETIRED_AFTER_VERIFIED_REPLACEMENT
PHX-VIS-1258C0DB025E,app/assets/images/special-realms/ten-scene/dream-butterfly-04.webp,dream-butterfly-04.webp,WEBP,179786,900,1600,f0cc2c4ed58bbc824694fe262bc5c665f89d9417a844f00055a34f07d588d39d,9e3ec0fd9488ce5867e0cd342fe41574bc6d9f77,NO,SpecialRealmBackground / all special Journey pages,Special Journey,special:literary-roaming,NONE,PRIMARY,YES,YES,ccd848979f8f86196c11e5d692f3f437cd76c7de,2026-07-27T19:37:57+07:00,dhv5bnmfmh-cmyk,7eaa823f712251797194e6cb1995c9da79ad988a,NO,git:ccd848979f8f86196c11e5d692f3f437cd76c7de,UNKNOWN,UNKNOWN,UNKNOWN,UNKNOWN,UNKNOWN,UNKNOWN,UNKNOWN,UNKNOWN,UNKNOWN,UNKNOWN,UNKNOWN,UNKNOWN,UNKNOWN,UNKNOWN,UNKNOWN_REVIEW_REQUIRED,UNKNOWN_REVIEW_REQUIRED,UNKNOWN,UNKNOWN,RETIRED_REPLACED,NOT_APPLICABLE_RETIRED,NO_RETIRED,NO_RETIRED,NO,Repository provenance does not establish legal rights. Replaced by PHX-SPECIAL-LIT-004; historical repository provenance retained.,,,,,,RETIRED_AFTER_VERIFIED_REPLACEMENT
PHX-VIS-FC8BD3216A25,app/assets/images/special-realms/ten-scene/dream-butterfly-05.webp,dream-butterfly-05.webp,WEBP,144076,900,1600,163eac32c80bc5b0a423e28f6045c242d93ccb9834c9dba24f2efdbdccb8b55e,e817bd7fbb7b9c0d384c53735a5f983881367a30,NO,SpecialRealmBackground / all special Journey pages,Special Journey,special:literary-roaming,NONE,PRIMARY,YES,YES,ccd848979f8f86196c11e5d692f3f437cd76c7de,2026-07-27T19:37:57+07:00,dhv5bnmfmh-cmyk,7eaa823f712251797194e6cb1995c9da79ad988a,NO,git:ccd848979f8f86196c11e5d692f3f437cd76c7de,UNKNOWN,UNKNOWN,UNKNOWN,UNKNOWN,UNKNOWN,UNKNOWN,UNKNOWN,UNKNOWN,UNKNOWN,UNKNOWN,UNKNOWN,UNKNOWN,UNKNOWN,UNKNOWN,UNKNOWN_REVIEW_REQUIRED,UNKNOWN_REVIEW_REQUIRED,UNKNOWN,UNKNOWN,RETIRED_REPLACED,NOT_APPLICABLE_RETIRED,NO_RETIRED,NO_RETIRED,NO,Repository provenance does not establish legal rights. Replaced by PHX-SPECIAL-LIT-005; historical repository provenance retained.,,,,,,RETIRED_AFTER_VERIFIED_REPLACEMENT
PHX-VIS-5BA41E51AE7D,app/assets/images/special-realms/ten-scene/dream-butterfly-06.webp,dream-butterfly-06.webp,WEBP,150628,900,1600,f4a7cf60825228fd7b28585afc1961066280aa292f8e7ec74194b303e558b837,c07823838e5c91dcb8536a7e947a3ea3b1e1c1c2,NO,SpecialRealmBackground / all special Journey pages,Special Journey,special:literary-roaming,NONE,PRIMARY,YES,YES,ccd848979f8f86196c11e5d692f3f437cd76c7de,2026-07-27T19:37:57+07:00,dhv5bnmfmh-cmyk,7eaa823f712251797194e6cb1995c9da79ad988a,NO,git:ccd848979f8f86196c11e5d692f3f437cd76c7de,UNKNOWN,UNKNOWN,UNKNOWN,UNKNOWN,UNKNOWN,UNKNOWN,UNKNOWN,UNKNOWN,UNKNOWN,UNKNOWN,UNKNOWN,UNKNOWN,UNKNOWN,UNKNOWN,UNKNOWN_REVIEW_REQUIRED,UNKNOWN_REVIEW_REQUIRED,UNKNOWN,UNKNOWN,RETIRED_REPLACED,NOT_APPLICABLE_RETIRED,NO_RETIRED,NO_RETIRED,NO,Repository provenance does not establish legal rights. Replaced by PHX-SPECIAL-LIT-006; historical repository provenance retained.,,,,,,RETIRED_AFTER_VERIFIED_REPLACEMENT
PHX-VIS-2A1399F48972,app/assets/images/special-realms/ten-scene/dream-butterfly-07.webp,dream-butterfly-07.webp,WEBP,153504,900,1600,fddd20e3fdc28d5339bc3cc9607b955344927fba8dfd4e0e78f37f234cc0cb3b,b9166ad0438cd9fe3753c97b0c0065be568ea40d,NO,SpecialRealmBackground / all special Journey pages,Special Journey,special:literary-roaming,NONE,PRIMARY,YES,YES,ccd848979f8f86196c11e5d692f3f437cd76c7de,2026-07-27T19:37:57+07:00,dhv5bnmfmh-cmyk,7eaa823f712251797194e6cb1995c9da79ad988a,NO,git:ccd848979f8f86196c11e5d692f3f437cd76c7de,UNKNOWN,UNKNOWN,UNKNOWN,UNKNOWN,UNKNOWN,UNKNOWN,UNKNOWN,UNKNOWN,UNKNOWN,UNKNOWN,UNKNOWN,UNKNOWN,UNKNOWN,UNKNOWN,UNKNOWN_REVIEW_REQUIRED,UNKNOWN_REVIEW_REQUIRED,UNKNOWN,UNKNOWN,RETIRED_REPLACED,NOT_APPLICABLE_RETIRED,NO_RETIRED,NO_RETIRED,NO,Repository provenance does not establish legal rights. Replaced by PHX-SPECIAL-LIT-007; historical repository provenance retained.,,,,,,RETIRED_AFTER_VERIFIED_REPLACEMENT
PHX-VIS-ECA5F6CDECAC,app/assets/images/special-realms/ten-scene/dream-butterfly-08.webp,dream-butterfly-08.webp,WEBP,82834,900,1600,abf471470c36fb475f27f4c7b0aaeda07db3a33740f25100ae0b98d28855ac7c,dfdc22439bc45657ee08c457042a348c4f7cda77,NO,SpecialRealmBackground / all special Journey pages,Special Journey,special:literary-roaming,NONE,PRIMARY,YES,YES,ccd848979f8f86196c11e5d692f3f437cd76c7de,2026-07-27T19:37:57+07:00,dhv5bnmfmh-cmyk,7eaa823f712251797194e6cb1995c9da79ad988a,NO,git:ccd848979f8f86196c11e5d692f3f437cd76c7de,UNKNOWN,UNKNOWN,UNKNOWN,UNKNOWN,UNKNOWN,UNKNOWN,UNKNOWN,UNKNOWN,UNKNOWN,UNKNOWN,UNKNOWN,UNKNOWN,UNKNOWN,UNKNOWN,UNKNOWN_REVIEW_REQUIRED,UNKNOWN_REVIEW_REQUIRED,UNKNOWN,UNKNOWN,RETIRED_REPLACED,NOT_APPLICABLE_RETIRED,NO_RETIRED,NO_RETIRED,NO,Repository provenance does not establish legal rights. Replaced by PHX-SPECIAL-LIT-008; historical repository provenance retained.,,,,,,RETIRED_AFTER_VERIFIED_REPLACEMENT
PHX-VIS-D6C153BE0F08,app/assets/images/special-realms/ten-scene/dream-butterfly-09.webp,dream-butterfly-09.webp,WEBP,168620,900,1600,af29c15b4512886d51f49a2b68adda4a4189a0d07e057c80f7ccc71eba4f5f24,58130611edc875bdcd3c383989a1118f95887248,NO,SpecialRealmBackground / all special Journey pages,Special Journey,special:literary-roaming,NONE,PRIMARY,YES,YES,ccd848979f8f86196c11e5d692f3f437cd76c7de,2026-07-27T19:37:57+07:00,dhv5bnmfmh-cmyk,7eaa823f712251797194e6cb1995c9da79ad988a,NO,git:ccd848979f8f86196c11e5d692f3f437cd76c7de,UNKNOWN,UNKNOWN,UNKNOWN,UNKNOWN,UNKNOWN,UNKNOWN,UNKNOWN,UNKNOWN,UNKNOWN,UNKNOWN,UNKNOWN,UNKNOWN,UNKNOWN,UNKNOWN,UNKNOWN_REVIEW_REQUIRED,UNKNOWN_REVIEW_REQUIRED,UNKNOWN,UNKNOWN,RETIRED_REPLACED,NOT_APPLICABLE_RETIRED,NO_RETIRED,NO_RETIRED,NO,Repository provenance does not establish legal rights. Replaced by PHX-SPECIAL-LIT-009; historical repository provenance retained.,,,,,,RETIRED_AFTER_VERIFIED_REPLACEMENT
PHX-VIS-4DFCC311A3C7,app/assets/images/special-realms/ten-scene/dream-butterfly-10.webp,dream-butterfly-10.webp,WEBP,217084,900,1600,42a6d45a9f0d548a6e5869a0f6f3ac81ff3fe8f579096f948c5ec15a11f46206,0244f7cc6b0fa053bc2e9b762853c91329372c5e,NO,SpecialRealmBackground / all special Journey pages,Special Journey,special:literary-roaming,NONE,PRIMARY,YES,YES,ccd848979f8f86196c11e5d692f3f437cd76c7de,2026-07-27T19:37:57+07:00,dhv5bnmfmh-cmyk,7eaa823f712251797194e6cb1995c9da79ad988a,NO,git:ccd848979f8f86196c11e5d692f3f437cd76c7de,UNKNOWN,UNKNOWN,UNKNOWN,UNKNOWN,UNKNOWN,UNKNOWN,UNKNOWN,UNKNOWN,UNKNOWN,UNKNOWN,UNKNOWN,UNKNOWN,UNKNOWN,UNKNOWN,UNKNOWN_REVIEW_REQUIRED,UNKNOWN_REVIEW_REQUIRED,UNKNOWN,UNKNOWN,RETIRED_REPLACED,NOT_APPLICABLE_RETIRED,NO_RETIRED,NO_RETIRED,NO,Repository provenance does not establish legal rights. Replaced by PHX-SPECIAL-LIT-010; historical repository provenance retained.,,,,,,RETIRED_AFTER_VERIFIED_REPLACEMENT
PHX-VIS-2B26A82F8AEC,app/assets/images/special-realms/ten-scene/ice-city-star-map-01-opening.webp,ice-city-star-map-01-opening.webp,WEBP,54140,1600,900,6366b6084cef3990b6facf43c62f4e0b177dba998ae2c0051122171da4acc22a,80c3011f7d3f285d4291c8c9e4dec8f3c878fbb7,NO,SpecialRealmBackground / all special Journey pages,Special Journey,special:ice-city-star-map,NONE,PRIMARY,YES,YES,abba4bcc6bc3e315c05545e8e304b00e37b7d399,2026-07-30T08:17:58+07:00,dhv5bnmfmh-cmyk,7eaa823f712251797194e6cb1995c9da79ad988a,NO,git:abba4bcc6bc3e315c05545e8e304b00e37b7d399,UNKNOWN,UNKNOWN,UNKNOWN,UNKNOWN,UNKNOWN,UNKNOWN,UNKNOWN,UNKNOWN,UNKNOWN,UNKNOWN,UNKNOWN,UNKNOWN,UNKNOWN,UNKNOWN,UNKNOWN_REVIEW_REQUIRED,UNKNOWN_REVIEW_REQUIRED,UNKNOWN,UNKNOWN,RETIRED_REPLACED,NOT_APPLICABLE_RETIRED,NO_RETIRED,NO_RETIRED,NO,Repository provenance does not establish legal rights. Replaced by PHX-SPECIAL-ICM-001; historical repository provenance retained.,,,,,,RETIRED_AFTER_VERIFIED_REPLACEMENT
PHX-VIS-BA3AB4157D8E,app/assets/images/special-realms/ten-scene/ice-city-star-map-02-object.webp,ice-city-star-map-02-object.webp,WEBP,56270,1600,900,f8622fdb3b5f5adfc41de3722d135cfe2f033a075a7ff41ea64a5b4c944650e9,695432a9bde00ae31f46dd410dc2e4322485e108,NO,SpecialRealmBackground / all special Journey pages,Special Journey,special:ice-city-star-map,NONE,PRIMARY,YES,YES,abba4bcc6bc3e315c05545e8e304b00e37b7d399,2026-07-30T08:17:58+07:00,dhv5bnmfmh-cmyk,7eaa823f712251797194e6cb1995c9da79ad988a,NO,git:abba4bcc6bc3e315c05545e8e304b00e37b7d399,UNKNOWN,UNKNOWN,UNKNOWN,UNKNOWN,UNKNOWN,UNKNOWN,UNKNOWN,UNKNOWN,UNKNOWN,UNKNOWN,UNKNOWN,UNKNOWN,UNKNOWN,UNKNOWN,UNKNOWN_REVIEW_REQUIRED,UNKNOWN_REVIEW_REQUIRED,UNKNOWN,UNKNOWN,RETIRED_REPLACED,NOT_APPLICABLE_RETIRED,NO_RETIRED,NO_RETIRED,NO,Repository provenance does not establish legal rights. Replaced by PHX-SPECIAL-ICM-002; historical repository provenance retained.,,,,,,RETIRED_AFTER_VERIFIED_REPLACEMENT
PHX-VIS-21429503827E,app/assets/images/special-realms/ten-scene/ice-city-star-map-03-clue.webp,ice-city-star-map-03-clue.webp,WEBP,46172,1600,900,e7c4243737d1ce0435e912013bd953d4cd9431f190cd68439223e50f2c1ee65c,3b474a96e843b7fc43c8327178cb18319e97fe2b,NO,SpecialRealmBackground / all special Journey pages,Special Journey,special:ice-city-star-map,NONE,PRIMARY,YES,YES,abba4bcc6bc3e315c05545e8e304b00e37b7d399,2026-07-30T08:17:58+07:00,dhv5bnmfmh-cmyk,7eaa823f712251797194e6cb1995c9da79ad988a,NO,git:abba4bcc6bc3e315c05545e8e304b00e37b7d399,UNKNOWN,UNKNOWN,UNKNOWN,UNKNOWN,UNKNOWN,UNKNOWN,UNKNOWN,UNKNOWN,UNKNOWN,UNKNOWN,UNKNOWN,UNKNOWN,UNKNOWN,UNKNOWN,UNKNOWN_REVIEW_REQUIRED,UNKNOWN_REVIEW_REQUIRED,UNKNOWN,UNKNOWN,RETIRED_REPLACED,NOT_APPLICABLE_RETIRED,NO_RETIRED,NO_RETIRED,NO,Repository provenance does not establish legal rights. Replaced by PHX-SPECIAL-ICM-003; historical repository provenance retained.,,,,,,RETIRED_AFTER_VERIFIED_REPLACEMENT
PHX-VIS-1A5D0D060B51,app/assets/images/special-realms/ten-scene/ice-city-star-map-04-crossing.webp,ice-city-star-map-04-crossing.webp,WEBP,54222,1600,900,6270187a350574726bb5c8151dbea029680079f8388058032e3e94308cea0529,c6847294278b91a54d4f99d8c0dc6bf997dcf839,NO,SpecialRealmBackground / all special Journey pages,Special Journey,special:ice-city-star-map,NONE,PRIMARY,YES,YES,abba4bcc6bc3e315c05545e8e304b00e37b7d399,2026-07-30T08:17:58+07:00,dhv5bnmfmh-cmyk,7eaa823f712251797194e6cb1995c9da79ad988a,NO,git:abba4bcc6bc3e315c05545e8e304b00e37b7d399,UNKNOWN,UNKNOWN,UNKNOWN,UNKNOWN,UNKNOWN,UNKNOWN,UNKNOWN,UNKNOWN,UNKNOWN,UNKNOWN,UNKNOWN,UNKNOWN,UNKNOWN,UNKNOWN,UNKNOWN_REVIEW_REQUIRED,UNKNOWN_REVIEW_REQUIRED,UNKNOWN,UNKNOWN,RETIRED_REPLACED,NOT_APPLICABLE_RETIRED,NO_RETIRED,NO_RETIRED,NO,Repository provenance does not establish legal rights. Replaced by PHX-SPECIAL-ICM-004; historical repository provenance retained.,,,,,,RETIRED_AFTER_VERIFIED_REPLACEMENT
PHX-VIS-C8FB6B4DDDF0,app/assets/images/special-realms/ten-scene/ice-city-star-map-05-overlap.webp,ice-city-star-map-05-overlap.webp,WEBP,50176,1600,900,d3b5774e89d08bb3e7ccfe635197ffd52900f8cab7412f53f61c8e30bf92b3b8,384411fe9953a5ac4a9643e3ee4ea4df16cc64db,NO,SpecialRealmBackground / all special Journey pages,Special Journey,special:ice-city-star-map,NONE,PRIMARY,YES,YES,abba4bcc6bc3e315c05545e8e304b00e37b7d399,2026-07-30T08:17:58+07:00,dhv5bnmfmh-cmyk,7eaa823f712251797194e6cb1995c9da79ad988a,NO,git:abba4bcc6bc3e315c05545e8e304b00e37b7d399,UNKNOWN,UNKNOWN,UNKNOWN,UNKNOWN,UNKNOWN,UNKNOWN,UNKNOWN,UNKNOWN,UNKNOWN,UNKNOWN,UNKNOWN,UNKNOWN,UNKNOWN,UNKNOWN,UNKNOWN_REVIEW_REQUIRED,UNKNOWN_REVIEW_REQUIRED,UNKNOWN,UNKNOWN,RETIRED_REPLACED,NOT_APPLICABLE_RETIRED,NO_RETIRED,NO_RETIRED,NO,Repository provenance does not establish legal rights. Replaced by PHX-SPECIAL-ICM-005; historical repository provenance retained.,,,,,,RETIRED_AFTER_VERIFIED_REPLACEMENT
PHX-VIS-93DBCB578081,app/assets/images/special-realms/ten-scene/ice-city-star-map-06-storm.webp,ice-city-star-map-06-storm.webp,WEBP,73748,1600,900,d91fe29595079dbfc729db79fdab2c8932c2d9c9b0328223179b3f73599577d9,8cb26acd45bd65fd54c50d9166a2cc757717039b,NO,SpecialRealmBackground / all special Journey pages,Special Journey,special:ice-city-star-map,NONE,PRIMARY,YES,YES,abba4bcc6bc3e315c05545e8e304b00e37b7d399,2026-07-30T08:17:58+07:00,dhv5bnmfmh-cmyk,7eaa823f712251797194e6cb1995c9da79ad988a,NO,git:abba4bcc6bc3e315c05545e8e304b00e37b7d399,UNKNOWN,UNKNOWN,UNKNOWN,UNKNOWN,UNKNOWN,UNKNOWN,UNKNOWN,UNKNOWN,UNKNOWN,UNKNOWN,UNKNOWN,UNKNOWN,UNKNOWN,UNKNOWN,UNKNOWN_REVIEW_REQUIRED,UNKNOWN_REVIEW_REQUIRED,UNKNOWN,UNKNOWN,RETIRED_REPLACED,NOT_APPLICABLE_RETIRED,NO_RETIRED,NO_RETIRED,NO,Repository provenance does not establish legal rights. Replaced by PHX-SPECIAL-ICM-006; historical repository provenance retained.,,,,,,RETIRED_AFTER_VERIFIED_REPLACEMENT
PHX-VIS-D8C49A075F25,app/assets/images/special-realms/ten-scene/ice-city-star-map-07-memory.webp,ice-city-star-map-07-memory.webp,WEBP,45530,1600,900,3bffa5c2abb861902e09d0b9d591286d1e22424a6098bb30065590e9bddfb224,5422cd310e5261afd6aa49d0ea000c9f76c614f0,NO,SpecialRealmBackground / all special Journey pages,Special Journey,special:ice-city-star-map,NONE,PRIMARY,YES,YES,abba4bcc6bc3e315c05545e8e304b00e37b7d399,2026-07-30T08:17:58+07:00,dhv5bnmfmh-cmyk,7eaa823f712251797194e6cb1995c9da79ad988a,NO,git:abba4bcc6bc3e315c05545e8e304b00e37b7d399,UNKNOWN,UNKNOWN,UNKNOWN,UNKNOWN,UNKNOWN,UNKNOWN,UNKNOWN,UNKNOWN,UNKNOWN,UNKNOWN,UNKNOWN,UNKNOWN,UNKNOWN,UNKNOWN,UNKNOWN_REVIEW_REQUIRED,UNKNOWN_REVIEW_REQUIRED,UNKNOWN,UNKNOWN,RETIRED_REPLACED,NOT_APPLICABLE_RETIRED,NO_RETIRED,NO_RETIRED,NO,Repository provenance does not establish legal rights. Replaced by PHX-SPECIAL-ICM-007; historical repository provenance retained.,,,,,,RETIRED_AFTER_VERIFIED_REPLACEMENT
PHX-VIS-8367A277A22D,app/assets/images/special-realms/ten-scene/ice-city-star-map-08-turning.webp,ice-city-star-map-08-turning.webp,WEBP,40930,1600,900,5fd7e833aa14797be0ca5b2d9ad5036296e2a505d760de21ce3eeeeeaae2794e,a310c0cd7775067045d002ea995beb4c8c267b12,NO,SpecialRealmBackground / all special Journey pages,Special Journey,special:ice-city-star-map,NONE,PRIMARY,YES,YES,abba4bcc6bc3e315c05545e8e304b00e37b7d399,2026-07-30T08:17:58+07:00,dhv5bnmfmh-cmyk,7eaa823f712251797194e6cb1995c9da79ad988a,NO,git:abba4bcc6bc3e315c05545e8e304b00e37b7d399,UNKNOWN,UNKNOWN,UNKNOWN,UNKNOWN,UNKNOWN,UNKNOWN,UNKNOWN,UNKNOWN,UNKNOWN,UNKNOWN,UNKNOWN,UNKNOWN,UNKNOWN,UNKNOWN,UNKNOWN_REVIEW_REQUIRED,UNKNOWN_REVIEW_REQUIRED,UNKNOWN,UNKNOWN,RETIRED_REPLACED,NOT_APPLICABLE_RETIRED,NO_RETIRED,NO_RETIRED,NO,Repository provenance does not establish legal rights. Replaced by PHX-SPECIAL-ICM-008; historical repository provenance retained.,,,,,,RETIRED_AFTER_VERIFIED_REPLACEMENT
PHX-VIS-A733BA58EF53,app/assets/images/special-realms/ten-scene/ice-city-star-map-09-release.webp,ice-city-star-map-09-release.webp,WEBP,68628,1600,900,937850a21c31b8a256458f535b26167f53e531023b4b7d38b20fa8b6f653dc6e,68d98f449b894475c28c8cd2effdd44a5417be0f,NO,SpecialRealmBackground / all special Journey pages,Special Journey,special:ice-city-star-map,NONE,PRIMARY,YES,YES,abba4bcc6bc3e315c05545e8e304b00e37b7d399,2026-07-30T08:17:58+07:00,dhv5bnmfmh-cmyk,7eaa823f712251797194e6cb1995c9da79ad988a,NO,git:abba4bcc6bc3e315c05545e8e304b00e37b7d399,UNKNOWN,UNKNOWN,UNKNOWN,UNKNOWN,UNKNOWN,UNKNOWN,UNKNOWN,UNKNOWN,UNKNOWN,UNKNOWN,UNKNOWN,UNKNOWN,UNKNOWN,UNKNOWN,UNKNOWN_REVIEW_REQUIRED,UNKNOWN_REVIEW_REQUIRED,UNKNOWN,UNKNOWN,RETIRED_REPLACED,NOT_APPLICABLE_RETIRED,NO_RETIRED,NO_RETIRED,NO,Repository provenance does not establish legal rights. Replaced by PHX-SPECIAL-ICM-009; historical repository provenance retained.,,,,,,RETIRED_AFTER_VERIFIED_REPLACEMENT
PHX-VIS-982AB93CAC99,app/assets/images/special-realms/ten-scene/ice-city-star-map-10-finale.webp,ice-city-star-map-10-finale.webp,WEBP,56018,1600,900,beda129f292ca1beb9cec0acbf3c81c6aace41a19aa249b25245e76cc092cc98,985b37e61afb98268d90594b434364bef6b397a3,NO,SpecialRealmBackground / all special Journey pages,Special Journey,special:ice-city-star-map,NONE,PRIMARY,YES,YES,abba4bcc6bc3e315c05545e8e304b00e37b7d399,2026-07-30T08:17:58+07:00,dhv5bnmfmh-cmyk,7eaa823f712251797194e6cb1995c9da79ad988a,NO,git:abba4bcc6bc3e315c05545e8e304b00e37b7d399,UNKNOWN,UNKNOWN,UNKNOWN,UNKNOWN,UNKNOWN,UNKNOWN,UNKNOWN,UNKNOWN,UNKNOWN,UNKNOWN,UNKNOWN,UNKNOWN,UNKNOWN,UNKNOWN,UNKNOWN_REVIEW_REQUIRED,UNKNOWN_REVIEW_REQUIRED,UNKNOWN,UNKNOWN,RETIRED_REPLACED,NOT_APPLICABLE_RETIRED,NO_RETIRED,NO_RETIRED,NO,Repository provenance does not establish legal rights. Replaced by PHX-SPECIAL-ICM-010; historical repository provenance retained.,,,,,,RETIRED_AFTER_VERIFIED_REPLACEMENT
PHX-VIS-C28EB6E21B3E,app/assets/images/special-realms/ten-scene/moon-letter-02.webp,moon-letter-02.webp,WEBP,144428,900,1600,fb3f4b5f8383bc2dc8a013b0c39554477edad126b1a8defbf6a3b39f03e77d40,ec85e98bae5ac2830e54fe36eccb0e527e605694,NO,SpecialRealmBackground / all special Journey pages,Special Journey,special:myth-tracing,NONE,PRIMARY,YES,YES,ccd848979f8f86196c11e5d692f3f437cd76c7de,2026-07-27T19:37:57+07:00,dhv5bnmfmh-cmyk,7eaa823f712251797194e6cb1995c9da79ad988a,NO,git:ccd848979f8f86196c11e5d692f3f437cd76c7de,UNKNOWN,UNKNOWN,UNKNOWN,UNKNOWN,UNKNOWN,UNKNOWN,UNKNOWN,UNKNOWN,UNKNOWN,UNKNOWN,UNKNOWN,UNKNOWN,UNKNOWN,UNKNOWN,UNKNOWN_REVIEW_REQUIRED,UNKNOWN_REVIEW_REQUIRED,UNKNOWN,UNKNOWN,RETIRED_REPLACED,NOT_APPLICABLE_RETIRED,NO_RETIRED,NO_RETIRED,NO,Repository provenance does not establish legal rights. Replaced by PHX-SPECIAL-MYT-002; historical repository provenance retained.,,,,,,RETIRED_AFTER_VERIFIED_REPLACEMENT
PHX-VIS-71D844F5C35F,app/assets/images/special-realms/ten-scene/moon-letter-03.webp,moon-letter-03.webp,WEBP,134296,900,1600,399a0e2dcfc48f3bb0142c886b284bcba06e24619caad4c4ef3d4aeae5a847a8,680f5948f6801407f6029354b24af395770a3b88,NO,SpecialRealmBackground / all special Journey pages,Special Journey,special:myth-tracing,NONE,PRIMARY,YES,YES,ccd848979f8f86196c11e5d692f3f437cd76c7de,2026-07-27T19:37:57+07:00,dhv5bnmfmh-cmyk,7eaa823f712251797194e6cb1995c9da79ad988a,NO,git:ccd848979f8f86196c11e5d692f3f437cd76c7de,UNKNOWN,UNKNOWN,UNKNOWN,UNKNOWN,UNKNOWN,UNKNOWN,UNKNOWN,UNKNOWN,UNKNOWN,UNKNOWN,UNKNOWN,UNKNOWN,UNKNOWN,UNKNOWN,UNKNOWN_REVIEW_REQUIRED,UNKNOWN_REVIEW_REQUIRED,UNKNOWN,UNKNOWN,RETIRED_REPLACED,NOT_APPLICABLE_RETIRED,NO_RETIRED,NO_RETIRED,NO,Repository provenance does not establish legal rights. Replaced by PHX-SPECIAL-MYT-003; historical repository provenance retained.,,,,,,RETIRED_AFTER_VERIFIED_REPLACEMENT
PHX-VIS-BCC1F215F822,app/assets/images/special-realms/ten-scene/moon-letter-04.webp,moon-letter-04.webp,WEBP,116206,900,1600,cd7b321f4d9ac88aac2d97ffd8668552b56cc363f00da3c89ae5e16bd78e9328,baa2eb9bf972f1fb2842521bcb8c6e898db3dbf7,NO,SpecialRealmBackground / all special Journey pages,Special Journey,special:myth-tracing,NONE,PRIMARY,YES,YES,ccd848979f8f86196c11e5d692f3f437cd76c7de,2026-07-27T19:37:57+07:00,dhv5bnmfmh-cmyk,7eaa823f712251797194e6cb1995c9da79ad988a,NO,git:ccd848979f8f86196c11e5d692f3f437cd76c7de,UNKNOWN,UNKNOWN,UNKNOWN,UNKNOWN,UNKNOWN,UNKNOWN,UNKNOWN,UNKNOWN,UNKNOWN,UNKNOWN,UNKNOWN,UNKNOWN,UNKNOWN,UNKNOWN,UNKNOWN_REVIEW_REQUIRED,UNKNOWN_REVIEW_REQUIRED,UNKNOWN,UNKNOWN,RETIRED_REPLACED,NOT_APPLICABLE_RETIRED,NO_RETIRED,NO_RETIRED,NO,Repository provenance does not establish legal rights. Replaced by PHX-SPECIAL-MYT-004; historical repository provenance retained.,,,,,,RETIRED_AFTER_VERIFIED_REPLACEMENT
PHX-VIS-990620B83036,app/assets/images/special-realms/ten-scene/moon-letter-05.webp,moon-letter-05.webp,WEBP,101672,900,1600,2cc6ff257e7fb7202197742e78794e7022bb4672f98b664c1ee498bddace58b9,6da01c4f9887e4ff01ebe2c7b43e7e9474003eef,NO,SpecialRealmBackground / all special Journey pages,Special Journey,special:myth-tracing,NONE,PRIMARY,YES,YES,ccd848979f8f86196c11e5d692f3f437cd76c7de,2026-07-27T19:37:57+07:00,dhv5bnmfmh-cmyk,7eaa823f712251797194e6cb1995c9da79ad988a,NO,git:ccd848979f8f86196c11e5d692f3f437cd76c7de,UNKNOWN,UNKNOWN,UNKNOWN,UNKNOWN,UNKNOWN,UNKNOWN,UNKNOWN,UNKNOWN,UNKNOWN,UNKNOWN,UNKNOWN,UNKNOWN,UNKNOWN,UNKNOWN,UNKNOWN_REVIEW_REQUIRED,UNKNOWN_REVIEW_REQUIRED,UNKNOWN,UNKNOWN,RETIRED_REPLACED,NOT_APPLICABLE_RETIRED,NO_RETIRED,NO_RETIRED,NO,Repository provenance does not establish legal rights. Replaced by PHX-SPECIAL-MYT-005; historical repository provenance retained.,,,,,,RETIRED_AFTER_VERIFIED_REPLACEMENT
PHX-VIS-DB3EF365C25D,app/assets/images/special-realms/ten-scene/moon-letter-06.webp,moon-letter-06.webp,WEBP,191344,900,1600,198fe7ea94883858b0cc237df7e1411a7af403b766f3c0d0953997f9ce6a7b35,956991c2e94c6d567d09f1087de9bbf141ad3d1e,NO,SpecialRealmBackground / all special Journey pages,Special Journey,special:myth-tracing,NONE,PRIMARY,YES,YES,ccd848979f8f86196c11e5d692f3f437cd76c7de,2026-07-27T19:37:57+07:00,dhv5bnmfmh-cmyk,7eaa823f712251797194e6cb1995c9da79ad988a,NO,git:ccd848979f8f86196c11e5d692f3f437cd76c7de,UNKNOWN,UNKNOWN,UNKNOWN,UNKNOWN,UNKNOWN,UNKNOWN,UNKNOWN,UNKNOWN,UNKNOWN,UNKNOWN,UNKNOWN,UNKNOWN,UNKNOWN,UNKNOWN,UNKNOWN_REVIEW_REQUIRED,UNKNOWN_REVIEW_REQUIRED,UNKNOWN,UNKNOWN,RETIRED_REPLACED,NOT_APPLICABLE_RETIRED,NO_RETIRED,NO_RETIRED,NO,Repository provenance does not establish legal rights. Replaced by PHX-SPECIAL-MYT-006; historical repository provenance retained.,,,,,,RETIRED_AFTER_VERIFIED_REPLACEMENT
PHX-VIS-E45911AE441B,app/assets/images/special-realms/ten-scene/moon-letter-07.webp,moon-letter-07.webp,WEBP,118026,900,1600,45355de4e49118921952132559f6e7da1f7262b60b95c7f5cf2bd5f3706e42e6,fbffb7a3ccdbe11c2d8ff43213bad1db65d3aac1,NO,SpecialRealmBackground / all special Journey pages,Special Journey,special:myth-tracing,NONE,PRIMARY,YES,YES,ccd848979f8f86196c11e5d692f3f437cd76c7de,2026-07-27T19:37:57+07:00,dhv5bnmfmh-cmyk,7eaa823f712251797194e6cb1995c9da79ad988a,NO,git:ccd848979f8f86196c11e5d692f3f437cd76c7de,UNKNOWN,UNKNOWN,UNKNOWN,UNKNOWN,UNKNOWN,UNKNOWN,UNKNOWN,UNKNOWN,UNKNOWN,UNKNOWN,UNKNOWN,UNKNOWN,UNKNOWN,UNKNOWN,UNKNOWN_REVIEW_REQUIRED,UNKNOWN_REVIEW_REQUIRED,UNKNOWN,UNKNOWN,RETIRED_REPLACED,NOT_APPLICABLE_RETIRED,NO_RETIRED,NO_RETIRED,NO,Repository provenance does not establish legal rights. Replaced by PHX-SPECIAL-MYT-007; historical repository provenance retained.,,,,,,RETIRED_AFTER_VERIFIED_REPLACEMENT
PHX-VIS-EAFA8773AFBE,app/assets/images/special-realms/ten-scene/moon-letter-08.webp,moon-letter-08.webp,WEBP,121632,900,1600,f8caaf6ceac4064c612d240dd6f518a9872cc4bf2a221a43fc08902669a10bde,53ad9fb8d1b2eeccbccaa359552c7b000858e160,NO,SpecialRealmBackground / all special Journey pages,Special Journey,special:myth-tracing,NONE,PRIMARY,YES,YES,ccd848979f8f86196c11e5d692f3f437cd76c7de,2026-07-27T19:37:57+07:00,dhv5bnmfmh-cmyk,7eaa823f712251797194e6cb1995c9da79ad988a,NO,git:ccd848979f8f86196c11e5d692f3f437cd76c7de,UNKNOWN,UNKNOWN,UNKNOWN,UNKNOWN,UNKNOWN,UNKNOWN,UNKNOWN,UNKNOWN,UNKNOWN,UNKNOWN,UNKNOWN,UNKNOWN,UNKNOWN,UNKNOWN,UNKNOWN_REVIEW_REQUIRED,UNKNOWN_REVIEW_REQUIRED,UNKNOWN,UNKNOWN,RETIRED_REPLACED,NOT_APPLICABLE_RETIRED,NO_RETIRED,NO_RETIRED,NO,Repository provenance does not establish legal rights. Replaced by PHX-SPECIAL-MYT-008; historical repository provenance retained.,,,,,,RETIRED_AFTER_VERIFIED_REPLACEMENT
PHX-VIS-87AD432BA7E3,app/assets/images/special-realms/ten-scene/moon-letter-09.webp,moon-letter-09.webp,WEBP,101824,900,1600,13e1158909f6af818e8c927149192fe3798b11fc91969aa9d1f261312ee86a38,f7fe5412e4249bd768b0c1e74b28e2d2dcc5d4bf,NO,SpecialRealmBackground / all special Journey pages,Special Journey,special:myth-tracing,NONE,PRIMARY,YES,YES,ccd848979f8f86196c11e5d692f3f437cd76c7de,2026-07-27T19:37:57+07:00,dhv5bnmfmh-cmyk,7eaa823f712251797194e6cb1995c9da79ad988a,NO,git:ccd848979f8f86196c11e5d692f3f437cd76c7de,UNKNOWN,UNKNOWN,UNKNOWN,UNKNOWN,UNKNOWN,UNKNOWN,UNKNOWN,UNKNOWN,UNKNOWN,UNKNOWN,UNKNOWN,UNKNOWN,UNKNOWN,UNKNOWN,UNKNOWN_REVIEW_REQUIRED,UNKNOWN_REVIEW_REQUIRED,UNKNOWN,UNKNOWN,RETIRED_REPLACED,NOT_APPLICABLE_RETIRED,NO_RETIRED,NO_RETIRED,NO,Repository provenance does not establish legal rights. Replaced by PHX-SPECIAL-MYT-009; historical repository provenance retained.,,,,,,RETIRED_AFTER_VERIFIED_REPLACEMENT
PHX-VIS-0127E9F75BD9,app/assets/images/special-realms/ten-scene/moon-letter-10.webp,moon-letter-10.webp,WEBP,135008,900,1600,604f23aae417fb7f37b866b0229a4099ff600b6dc98042b8c5a612b5842c3c8f,e83062dc7dc7fb6f05011b63cb376ccd58c46091,NO,SpecialRealmBackground / all special Journey pages,Special Journey,special:myth-tracing,NONE,PRIMARY,YES,YES,ccd848979f8f86196c11e5d692f3f437cd76c7de,2026-07-27T19:37:57+07:00,dhv5bnmfmh-cmyk,7eaa823f712251797194e6cb1995c9da79ad988a,NO,git:ccd848979f8f86196c11e5d692f3f437cd76c7de,UNKNOWN,UNKNOWN,UNKNOWN,UNKNOWN,UNKNOWN,UNKNOWN,UNKNOWN,UNKNOWN,UNKNOWN,UNKNOWN,UNKNOWN,UNKNOWN,UNKNOWN,UNKNOWN,UNKNOWN_REVIEW_REQUIRED,UNKNOWN_REVIEW_REQUIRED,UNKNOWN,UNKNOWN,RETIRED_REPLACED,NOT_APPLICABLE_RETIRED,NO_RETIRED,NO_RETIRED,NO,Repository provenance does not establish legal rights. Replaced by PHX-SPECIAL-MYT-010; historical repository provenance retained.,,,,,,RETIRED_AFTER_VERIFIED_REPLACEMENT
PHX-VIS-061AD591C545,app/assets/images/special-realms/ten-scene/shadowless-inn-02.webp,shadowless-inn-02.webp,WEBP,78264,900,1600,0ad0b02f748d8439ad07422b814e2d81a5f5f8f68bb16a1f50578181387a69d5,224efdf55a715c5f58ac59282afb1ef1c76818a6,NO,SpecialRealmBackground / all special Journey pages,Special Journey,special:strange-night-talks,NONE,PRIMARY,YES,YES,ccd848979f8f86196c11e5d692f3f437cd76c7de,2026-07-27T19:37:57+07:00,dhv5bnmfmh-cmyk,7eaa823f712251797194e6cb1995c9da79ad988a,NO,git:ccd848979f8f86196c11e5d692f3f437cd76c7de,UNKNOWN,UNKNOWN,UNKNOWN,UNKNOWN,UNKNOWN,UNKNOWN,UNKNOWN,UNKNOWN,UNKNOWN,UNKNOWN,UNKNOWN,UNKNOWN,UNKNOWN,UNKNOWN,UNKNOWN_REVIEW_REQUIRED,UNKNOWN_REVIEW_REQUIRED,UNKNOWN,UNKNOWN,RETIRED_REPLACED,NOT_APPLICABLE_RETIRED,NO_RETIRED,NO_RETIRED,NO,Repository provenance does not establish legal rights. Replaced by PHX-SPECIAL-SNT-002; historical repository provenance retained.,,,,,,RETIRED_AFTER_VERIFIED_REPLACEMENT
PHX-VIS-A24856F7F056,app/assets/images/special-realms/ten-scene/shadowless-inn-03.webp,shadowless-inn-03.webp,WEBP,116344,900,1600,ac62f1b6edef3619ff5e70eafe070993875d447cc8b6403b56ba796503e029f7,9839ad79bd95d80ab0a2c1cab49e2a180b9a992f,NO,SpecialRealmBackground / all special Journey pages,Special Journey,special:strange-night-talks,NONE,PRIMARY,YES,YES,ccd848979f8f86196c11e5d692f3f437cd76c7de,2026-07-27T19:37:57+07:00,dhv5bnmfmh-cmyk,7eaa823f712251797194e6cb1995c9da79ad988a,NO,git:ccd848979f8f86196c11e5d692f3f437cd76c7de,UNKNOWN,UNKNOWN,UNKNOWN,UNKNOWN,UNKNOWN,UNKNOWN,UNKNOWN,UNKNOWN,UNKNOWN,UNKNOWN,UNKNOWN,UNKNOWN,UNKNOWN,UNKNOWN,UNKNOWN_REVIEW_REQUIRED,UNKNOWN_REVIEW_REQUIRED,UNKNOWN,UNKNOWN,RETIRED_REPLACED,NOT_APPLICABLE_RETIRED,NO_RETIRED,NO_RETIRED,NO,Repository provenance does not establish legal rights. Replaced by PHX-SPECIAL-SNT-003; historical repository provenance retained.,,,,,,RETIRED_AFTER_VERIFIED_REPLACEMENT
PHX-VIS-3C54EDEC869E,app/assets/images/special-realms/ten-scene/shadowless-inn-04.webp,shadowless-inn-04.webp,WEBP,73790,900,1600,aeb8a1fa58099dd6688a1a306ddd2961db101bafe17b8aa25b5c3f630bbe2e48,86753aa82721f7684a69dca919f4d735f2f37111,NO,SpecialRealmBackground / all special Journey pages,Special Journey,special:strange-night-talks,NONE,PRIMARY,YES,YES,ccd848979f8f86196c11e5d692f3f437cd76c7de,2026-07-27T19:37:57+07:00,dhv5bnmfmh-cmyk,7eaa823f712251797194e6cb1995c9da79ad988a,NO,git:ccd848979f8f86196c11e5d692f3f437cd76c7de,UNKNOWN,UNKNOWN,UNKNOWN,UNKNOWN,UNKNOWN,UNKNOWN,UNKNOWN,UNKNOWN,UNKNOWN,UNKNOWN,UNKNOWN,UNKNOWN,UNKNOWN,UNKNOWN,UNKNOWN_REVIEW_REQUIRED,UNKNOWN_REVIEW_REQUIRED,UNKNOWN,UNKNOWN,RETIRED_REPLACED,NOT_APPLICABLE_RETIRED,NO_RETIRED,NO_RETIRED,NO,Repository provenance does not establish legal rights. Replaced by PHX-SPECIAL-SNT-004; historical repository provenance retained.,,,,,,RETIRED_AFTER_VERIFIED_REPLACEMENT
PHX-VIS-D12E5A7A98D1,app/assets/images/special-realms/ten-scene/shadowless-inn-05.webp,shadowless-inn-05.webp,WEBP,76568,900,1600,8f9390eb5091dd21c119b18a3edec26e79ae8faea6f67d132ff8b8d9a06da1be,c1272e57301f1531b521fb1e4a810b2dfc65582c,NO,SpecialRealmBackground / all special Journey pages,Special Journey,special:strange-night-talks,NONE,PRIMARY,YES,YES,ccd848979f8f86196c11e5d692f3f437cd76c7de,2026-07-27T19:37:57+07:00,dhv5bnmfmh-cmyk,7eaa823f712251797194e6cb1995c9da79ad988a,NO,git:ccd848979f8f86196c11e5d692f3f437cd76c7de,UNKNOWN,UNKNOWN,UNKNOWN,UNKNOWN,UNKNOWN,UNKNOWN,UNKNOWN,UNKNOWN,UNKNOWN,UNKNOWN,UNKNOWN,UNKNOWN,UNKNOWN,UNKNOWN,UNKNOWN_REVIEW_REQUIRED,UNKNOWN_REVIEW_REQUIRED,UNKNOWN,UNKNOWN,RETIRED_REPLACED,NOT_APPLICABLE_RETIRED,NO_RETIRED,NO_RETIRED,NO,Repository provenance does not establish legal rights. Replaced by PHX-SPECIAL-SNT-005; historical repository provenance retained.,,,,,,RETIRED_AFTER_VERIFIED_REPLACEMENT
PHX-VIS-4ACC6A126EE4,app/assets/images/special-realms/ten-scene/shadowless-inn-06.webp,shadowless-inn-06.webp,WEBP,86720,900,1600,79921ecad033b98a3f64115fcc07d5741041dff3d403c23f7dd2cc011eee34d2,f3ced677f2498681011d8aaf4e279fd8c56bf965,NO,SpecialRealmBackground / all special Journey pages,Special Journey,special:strange-night-talks,NONE,PRIMARY,YES,YES,ccd848979f8f86196c11e5d692f3f437cd76c7de,2026-07-27T19:37:57+07:00,dhv5bnmfmh-cmyk,7eaa823f712251797194e6cb1995c9da79ad988a,NO,git:ccd848979f8f86196c11e5d692f3f437cd76c7de,UNKNOWN,UNKNOWN,UNKNOWN,UNKNOWN,UNKNOWN,UNKNOWN,UNKNOWN,UNKNOWN,UNKNOWN,UNKNOWN,UNKNOWN,UNKNOWN,UNKNOWN,UNKNOWN,UNKNOWN_REVIEW_REQUIRED,UNKNOWN_REVIEW_REQUIRED,UNKNOWN,UNKNOWN,RETIRED_REPLACED,NOT_APPLICABLE_RETIRED,NO_RETIRED,NO_RETIRED,NO,Repository provenance does not establish legal rights. Replaced by PHX-SPECIAL-SNT-006; historical repository provenance retained.,,,,,,RETIRED_AFTER_VERIFIED_REPLACEMENT
PHX-VIS-CCF49E7CA196,app/assets/images/special-realms/ten-scene/shadowless-inn-07.webp,shadowless-inn-07.webp,WEBP,112258,900,1600,57ba019735a49f95f3923f43a28f64958fc6313555d37698ba6efc0dc5f0ff86,d72941362cbd2ff6b3056e09c188b6d3bfec728f,NO,SpecialRealmBackground / all special Journey pages,Special Journey,special:strange-night-talks,NONE,PRIMARY,YES,YES,ccd848979f8f86196c11e5d692f3f437cd76c7de,2026-07-27T19:37:57+07:00,dhv5bnmfmh-cmyk,7eaa823f712251797194e6cb1995c9da79ad988a,NO,git:ccd848979f8f86196c11e5d692f3f437cd76c7de,UNKNOWN,UNKNOWN,UNKNOWN,UNKNOWN,UNKNOWN,UNKNOWN,UNKNOWN,UNKNOWN,UNKNOWN,UNKNOWN,UNKNOWN,UNKNOWN,UNKNOWN,UNKNOWN,UNKNOWN_REVIEW_REQUIRED,UNKNOWN_REVIEW_REQUIRED,UNKNOWN,UNKNOWN,RETIRED_REPLACED,NOT_APPLICABLE_RETIRED,NO_RETIRED,NO_RETIRED,NO,Repository provenance does not establish legal rights. Replaced by PHX-SPECIAL-SNT-007; historical repository provenance retained.,,,,,,RETIRED_AFTER_VERIFIED_REPLACEMENT
PHX-VIS-4188C2B7DBD7,app/assets/images/special-realms/ten-scene/shadowless-inn-08.webp,shadowless-inn-08.webp,WEBP,102930,900,1600,956f550af672b91060581b858b4b89e8ce714d289ee459e8f715fc276fa004bf,a9d9e673294a1cc87337cae90430b00021b73559,NO,SpecialRealmBackground / all special Journey pages,Special Journey,special:strange-night-talks,NONE,PRIMARY,YES,YES,ccd848979f8f86196c11e5d692f3f437cd76c7de,2026-07-27T19:37:57+07:00,dhv5bnmfmh-cmyk,7eaa823f712251797194e6cb1995c9da79ad988a,NO,git:ccd848979f8f86196c11e5d692f3f437cd76c7de,UNKNOWN,UNKNOWN,UNKNOWN,UNKNOWN,UNKNOWN,UNKNOWN,UNKNOWN,UNKNOWN,UNKNOWN,UNKNOWN,UNKNOWN,UNKNOWN,UNKNOWN,UNKNOWN,UNKNOWN_REVIEW_REQUIRED,UNKNOWN_REVIEW_REQUIRED,UNKNOWN,UNKNOWN,RETIRED_REPLACED,NOT_APPLICABLE_RETIRED,NO_RETIRED,NO_RETIRED,NO,Repository provenance does not establish legal rights. Replaced by PHX-SPECIAL-SNT-008; historical repository provenance retained.,,,,,,RETIRED_AFTER_VERIFIED_REPLACEMENT
PHX-VIS-3B740E36A01E,app/assets/images/special-realms/ten-scene/shadowless-inn-09.webp,shadowless-inn-09.webp,WEBP,166066,900,1600,0123129f31f7339cbed882b4456b8fee6cf5235078eeb25304eb5807f1164415,ec9daf17b2daaaa514a8b7c624c5740d92cbfd78,NO,SpecialRealmBackground / all special Journey pages,Special Journey,special:strange-night-talks,NONE,PRIMARY,YES,YES,ccd848979f8f86196c11e5d692f3f437cd76c7de,2026-07-27T19:37:57+07:00,dhv5bnmfmh-cmyk,7eaa823f712251797194e6cb1995c9da79ad988a,NO,git:ccd848979f8f86196c11e5d692f3f437cd76c7de,UNKNOWN,UNKNOWN,UNKNOWN,UNKNOWN,UNKNOWN,UNKNOWN,UNKNOWN,UNKNOWN,UNKNOWN,UNKNOWN,UNKNOWN,UNKNOWN,UNKNOWN,UNKNOWN,UNKNOWN_REVIEW_REQUIRED,UNKNOWN_REVIEW_REQUIRED,UNKNOWN,UNKNOWN,RETIRED_REPLACED,NOT_APPLICABLE_RETIRED,NO_RETIRED,NO_RETIRED,NO,Repository provenance does not establish legal rights. Replaced by PHX-SPECIAL-SNT-009; historical repository provenance retained.,,,,,,RETIRED_AFTER_VERIFIED_REPLACEMENT
PHX-VIS-8CAA906B0D9B,app/assets/images/special-realms/ten-scene/shadowless-inn-10.webp,shadowless-inn-10.webp,WEBP,137790,900,1600,d85c38d435d7badc04181641d81d6ee2872ca7f5b698b69f0cfce0e3edd4ab50,b65bac90114b9871aba84bb6652886c2a2e9d165,NO,SpecialRealmBackground / all special Journey pages,Special Journey,special:strange-night-talks,NONE,PRIMARY,YES,YES,ccd848979f8f86196c11e5d692f3f437cd76c7de,2026-07-27T19:37:57+07:00,dhv5bnmfmh-cmyk,7eaa823f712251797194e6cb1995c9da79ad988a,NO,git:ccd848979f8f86196c11e5d692f3f437cd76c7de,UNKNOWN,UNKNOWN,UNKNOWN,UNKNOWN,UNKNOWN,UNKNOWN,UNKNOWN,UNKNOWN,UNKNOWN,UNKNOWN,UNKNOWN,UNKNOWN,UNKNOWN,UNKNOWN,UNKNOWN_REVIEW_REQUIRED,UNKNOWN_REVIEW_REQUIRED,UNKNOWN,UNKNOWN,RETIRED_REPLACED,NOT_APPLICABLE_RETIRED,NO_RETIRED,NO_RETIRED,NO,Repository provenance does not establish legal rights. Replaced by PHX-SPECIAL-SNT-010; historical repository provenance retained.,,,,,,RETIRED_AFTER_VERIFIED_REPLACEMENT
PHX-VIS-BA5397181793,app/assets/images/special-realms/ten-scene/tea-horse-echo-01-opening.webp,tea-horse-echo-01-opening.webp,WEBP,43230,1600,900,945f0fb317a6e884971d0a4f48a50bd53ddf377cdd4c4708c8f2e16fd8c35769,aa467b90de70649f9e51192c94da0b91ee5341a3,NO,SpecialRealmBackground / all special Journey pages,Special Journey,special:tea-horse-echo,NONE,PRIMARY,YES,YES,abba4bcc6bc3e315c05545e8e304b00e37b7d399,2026-07-30T08:17:58+07:00,dhv5bnmfmh-cmyk,7eaa823f712251797194e6cb1995c9da79ad988a,NO,git:abba4bcc6bc3e315c05545e8e304b00e37b7d399,UNKNOWN,UNKNOWN,UNKNOWN,UNKNOWN,UNKNOWN,UNKNOWN,UNKNOWN,UNKNOWN,UNKNOWN,UNKNOWN,UNKNOWN,UNKNOWN,UNKNOWN,UNKNOWN,UNKNOWN_REVIEW_REQUIRED,UNKNOWN_REVIEW_REQUIRED,UNKNOWN,UNKNOWN,RETIRED_REPLACED,NOT_APPLICABLE_RETIRED,NO_RETIRED,NO_RETIRED,NO,Repository provenance does not establish legal rights. Replaced by PHX-SPECIAL-THE-001; historical repository provenance retained.,,,,,,RETIRED_AFTER_VERIFIED_REPLACEMENT
PHX-VIS-B67861E9A574,app/assets/images/special-realms/ten-scene/tea-horse-echo-02-object.webp,tea-horse-echo-02-object.webp,WEBP,64838,1600,900,7de5856ab91853260ef13b486dfa2d714870ca1fae6174d093c84ff7c81cb0bf,614f5b3bb1a2b1882c648b31b0f8a3f4760e0372,NO,SpecialRealmBackground / all special Journey pages,Special Journey,special:tea-horse-echo,NONE,PRIMARY,YES,YES,abba4bcc6bc3e315c05545e8e304b00e37b7d399,2026-07-30T08:17:58+07:00,dhv5bnmfmh-cmyk,7eaa823f712251797194e6cb1995c9da79ad988a,NO,git:abba4bcc6bc3e315c05545e8e304b00e37b7d399,UNKNOWN,UNKNOWN,UNKNOWN,UNKNOWN,UNKNOWN,UNKNOWN,UNKNOWN,UNKNOWN,UNKNOWN,UNKNOWN,UNKNOWN,UNKNOWN,UNKNOWN,UNKNOWN,UNKNOWN_REVIEW_REQUIRED,UNKNOWN_REVIEW_REQUIRED,UNKNOWN,UNKNOWN,RETIRED_REPLACED,NOT_APPLICABLE_RETIRED,NO_RETIRED,NO_RETIRED,NO,Repository provenance does not establish legal rights. Replaced by PHX-SPECIAL-THE-002; historical repository provenance retained.,,,,,,RETIRED_AFTER_VERIFIED_REPLACEMENT
PHX-VIS-722BAC2724D8,app/assets/images/special-realms/ten-scene/tea-horse-echo-03-clue.webp,tea-horse-echo-03-clue.webp,WEBP,51574,1600,900,932b7f29fa56e06d02b7c8455ea30644c535c0ee663041ad78a6fe33ff0f5a83,bde26389c38687045191d39c8db107460bd267ee,NO,SpecialRealmBackground / all special Journey pages,Special Journey,special:tea-horse-echo,NONE,PRIMARY,YES,YES,abba4bcc6bc3e315c05545e8e304b00e37b7d399,2026-07-30T08:17:58+07:00,dhv5bnmfmh-cmyk,7eaa823f712251797194e6cb1995c9da79ad988a,NO,git:abba4bcc6bc3e315c05545e8e304b00e37b7d399,UNKNOWN,UNKNOWN,UNKNOWN,UNKNOWN,UNKNOWN,UNKNOWN,UNKNOWN,UNKNOWN,UNKNOWN,UNKNOWN,UNKNOWN,UNKNOWN,UNKNOWN,UNKNOWN,UNKNOWN_REVIEW_REQUIRED,UNKNOWN_REVIEW_REQUIRED,UNKNOWN,UNKNOWN,RETIRED_REPLACED,NOT_APPLICABLE_RETIRED,NO_RETIRED,NO_RETIRED,NO,Repository provenance does not establish legal rights. Replaced by PHX-SPECIAL-THE-003; historical repository provenance retained.,,,,,,RETIRED_AFTER_VERIFIED_REPLACEMENT
PHX-VIS-5EE00186E881,app/assets/images/special-realms/ten-scene/tea-horse-echo-04-crossing.webp,tea-horse-echo-04-crossing.webp,WEBP,45482,1600,900,aad78f92c06e5422f7d14f131626f97b27ace58cd2a95990ed66acf1815849eb,91f1bcb322b6dc8bceb55aeb6746e8e5822cd639,NO,SpecialRealmBackground / all special Journey pages,Special Journey,special:tea-horse-echo,NONE,PRIMARY,YES,YES,abba4bcc6bc3e315c05545e8e304b00e37b7d399,2026-07-30T08:17:58+07:00,dhv5bnmfmh-cmyk,7eaa823f712251797194e6cb1995c9da79ad988a,NO,git:abba4bcc6bc3e315c05545e8e304b00e37b7d399,UNKNOWN,UNKNOWN,UNKNOWN,UNKNOWN,UNKNOWN,UNKNOWN,UNKNOWN,UNKNOWN,UNKNOWN,UNKNOWN,UNKNOWN,UNKNOWN,UNKNOWN,UNKNOWN,UNKNOWN_REVIEW_REQUIRED,UNKNOWN_REVIEW_REQUIRED,UNKNOWN,UNKNOWN,RETIRED_REPLACED,NOT_APPLICABLE_RETIRED,NO_RETIRED,NO_RETIRED,NO,Repository provenance does not establish legal rights. Replaced by PHX-SPECIAL-THE-004; historical repository provenance retained.,,,,,,RETIRED_AFTER_VERIFIED_REPLACEMENT
PHX-VIS-15F890C38BB3,app/assets/images/special-realms/ten-scene/tea-horse-echo-05-overlap.webp,tea-horse-echo-05-overlap.webp,WEBP,64330,1600,900,12241109be55692247ae7b5c46f314cc48828d10669c44d57938911c55b3ec8d,2e98a7c9db7bf1e7caf141bf1dccb02f23a7b95c,NO,SpecialRealmBackground / all special Journey pages,Special Journey,special:tea-horse-echo,NONE,PRIMARY,YES,YES,abba4bcc6bc3e315c05545e8e304b00e37b7d399,2026-07-30T08:17:58+07:00,dhv5bnmfmh-cmyk,7eaa823f712251797194e6cb1995c9da79ad988a,NO,git:abba4bcc6bc3e315c05545e8e304b00e37b7d399,UNKNOWN,UNKNOWN,UNKNOWN,UNKNOWN,UNKNOWN,UNKNOWN,UNKNOWN,UNKNOWN,UNKNOWN,UNKNOWN,UNKNOWN,UNKNOWN,UNKNOWN,UNKNOWN,UNKNOWN_REVIEW_REQUIRED,UNKNOWN_REVIEW_REQUIRED,UNKNOWN,UNKNOWN,RETIRED_REPLACED,NOT_APPLICABLE_RETIRED,NO_RETIRED,NO_RETIRED,NO,Repository provenance does not establish legal rights. Replaced by PHX-SPECIAL-THE-005; historical repository provenance retained.,,,,,,RETIRED_AFTER_VERIFIED_REPLACEMENT
PHX-VIS-BE327FD45713,app/assets/images/special-realms/ten-scene/tea-horse-echo-06-storm.webp,tea-horse-echo-06-storm.webp,WEBP,82276,1600,900,e30f0137b052076227b489789bc250e30774027895383200b8562ec3b8e598ac,58ae2ae70d8cc1e1f34c8841524ecb7d89f059e7,NO,SpecialRealmBackground / all special Journey pages,Special Journey,special:tea-horse-echo,NONE,PRIMARY,YES,YES,abba4bcc6bc3e315c05545e8e304b00e37b7d399,2026-07-30T08:17:58+07:00,dhv5bnmfmh-cmyk,7eaa823f712251797194e6cb1995c9da79ad988a,NO,git:abba4bcc6bc3e315c05545e8e304b00e37b7d399,UNKNOWN,UNKNOWN,UNKNOWN,UNKNOWN,UNKNOWN,UNKNOWN,UNKNOWN,UNKNOWN,UNKNOWN,UNKNOWN,UNKNOWN,UNKNOWN,UNKNOWN,UNKNOWN,UNKNOWN_REVIEW_REQUIRED,UNKNOWN_REVIEW_REQUIRED,UNKNOWN,UNKNOWN,RETIRED_REPLACED,NOT_APPLICABLE_RETIRED,NO_RETIRED,NO_RETIRED,NO,Repository provenance does not establish legal rights. Replaced by PHX-SPECIAL-THE-006; historical repository provenance retained.,,,,,,RETIRED_AFTER_VERIFIED_REPLACEMENT
PHX-VIS-81EAE084CA8F,app/assets/images/special-realms/ten-scene/tea-horse-echo-07-memory.webp,tea-horse-echo-07-memory.webp,WEBP,42640,1600,900,34aa90ea148cd1b83cfec50a761a2cada1c4f96f3449a8ad0e3185f6ca106811,85da98950d709848bf795d32813c83b4c8223531,NO,SpecialRealmBackground / all special Journey pages,Special Journey,special:tea-horse-echo,NONE,PRIMARY,YES,YES,abba4bcc6bc3e315c05545e8e304b00e37b7d399,2026-07-30T08:17:58+07:00,dhv5bnmfmh-cmyk,7eaa823f712251797194e6cb1995c9da79ad988a,NO,git:abba4bcc6bc3e315c05545e8e304b00e37b7d399,UNKNOWN,UNKNOWN,UNKNOWN,UNKNOWN,UNKNOWN,UNKNOWN,UNKNOWN,UNKNOWN,UNKNOWN,UNKNOWN,UNKNOWN,UNKNOWN,UNKNOWN,UNKNOWN,UNKNOWN_REVIEW_REQUIRED,UNKNOWN_REVIEW_REQUIRED,UNKNOWN,UNKNOWN,RETIRED_REPLACED,NOT_APPLICABLE_RETIRED,NO_RETIRED,NO_RETIRED,NO,Repository provenance does not establish legal rights. Replaced by PHX-SPECIAL-THE-007; historical repository provenance retained.,,,,,,RETIRED_AFTER_VERIFIED_REPLACEMENT
PHX-VIS-A1638D9DFF98,app/assets/images/special-realms/ten-scene/tea-horse-echo-08-turning.webp,tea-horse-echo-08-turning.webp,WEBP,91738,1600,900,b12743b18616b7ea25987380892a36427e545ddaf22415a0db958a299e106222,7ae4256a5d7e54b64ff1914e0b1e642b639f2095,NO,SpecialRealmBackground / all special Journey pages,Special Journey,special:tea-horse-echo,NONE,PRIMARY,YES,YES,abba4bcc6bc3e315c05545e8e304b00e37b7d399,2026-07-30T08:17:58+07:00,dhv5bnmfmh-cmyk,7eaa823f712251797194e6cb1995c9da79ad988a,NO,git:abba4bcc6bc3e315c05545e8e304b00e37b7d399,UNKNOWN,UNKNOWN,UNKNOWN,UNKNOWN,UNKNOWN,UNKNOWN,UNKNOWN,UNKNOWN,UNKNOWN,UNKNOWN,UNKNOWN,UNKNOWN,UNKNOWN,UNKNOWN,UNKNOWN_REVIEW_REQUIRED,UNKNOWN_REVIEW_REQUIRED,UNKNOWN,UNKNOWN,RETIRED_REPLACED,NOT_APPLICABLE_RETIRED,NO_RETIRED,NO_RETIRED,NO,Repository provenance does not establish legal rights. Replaced by PHX-SPECIAL-THE-008; historical repository provenance retained.,,,,,,RETIRED_AFTER_VERIFIED_REPLACEMENT
PHX-VIS-BCA1B9150581,app/assets/images/special-realms/ten-scene/tea-horse-echo-09-release.webp,tea-horse-echo-09-release.webp,WEBP,69116,1600,900,1c84d451b665b849f6e9c646899fcefe8d1d46f3143072f5da46876bc2a13995,ca4ff5a2930e431b4d5feb5a40bc300baf324914,NO,SpecialRealmBackground / all special Journey pages,Special Journey,special:tea-horse-echo,NONE,PRIMARY,YES,YES,abba4bcc6bc3e315c05545e8e304b00e37b7d399,2026-07-30T08:17:58+07:00,dhv5bnmfmh-cmyk,7eaa823f712251797194e6cb1995c9da79ad988a,NO,git:abba4bcc6bc3e315c05545e8e304b00e37b7d399,UNKNOWN,UNKNOWN,UNKNOWN,UNKNOWN,UNKNOWN,UNKNOWN,UNKNOWN,UNKNOWN,UNKNOWN,UNKNOWN,UNKNOWN,UNKNOWN,UNKNOWN,UNKNOWN,UNKNOWN_REVIEW_REQUIRED,UNKNOWN_REVIEW_REQUIRED,UNKNOWN,UNKNOWN,RETIRED_REPLACED,NOT_APPLICABLE_RETIRED,NO_RETIRED,NO_RETIRED,NO,Repository provenance does not establish legal rights. Replaced by PHX-SPECIAL-THE-009; historical repository provenance retained.,,,,,,RETIRED_AFTER_VERIFIED_REPLACEMENT
PHX-VIS-0D8640EE1D03,app/assets/images/special-realms/ten-scene/tea-horse-echo-10-finale.webp,tea-horse-echo-10-finale.webp,WEBP,83906,1600,900,5484803d53e7a117f8f52ebd9bc98a58a442cbc9cd394583c69eebdb87c8336c,1f0d45d2d2db6292fa9b9f51c22cc1574611eaa9,NO,SpecialRealmBackground / all special Journey pages,Special Journey,special:tea-horse-echo,NONE,PRIMARY,YES,YES,abba4bcc6bc3e315c05545e8e304b00e37b7d399,2026-07-30T08:17:58+07:00,dhv5bnmfmh-cmyk,7eaa823f712251797194e6cb1995c9da79ad988a,NO,git:abba4bcc6bc3e315c05545e8e304b00e37b7d399,UNKNOWN,UNKNOWN,UNKNOWN,UNKNOWN,UNKNOWN,UNKNOWN,UNKNOWN,UNKNOWN,UNKNOWN,UNKNOWN,UNKNOWN,UNKNOWN,UNKNOWN,UNKNOWN,UNKNOWN_REVIEW_REQUIRED,UNKNOWN_REVIEW_REQUIRED,UNKNOWN,UNKNOWN,RETIRED_REPLACED,NOT_APPLICABLE_RETIRED,NO_RETIRED,NO_RETIRED,NO,Repository provenance does not establish legal rights. Replaced by PHX-SPECIAL-THE-010; historical repository provenance retained.,,,,,,RETIRED_AFTER_VERIFIED_REPLACEMENT
PHX-VIS-CF21EE8D1338,app/assets/images/special-realms/ten-scene/tide-letter-01-opening.webp,tide-letter-01-opening.webp,WEBP,63936,1600,900,c8bbb0bd8786a01632ea09cd8d2ba95442f8e23fa716ebc3829b94a52d3ff3cf,e5b6d6b8580c414113041f72ec65ce54cf159e1e,NO,SpecialRealmBackground / all special Journey pages,Special Journey,special:tide-letter,NONE,PRIMARY,YES,YES,abba4bcc6bc3e315c05545e8e304b00e37b7d399,2026-07-30T08:17:58+07:00,dhv5bnmfmh-cmyk,7eaa823f712251797194e6cb1995c9da79ad988a,NO,git:abba4bcc6bc3e315c05545e8e304b00e37b7d399,UNKNOWN,UNKNOWN,UNKNOWN,UNKNOWN,UNKNOWN,UNKNOWN,UNKNOWN,UNKNOWN,UNKNOWN,UNKNOWN,UNKNOWN,UNKNOWN,UNKNOWN,UNKNOWN,UNKNOWN_REVIEW_REQUIRED,UNKNOWN_REVIEW_REQUIRED,UNKNOWN,UNKNOWN,RETIRED_REPLACED,NOT_APPLICABLE_RETIRED,NO_RETIRED,NO_RETIRED,NO,Repository provenance does not establish legal rights. Replaced by PHX-SPECIAL-TDL-001; historical repository provenance retained.,,,,,,RETIRED_AFTER_VERIFIED_REPLACEMENT
PHX-VIS-99B9CC35FE44,app/assets/images/special-realms/ten-scene/tide-letter-02-object.webp,tide-letter-02-object.webp,WEBP,54166,1600,900,4b28221b1e7bffecc11b9d87010c4780101070e07cf0574ab2441a783218fdfe,cab064d7ce840b2785fd041851530c66450b8239,NO,SpecialRealmBackground / all special Journey pages,Special Journey,special:tide-letter,NONE,PRIMARY,YES,YES,abba4bcc6bc3e315c05545e8e304b00e37b7d399,2026-07-30T08:17:58+07:00,dhv5bnmfmh-cmyk,7eaa823f712251797194e6cb1995c9da79ad988a,NO,git:abba4bcc6bc3e315c05545e8e304b00e37b7d399,UNKNOWN,UNKNOWN,UNKNOWN,UNKNOWN,UNKNOWN,UNKNOWN,UNKNOWN,UNKNOWN,UNKNOWN,UNKNOWN,UNKNOWN,UNKNOWN,UNKNOWN,UNKNOWN,UNKNOWN_REVIEW_REQUIRED,UNKNOWN_REVIEW_REQUIRED,UNKNOWN,UNKNOWN,RETIRED_REPLACED,NOT_APPLICABLE_RETIRED,NO_RETIRED,NO_RETIRED,NO,Repository provenance does not establish legal rights. Replaced by PHX-SPECIAL-TDL-002; historical repository provenance retained.,,,,,,RETIRED_AFTER_VERIFIED_REPLACEMENT
PHX-VIS-3CA4D8FB21C9,app/assets/images/special-realms/ten-scene/tide-letter-03-clue.webp,tide-letter-03-clue.webp,WEBP,43546,1600,900,7b09c0366e8828e4ce1b260062396ec3877ec3a23b069893d864a63b19b55961,2e7a50966b81ce87bdc4aa89168cfd2874b303f7,NO,SpecialRealmBackground / all special Journey pages,Special Journey,special:tide-letter,NONE,PRIMARY,YES,YES,abba4bcc6bc3e315c05545e8e304b00e37b7d399,2026-07-30T08:17:58+07:00,dhv5bnmfmh-cmyk,7eaa823f712251797194e6cb1995c9da79ad988a,NO,git:abba4bcc6bc3e315c05545e8e304b00e37b7d399,UNKNOWN,UNKNOWN,UNKNOWN,UNKNOWN,UNKNOWN,UNKNOWN,UNKNOWN,UNKNOWN,UNKNOWN,UNKNOWN,UNKNOWN,UNKNOWN,UNKNOWN,UNKNOWN,UNKNOWN_REVIEW_REQUIRED,UNKNOWN_REVIEW_REQUIRED,UNKNOWN,UNKNOWN,RETIRED_REPLACED,NOT_APPLICABLE_RETIRED,NO_RETIRED,NO_RETIRED,NO,Repository provenance does not establish legal rights. Replaced by PHX-SPECIAL-TDL-003; historical repository provenance retained.,,,,,,RETIRED_AFTER_VERIFIED_REPLACEMENT
PHX-VIS-3F13B8C3DE61,app/assets/images/special-realms/ten-scene/tide-letter-04-crossing.webp,tide-letter-04-crossing.webp,WEBP,39814,1600,900,7e9f0a8c11cdd910b7891bf2ec0b534e7d468ad9e715e0d1ac8726ec069d24e3,8a1cf01c78bf098bd034ba341a9ea0646be88c15,NO,SpecialRealmBackground / all special Journey pages,Special Journey,special:tide-letter,NONE,PRIMARY,YES,YES,abba4bcc6bc3e315c05545e8e304b00e37b7d399,2026-07-30T08:17:58+07:00,dhv5bnmfmh-cmyk,7eaa823f712251797194e6cb1995c9da79ad988a,NO,git:abba4bcc6bc3e315c05545e8e304b00e37b7d399,UNKNOWN,UNKNOWN,UNKNOWN,UNKNOWN,UNKNOWN,UNKNOWN,UNKNOWN,UNKNOWN,UNKNOWN,UNKNOWN,UNKNOWN,UNKNOWN,UNKNOWN,UNKNOWN,UNKNOWN_REVIEW_REQUIRED,UNKNOWN_REVIEW_REQUIRED,UNKNOWN,UNKNOWN,RETIRED_REPLACED,NOT_APPLICABLE_RETIRED,NO_RETIRED,NO_RETIRED,NO,Repository provenance does not establish legal rights. Replaced by PHX-SPECIAL-TDL-004; historical repository provenance retained.,,,,,,RETIRED_AFTER_VERIFIED_REPLACEMENT
PHX-VIS-324FF34A022E,app/assets/images/special-realms/ten-scene/tide-letter-05-overlap.webp,tide-letter-05-overlap.webp,WEBP,57786,1600,900,61368c68ebe835ad44f1991dc2f9b4af8316c6fb2cb9b67d63c7a90832051596,42cb7ae733ecd3fa1d9be387a4b76bb6c3928ec2,NO,SpecialRealmBackground / all special Journey pages,Special Journey,special:tide-letter,NONE,PRIMARY,YES,YES,abba4bcc6bc3e315c05545e8e304b00e37b7d399,2026-07-30T08:17:58+07:00,dhv5bnmfmh-cmyk,7eaa823f712251797194e6cb1995c9da79ad988a,NO,git:abba4bcc6bc3e315c05545e8e304b00e37b7d399,UNKNOWN,UNKNOWN,UNKNOWN,UNKNOWN,UNKNOWN,UNKNOWN,UNKNOWN,UNKNOWN,UNKNOWN,UNKNOWN,UNKNOWN,UNKNOWN,UNKNOWN,UNKNOWN,UNKNOWN_REVIEW_REQUIRED,UNKNOWN_REVIEW_REQUIRED,UNKNOWN,UNKNOWN,RETIRED_REPLACED,NOT_APPLICABLE_RETIRED,NO_RETIRED,NO_RETIRED,NO,Repository provenance does not establish legal rights. Replaced by PHX-SPECIAL-TDL-005; historical repository provenance retained.,,,,,,RETIRED_AFTER_VERIFIED_REPLACEMENT
PHX-VIS-FF780DA47ABA,app/assets/images/special-realms/ten-scene/tide-letter-06-storm.webp,tide-letter-06-storm.webp,WEBP,46472,1600,900,86b76782550964e0d48409f676e79f4297e1866835b43470919268302d3003d7,4794b370a3f4f75fb6a2329fb23090f642c24551,NO,SpecialRealmBackground / all special Journey pages,Special Journey,special:tide-letter,NONE,PRIMARY,YES,YES,abba4bcc6bc3e315c05545e8e304b00e37b7d399,2026-07-30T08:17:58+07:00,dhv5bnmfmh-cmyk,7eaa823f712251797194e6cb1995c9da79ad988a,NO,git:abba4bcc6bc3e315c05545e8e304b00e37b7d399,UNKNOWN,UNKNOWN,UNKNOWN,UNKNOWN,UNKNOWN,UNKNOWN,UNKNOWN,UNKNOWN,UNKNOWN,UNKNOWN,UNKNOWN,UNKNOWN,UNKNOWN,UNKNOWN,UNKNOWN_REVIEW_REQUIRED,UNKNOWN_REVIEW_REQUIRED,UNKNOWN,UNKNOWN,RETIRED_REPLACED,NOT_APPLICABLE_RETIRED,NO_RETIRED,NO_RETIRED,NO,Repository provenance does not establish legal rights. Replaced by PHX-SPECIAL-TDL-006; historical repository provenance retained.,,,,,,RETIRED_AFTER_VERIFIED_REPLACEMENT
PHX-VIS-4352336C6392,app/assets/images/special-realms/ten-scene/tide-letter-07-memory.webp,tide-letter-07-memory.webp,WEBP,68562,1600,900,70ba0dbc538e4ba7b5c4b67213878afa2c60c8ad0b7de2ae85062caa68aee807,fd8cd98275c1f61f185fb0787f2fda84d80956dc,NO,SpecialRealmBackground / all special Journey pages,Special Journey,special:tide-letter,NONE,PRIMARY,YES,YES,abba4bcc6bc3e315c05545e8e304b00e37b7d399,2026-07-30T08:17:58+07:00,dhv5bnmfmh-cmyk,7eaa823f712251797194e6cb1995c9da79ad988a,NO,git:abba4bcc6bc3e315c05545e8e304b00e37b7d399,UNKNOWN,UNKNOWN,UNKNOWN,UNKNOWN,UNKNOWN,UNKNOWN,UNKNOWN,UNKNOWN,UNKNOWN,UNKNOWN,UNKNOWN,UNKNOWN,UNKNOWN,UNKNOWN,UNKNOWN_REVIEW_REQUIRED,UNKNOWN_REVIEW_REQUIRED,UNKNOWN,UNKNOWN,RETIRED_REPLACED,NOT_APPLICABLE_RETIRED,NO_RETIRED,NO_RETIRED,NO,Repository provenance does not establish legal rights. Replaced by PHX-SPECIAL-TDL-007; historical repository provenance retained.,,,,,,RETIRED_AFTER_VERIFIED_REPLACEMENT
PHX-VIS-3921C4AA8139,app/assets/images/special-realms/ten-scene/tide-letter-08-turning.webp,tide-letter-08-turning.webp,WEBP,46630,1600,900,71b0efd456aacefe89ed65f9fa2a791d32df9f6ff6e75a8f3f1b9771fc2443b6,1dffc2c283701cfc8f9ef3ea727b660145d8e1a6,NO,SpecialRealmBackground / all special Journey pages,Special Journey,special:tide-letter,NONE,PRIMARY,YES,YES,abba4bcc6bc3e315c05545e8e304b00e37b7d399,2026-07-30T08:17:58+07:00,dhv5bnmfmh-cmyk,7eaa823f712251797194e6cb1995c9da79ad988a,NO,git:abba4bcc6bc3e315c05545e8e304b00e37b7d399,UNKNOWN,UNKNOWN,UNKNOWN,UNKNOWN,UNKNOWN,UNKNOWN,UNKNOWN,UNKNOWN,UNKNOWN,UNKNOWN,UNKNOWN,UNKNOWN,UNKNOWN,UNKNOWN,UNKNOWN_REVIEW_REQUIRED,UNKNOWN_REVIEW_REQUIRED,UNKNOWN,UNKNOWN,RETIRED_REPLACED,NOT_APPLICABLE_RETIRED,NO_RETIRED,NO_RETIRED,NO,Repository provenance does not establish legal rights. Replaced by PHX-SPECIAL-TDL-008; historical repository provenance retained.,,,,,,RETIRED_AFTER_VERIFIED_REPLACEMENT
PHX-VIS-7891FCA67850,app/assets/images/special-realms/ten-scene/tide-letter-09-release.webp,tide-letter-09-release.webp,WEBP,29718,1600,900,ad04e9f5bae924c68518e879d2157e3ffa6a860069bac529e779c82a45111a7e,358e67b3927a08941da6207220384b05810b4590,NO,SpecialRealmBackground / all special Journey pages,Special Journey,special:tide-letter,NONE,PRIMARY,YES,YES,abba4bcc6bc3e315c05545e8e304b00e37b7d399,2026-07-30T08:17:58+07:00,dhv5bnmfmh-cmyk,7eaa823f712251797194e6cb1995c9da79ad988a,NO,git:abba4bcc6bc3e315c05545e8e304b00e37b7d399,UNKNOWN,UNKNOWN,UNKNOWN,UNKNOWN,UNKNOWN,UNKNOWN,UNKNOWN,UNKNOWN,UNKNOWN,UNKNOWN,UNKNOWN,UNKNOWN,UNKNOWN,UNKNOWN,UNKNOWN_REVIEW_REQUIRED,UNKNOWN_REVIEW_REQUIRED,UNKNOWN,UNKNOWN,RETIRED_REPLACED,NOT_APPLICABLE_RETIRED,NO_RETIRED,NO_RETIRED,NO,Repository provenance does not establish legal rights. Replaced by PHX-SPECIAL-TDL-009; historical repository provenance retained.,,,,,,RETIRED_AFTER_VERIFIED_REPLACEMENT
PHX-VIS-E82F35EEE9EF,app/assets/images/special-realms/ten-scene/tide-letter-10-finale.webp,tide-letter-10-finale.webp,WEBP,52950,1600,900,f84340de078c67529dadd93dd5eca86afeb863f2a6f52d538a59f2706524bfc4,76331fbd3b45d87039e08bb3cd6fe6784c7b817d,NO,SpecialRealmBackground / all special Journey pages,Special Journey,special:tide-letter,NONE,PRIMARY,YES,YES,abba4bcc6bc3e315c05545e8e304b00e37b7d399,2026-07-30T08:17:58+07:00,dhv5bnmfmh-cmyk,7eaa823f712251797194e6cb1995c9da79ad988a,NO,git:abba4bcc6bc3e315c05545e8e304b00e37b7d399,UNKNOWN,UNKNOWN,UNKNOWN,UNKNOWN,UNKNOWN,UNKNOWN,UNKNOWN,UNKNOWN,UNKNOWN,UNKNOWN,UNKNOWN,UNKNOWN,UNKNOWN,UNKNOWN,UNKNOWN_REVIEW_REQUIRED,UNKNOWN_REVIEW_REQUIRED,UNKNOWN,UNKNOWN,RETIRED_REPLACED,NOT_APPLICABLE_RETIRED,NO_RETIRED,NO_RETIRED,NO,Repository provenance does not establish legal rights. Replaced by PHX-SPECIAL-TDL-010; historical repository provenance retained.,,,,,,RETIRED_AFTER_VERIFIED_REPLACEMENT
PHX-VIS-89EF34111E32,app/assets/images/special-realms/ten-scene/upstream-lantern-02.webp,upstream-lantern-02.webp,WEBP,141256,900,1600,ae949ccd66c7f22e50ef9dbaf29212962a90e431f4dc1706dc2261b73b4fa0ff,d62a1b4417e8742199d0bbce693fa36f642b5ca7,NO,SpecialRealmBackground / all special Journey pages,Special Journey,special:folk-secret-land,NONE,PRIMARY,YES,YES,ccd848979f8f86196c11e5d692f3f437cd76c7de,2026-07-27T19:37:57+07:00,dhv5bnmfmh-cmyk,7eaa823f712251797194e6cb1995c9da79ad988a,NO,git:ccd848979f8f86196c11e5d692f3f437cd76c7de,UNKNOWN,UNKNOWN,UNKNOWN,UNKNOWN,UNKNOWN,UNKNOWN,UNKNOWN,UNKNOWN,UNKNOWN,UNKNOWN,UNKNOWN,UNKNOWN,UNKNOWN,UNKNOWN,UNKNOWN_REVIEW_REQUIRED,UNKNOWN_REVIEW_REQUIRED,UNKNOWN,UNKNOWN,RETIRED_REPLACED,NOT_APPLICABLE_RETIRED,NO_RETIRED,NO_RETIRED,NO,Repository provenance does not establish legal rights. Replaced by PHX-SPECIAL-FSL-002; historical repository provenance retained.,,,,,,RETIRED_AFTER_VERIFIED_REPLACEMENT
PHX-VIS-CCD4B8B3EE74,app/assets/images/special-realms/ten-scene/upstream-lantern-03.webp,upstream-lantern-03.webp,WEBP,116232,900,1600,95408d6ac340e2599737f51dd9c1c3a8645301c44133a6123817d328e0ee6ce0,bde0166a6a65391c8f2031b812936fbdf6e7cd1b,NO,SpecialRealmBackground / all special Journey pages,Special Journey,special:folk-secret-land,NONE,PRIMARY,YES,YES,ccd848979f8f86196c11e5d692f3f437cd76c7de,2026-07-27T19:37:57+07:00,dhv5bnmfmh-cmyk,7eaa823f712251797194e6cb1995c9da79ad988a,NO,git:ccd848979f8f86196c11e5d692f3f437cd76c7de,UNKNOWN,UNKNOWN,UNKNOWN,UNKNOWN,UNKNOWN,UNKNOWN,UNKNOWN,UNKNOWN,UNKNOWN,UNKNOWN,UNKNOWN,UNKNOWN,UNKNOWN,UNKNOWN,UNKNOWN_REVIEW_REQUIRED,UNKNOWN_REVIEW_REQUIRED,UNKNOWN,UNKNOWN,RETIRED_REPLACED,NOT_APPLICABLE_RETIRED,NO_RETIRED,NO_RETIRED,NO,Repository provenance does not establish legal rights. Replaced by PHX-SPECIAL-FSL-003; historical repository provenance retained.,,,,,,RETIRED_AFTER_VERIFIED_REPLACEMENT
PHX-VIS-8B798642BA7A,app/assets/images/special-realms/ten-scene/upstream-lantern-04.webp,upstream-lantern-04.webp,WEBP,84828,900,1600,2270c8a99fb7163640cee4cb9d39b0c9111a24e3f904824a365c66e15717656c,5d2d1d172dfdfc43a1dc1b6b8e67a3cc95c3a916,NO,SpecialRealmBackground / all special Journey pages,Special Journey,special:folk-secret-land,NONE,PRIMARY,YES,YES,ccd848979f8f86196c11e5d692f3f437cd76c7de,2026-07-27T19:37:57+07:00,dhv5bnmfmh-cmyk,7eaa823f712251797194e6cb1995c9da79ad988a,NO,git:ccd848979f8f86196c11e5d692f3f437cd76c7de,UNKNOWN,UNKNOWN,UNKNOWN,UNKNOWN,UNKNOWN,UNKNOWN,UNKNOWN,UNKNOWN,UNKNOWN,UNKNOWN,UNKNOWN,UNKNOWN,UNKNOWN,UNKNOWN,UNKNOWN_REVIEW_REQUIRED,UNKNOWN_REVIEW_REQUIRED,UNKNOWN,UNKNOWN,RETIRED_REPLACED,NOT_APPLICABLE_RETIRED,NO_RETIRED,NO_RETIRED,NO,Repository provenance does not establish legal rights. Replaced by PHX-SPECIAL-FSL-004; historical repository provenance retained.,,,,,,RETIRED_AFTER_VERIFIED_REPLACEMENT
PHX-VIS-8D07E23048B4,app/assets/images/special-realms/ten-scene/upstream-lantern-05.webp,upstream-lantern-05.webp,WEBP,112186,900,1600,cf1bcc990c10cbe4850acf79dd8b4afd5b66054f6e532d0e73764fe2d48da174,b111e59660ee3390d70c94aea23f44ccca00fd89,NO,SpecialRealmBackground / all special Journey pages,Special Journey,special:folk-secret-land,NONE,PRIMARY,YES,YES,ccd848979f8f86196c11e5d692f3f437cd76c7de,2026-07-27T19:37:57+07:00,dhv5bnmfmh-cmyk,7eaa823f712251797194e6cb1995c9da79ad988a,NO,git:ccd848979f8f86196c11e5d692f3f437cd76c7de,UNKNOWN,UNKNOWN,UNKNOWN,UNKNOWN,UNKNOWN,UNKNOWN,UNKNOWN,UNKNOWN,UNKNOWN,UNKNOWN,UNKNOWN,UNKNOWN,UNKNOWN,UNKNOWN,UNKNOWN_REVIEW_REQUIRED,UNKNOWN_REVIEW_REQUIRED,UNKNOWN,UNKNOWN,RETIRED_REPLACED,NOT_APPLICABLE_RETIRED,NO_RETIRED,NO_RETIRED,NO,Repository provenance does not establish legal rights. Replaced by PHX-SPECIAL-FSL-005; historical repository provenance retained.,,,,,,RETIRED_AFTER_VERIFIED_REPLACEMENT
PHX-VIS-C09F83CF71EB,app/assets/images/special-realms/ten-scene/upstream-lantern-06.webp,upstream-lantern-06.webp,WEBP,134638,900,1600,712571649c38d8d5e26983b7d588155167bff34ff1afa6b796e304264d28c7cc,5f09a5a1b1e4d56ee9693e6a2a3520678ad2ac7b,NO,SpecialRealmBackground / all special Journey pages,Special Journey,special:folk-secret-land,NONE,PRIMARY,YES,YES,ccd848979f8f86196c11e5d692f3f437cd76c7de,2026-07-27T19:37:57+07:00,dhv5bnmfmh-cmyk,7eaa823f712251797194e6cb1995c9da79ad988a,NO,git:ccd848979f8f86196c11e5d692f3f437cd76c7de,UNKNOWN,UNKNOWN,UNKNOWN,UNKNOWN,UNKNOWN,UNKNOWN,UNKNOWN,UNKNOWN,UNKNOWN,UNKNOWN,UNKNOWN,UNKNOWN,UNKNOWN,UNKNOWN,UNKNOWN_REVIEW_REQUIRED,UNKNOWN_REVIEW_REQUIRED,UNKNOWN,UNKNOWN,RETIRED_REPLACED,NOT_APPLICABLE_RETIRED,NO_RETIRED,NO_RETIRED,NO,Repository provenance does not establish legal rights. Replaced by PHX-SPECIAL-FSL-006; historical repository provenance retained.,,,,,,RETIRED_AFTER_VERIFIED_REPLACEMENT
PHX-VIS-59EC341AC2FB,app/assets/images/special-realms/ten-scene/upstream-lantern-07.webp,upstream-lantern-07.webp,WEBP,120410,900,1600,e0399e0ee63738b8fc8a3a064603c67e47327e33965eea0d2c2e14d5bdf067e8,41aedbb57d260f9a215b1ae8bb4908c7fcec5a46,NO,SpecialRealmBackground / all special Journey pages,Special Journey,special:folk-secret-land,NONE,PRIMARY,YES,YES,ccd848979f8f86196c11e5d692f3f437cd76c7de,2026-07-27T19:37:57+07:00,dhv5bnmfmh-cmyk,7eaa823f712251797194e6cb1995c9da79ad988a,NO,git:ccd848979f8f86196c11e5d692f3f437cd76c7de,UNKNOWN,UNKNOWN,UNKNOWN,UNKNOWN,UNKNOWN,UNKNOWN,UNKNOWN,UNKNOWN,UNKNOWN,UNKNOWN,UNKNOWN,UNKNOWN,UNKNOWN,UNKNOWN,UNKNOWN_REVIEW_REQUIRED,UNKNOWN_REVIEW_REQUIRED,UNKNOWN,UNKNOWN,RETIRED_REPLACED,NOT_APPLICABLE_RETIRED,NO_RETIRED,NO_RETIRED,NO,Repository provenance does not establish legal rights. Replaced by PHX-SPECIAL-FSL-007; historical repository provenance retained.,,,,,,RETIRED_AFTER_VERIFIED_REPLACEMENT
PHX-VIS-F5C3ED99BED3,app/assets/images/special-realms/ten-scene/upstream-lantern-08.webp,upstream-lantern-08.webp,WEBP,77100,900,1600,003cdc6f7022fb82c711832d199cafdb7d5bcf558f2d2c87db16bb0daacdc503,75f81529d109fc09e9120d8bbe15e607f5906363,NO,SpecialRealmBackground / all special Journey pages,Special Journey,special:folk-secret-land,NONE,PRIMARY,YES,YES,ccd848979f8f86196c11e5d692f3f437cd76c7de,2026-07-27T19:37:57+07:00,dhv5bnmfmh-cmyk,7eaa823f712251797194e6cb1995c9da79ad988a,NO,git:ccd848979f8f86196c11e5d692f3f437cd76c7de,UNKNOWN,UNKNOWN,UNKNOWN,UNKNOWN,UNKNOWN,UNKNOWN,UNKNOWN,UNKNOWN,UNKNOWN,UNKNOWN,UNKNOWN,UNKNOWN,UNKNOWN,UNKNOWN,UNKNOWN_REVIEW_REQUIRED,UNKNOWN_REVIEW_REQUIRED,UNKNOWN,UNKNOWN,RETIRED_REPLACED,NOT_APPLICABLE_RETIRED,NO_RETIRED,NO_RETIRED,NO,Repository provenance does not establish legal rights. Replaced by PHX-SPECIAL-FSL-008; historical repository provenance retained.,,,,,,RETIRED_AFTER_VERIFIED_REPLACEMENT
PHX-VIS-56AF3682052A,app/assets/images/special-realms/ten-scene/upstream-lantern-09.webp,upstream-lantern-09.webp,WEBP,130336,900,1600,17536d51124560f8e127badae32fef96ce45f6bd6d6804648ac852339bc16ae5,e8fca725b74348eb745c16bb3b02e751f51e3e59,NO,SpecialRealmBackground / all special Journey pages,Special Journey,special:folk-secret-land,NONE,PRIMARY,YES,YES,ccd848979f8f86196c11e5d692f3f437cd76c7de,2026-07-27T19:37:57+07:00,dhv5bnmfmh-cmyk,7eaa823f712251797194e6cb1995c9da79ad988a,NO,git:ccd848979f8f86196c11e5d692f3f437cd76c7de,UNKNOWN,UNKNOWN,UNKNOWN,UNKNOWN,UNKNOWN,UNKNOWN,UNKNOWN,UNKNOWN,UNKNOWN,UNKNOWN,UNKNOWN,UNKNOWN,UNKNOWN,UNKNOWN,UNKNOWN_REVIEW_REQUIRED,UNKNOWN_REVIEW_REQUIRED,UNKNOWN,UNKNOWN,RETIRED_REPLACED,NOT_APPLICABLE_RETIRED,NO_RETIRED,NO_RETIRED,NO,Repository provenance does not establish legal rights. Replaced by PHX-SPECIAL-FSL-009; historical repository provenance retained.,,,,,,RETIRED_AFTER_VERIFIED_REPLACEMENT
PHX-VIS-05F4A6CA5FF7,app/assets/images/special-realms/ten-scene/upstream-lantern-10.webp,upstream-lantern-10.webp,WEBP,158934,900,1600,9697912c5990b1bd9833738cbd72ccef821024e25c3d60df8d05ba109b8dd907,d03a652a1a6c473b81a39e6ab2b31b2775ef8664,NO,SpecialRealmBackground / all special Journey pages,Special Journey,special:folk-secret-land,NONE,PRIMARY,YES,YES,ccd848979f8f86196c11e5d692f3f437cd76c7de,2026-07-27T19:37:57+07:00,dhv5bnmfmh-cmyk,7eaa823f712251797194e6cb1995c9da79ad988a,NO,git:ccd848979f8f86196c11e5d692f3f437cd76c7de,UNKNOWN,UNKNOWN,UNKNOWN,UNKNOWN,UNKNOWN,UNKNOWN,UNKNOWN,UNKNOWN,UNKNOWN,UNKNOWN,UNKNOWN,UNKNOWN,UNKNOWN,UNKNOWN,UNKNOWN_REVIEW_REQUIRED,UNKNOWN_REVIEW_REQUIRED,UNKNOWN,UNKNOWN,RETIRED_REPLACED,NOT_APPLICABLE_RETIRED,NO_RETIRED,NO_RETIRED,NO,Repository provenance does not establish legal rights. Replaced by PHX-SPECIAL-FSL-010; historical repository provenance retained.,,,,,,RETIRED_AFTER_VERIFIED_REPLACEMENT
PHX-VIS-CA8EF2CC5390,app/assets/images/special-realms/upstream-lantern-v3.webp,upstream-lantern-v3.webp,WEBP,192898,900,1600,994937a96e29fa021c9fd54d0f5b5641cecd4742416b9edacb125730977f5629,4da2ddb88b7d587656423ad55377fd09a7d75476,NO,SpecialRealmBackground / all special Journey pages,Special Journey,special:folk-secret-land,NONE,PRIMARY,YES,YES,ccd848979f8f86196c11e5d692f3f437cd76c7de,2026-07-27T19:37:57+07:00,dhv5bnmfmh-cmyk,7eaa823f712251797194e6cb1995c9da79ad988a,NO,git:ccd848979f8f86196c11e5d692f3f437cd76c7de,UNKNOWN,UNKNOWN,UNKNOWN,UNKNOWN,UNKNOWN,UNKNOWN,UNKNOWN,UNKNOWN,UNKNOWN,UNKNOWN,UNKNOWN,UNKNOWN,UNKNOWN,UNKNOWN,UNKNOWN_REVIEW_REQUIRED,UNKNOWN_REVIEW_REQUIRED,UNKNOWN,UNKNOWN,RETIRED_REPLACED,NOT_APPLICABLE_RETIRED,NO_RETIRED,NO_RETIRED,NO,Repository provenance does not establish legal rights. Replaced by PHX-SPECIAL-FSL-001; historical repository provenance retained.,,,,,,RETIRED_AFTER_VERIFIED_REPLACEMENT
PHX-VIS-ADF490C837B1,app/web/favicon.svg,favicon.svg,SVG,381,64,64,3399908e1faeede69d53a2324897adb6fd32c95fc79ba651d6bfbd8061c3a832,7d5f175045142f16c60756bca06f0a931f6559e0,NO,Global runtime or web manifest reference,Icon,global:web-icons,NONE,PRIMARY,YES,YES,ccd848979f8f86196c11e5d692f3f437cd76c7de,2026-07-27T19:37:57+07:00,dhv5bnmfmh-cmyk,7eaa823f712251797194e6cb1995c9da79ad988a,NO,git:ccd848979f8f86196c11e5d692f3f437cd76c7de,UNKNOWN,UNKNOWN,UNKNOWN,UNKNOWN,UNKNOWN,UNKNOWN,UNKNOWN,UNKNOWN,UNKNOWN,UNKNOWN,UNKNOWN,UNKNOWN,UNKNOWN,UNKNOWN,UNKNOWN_REVIEW_REQUIRED,UNKNOWN_REVIEW_REQUIRED,UNKNOWN,UNKNOWN,RETIRED_REPLACED,NOT_APPLICABLE_RETIRED,NO_RETIRED,NO_RETIRED,NO,Repository provenance does not establish legal rights. Replaced by PHX-GLOBAL-ICON-064-001; historical repository provenance retained.,,,,,,RETIRED_AFTER_VERIFIED_REPLACEMENT
PHX-VIS-B815913409E6,app/web/icons/Icon-192.svg,Icon-192.svg,SVG,466,192,192,5655cfb22f62f62abff970bbad6540f20ad21f34dd7c3dbd4617ae3ed9983c21,785a6aa2deec0434399b8d571f0b00c17b0ecc2f,NO,Global runtime or web manifest reference,Icon,global:web-icons,NONE,PRIMARY,YES,YES,ccd848979f8f86196c11e5d692f3f437cd76c7de,2026-07-27T19:37:57+07:00,dhv5bnmfmh-cmyk,7eaa823f712251797194e6cb1995c9da79ad988a,NO,git:ccd848979f8f86196c11e5d692f3f437cd76c7de,UNKNOWN,UNKNOWN,UNKNOWN,UNKNOWN,UNKNOWN,UNKNOWN,UNKNOWN,UNKNOWN,UNKNOWN,UNKNOWN,UNKNOWN,UNKNOWN,UNKNOWN,UNKNOWN,UNKNOWN_REVIEW_REQUIRED,UNKNOWN_REVIEW_REQUIRED,UNKNOWN,UNKNOWN,RETIRED_REPLACED,NOT_APPLICABLE_RETIRED,NO_RETIRED,NO_RETIRED,NO,Repository provenance does not establish legal rights. Replaced by PHX-GLOBAL-ICON-192-001; historical repository provenance retained.,,,,,,RETIRED_AFTER_VERIFIED_REPLACEMENT
PHX-VIS-0D96454BBEE1,app/web/icons/Icon-512.svg,Icon-512.svg,SVG,466,512,512,452015254fe0f356d4416a8e743be935e3392f3f5d973e333b98a7cf943f823a,8da60f646bb943dbdcaaa8a337f1fc282d922405,NO,Global runtime or web manifest reference,Icon,global:web-icons,NONE,PRIMARY,YES,YES,ccd848979f8f86196c11e5d692f3f437cd76c7de,2026-07-27T19:37:57+07:00,dhv5bnmfmh-cmyk,7eaa823f712251797194e6cb1995c9da79ad988a,NO,git:ccd848979f8f86196c11e5d692f3f437cd76c7de,UNKNOWN,UNKNOWN,UNKNOWN,UNKNOWN,UNKNOWN,UNKNOWN,UNKNOWN,UNKNOWN,UNKNOWN,UNKNOWN,UNKNOWN,UNKNOWN,UNKNOWN,UNKNOWN,UNKNOWN_REVIEW_REQUIRED,UNKNOWN_REVIEW_REQUIRED,UNKNOWN,UNKNOWN,RETIRED_REPLACED,NOT_APPLICABLE_RETIRED,NO_RETIRED,NO_RETIRED,NO,Repository provenance does not establish legal rights. Replaced by PHX-GLOBAL-ICON-512-001; historical repository provenance retained.,,,,,,RETIRED_AFTER_VERIFIED_REPLACEMENT
PHX-VIS-A2F88226258B,app/web/launch-phoenix-cover.webp,launch-phoenix-cover.webp,WEBP,116482,853,1844,8e2cf3e8d51afbd5b2e08cbeb06870437563cea18f8e41577a54cb1b37cbc51a,7c0487ae83264d15444c5160ff0edba3359e034d,NO,Bundled asset; no runtime reference found,Splash,global:launch,app/assets/images/phoenix-launch-cover.webp,EXACT_DUPLICATE,YES,YES,ef599c489b0565bf673b9fbb0776968fa448c09d,2026-07-29T07:26:32+07:00,dhv5bnmfmh-cmyk,7eaa823f712251797194e6cb1995c9da79ad988a,NO,git:ef599c489b0565bf673b9fbb0776968fa448c09d,UNKNOWN,UNKNOWN,UNKNOWN,UNKNOWN,UNKNOWN,UNKNOWN,UNKNOWN,UNKNOWN,UNKNOWN,UNKNOWN,UNKNOWN,UNKNOWN,UNKNOWN,UNKNOWN,UNKNOWN_REVIEW_REQUIRED,UNKNOWN_REVIEW_REQUIRED,UNKNOWN,UNKNOWN,EVIDENCE_MISSING,creation method;source/master;creator;tool and model;prompt;input asset rights;commercial account evidence;terms;license;reviewer identity;review date,NO,NO,NO_PENDING_EVIDENCE_RECOVERY,Repository provenance does not establish legal rights.,,,,,,
PHX-NONVIS-PLACEHOLDER,app/assets/images/.gitkeep,.gitkeep,PLACEHOLDER,0,NOT_APPLICABLE,NOT_APPLICABLE,e3b0c44298fc1c149afbf4c8996fb92427ae41e4649b934ca495991b7852b855,e69de29bb2d1d6434b8b29ae775ad8c2e48c5391,NO,NOT_APPLICABLE,Other,repository:placeholder,NONE,NOT_APPLICABLE,NO,YES,ccd848979f8f86196c11e5d692f3f437cd76c7de,2026-07-27T19:37:57+07:00,dhv5bnmfmh-cmyk,7eaa823f712251797194e6cb1995c9da79ad988a,YES,design/ASSET_REGISTER.csv,self-created,UNKNOWN,UNKNOWN,UNKNOWN,UNKNOWN,UNKNOWN,UNKNOWN,NOT_APPLICABLE,NOT_APPLICABLE,NOT_APPLICABLE,NOT_APPLICABLE,owned,NOT_APPLICABLE,NOT_APPLICABLE,NOT_APPLICABLE,NOT_APPLICABLE,NOT_APPLICABLE,UNKNOWN,UNKNOWN,PROGRAMMATIC_ORIGINAL,NONE,NOT_APPLICABLE,NOT_APPLICABLE,NO,Preserved legacy fields: description=placeholder;review_status=approved. Non-visual placeholder excluded from visual evidence totals.,,,,,
PHX-GLOBAL-HOME-001,app/assets/images/home/phoenix-home-journey-keyart-portrait-v1.webp,phoenix-home-journey-keyart-portrait-v1.webp,WEBP,12688,864,1536,5a7bd9a830c71a6ce3e3102461f4180bc7958f738c661dd4e6334ce9384b25ac,b53f663ae65b9173a970545123e3b9c56e72d6fe,YES,Global Explore Home,Home,programmatic:global-critical-v1:phx-global-home-001,NONE,PRIMARY,NO,NO,PHASE1_REMOTE_CHECKPOINT,2026-08-01,Phoenix Visual Architecture,PHASE1_REMOTE_CHECKPOINT,NO,design/evidence/GLOBAL_CRITICAL_V1_EVIDENCE.md,PROGRAMMATIC_ORIGINAL_LOCAL_SVG,Phoenix local editable SVG master,Phoenix Visual Architecture under user-authorized controlled execution,Repository Node.js generator; Inkscape 1.2.2; ImageMagick 6.9.11-60,NOT_APPLICABLE,NOT_APPLICABLE,design/evidence/GLOBAL_CRITICAL_V1_EVIDENCE.md,NOT_APPLICABLE — no input assets,NOT_APPLICABLE,NOT_APPLICABLE — no external service or licensed input,Phoenix project-owned original,NOT_APPLICABLE,ALLOWED_BY_PROJECT_OWNER,ALLOWED_BY_PROJECT_OWNER,REVIEWED_NONE,REVIEWED_NONE,Phoenix Visual Architecture,2026-08-01,EVIDENCE_COMPLETE,NOT_APPLICABLE,YES_ASSET_ONLY_LIBRARY_BLOCKED,YES_ASSET_ONLY_LIBRARY_BLOCKED,NO,"Original local primitive geometry; no external disclosure, service, dataset, icon library, trademark, likeness, or third-party input. Whole-library rights approval remains blocked.",design/sources/global-critical-v1/phoenix-home-journey-keyart-portrait-v1.svg,design/sources/global-critical-v1/phoenix-home-journey-keyart-portrait-v1.svg,BoxFit.cover across phone/tablet,Explore gradient errorBuilder,Home camera stops at fixed phase,ALL_14_GATES_PASSED_REMOTE_CI_SUCCESS
PHX-GLOBAL-MAP-WORLD-001,app/assets/images/maps/phoenix-world-route-atlas-landscape-v1.webp,phoenix-world-route-atlas-landscape-v1.webp,WEBP,14430,1333,941,9c605f65d2fe9e48b3c98f7934641f8fb88374638e0a2670e92f1ad0760181c0,4c13f46557ffdec988fa77c4ff9f7786bf3c0f07,YES,Explore flight / Passport continent,Map,programmatic:global-critical-v1:phx-global-map-world-001,NONE,PRIMARY,NO,NO,PHASE1_REMOTE_CHECKPOINT,2026-08-01,Phoenix Visual Architecture,PHASE1_REMOTE_CHECKPOINT,NO,design/evidence/GLOBAL_CRITICAL_V1_EVIDENCE.md,PROGRAMMATIC_ORIGINAL_LOCAL_SVG,Phoenix local editable SVG master,Phoenix Visual Architecture under user-authorized controlled execution,Repository Node.js generator; Inkscape 1.2.2; ImageMagick 6.9.11-60,NOT_APPLICABLE,NOT_APPLICABLE,design/evidence/GLOBAL_CRITICAL_V1_EVIDENCE.md,NOT_APPLICABLE — no input assets,NOT_APPLICABLE,NOT_APPLICABLE — no external service or licensed input,Phoenix project-owned original,NOT_APPLICABLE,ALLOWED_BY_PROJECT_OWNER,ALLOWED_BY_PROJECT_OWNER,REVIEWED_NONE,REVIEWED_NONE,Phoenix Visual Architecture,2026-08-01,EVIDENCE_COMPLETE,NOT_APPLICABLE,YES_ASSET_ONLY_LIBRARY_BLOCKED,YES_ASSET_ONLY_LIBRARY_BLOCKED,NO,"Original local primitive geometry; no external disclosure, service, dataset, icon library, trademark, likeness, or third-party input. Whole-library rights approval remains blocked.",design/sources/global-critical-v1/phoenix-world-route-atlas-landscape-v1.svg,design/sources/global-critical-v1/phoenix-world-route-atlas-landscape-v1.svg,cover in Explore; contain in Passport,_FlightMapFallback / passport gradient,Flutter route animation stops,ALL_14_GATES_PASSED_REMOTE_CI_SUCCESS
PHX-GLOBAL-MAP-ASIA-001,app/assets/images/maps/phoenix-east-asia-route-atlas-landscape-v1.webp,phoenix-east-asia-route-atlas-landscape-v1.webp,WEBP,9522,1672,941,b40da21aa1ad857a7862831e213d56cb073fe590034dc488b2d8eca3303175b7,82c8a843262c28600bf3ecfdb30537d1558d7f2f,YES,Explore destination flight / Passport Asia,Map,programmatic:global-critical-v1:phx-global-map-asia-001,NONE,PRIMARY,NO,NO,PHASE1_REMOTE_CHECKPOINT,2026-08-01,Phoenix Visual Architecture,PHASE1_REMOTE_CHECKPOINT,NO,design/evidence/GLOBAL_CRITICAL_V1_EVIDENCE.md,PROGRAMMATIC_ORIGINAL_LOCAL_SVG,Phoenix local editable SVG master,Phoenix Visual Architecture under user-authorized controlled execution,Repository Node.js generator; Inkscape 1.2.2; ImageMagick 6.9.11-60,NOT_APPLICABLE,NOT_APPLICABLE,design/evidence/GLOBAL_CRITICAL_V1_EVIDENCE.md,NOT_APPLICABLE — no input assets,NOT_APPLICABLE,NOT_APPLICABLE — no external service or licensed input,Phoenix project-owned original,NOT_APPLICABLE,ALLOWED_BY_PROJECT_OWNER,ALLOWED_BY_PROJECT_OWNER,REVIEWED_NONE,REVIEWED_NONE,Phoenix Visual Architecture,2026-08-01,EVIDENCE_COMPLETE,NOT_APPLICABLE,YES_ASSET_ONLY_LIBRARY_BLOCKED,YES_ASSET_ONLY_LIBRARY_BLOCKED,NO,"Original local primitive geometry; no external disclosure, service, dataset, icon library, trademark, likeness, or third-party input. Whole-library rights approval remains blocked.",design/sources/global-critical-v1/phoenix-east-asia-route-atlas-landscape-v1.svg,design/sources/global-critical-v1/phoenix-east-asia-route-atlas-landscape-v1.svg,cover in Explore; contain in Passport,_FlightMapFallback / passport gradient,Flutter route animation stops,ALL_14_GATES_PASSED_REMOTE_CI_SUCCESS
PHX-GLOBAL-MAP-CHINA-001,app/assets/images/maps/phoenix-china-passport-atlas-portrait-v1.webp,phoenix-china-passport-atlas-portrait-v1.webp,WEBP,14460,941,1672,bbf957afcb4ca0a8120aae1688e9ae2129f69b90604294ce561a0260358a0d63,3f50eacce75269f90119fc4551bf86256813c95c,YES,Passport China,Map,programmatic:global-critical-v1:phx-global-map-china-001,NONE,PRIMARY,NO,NO,PHASE1_REMOTE_CHECKPOINT,2026-08-01,Phoenix Visual Architecture,PHASE1_REMOTE_CHECKPOINT,NO,design/evidence/GLOBAL_CRITICAL_V1_EVIDENCE.md,PROGRAMMATIC_ORIGINAL_LOCAL_SVG,Phoenix local editable SVG master,Phoenix Visual Architecture under user-authorized controlled execution,Repository Node.js generator; Inkscape 1.2.2; ImageMagick 6.9.11-60,NOT_APPLICABLE,NOT_APPLICABLE,design/evidence/GLOBAL_CRITICAL_V1_EVIDENCE.md,NOT_APPLICABLE — no input assets,NOT_APPLICABLE,NOT_APPLICABLE — no external service or licensed input,Phoenix project-owned original,NOT_APPLICABLE,ALLOWED_BY_PROJECT_OWNER,ALLOWED_BY_PROJECT_OWNER,REVIEWED_NONE,REVIEWED_NONE,Phoenix Visual Architecture,2026-08-01,EVIDENCE_COMPLETE,NOT_APPLICABLE,YES_ASSET_ONLY_LIBRARY_BLOCKED,YES_ASSET_ONLY_LIBRARY_BLOCKED,NO,"Original local primitive geometry; no external disclosure, service, dataset, icon library, trademark, likeness, or third-party input. Whole-library rights approval remains blocked.",design/sources/global-critical-v1/phoenix-china-passport-atlas-portrait-v1.svg,design/sources/global-critical-v1/phoenix-china-passport-atlas-portrait-v1.svg,contain; InteractiveViewer phone/tablet,passport-atlas-static-fallback,NOT_APPLICABLE,ALL_14_GATES_PASSED_REMOTE_CI_SUCCESS
PHX-GLOBAL-SPLASH-001,app/assets/images/phoenix-launch-journey-cover-portrait-v1.webp,phoenix-launch-journey-cover-portrait-v1.webp,WEBP,16548,941,1672,dd4b8cad928c55e98f05ac4572efe96141517e26a5b30be028682433b2caf8f2,087367636dfa053e22698a7ea623c779f54831c5,YES,Web startup Splash,Splash,programmatic:global-critical-v1:phx-global-splash-001,NONE,PRIMARY,NO,NO,PHASE1_REMOTE_CHECKPOINT,2026-08-01,Phoenix Visual Architecture,PHASE1_REMOTE_CHECKPOINT,NO,design/evidence/GLOBAL_CRITICAL_V1_EVIDENCE.md,PROGRAMMATIC_ORIGINAL_LOCAL_SVG,Phoenix local editable SVG master,Phoenix Visual Architecture under user-authorized controlled execution,Repository Node.js generator; Inkscape 1.2.2; ImageMagick 6.9.11-60,NOT_APPLICABLE,NOT_APPLICABLE,design/evidence/GLOBAL_CRITICAL_V1_EVIDENCE.md,NOT_APPLICABLE — no input assets,NOT_APPLICABLE,NOT_APPLICABLE — no external service or licensed input,Phoenix project-owned original,NOT_APPLICABLE,ALLOWED_BY_PROJECT_OWNER,ALLOWED_BY_PROJECT_OWNER,REVIEWED_NONE,REVIEWED_NONE,Phoenix Visual Architecture,2026-08-01,EVIDENCE_COMPLETE,NOT_APPLICABLE,YES_ASSET_ONLY_LIBRARY_BLOCKED,YES_ASSET_ONLY_LIBRARY_BLOCKED,NO,"Original local primitive geometry; no external disclosure, service, dataset, icon library, trademark, likeness, or third-party input. Whole-library rights approval remains blocked.",design/sources/global-critical-v1/phoenix-launch-journey-cover-portrait-v1.svg,design/sources/global-critical-v1/phoenix-launch-journey-cover-portrait-v1.svg,CSS cover with safe-area layout,solid and gradient CSS startup background,prefers-reduced-motion disables cover animation,ALL_14_GATES_PASSED_REMOTE_CI_SUCCESS
PHX-GLOBAL-DYNAMIC-001,app/assets/images/phoenix-launch-flight-sprite-landscape-v1.webp,phoenix-launch-flight-sprite-landscape-v1.webp,WEBP,30664,2172,724,5512eb200ff0cd5741b3b189115e05fff594350c802490b75b2a0ec014ae3274,503a2915d3f7acf199ac38664d7e1dc679886176,YES,Web startup Dynamic Layer,Dynamic Layer,programmatic:global-critical-v1:phx-global-dynamic-001,NONE,PRIMARY,NO,NO,PHASE1_REMOTE_CHECKPOINT,2026-08-01,Phoenix Visual Architecture,PHASE1_REMOTE_CHECKPOINT,NO,design/evidence/GLOBAL_CRITICAL_V1_EVIDENCE.md,PROGRAMMATIC_ORIGINAL_LOCAL_SVG,Phoenix local editable SVG master,Phoenix Visual Architecture under user-authorized controlled execution,Repository Node.js generator; Inkscape 1.2.2; ImageMagick 6.9.11-60,NOT_APPLICABLE,NOT_APPLICABLE,design/evidence/GLOBAL_CRITICAL_V1_EVIDENCE.md,NOT_APPLICABLE — no input assets,NOT_APPLICABLE,NOT_APPLICABLE — no external service or licensed input,Phoenix project-owned original,NOT_APPLICABLE,ALLOWED_BY_PROJECT_OWNER,ALLOWED_BY_PROJECT_OWNER,REVIEWED_NONE,REVIEWED_NONE,Phoenix Visual Architecture,2026-08-01,EVIDENCE_COMPLETE,NOT_APPLICABLE,YES_ASSET_ONLY_LIBRARY_BLOCKED,YES_ASSET_ONLY_LIBRARY_BLOCKED,NO,"Original local primitive geometry; no external disclosure, service, dataset, icon library, trademark, likeness, or third-party input. Whole-library rights approval remains blocked.",design/sources/global-critical-v1/phoenix-launch-flight-sprite-landscape-v1.svg,design/sources/global-critical-v1/phoenix-launch-flight-sprite-landscape-v1.svg,three equal landscape frames,static first frame / hidden layer,prefers-reduced-motion disables sprite animation,ALL_14_GATES_PASSED_REMOTE_CI_SUCCESS
PHX-GLOBAL-ICON-064-001,app/web/phoenix-app-mark-square-64-v1.svg,phoenix-app-mark-square-64-v1.svg,SVG,1164,64,64,337faa52deb62fa81e13ee3259d3ac8847cf37ff1dbbeb5b8c37df083116b676,f766994abe84c78b63781f136e1e376504292fc5,YES,Web favicon,Icon,programmatic:global-critical-v1:phx-global-icon-064-001,NONE,PRIMARY,NO,NO,PHASE1_REMOTE_CHECKPOINT,2026-08-01,Phoenix Visual Architecture,PHASE1_REMOTE_CHECKPOINT,NO,design/evidence/GLOBAL_CRITICAL_V1_EVIDENCE.md,PROGRAMMATIC_ORIGINAL_LOCAL_SVG,Phoenix local editable SVG master,Phoenix Visual Architecture under user-authorized controlled execution,Repository Node.js generator; Inkscape 1.2.2; ImageMagick 6.9.11-60,NOT_APPLICABLE,NOT_APPLICABLE,design/evidence/GLOBAL_CRITICAL_V1_EVIDENCE.md,NOT_APPLICABLE — no input assets,NOT_APPLICABLE,NOT_APPLICABLE — no external service or licensed input,Phoenix project-owned original,NOT_APPLICABLE,ALLOWED_BY_PROJECT_OWNER,ALLOWED_BY_PROJECT_OWNER,REVIEWED_NONE,REVIEWED_NONE,Phoenix Visual Architecture,2026-08-01,EVIDENCE_COMPLETE,NOT_APPLICABLE,YES_ASSET_ONLY_LIBRARY_BLOCKED,YES_ASSET_ONLY_LIBRARY_BLOCKED,NO,"Original local primitive geometry; no external disclosure, service, dataset, icon library, trademark, likeness, or third-party input. Whole-library rights approval remains blocked.",design/sources/global-critical-v1/phoenix-app-mark-square-64-v1.svg,design/sources/global-critical-v1/phoenix-app-mark-square-64-v1.svg,SVG viewBox and 64 px intrinsic size,browser no-icon fallback,NOT_APPLICABLE,ALL_14_GATES_PASSED_REMOTE_CI_SUCCESS
PHX-GLOBAL-ICON-192-001,app/web/icons/phoenix-app-mark-square-192-v1.svg,phoenix-app-mark-square-192-v1.svg,SVG,1166,192,192,9149c888196fce6187b9d99d9099d6f6f120e03cbaa117a7d9499f2fc3bdf06b,320ae1430fb53e8613dfa3b166a828a8d94249cc,YES,Web manifest 192,Icon,programmatic:global-critical-v1:phx-global-icon-192-001,NONE,PRIMARY,NO,NO,PHASE1_REMOTE_CHECKPOINT,2026-08-01,Phoenix Visual Architecture,PHASE1_REMOTE_CHECKPOINT,NO,design/evidence/GLOBAL_CRITICAL_V1_EVIDENCE.md,PROGRAMMATIC_ORIGINAL_LOCAL_SVG,Phoenix local editable SVG master,Phoenix Visual Architecture under user-authorized controlled execution,Repository Node.js generator; Inkscape 1.2.2; ImageMagick 6.9.11-60,NOT_APPLICABLE,NOT_APPLICABLE,design/evidence/GLOBAL_CRITICAL_V1_EVIDENCE.md,NOT_APPLICABLE — no input assets,NOT_APPLICABLE,NOT_APPLICABLE — no external service or licensed input,Phoenix project-owned original,NOT_APPLICABLE,ALLOWED_BY_PROJECT_OWNER,ALLOWED_BY_PROJECT_OWNER,REVIEWED_NONE,REVIEWED_NONE,Phoenix Visual Architecture,2026-08-01,EVIDENCE_COMPLETE,NOT_APPLICABLE,YES_ASSET_ONLY_LIBRARY_BLOCKED,YES_ASSET_ONLY_LIBRARY_BLOCKED,NO,"Original local primitive geometry; no external disclosure, service, dataset, icon library, trademark, likeness, or third-party input. Whole-library rights approval remains blocked.",design/sources/global-critical-v1/phoenix-app-mark-square-192-v1.svg,design/sources/global-critical-v1/phoenix-app-mark-square-192-v1.svg,SVG viewBox and 192 px intrinsic size,manifest icon omission is non-blocking,NOT_APPLICABLE,ALL_14_GATES_PASSED_REMOTE_CI_SUCCESS
PHX-GLOBAL-ICON-512-001,app/web/icons/phoenix-app-mark-square-512-v1.svg,phoenix-app-mark-square-512-v1.svg,SVG,1166,512,512,4bc89a1b8244eeb04a7078073be84842024129d56c1edc6a20623142fb723cae,d22d231f485ba5c6b5f665b93fce2df393f3a036,YES,Web manifest 512,Icon,programmatic:global-critical-v1:phx-global-icon-512-001,NONE,PRIMARY,NO,NO,PHASE1_REMOTE_CHECKPOINT,2026-08-01,Phoenix Visual Architecture,PHASE1_REMOTE_CHECKPOINT,NO,design/evidence/GLOBAL_CRITICAL_V1_EVIDENCE.md,PROGRAMMATIC_ORIGINAL_LOCAL_SVG,Phoenix local editable SVG master,Phoenix Visual Architecture under user-authorized controlled execution,Repository Node.js generator; Inkscape 1.2.2; ImageMagick 6.9.11-60,NOT_APPLICABLE,NOT_APPLICABLE,design/evidence/GLOBAL_CRITICAL_V1_EVIDENCE.md,NOT_APPLICABLE — no input assets,NOT_APPLICABLE,NOT_APPLICABLE — no external service or licensed input,Phoenix project-owned original,NOT_APPLICABLE,ALLOWED_BY_PROJECT_OWNER,ALLOWED_BY_PROJECT_OWNER,REVIEWED_NONE,REVIEWED_NONE,Phoenix Visual Architecture,2026-08-01,EVIDENCE_COMPLETE,NOT_APPLICABLE,YES_ASSET_ONLY_LIBRARY_BLOCKED,YES_ASSET_ONLY_LIBRARY_BLOCKED,NO,"Original local primitive geometry; no external disclosure, service, dataset, icon library, trademark, likeness, or third-party input. Whole-library rights approval remains blocked.",design/sources/global-critical-v1/phoenix-app-mark-square-512-v1.svg,design/sources/global-critical-v1/phoenix-app-mark-square-512-v1.svg,SVG viewBox and 512 px intrinsic size,manifest icon omission is non-blocking,NOT_APPLICABLE,ALL_14_GATES_PASSED_REMOTE_CI_SUCCESS
PHX-SPECIAL-CLB-001,app/assets/images/special-realms/rights-safe-v1/changan-last-bus/changan-last-bus-01-opening-portrait-v1.webp,changan-last-bus-01-opening-portrait-v1.webp,WEBP,12424,900,1600,c80f5e8d0eff02b2782d39798074727c01d2337bd15fe114b4af4d4936e327ae,62523bae1d316c36bf484abc052cee347be08cea,YES,changan-last-bus:explore-profile-static-fallback,Special Journey,programmatic:special-journeys-v1:changan-last-bus,NONE,PRIMARY_STATIC_FALLBACK,NO,NO,PHASE2_REMOTE_CHECKPOINT,2026-08-02,Phoenix Visual Architecture,PHASE2_REMOTE_CHECKPOINT,NO,design/evidence/SPECIAL_JOURNEYS_V1_EVIDENCE.md;design/evidence/SPECIAL_JOURNEYS_V1_MANIFEST.json,PROGRAMMATIC_ORIGINAL_LOCAL_SVG,Phoenix local editable SVG master,Phoenix Visual Architecture under user-authorized controlled execution,Repository Node.js generator; Inkscape 1.2.2; ImageMagick 6.9.11-60,NOT_APPLICABLE,NOT_APPLICABLE,design/evidence/SPECIAL_JOURNEYS_V1_EVIDENCE.md,NOT_APPLICABLE,NOT_APPLICABLE,NOT_APPLICABLE — no external service or licensed input,Phoenix project-owned original,NOT_APPLICABLE,ALLOWED_BY_PROJECT_OWNER,ALLOWED_BY_PROJECT_OWNER,REVIEWED_NONE,REVIEWED_NONE,Phoenix Visual Architecture,2026-08-02,EVIDENCE_COMPLETE,NOT_APPLICABLE,YES_ASSET_ONLY_LIBRARY_BLOCKED,YES_ASSET_ONLY_LIBRARY_BLOCKED,NO,Story ID changan-last-bus; purpose explore-profile-static-fallback; story phase threshold. Original primitive geometry with no external input. Whole-library rights approval remains blocked.,design/sources/special-journeys-v1/masters/changan-last-bus/changan-last-bus-01-opening-portrait-v1.svg,design/sources/special-journeys-v1/masters/changan-last-bus/changan-last-bus-01-opening-portrait-v1.svg,900x1600 portrait; BoxFit.cover phone/tablet crop-safe composition,scene 01 for changan-last-bus; programmatic CustomPainter final fallback,animation controller stops at fixed phase; static plate remains,LOCAL_14_GATES_PASSED_REMOTE_CI_PENDING
PHX-SPECIAL-CLB-002,app/assets/images/special-realms/rights-safe-v1/changan-last-bus/changan-last-bus-02-story-arrival-portrait-v1.webp,changan-last-bus-02-story-arrival-portrait-v1.webp,WEBP,12824,900,1600,1627323b4a6b9a487746147343196a9caa6f9fa6334a327e78cec42b77c94678,db43b1b0bc7fabd72ef44a40fe80f5d7029189df,YES,changan-last-bus:story-opening,Special Journey,programmatic:special-journeys-v1:changan-last-bus,NONE,NARRATIVE_SEQUENCE,NO,NO,PHASE2_REMOTE_CHECKPOINT,2026-08-02,Phoenix Visual Architecture,PHASE2_REMOTE_CHECKPOINT,NO,design/evidence/SPECIAL_JOURNEYS_V1_EVIDENCE.md;design/evidence/SPECIAL_JOURNEYS_V1_MANIFEST.json,PROGRAMMATIC_ORIGINAL_LOCAL_SVG,Phoenix local editable SVG master,Phoenix Visual Architecture under user-authorized controlled execution,Repository Node.js generator; Inkscape 1.2.2; ImageMagick 6.9.11-60,NOT_APPLICABLE,NOT_APPLICABLE,design/evidence/SPECIAL_JOURNEYS_V1_EVIDENCE.md,NOT_APPLICABLE,NOT_APPLICABLE,NOT_APPLICABLE — no external service or licensed input,Phoenix project-owned original,NOT_APPLICABLE,ALLOWED_BY_PROJECT_OWNER,ALLOWED_BY_PROJECT_OWNER,REVIEWED_NONE,REVIEWED_NONE,Phoenix Visual Architecture,2026-08-02,EVIDENCE_COMPLETE,NOT_APPLICABLE,YES_ASSET_ONLY_LIBRARY_BLOCKED,YES_ASSET_ONLY_LIBRARY_BLOCKED,NO,Story ID changan-last-bus; purpose story-opening; story phase arrival. Original primitive geometry with no external input. Whole-library rights approval remains blocked.,design/sources/special-journeys-v1/masters/changan-last-bus/changan-last-bus-02-story-arrival-portrait-v1.svg,design/sources/special-journeys-v1/masters/changan-last-bus/changan-last-bus-02-story-arrival-portrait-v1.svg,900x1600 portrait; BoxFit.cover phone/tablet crop-safe composition,scene 01 for changan-last-bus; programmatic CustomPainter final fallback,animation controller stops at fixed phase; static plate remains,LOCAL_14_GATES_PASSED_REMOTE_CI_PENDING
PHX-SPECIAL-CLB-003,app/assets/images/special-realms/rights-safe-v1/changan-last-bus/changan-last-bus-03-story-tension-portrait-v1.webp,changan-last-bus-03-story-tension-portrait-v1.webp,WEBP,12248,900,1600,550fe1922d660e916946776c51489aad1fd09ccbbc5084b30b1ea75ca0a678b1,9f2e2b3bf106ee1fad0a184dc8161c85df1d7e3c,YES,changan-last-bus:story-middle,Special Journey,programmatic:special-journeys-v1:changan-last-bus,NONE,NARRATIVE_SEQUENCE,NO,NO,PHASE2_REMOTE_CHECKPOINT,2026-08-02,Phoenix Visual Architecture,PHASE2_REMOTE_CHECKPOINT,NO,design/evidence/SPECIAL_JOURNEYS_V1_EVIDENCE.md;design/evidence/SPECIAL_JOURNEYS_V1_MANIFEST.json,PROGRAMMATIC_ORIGINAL_LOCAL_SVG,Phoenix local editable SVG master,Phoenix Visual Architecture under user-authorized controlled execution,Repository Node.js generator; Inkscape 1.2.2; ImageMagick 6.9.11-60,NOT_APPLICABLE,NOT_APPLICABLE,design/evidence/SPECIAL_JOURNEYS_V1_EVIDENCE.md,NOT_APPLICABLE,NOT_APPLICABLE,NOT_APPLICABLE — no external service or licensed input,Phoenix project-owned original,NOT_APPLICABLE,ALLOWED_BY_PROJECT_OWNER,ALLOWED_BY_PROJECT_OWNER,REVIEWED_NONE,REVIEWED_NONE,Phoenix Visual Architecture,2026-08-02,EVIDENCE_COMPLETE,NOT_APPLICABLE,YES_ASSET_ONLY_LIBRARY_BLOCKED,YES_ASSET_ONLY_LIBRARY_BLOCKED,NO,Story ID changan-last-bus; purpose story-middle; story phase tension. Original primitive geometry with no external input. Whole-library rights approval remains blocked.,design/sources/special-journeys-v1/masters/changan-last-bus/changan-last-bus-03-story-tension-portrait-v1.svg,design/sources/special-journeys-v1/masters/changan-last-bus/changan-last-bus-03-story-tension-portrait-v1.svg,900x1600 portrait; BoxFit.cover phone/tablet crop-safe composition,scene 01 for changan-last-bus; programmatic CustomPainter final fallback,animation controller stops at fixed phase; static plate remains,LOCAL_14_GATES_PASSED_REMOTE_CI_PENDING
PHX-SPECIAL-CLB-004,app/assets/images/special-realms/rights-safe-v1/changan-last-bus/changan-last-bus-04-story-choice-portrait-v1.webp,changan-last-bus-04-story-choice-portrait-v1.webp,WEBP,12632,900,1600,401bbc3fdc79a925d9649e3c0f0bdf0384d515ddb4230b6c3075f743de47372d,575460dfdcd003e0639afdb925b5cb5bc80e7289,YES,changan-last-bus:story-choice,Special Journey,programmatic:special-journeys-v1:changan-last-bus,NONE,NARRATIVE_SEQUENCE,NO,NO,PHASE2_REMOTE_CHECKPOINT,2026-08-02,Phoenix Visual Architecture,PHASE2_REMOTE_CHECKPOINT,NO,design/evidence/SPECIAL_JOURNEYS_V1_EVIDENCE.md;design/evidence/SPECIAL_JOURNEYS_V1_MANIFEST.json,PROGRAMMATIC_ORIGINAL_LOCAL_SVG,Phoenix local editable SVG master,Phoenix Visual Architecture under user-authorized controlled execution,Repository Node.js generator; Inkscape 1.2.2; ImageMagick 6.9.11-60,NOT_APPLICABLE,NOT_APPLICABLE,design/evidence/SPECIAL_JOURNEYS_V1_EVIDENCE.md,NOT_APPLICABLE,NOT_APPLICABLE,NOT_APPLICABLE — no external service or licensed input,Phoenix project-owned original,NOT_APPLICABLE,ALLOWED_BY_PROJECT_OWNER,ALLOWED_BY_PROJECT_OWNER,REVIEWED_NONE,REVIEWED_NONE,Phoenix Visual Architecture,2026-08-02,EVIDENCE_COMPLETE,NOT_APPLICABLE,YES_ASSET_ONLY_LIBRARY_BLOCKED,YES_ASSET_ONLY_LIBRARY_BLOCKED,NO,Story ID changan-last-bus; purpose story-choice; story phase choice. Original primitive geometry with no external input. Whole-library rights approval remains blocked.,design/sources/special-journeys-v1/masters/changan-last-bus/changan-last-bus-04-story-choice-portrait-v1.svg,design/sources/special-journeys-v1/masters/changan-last-bus/changan-last-bus-04-story-choice-portrait-v1.svg,900x1600 portrait; BoxFit.cover phone/tablet crop-safe composition,scene 01 for changan-last-bus; programmatic CustomPainter final fallback,animation controller stops at fixed phase; static plate remains,LOCAL_14_GATES_PASSED_REMOTE_CI_PENDING
PHX-SPECIAL-CLB-005,app/assets/images/special-realms/rights-safe-v1/changan-last-bus/changan-last-bus-05-vocabulary-portrait-v1.webp,changan-last-bus-05-vocabulary-portrait-v1.webp,WEBP,13490,900,1600,5913fb546e12885b373c930e831d3852321729238b9fb9f36a9e896b950b4cd7,42a3d04a335bdcc02a384b1e95997b4f55e53ee9,YES,changan-last-bus:vocabulary,Special Journey,programmatic:special-journeys-v1:changan-last-bus,NONE,NARRATIVE_SEQUENCE,NO,NO,PHASE2_REMOTE_CHECKPOINT,2026-08-02,Phoenix Visual Architecture,PHASE2_REMOTE_CHECKPOINT,NO,design/evidence/SPECIAL_JOURNEYS_V1_EVIDENCE.md;design/evidence/SPECIAL_JOURNEYS_V1_MANIFEST.json,PROGRAMMATIC_ORIGINAL_LOCAL_SVG,Phoenix local editable SVG master,Phoenix Visual Architecture under user-authorized controlled execution,Repository Node.js generator; Inkscape 1.2.2; ImageMagick 6.9.11-60,NOT_APPLICABLE,NOT_APPLICABLE,design/evidence/SPECIAL_JOURNEYS_V1_EVIDENCE.md,NOT_APPLICABLE,NOT_APPLICABLE,NOT_APPLICABLE — no external service or licensed input,Phoenix project-owned original,NOT_APPLICABLE,ALLOWED_BY_PROJECT_OWNER,ALLOWED_BY_PROJECT_OWNER,REVIEWED_NONE,REVIEWED_NONE,Phoenix Visual Architecture,2026-08-02,EVIDENCE_COMPLETE,NOT_APPLICABLE,YES_ASSET_ONLY_LIBRARY_BLOCKED,YES_ASSET_ONLY_LIBRARY_BLOCKED,NO,Story ID changan-last-bus; purpose vocabulary; story phase objects. Original primitive geometry with no external input. Whole-library rights approval remains blocked.,design/sources/special-journeys-v1/masters/changan-last-bus/changan-last-bus-05-vocabulary-portrait-v1.svg,design/sources/special-journeys-v1/masters/changan-last-bus/changan-last-bus-05-vocabulary-portrait-v1.svg,900x1600 portrait; BoxFit.cover phone/tablet crop-safe composition,scene 01 for changan-last-bus; programmatic CustomPainter final fallback,animation controller stops at fixed phase; static plate remains,LOCAL_14_GATES_PASSED_REMOTE_CI_PENDING
PHX-SPECIAL-CLB-006,app/assets/images/special-realms/rights-safe-v1/changan-last-bus/changan-last-bus-06-discovery-portrait-v1.webp,changan-last-bus-06-discovery-portrait-v1.webp,WEBP,16724,900,1600,2a9f28ceac7d64293932366c2a38c25afe1a3039299f0af44de85562a731c787,8e176f2e3aaf67bf25785f85068baaac439f6d9e,YES,changan-last-bus:discovery,Special Journey,programmatic:special-journeys-v1:changan-last-bus,NONE,NARRATIVE_SEQUENCE,NO,NO,PHASE2_REMOTE_CHECKPOINT,2026-08-02,Phoenix Visual Architecture,PHASE2_REMOTE_CHECKPOINT,NO,design/evidence/SPECIAL_JOURNEYS_V1_EVIDENCE.md;design/evidence/SPECIAL_JOURNEYS_V1_MANIFEST.json,PROGRAMMATIC_ORIGINAL_LOCAL_SVG,Phoenix local editable SVG master,Phoenix Visual Architecture under user-authorized controlled execution,Repository Node.js generator; Inkscape 1.2.2; ImageMagick 6.9.11-60,NOT_APPLICABLE,NOT_APPLICABLE,design/evidence/SPECIAL_JOURNEYS_V1_EVIDENCE.md,NOT_APPLICABLE,NOT_APPLICABLE,NOT_APPLICABLE — no external service or licensed input,Phoenix project-owned original,NOT_APPLICABLE,ALLOWED_BY_PROJECT_OWNER,ALLOWED_BY_PROJECT_OWNER,REVIEWED_NONE,REVIEWED_NONE,Phoenix Visual Architecture,2026-08-02,EVIDENCE_COMPLETE,NOT_APPLICABLE,YES_ASSET_ONLY_LIBRARY_BLOCKED,YES_ASSET_ONLY_LIBRARY_BLOCKED,NO,Story ID changan-last-bus; purpose discovery; story phase context. Original primitive geometry with no external input. Whole-library rights approval remains blocked.,design/sources/special-journeys-v1/masters/changan-last-bus/changan-last-bus-06-discovery-portrait-v1.svg,design/sources/special-journeys-v1/masters/changan-last-bus/changan-last-bus-06-discovery-portrait-v1.svg,900x1600 portrait; BoxFit.cover phone/tablet crop-safe composition,scene 01 for changan-last-bus; programmatic CustomPainter final fallback,animation controller stops at fixed phase; static plate remains,LOCAL_14_GATES_PASSED_REMOTE_CI_PENDING
PHX-SPECIAL-CLB-007,app/assets/images/special-realms/rights-safe-v1/changan-last-bus/changan-last-bus-07-reflection-portrait-v1.webp,changan-last-bus-07-reflection-portrait-v1.webp,WEBP,12670,900,1600,725a1f6a8636eb252acdb9253eaa89f978503321968423e95530cad1c755dfe4,5c7b04cb2aa0af872854273845a47b2e5d258344,YES,changan-last-bus:reflection,Special Journey,programmatic:special-journeys-v1:changan-last-bus,NONE,NARRATIVE_SEQUENCE,NO,NO,PHASE2_REMOTE_CHECKPOINT,2026-08-02,Phoenix Visual Architecture,PHASE2_REMOTE_CHECKPOINT,NO,design/evidence/SPECIAL_JOURNEYS_V1_EVIDENCE.md;design/evidence/SPECIAL_JOURNEYS_V1_MANIFEST.json,PROGRAMMATIC_ORIGINAL_LOCAL_SVG,Phoenix local editable SVG master,Phoenix Visual Architecture under user-authorized controlled execution,Repository Node.js generator; Inkscape 1.2.2; ImageMagick 6.9.11-60,NOT_APPLICABLE,NOT_APPLICABLE,design/evidence/SPECIAL_JOURNEYS_V1_EVIDENCE.md,NOT_APPLICABLE,NOT_APPLICABLE,NOT_APPLICABLE — no external service or licensed input,Phoenix project-owned original,NOT_APPLICABLE,ALLOWED_BY_PROJECT_OWNER,ALLOWED_BY_PROJECT_OWNER,REVIEWED_NONE,REVIEWED_NONE,Phoenix Visual Architecture,2026-08-02,EVIDENCE_COMPLETE,NOT_APPLICABLE,YES_ASSET_ONLY_LIBRARY_BLOCKED,YES_ASSET_ONLY_LIBRARY_BLOCKED,NO,Story ID changan-last-bus; purpose reflection; story phase question. Original primitive geometry with no external input. Whole-library rights approval remains blocked.,design/sources/special-journeys-v1/masters/changan-last-bus/changan-last-bus-07-reflection-portrait-v1.svg,design/sources/special-journeys-v1/masters/changan-last-bus/changan-last-bus-07-reflection-portrait-v1.svg,900x1600 portrait; BoxFit.cover phone/tablet crop-safe composition,scene 01 for changan-last-bus; programmatic CustomPainter final fallback,animation controller stops at fixed phase; static plate remains,LOCAL_14_GATES_PASSED_REMOTE_CI_PENDING
PHX-SPECIAL-CLB-008,app/assets/images/special-realms/rights-safe-v1/changan-last-bus/changan-last-bus-08-writing-portrait-v1.webp,changan-last-bus-08-writing-portrait-v1.webp,WEBP,14054,900,1600,5dce14b6c009e95b182532426922efcd8229716e8410878d2581857aeda45cf4,a0b1a4447e4ac27e542387a8d87025471af4433a,YES,changan-last-bus:writing,Special Journey,programmatic:special-journeys-v1:changan-last-bus,NONE,NARRATIVE_SEQUENCE,NO,NO,PHASE2_REMOTE_CHECKPOINT,2026-08-02,Phoenix Visual Architecture,PHASE2_REMOTE_CHECKPOINT,NO,design/evidence/SPECIAL_JOURNEYS_V1_EVIDENCE.md;design/evidence/SPECIAL_JOURNEYS_V1_MANIFEST.json,PROGRAMMATIC_ORIGINAL_LOCAL_SVG,Phoenix local editable SVG master,Phoenix Visual Architecture under user-authorized controlled execution,Repository Node.js generator; Inkscape 1.2.2; ImageMagick 6.9.11-60,NOT_APPLICABLE,NOT_APPLICABLE,design/evidence/SPECIAL_JOURNEYS_V1_EVIDENCE.md,NOT_APPLICABLE,NOT_APPLICABLE,NOT_APPLICABLE — no external service or licensed input,Phoenix project-owned original,NOT_APPLICABLE,ALLOWED_BY_PROJECT_OWNER,ALLOWED_BY_PROJECT_OWNER,REVIEWED_NONE,REVIEWED_NONE,Phoenix Visual Architecture,2026-08-02,EVIDENCE_COMPLETE,NOT_APPLICABLE,YES_ASSET_ONLY_LIBRARY_BLOCKED,YES_ASSET_ONLY_LIBRARY_BLOCKED,NO,Story ID changan-last-bus; purpose writing; story phase response. Original primitive geometry with no external input. Whole-library rights approval remains blocked.,design/sources/special-journeys-v1/masters/changan-last-bus/changan-last-bus-08-writing-portrait-v1.svg,design/sources/special-journeys-v1/masters/changan-last-bus/changan-last-bus-08-writing-portrait-v1.svg,900x1600 portrait; BoxFit.cover phone/tablet crop-safe composition,scene 01 for changan-last-bus; programmatic CustomPainter final fallback,animation controller stops at fixed phase; static plate remains,LOCAL_14_GATES_PASSED_REMOTE_CI_PENDING
PHX-SPECIAL-CLB-009,app/assets/images/special-realms/rights-safe-v1/changan-last-bus/changan-last-bus-09-memory-portrait-v1.webp,changan-last-bus-09-memory-portrait-v1.webp,WEBP,14916,900,1600,1b74af603115b24bcaa6b069139645f3bb5d9a95f758587b1f3e0cefb9325d73,a5c1cf2fd48bff0c923da9c792d819fb3b4937f0,YES,changan-last-bus:memory,Special Journey,programmatic:special-journeys-v1:changan-last-bus,NONE,NARRATIVE_SEQUENCE,NO,NO,PHASE2_REMOTE_CHECKPOINT,2026-08-02,Phoenix Visual Architecture,PHASE2_REMOTE_CHECKPOINT,NO,design/evidence/SPECIAL_JOURNEYS_V1_EVIDENCE.md;design/evidence/SPECIAL_JOURNEYS_V1_MANIFEST.json,PROGRAMMATIC_ORIGINAL_LOCAL_SVG,Phoenix local editable SVG master,Phoenix Visual Architecture under user-authorized controlled execution,Repository Node.js generator; Inkscape 1.2.2; ImageMagick 6.9.11-60,NOT_APPLICABLE,NOT_APPLICABLE,design/evidence/SPECIAL_JOURNEYS_V1_EVIDENCE.md,NOT_APPLICABLE,NOT_APPLICABLE,NOT_APPLICABLE — no external service or licensed input,Phoenix project-owned original,NOT_APPLICABLE,ALLOWED_BY_PROJECT_OWNER,ALLOWED_BY_PROJECT_OWNER,REVIEWED_NONE,REVIEWED_NONE,Phoenix Visual Architecture,2026-08-02,EVIDENCE_COMPLETE,NOT_APPLICABLE,YES_ASSET_ONLY_LIBRARY_BLOCKED,YES_ASSET_ONLY_LIBRARY_BLOCKED,NO,Story ID changan-last-bus; purpose memory; story phase imprint. Original primitive geometry with no external input. Whole-library rights approval remains blocked.,design/sources/special-journeys-v1/masters/changan-last-bus/changan-last-bus-09-memory-portrait-v1.svg,design/sources/special-journeys-v1/masters/changan-last-bus/changan-last-bus-09-memory-portrait-v1.svg,900x1600 portrait; BoxFit.cover phone/tablet crop-safe composition,scene 01 for changan-last-bus; programmatic CustomPainter final fallback,animation controller stops at fixed phase; static plate remains,LOCAL_14_GATES_PASSED_REMOTE_CI_PENDING
PHX-SPECIAL-CLB-010,app/assets/images/special-realms/rights-safe-v1/changan-last-bus/changan-last-bus-10-completion-portrait-v1.webp,changan-last-bus-10-completion-portrait-v1.webp,WEBP,13784,900,1600,ef6455c639b4fd647201fcdd30d1503ef3d883e7494c85bb7ed9fbd7e845f1cf,9397149f53e6d7e4ad25281e92bfab2a8e14cb63,YES,changan-last-bus:completion,Special Journey,programmatic:special-journeys-v1:changan-last-bus,NONE,NARRATIVE_SEQUENCE,NO,NO,PHASE2_REMOTE_CHECKPOINT,2026-08-02,Phoenix Visual Architecture,PHASE2_REMOTE_CHECKPOINT,NO,design/evidence/SPECIAL_JOURNEYS_V1_EVIDENCE.md;design/evidence/SPECIAL_JOURNEYS_V1_MANIFEST.json,PROGRAMMATIC_ORIGINAL_LOCAL_SVG,Phoenix local editable SVG master,Phoenix Visual Architecture under user-authorized controlled execution,Repository Node.js generator; Inkscape 1.2.2; ImageMagick 6.9.11-60,NOT_APPLICABLE,NOT_APPLICABLE,design/evidence/SPECIAL_JOURNEYS_V1_EVIDENCE.md,NOT_APPLICABLE,NOT_APPLICABLE,NOT_APPLICABLE — no external service or licensed input,Phoenix project-owned original,NOT_APPLICABLE,ALLOWED_BY_PROJECT_OWNER,ALLOWED_BY_PROJECT_OWNER,REVIEWED_NONE,REVIEWED_NONE,Phoenix Visual Architecture,2026-08-02,EVIDENCE_COMPLETE,NOT_APPLICABLE,YES_ASSET_ONLY_LIBRARY_BLOCKED,YES_ASSET_ONLY_LIBRARY_BLOCKED,NO,Story ID changan-last-bus; purpose completion; story phase afterglow. Original primitive geometry with no external input. Whole-library rights approval remains blocked.,design/sources/special-journeys-v1/masters/changan-last-bus/changan-last-bus-10-completion-portrait-v1.svg,design/sources/special-journeys-v1/masters/changan-last-bus/changan-last-bus-10-completion-portrait-v1.svg,900x1600 portrait; BoxFit.cover phone/tablet crop-safe composition,scene 01 for changan-last-bus; programmatic CustomPainter final fallback,animation controller stops at fixed phase; static plate remains,LOCAL_14_GATES_PASSED_REMOTE_CI_PENDING
PHX-SPECIAL-TDL-001,app/assets/images/special-realms/rights-safe-v1/tide-letter/tide-letter-01-opening-portrait-v1.webp,tide-letter-01-opening-portrait-v1.webp,WEBP,14280,900,1600,7d2f443923d4bb5a724ff19e96d99dfd8b664fcf619f4dcba8fd49d53720fa61,c328bd304056e3f57b72406d42ec037f6503d846,YES,tide-letter:explore-profile-static-fallback,Special Journey,programmatic:special-journeys-v1:tide-letter,NONE,PRIMARY_STATIC_FALLBACK,NO,NO,PHASE2_REMOTE_CHECKPOINT,2026-08-02,Phoenix Visual Architecture,PHASE2_REMOTE_CHECKPOINT,NO,design/evidence/SPECIAL_JOURNEYS_V1_EVIDENCE.md;design/evidence/SPECIAL_JOURNEYS_V1_MANIFEST.json,PROGRAMMATIC_ORIGINAL_LOCAL_SVG,Phoenix local editable SVG master,Phoenix Visual Architecture under user-authorized controlled execution,Repository Node.js generator; Inkscape 1.2.2; ImageMagick 6.9.11-60,NOT_APPLICABLE,NOT_APPLICABLE,design/evidence/SPECIAL_JOURNEYS_V1_EVIDENCE.md,NOT_APPLICABLE,NOT_APPLICABLE,NOT_APPLICABLE — no external service or licensed input,Phoenix project-owned original,NOT_APPLICABLE,ALLOWED_BY_PROJECT_OWNER,ALLOWED_BY_PROJECT_OWNER,REVIEWED_NONE,REVIEWED_NONE,Phoenix Visual Architecture,2026-08-02,EVIDENCE_COMPLETE,NOT_APPLICABLE,YES_ASSET_ONLY_LIBRARY_BLOCKED,YES_ASSET_ONLY_LIBRARY_BLOCKED,NO,Story ID tide-letter; purpose explore-profile-static-fallback; story phase threshold. Original primitive geometry with no external input. Whole-library rights approval remains blocked.,design/sources/special-journeys-v1/masters/tide-letter/tide-letter-01-opening-portrait-v1.svg,design/sources/special-journeys-v1/masters/tide-letter/tide-letter-01-opening-portrait-v1.svg,900x1600 portrait; BoxFit.cover phone/tablet crop-safe composition,scene 01 for tide-letter; programmatic CustomPainter final fallback,animation controller stops at fixed phase; static plate remains,LOCAL_14_GATES_PASSED_REMOTE_CI_PENDING
PHX-SPECIAL-TDL-002,app/assets/images/special-realms/rights-safe-v1/tide-letter/tide-letter-02-story-arrival-portrait-v1.webp,tide-letter-02-story-arrival-portrait-v1.webp,WEBP,15246,900,1600,598ec78e61c67cbd940890aed2f84edcb54aae46021b23e0b24e8e56cbc461e6,51fcd9ff9447a074701ef03a7d8f0dd4799549ae,YES,tide-letter:story-opening,Special Journey,programmatic:special-journeys-v1:tide-letter,NONE,NARRATIVE_SEQUENCE,NO,NO,PHASE2_REMOTE_CHECKPOINT,2026-08-02,Phoenix Visual Architecture,PHASE2_REMOTE_CHECKPOINT,NO,design/evidence/SPECIAL_JOURNEYS_V1_EVIDENCE.md;design/evidence/SPECIAL_JOURNEYS_V1_MANIFEST.json,PROGRAMMATIC_ORIGINAL_LOCAL_SVG,Phoenix local editable SVG master,Phoenix Visual Architecture under user-authorized controlled execution,Repository Node.js generator; Inkscape 1.2.2; ImageMagick 6.9.11-60,NOT_APPLICABLE,NOT_APPLICABLE,design/evidence/SPECIAL_JOURNEYS_V1_EVIDENCE.md,NOT_APPLICABLE,NOT_APPLICABLE,NOT_APPLICABLE — no external service or licensed input,Phoenix project-owned original,NOT_APPLICABLE,ALLOWED_BY_PROJECT_OWNER,ALLOWED_BY_PROJECT_OWNER,REVIEWED_NONE,REVIEWED_NONE,Phoenix Visual Architecture,2026-08-02,EVIDENCE_COMPLETE,NOT_APPLICABLE,YES_ASSET_ONLY_LIBRARY_BLOCKED,YES_ASSET_ONLY_LIBRARY_BLOCKED,NO,Story ID tide-letter; purpose story-opening; story phase arrival. Original primitive geometry with no external input. Whole-library rights approval remains blocked.,design/sources/special-journeys-v1/masters/tide-letter/tide-letter-02-story-arrival-portrait-v1.svg,design/sources/special-journeys-v1/masters/tide-letter/tide-letter-02-story-arrival-portrait-v1.svg,900x1600 portrait; BoxFit.cover phone/tablet crop-safe composition,scene 01 for tide-letter; programmatic CustomPainter final fallback,animation controller stops at fixed phase; static plate remains,LOCAL_14_GATES_PASSED_REMOTE_CI_PENDING
PHX-SPECIAL-TDL-003,app/assets/images/special-realms/rights-safe-v1/tide-letter/tide-letter-03-story-tension-portrait-v1.webp,tide-letter-03-story-tension-portrait-v1.webp,WEBP,13942,900,1600,ef9c12be3411e6e754279170f1d053cedb1d59eb596c0a3c3ef8d2e914f14cb0,d25472467ddd103eb23d492a8943a8d9d3ed265a,YES,tide-letter:story-middle,Special Journey,programmatic:special-journeys-v1:tide-letter,NONE,NARRATIVE_SEQUENCE,NO,NO,PHASE2_REMOTE_CHECKPOINT,2026-08-02,Phoenix Visual Architecture,PHASE2_REMOTE_CHECKPOINT,NO,design/evidence/SPECIAL_JOURNEYS_V1_EVIDENCE.md;design/evidence/SPECIAL_JOURNEYS_V1_MANIFEST.json,PROGRAMMATIC_ORIGINAL_LOCAL_SVG,Phoenix local editable SVG master,Phoenix Visual Architecture under user-authorized controlled execution,Repository Node.js generator; Inkscape 1.2.2; ImageMagick 6.9.11-60,NOT_APPLICABLE,NOT_APPLICABLE,design/evidence/SPECIAL_JOURNEYS_V1_EVIDENCE.md,NOT_APPLICABLE,NOT_APPLICABLE,NOT_APPLICABLE — no external service or licensed input,Phoenix project-owned original,NOT_APPLICABLE,ALLOWED_BY_PROJECT_OWNER,ALLOWED_BY_PROJECT_OWNER,REVIEWED_NONE,REVIEWED_NONE,Phoenix Visual Architecture,2026-08-02,EVIDENCE_COMPLETE,NOT_APPLICABLE,YES_ASSET_ONLY_LIBRARY_BLOCKED,YES_ASSET_ONLY_LIBRARY_BLOCKED,NO,Story ID tide-letter; purpose story-middle; story phase tension. Original primitive geometry with no external input. Whole-library rights approval remains blocked.,design/sources/special-journeys-v1/masters/tide-letter/tide-letter-03-story-tension-portrait-v1.svg,design/sources/special-journeys-v1/masters/tide-letter/tide-letter-03-story-tension-portrait-v1.svg,900x1600 portrait; BoxFit.cover phone/tablet crop-safe composition,scene 01 for tide-letter; programmatic CustomPainter final fallback,animation controller stops at fixed phase; static plate remains,LOCAL_14_GATES_PASSED_REMOTE_CI_PENDING
PHX-SPECIAL-TDL-004,app/assets/images/special-realms/rights-safe-v1/tide-letter/tide-letter-04-story-choice-portrait-v1.webp,tide-letter-04-story-choice-portrait-v1.webp,WEBP,13462,900,1600,a35804593210aa9b9921fef2e72bfe4594a11e62a2586e43d761e3e9bde0201f,3ad471cd852c5fabacd56e3c0e52b3c155471e59,YES,tide-letter:story-choice,Special Journey,programmatic:special-journeys-v1:tide-letter,NONE,NARRATIVE_SEQUENCE,NO,NO,PHASE2_REMOTE_CHECKPOINT,2026-08-02,Phoenix Visual Architecture,PHASE2_REMOTE_CHECKPOINT,NO,design/evidence/SPECIAL_JOURNEYS_V1_EVIDENCE.md;design/evidence/SPECIAL_JOURNEYS_V1_MANIFEST.json,PROGRAMMATIC_ORIGINAL_LOCAL_SVG,Phoenix local editable SVG master,Phoenix Visual Architecture under user-authorized controlled execution,Repository Node.js generator; Inkscape 1.2.2; ImageMagick 6.9.11-60,NOT_APPLICABLE,NOT_APPLICABLE,design/evidence/SPECIAL_JOURNEYS_V1_EVIDENCE.md,NOT_APPLICABLE,NOT_APPLICABLE,NOT_APPLICABLE — no external service or licensed input,Phoenix project-owned original,NOT_APPLICABLE,ALLOWED_BY_PROJECT_OWNER,ALLOWED_BY_PROJECT_OWNER,REVIEWED_NONE,REVIEWED_NONE,Phoenix Visual Architecture,2026-08-02,EVIDENCE_COMPLETE,NOT_APPLICABLE,YES_ASSET_ONLY_LIBRARY_BLOCKED,YES_ASSET_ONLY_LIBRARY_BLOCKED,NO,Story ID tide-letter; purpose story-choice; story phase choice. Original primitive geometry with no external input. Whole-library rights approval remains blocked.,design/sources/special-journeys-v1/masters/tide-letter/tide-letter-04-story-choice-portrait-v1.svg,design/sources/special-journeys-v1/masters/tide-letter/tide-letter-04-story-choice-portrait-v1.svg,900x1600 portrait; BoxFit.cover phone/tablet crop-safe composition,scene 01 for tide-letter; programmatic CustomPainter final fallback,animation controller stops at fixed phase; static plate remains,LOCAL_14_GATES_PASSED_REMOTE_CI_PENDING
PHX-SPECIAL-TDL-005,app/assets/images/special-realms/rights-safe-v1/tide-letter/tide-letter-05-vocabulary-portrait-v1.webp,tide-letter-05-vocabulary-portrait-v1.webp,WEBP,14110,900,1600,33af171054698dbc5a1fa3602da0f4be9d9ae9627fae21a74259f39647781855,84fccdc90f64c49dac64f1ee5dd303e9c8de0471,YES,tide-letter:vocabulary,Special Journey,programmatic:special-journeys-v1:tide-letter,NONE,NARRATIVE_SEQUENCE,NO,NO,PHASE2_REMOTE_CHECKPOINT,2026-08-02,Phoenix Visual Architecture,PHASE2_REMOTE_CHECKPOINT,NO,design/evidence/SPECIAL_JOURNEYS_V1_EVIDENCE.md;design/evidence/SPECIAL_JOURNEYS_V1_MANIFEST.json,PROGRAMMATIC_ORIGINAL_LOCAL_SVG,Phoenix local editable SVG master,Phoenix Visual Architecture under user-authorized controlled execution,Repository Node.js generator; Inkscape 1.2.2; ImageMagick 6.9.11-60,NOT_APPLICABLE,NOT_APPLICABLE,design/evidence/SPECIAL_JOURNEYS_V1_EVIDENCE.md,NOT_APPLICABLE,NOT_APPLICABLE,NOT_APPLICABLE — no external service or licensed input,Phoenix project-owned original,NOT_APPLICABLE,ALLOWED_BY_PROJECT_OWNER,ALLOWED_BY_PROJECT_OWNER,REVIEWED_NONE,REVIEWED_NONE,Phoenix Visual Architecture,2026-08-02,EVIDENCE_COMPLETE,NOT_APPLICABLE,YES_ASSET_ONLY_LIBRARY_BLOCKED,YES_ASSET_ONLY_LIBRARY_BLOCKED,NO,Story ID tide-letter; purpose vocabulary; story phase objects. Original primitive geometry with no external input. Whole-library rights approval remains blocked.,design/sources/special-journeys-v1/masters/tide-letter/tide-letter-05-vocabulary-portrait-v1.svg,design/sources/special-journeys-v1/masters/tide-letter/tide-letter-05-vocabulary-portrait-v1.svg,900x1600 portrait; BoxFit.cover phone/tablet crop-safe composition,scene 01 for tide-letter; programmatic CustomPainter final fallback,animation controller stops at fixed phase; static plate remains,LOCAL_14_GATES_PASSED_REMOTE_CI_PENDING
PHX-SPECIAL-TDL-006,app/assets/images/special-realms/rights-safe-v1/tide-letter/tide-letter-06-discovery-portrait-v1.webp,tide-letter-06-discovery-portrait-v1.webp,WEBP,19824,900,1600,447c89e8cc8bfb424faf5de1302721152024370a26a53aa7f634e22b7139dd29,347b8b40d5ca123f09023e026ccb7a8185175153,YES,tide-letter:discovery,Special Journey,programmatic:special-journeys-v1:tide-letter,NONE,NARRATIVE_SEQUENCE,NO,NO,PHASE2_REMOTE_CHECKPOINT,2026-08-02,Phoenix Visual Architecture,PHASE2_REMOTE_CHECKPOINT,NO,design/evidence/SPECIAL_JOURNEYS_V1_EVIDENCE.md;design/evidence/SPECIAL_JOURNEYS_V1_MANIFEST.json,PROGRAMMATIC_ORIGINAL_LOCAL_SVG,Phoenix local editable SVG master,Phoenix Visual Architecture under user-authorized controlled execution,Repository Node.js generator; Inkscape 1.2.2; ImageMagick 6.9.11-60,NOT_APPLICABLE,NOT_APPLICABLE,design/evidence/SPECIAL_JOURNEYS_V1_EVIDENCE.md,NOT_APPLICABLE,NOT_APPLICABLE,NOT_APPLICABLE — no external service or licensed input,Phoenix project-owned original,NOT_APPLICABLE,ALLOWED_BY_PROJECT_OWNER,ALLOWED_BY_PROJECT_OWNER,REVIEWED_NONE,REVIEWED_NONE,Phoenix Visual Architecture,2026-08-02,EVIDENCE_COMPLETE,NOT_APPLICABLE,YES_ASSET_ONLY_LIBRARY_BLOCKED,YES_ASSET_ONLY_LIBRARY_BLOCKED,NO,Story ID tide-letter; purpose discovery; story phase context. Original primitive geometry with no external input. Whole-library rights approval remains blocked.,design/sources/special-journeys-v1/masters/tide-letter/tide-letter-06-discovery-portrait-v1.svg,design/sources/special-journeys-v1/masters/tide-letter/tide-letter-06-discovery-portrait-v1.svg,900x1600 portrait; BoxFit.cover phone/tablet crop-safe composition,scene 01 for tide-letter; programmatic CustomPainter final fallback,animation controller stops at fixed phase; static plate remains,LOCAL_14_GATES_PASSED_REMOTE_CI_PENDING
PHX-SPECIAL-TDL-007,app/assets/images/special-realms/rights-safe-v1/tide-letter/tide-letter-07-reflection-portrait-v1.webp,tide-letter-07-reflection-portrait-v1.webp,WEBP,17496,900,1600,45a51929c0d486e91ad91f3ebcc838f50dea93242000ded849db50c9186a5a18,4bd08520859f11d6723e445a8ca7ffb9665f4fbc,YES,tide-letter:reflection,Special Journey,programmatic:special-journeys-v1:tide-letter,NONE,NARRATIVE_SEQUENCE,NO,NO,PHASE2_REMOTE_CHECKPOINT,2026-08-02,Phoenix Visual Architecture,PHASE2_REMOTE_CHECKPOINT,NO,design/evidence/SPECIAL_JOURNEYS_V1_EVIDENCE.md;design/evidence/SPECIAL_JOURNEYS_V1_MANIFEST.json,PROGRAMMATIC_ORIGINAL_LOCAL_SVG,Phoenix local editable SVG master,Phoenix Visual Architecture under user-authorized controlled execution,Repository Node.js generator; Inkscape 1.2.2; ImageMagick 6.9.11-60,NOT_APPLICABLE,NOT_APPLICABLE,design/evidence/SPECIAL_JOURNEYS_V1_EVIDENCE.md,NOT_APPLICABLE,NOT_APPLICABLE,NOT_APPLICABLE — no external service or licensed input,Phoenix project-owned original,NOT_APPLICABLE,ALLOWED_BY_PROJECT_OWNER,ALLOWED_BY_PROJECT_OWNER,REVIEWED_NONE,REVIEWED_NONE,Phoenix Visual Architecture,2026-08-02,EVIDENCE_COMPLETE,NOT_APPLICABLE,YES_ASSET_ONLY_LIBRARY_BLOCKED,YES_ASSET_ONLY_LIBRARY_BLOCKED,NO,Story ID tide-letter; purpose reflection; story phase question. Original primitive geometry with no external input. Whole-library rights approval remains blocked.,design/sources/special-journeys-v1/masters/tide-letter/tide-letter-07-reflection-portrait-v1.svg,design/sources/special-journeys-v1/masters/tide-letter/tide-letter-07-reflection-portrait-v1.svg,900x1600 portrait; BoxFit.cover phone/tablet crop-safe composition,scene 01 for tide-letter; programmatic CustomPainter final fallback,animation controller stops at fixed phase; static plate remains,LOCAL_14_GATES_PASSED_REMOTE_CI_PENDING
PHX-SPECIAL-TDL-008,app/assets/images/special-realms/rights-safe-v1/tide-letter/tide-letter-08-writing-portrait-v1.webp,tide-letter-08-writing-portrait-v1.webp,WEBP,16594,900,1600,0b11c3b0ad9be6b44aea4811a43b72cd5ddcd3ed9594b2f909e4b8e46b37c570,6555d49efe854824f4c80ffafd68cb0f1fbd8349,YES,tide-letter:writing,Special Journey,programmatic:special-journeys-v1:tide-letter,NONE,NARRATIVE_SEQUENCE,NO,NO,PHASE2_REMOTE_CHECKPOINT,2026-08-02,Phoenix Visual Architecture,PHASE2_REMOTE_CHECKPOINT,NO,design/evidence/SPECIAL_JOURNEYS_V1_EVIDENCE.md;design/evidence/SPECIAL_JOURNEYS_V1_MANIFEST.json,PROGRAMMATIC_ORIGINAL_LOCAL_SVG,Phoenix local editable SVG master,Phoenix Visual Architecture under user-authorized controlled execution,Repository Node.js generator; Inkscape 1.2.2; ImageMagick 6.9.11-60,NOT_APPLICABLE,NOT_APPLICABLE,design/evidence/SPECIAL_JOURNEYS_V1_EVIDENCE.md,NOT_APPLICABLE,NOT_APPLICABLE,NOT_APPLICABLE — no external service or licensed input,Phoenix project-owned original,NOT_APPLICABLE,ALLOWED_BY_PROJECT_OWNER,ALLOWED_BY_PROJECT_OWNER,REVIEWED_NONE,REVIEWED_NONE,Phoenix Visual Architecture,2026-08-02,EVIDENCE_COMPLETE,NOT_APPLICABLE,YES_ASSET_ONLY_LIBRARY_BLOCKED,YES_ASSET_ONLY_LIBRARY_BLOCKED,NO,Story ID tide-letter; purpose writing; story phase response. Original primitive geometry with no external input. Whole-library rights approval remains blocked.,design/sources/special-journeys-v1/masters/tide-letter/tide-letter-08-writing-portrait-v1.svg,design/sources/special-journeys-v1/masters/tide-letter/tide-letter-08-writing-portrait-v1.svg,900x1600 portrait; BoxFit.cover phone/tablet crop-safe composition,scene 01 for tide-letter; programmatic CustomPainter final fallback,animation controller stops at fixed phase; static plate remains,LOCAL_14_GATES_PASSED_REMOTE_CI_PENDING
PHX-SPECIAL-TDL-009,app/assets/images/special-realms/rights-safe-v1/tide-letter/tide-letter-09-memory-portrait-v1.webp,tide-letter-09-memory-portrait-v1.webp,WEBP,17780,900,1600,1f730f9e8809921190c89932e5ff1dba1a799a89ad68cdbfcdbc6b0ef87ccd28,430544df123b36f7805da4a79c1abad734112cc4,YES,tide-letter:memory,Special Journey,programmatic:special-journeys-v1:tide-letter,NONE,NARRATIVE_SEQUENCE,NO,NO,PHASE2_REMOTE_CHECKPOINT,2026-08-02,Phoenix Visual Architecture,PHASE2_REMOTE_CHECKPOINT,NO,design/evidence/SPECIAL_JOURNEYS_V1_EVIDENCE.md;design/evidence/SPECIAL_JOURNEYS_V1_MANIFEST.json,PROGRAMMATIC_ORIGINAL_LOCAL_SVG,Phoenix local editable SVG master,Phoenix Visual Architecture under user-authorized controlled execution,Repository Node.js generator; Inkscape 1.2.2; ImageMagick 6.9.11-60,NOT_APPLICABLE,NOT_APPLICABLE,design/evidence/SPECIAL_JOURNEYS_V1_EVIDENCE.md,NOT_APPLICABLE,NOT_APPLICABLE,NOT_APPLICABLE — no external service or licensed input,Phoenix project-owned original,NOT_APPLICABLE,ALLOWED_BY_PROJECT_OWNER,ALLOWED_BY_PROJECT_OWNER,REVIEWED_NONE,REVIEWED_NONE,Phoenix Visual Architecture,2026-08-02,EVIDENCE_COMPLETE,NOT_APPLICABLE,YES_ASSET_ONLY_LIBRARY_BLOCKED,YES_ASSET_ONLY_LIBRARY_BLOCKED,NO,Story ID tide-letter; purpose memory; story phase imprint. Original primitive geometry with no external input. Whole-library rights approval remains blocked.,design/sources/special-journeys-v1/masters/tide-letter/tide-letter-09-memory-portrait-v1.svg,design/sources/special-journeys-v1/masters/tide-letter/tide-letter-09-memory-portrait-v1.svg,900x1600 portrait; BoxFit.cover phone/tablet crop-safe composition,scene 01 for tide-letter; programmatic CustomPainter final fallback,animation controller stops at fixed phase; static plate remains,LOCAL_14_GATES_PASSED_REMOTE_CI_PENDING
PHX-SPECIAL-TDL-010,app/assets/images/special-realms/rights-safe-v1/tide-letter/tide-letter-10-completion-portrait-v1.webp,tide-letter-10-completion-portrait-v1.webp,WEBP,16716,900,1600,0a5b9cc6cd1b364303fcf72a341ec5e1cbac45eb081f063e85b19a41f4e251ff,4e075fc0fd89d983850a2a9fa476ce043b049110,YES,tide-letter:completion,Special Journey,programmatic:special-journeys-v1:tide-letter,NONE,NARRATIVE_SEQUENCE,NO,NO,PHASE2_REMOTE_CHECKPOINT,2026-08-02,Phoenix Visual Architecture,PHASE2_REMOTE_CHECKPOINT,NO,design/evidence/SPECIAL_JOURNEYS_V1_EVIDENCE.md;design/evidence/SPECIAL_JOURNEYS_V1_MANIFEST.json,PROGRAMMATIC_ORIGINAL_LOCAL_SVG,Phoenix local editable SVG master,Phoenix Visual Architecture under user-authorized controlled execution,Repository Node.js generator; Inkscape 1.2.2; ImageMagick 6.9.11-60,NOT_APPLICABLE,NOT_APPLICABLE,design/evidence/SPECIAL_JOURNEYS_V1_EVIDENCE.md,NOT_APPLICABLE,NOT_APPLICABLE,NOT_APPLICABLE — no external service or licensed input,Phoenix project-owned original,NOT_APPLICABLE,ALLOWED_BY_PROJECT_OWNER,ALLOWED_BY_PROJECT_OWNER,REVIEWED_NONE,REVIEWED_NONE,Phoenix Visual Architecture,2026-08-02,EVIDENCE_COMPLETE,NOT_APPLICABLE,YES_ASSET_ONLY_LIBRARY_BLOCKED,YES_ASSET_ONLY_LIBRARY_BLOCKED,NO,Story ID tide-letter; purpose completion; story phase afterglow. Original primitive geometry with no external input. Whole-library rights approval remains blocked.,design/sources/special-journeys-v1/masters/tide-letter/tide-letter-10-completion-portrait-v1.svg,design/sources/special-journeys-v1/masters/tide-letter/tide-letter-10-completion-portrait-v1.svg,900x1600 portrait; BoxFit.cover phone/tablet crop-safe composition,scene 01 for tide-letter; programmatic CustomPainter final fallback,animation controller stops at fixed phase; static plate remains,LOCAL_14_GATES_PASSED_REMOTE_CI_PENDING
PHX-SPECIAL-ALP-001,app/assets/images/special-realms/rights-safe-v1/arcade-lost-property/arcade-lost-property-01-opening-portrait-v1.webp,arcade-lost-property-01-opening-portrait-v1.webp,WEBP,14080,900,1600,76757eaeab75ffd7813faad679a08e1abc4e1ab175e650651e531801576e3b14,1e91de3573662aa383fb7ce4db68b9df01746429,YES,arcade-lost-property:explore-profile-static-fallback,Special Journey,programmatic:special-journeys-v1:arcade-lost-property,NONE,PRIMARY_STATIC_FALLBACK,NO,NO,PHASE2_REMOTE_CHECKPOINT,2026-08-02,Phoenix Visual Architecture,PHASE2_REMOTE_CHECKPOINT,NO,design/evidence/SPECIAL_JOURNEYS_V1_EVIDENCE.md;design/evidence/SPECIAL_JOURNEYS_V1_MANIFEST.json,PROGRAMMATIC_ORIGINAL_LOCAL_SVG,Phoenix local editable SVG master,Phoenix Visual Architecture under user-authorized controlled execution,Repository Node.js generator; Inkscape 1.2.2; ImageMagick 6.9.11-60,NOT_APPLICABLE,NOT_APPLICABLE,design/evidence/SPECIAL_JOURNEYS_V1_EVIDENCE.md,NOT_APPLICABLE,NOT_APPLICABLE,NOT_APPLICABLE — no external service or licensed input,Phoenix project-owned original,NOT_APPLICABLE,ALLOWED_BY_PROJECT_OWNER,ALLOWED_BY_PROJECT_OWNER,REVIEWED_NONE,REVIEWED_NONE,Phoenix Visual Architecture,2026-08-02,EVIDENCE_COMPLETE,NOT_APPLICABLE,YES_ASSET_ONLY_LIBRARY_BLOCKED,YES_ASSET_ONLY_LIBRARY_BLOCKED,NO,Story ID arcade-lost-property; purpose explore-profile-static-fallback; story phase threshold. Original primitive geometry with no external input. Whole-library rights approval remains blocked.,design/sources/special-journeys-v1/masters/arcade-lost-property/arcade-lost-property-01-opening-portrait-v1.svg,design/sources/special-journeys-v1/masters/arcade-lost-property/arcade-lost-property-01-opening-portrait-v1.svg,900x1600 portrait; BoxFit.cover phone/tablet crop-safe composition,scene 01 for arcade-lost-property; programmatic CustomPainter final fallback,animation controller stops at fixed phase; static plate remains,LOCAL_14_GATES_PASSED_REMOTE_CI_PENDING
PHX-SPECIAL-ALP-002,app/assets/images/special-realms/rights-safe-v1/arcade-lost-property/arcade-lost-property-02-story-arrival-portrait-v1.webp,arcade-lost-property-02-story-arrival-portrait-v1.webp,WEBP,14200,900,1600,58fab24384dc0e9940c0c37437ef9c53aaa7307ed355b590d439e8a5db93b663,f6aebf46e9ff99a8ec9e11133bd23123614afd4e,YES,arcade-lost-property:story-opening,Special Journey,programmatic:special-journeys-v1:arcade-lost-property,NONE,NARRATIVE_SEQUENCE,NO,NO,PHASE2_REMOTE_CHECKPOINT,2026-08-02,Phoenix Visual Architecture,PHASE2_REMOTE_CHECKPOINT,NO,design/evidence/SPECIAL_JOURNEYS_V1_EVIDENCE.md;design/evidence/SPECIAL_JOURNEYS_V1_MANIFEST.json,PROGRAMMATIC_ORIGINAL_LOCAL_SVG,Phoenix local editable SVG master,Phoenix Visual Architecture under user-authorized controlled execution,Repository Node.js generator; Inkscape 1.2.2; ImageMagick 6.9.11-60,NOT_APPLICABLE,NOT_APPLICABLE,design/evidence/SPECIAL_JOURNEYS_V1_EVIDENCE.md,NOT_APPLICABLE,NOT_APPLICABLE,NOT_APPLICABLE — no external service or licensed input,Phoenix project-owned original,NOT_APPLICABLE,ALLOWED_BY_PROJECT_OWNER,ALLOWED_BY_PROJECT_OWNER,REVIEWED_NONE,REVIEWED_NONE,Phoenix Visual Architecture,2026-08-02,EVIDENCE_COMPLETE,NOT_APPLICABLE,YES_ASSET_ONLY_LIBRARY_BLOCKED,YES_ASSET_ONLY_LIBRARY_BLOCKED,NO,Story ID arcade-lost-property; purpose story-opening; story phase arrival. Original primitive geometry with no external input. Whole-library rights approval remains blocked.,design/sources/special-journeys-v1/masters/arcade-lost-property/arcade-lost-property-02-story-arrival-portrait-v1.svg,design/sources/special-journeys-v1/masters/arcade-lost-property/arcade-lost-property-02-story-arrival-portrait-v1.svg,900x1600 portrait; BoxFit.cover phone/tablet crop-safe composition,scene 01 for arcade-lost-property; programmatic CustomPainter final fallback,animation controller stops at fixed phase; static plate remains,LOCAL_14_GATES_PASSED_REMOTE_CI_PENDING
PHX-SPECIAL-ALP-003,app/assets/images/special-realms/rights-safe-v1/arcade-lost-property/arcade-lost-property-03-story-tension-portrait-v1.webp,arcade-lost-property-03-story-tension-portrait-v1.webp,WEBP,14318,900,1600,9c22071877dcf8b6901366a18bcff5deeab4ce030555770cde7fd944318c9278,77b0d2db0d1ae3a9cb7bcb1246bedb6598257926,YES,arcade-lost-property:story-middle,Special Journey,programmatic:special-journeys-v1:arcade-lost-property,NONE,NARRATIVE_SEQUENCE,NO,NO,PHASE2_REMOTE_CHECKPOINT,2026-08-02,Phoenix Visual Architecture,PHASE2_REMOTE_CHECKPOINT,NO,design/evidence/SPECIAL_JOURNEYS_V1_EVIDENCE.md;design/evidence/SPECIAL_JOURNEYS_V1_MANIFEST.json,PROGRAMMATIC_ORIGINAL_LOCAL_SVG,Phoenix local editable SVG master,Phoenix Visual Architecture under user-authorized controlled execution,Repository Node.js generator; Inkscape 1.2.2; ImageMagick 6.9.11-60,NOT_APPLICABLE,NOT_APPLICABLE,design/evidence/SPECIAL_JOURNEYS_V1_EVIDENCE.md,NOT_APPLICABLE,NOT_APPLICABLE,NOT_APPLICABLE — no external service or licensed input,Phoenix project-owned original,NOT_APPLICABLE,ALLOWED_BY_PROJECT_OWNER,ALLOWED_BY_PROJECT_OWNER,REVIEWED_NONE,REVIEWED_NONE,Phoenix Visual Architecture,2026-08-02,EVIDENCE_COMPLETE,NOT_APPLICABLE,YES_ASSET_ONLY_LIBRARY_BLOCKED,YES_ASSET_ONLY_LIBRARY_BLOCKED,NO,Story ID arcade-lost-property; purpose story-middle; story phase tension. Original primitive geometry with no external input. Whole-library rights approval remains blocked.,design/sources/special-journeys-v1/masters/arcade-lost-property/arcade-lost-property-03-story-tension-portrait-v1.svg,design/sources/special-journeys-v1/masters/arcade-lost-property/arcade-lost-property-03-story-tension-portrait-v1.svg,900x1600 portrait; BoxFit.cover phone/tablet crop-safe composition,scene 01 for arcade-lost-property; programmatic CustomPainter final fallback,animation controller stops at fixed phase; static plate remains,LOCAL_14_GATES_PASSED_REMOTE_CI_PENDING
PHX-SPECIAL-ALP-004,app/assets/images/special-realms/rights-safe-v1/arcade-lost-property/arcade-lost-property-04-story-choice-portrait-v1.webp,arcade-lost-property-04-story-choice-portrait-v1.webp,WEBP,15054,900,1600,bf1b817cdb807ee28032d42aa7f08db9af8066f143c9d7224016d00505c122eb,6885d5b06373d03bab5a524b37840e84c95f0927,YES,arcade-lost-property:story-choice,Special Journey,programmatic:special-journeys-v1:arcade-lost-property,NONE,NARRATIVE_SEQUENCE,NO,NO,PHASE2_REMOTE_CHECKPOINT,2026-08-02,Phoenix Visual Architecture,PHASE2_REMOTE_CHECKPOINT,NO,design/evidence/SPECIAL_JOURNEYS_V1_EVIDENCE.md;design/evidence/SPECIAL_JOURNEYS_V1_MANIFEST.json,PROGRAMMATIC_ORIGINAL_LOCAL_SVG,Phoenix local editable SVG master,Phoenix Visual Architecture under user-authorized controlled execution,Repository Node.js generator; Inkscape 1.2.2; ImageMagick 6.9.11-60,NOT_APPLICABLE,NOT_APPLICABLE,design/evidence/SPECIAL_JOURNEYS_V1_EVIDENCE.md,NOT_APPLICABLE,NOT_APPLICABLE,NOT_APPLICABLE — no external service or licensed input,Phoenix project-owned original,NOT_APPLICABLE,ALLOWED_BY_PROJECT_OWNER,ALLOWED_BY_PROJECT_OWNER,REVIEWED_NONE,REVIEWED_NONE,Phoenix Visual Architecture,2026-08-02,EVIDENCE_COMPLETE,NOT_APPLICABLE,YES_ASSET_ONLY_LIBRARY_BLOCKED,YES_ASSET_ONLY_LIBRARY_BLOCKED,NO,Story ID arcade-lost-property; purpose story-choice; story phase choice. Original primitive geometry with no external input. Whole-library rights approval remains blocked.,design/sources/special-journeys-v1/masters/arcade-lost-property/arcade-lost-property-04-story-choice-portrait-v1.svg,design/sources/special-journeys-v1/masters/arcade-lost-property/arcade-lost-property-04-story-choice-portrait-v1.svg,900x1600 portrait; BoxFit.cover phone/tablet crop-safe composition,scene 01 for arcade-lost-property; programmatic CustomPainter final fallback,animation controller stops at fixed phase; static plate remains,LOCAL_14_GATES_PASSED_REMOTE_CI_PENDING
PHX-SPECIAL-ALP-005,app/assets/images/special-realms/rights-safe-v1/arcade-lost-property/arcade-lost-property-05-vocabulary-portrait-v1.webp,arcade-lost-property-05-vocabulary-portrait-v1.webp,WEBP,13848,900,1600,d394c6ed61d128278a6a9a00449941f7e999ced774769c19593f8ceb2fb2a39d,67749100ced417c1244774c674219ece78472b6f,YES,arcade-lost-property:vocabulary,Special Journey,programmatic:special-journeys-v1:arcade-lost-property,NONE,NARRATIVE_SEQUENCE,NO,NO,PHASE2_REMOTE_CHECKPOINT,2026-08-02,Phoenix Visual Architecture,PHASE2_REMOTE_CHECKPOINT,NO,design/evidence/SPECIAL_JOURNEYS_V1_EVIDENCE.md;design/evidence/SPECIAL_JOURNEYS_V1_MANIFEST.json,PROGRAMMATIC_ORIGINAL_LOCAL_SVG,Phoenix local editable SVG master,Phoenix Visual Architecture under user-authorized controlled execution,Repository Node.js generator; Inkscape 1.2.2; ImageMagick 6.9.11-60,NOT_APPLICABLE,NOT_APPLICABLE,design/evidence/SPECIAL_JOURNEYS_V1_EVIDENCE.md,NOT_APPLICABLE,NOT_APPLICABLE,NOT_APPLICABLE — no external service or licensed input,Phoenix project-owned original,NOT_APPLICABLE,ALLOWED_BY_PROJECT_OWNER,ALLOWED_BY_PROJECT_OWNER,REVIEWED_NONE,REVIEWED_NONE,Phoenix Visual Architecture,2026-08-02,EVIDENCE_COMPLETE,NOT_APPLICABLE,YES_ASSET_ONLY_LIBRARY_BLOCKED,YES_ASSET_ONLY_LIBRARY_BLOCKED,NO,Story ID arcade-lost-property; purpose vocabulary; story phase objects. Original primitive geometry with no external input. Whole-library rights approval remains blocked.,design/sources/special-journeys-v1/masters/arcade-lost-property/arcade-lost-property-05-vocabulary-portrait-v1.svg,design/sources/special-journeys-v1/masters/arcade-lost-property/arcade-lost-property-05-vocabulary-portrait-v1.svg,900x1600 portrait; BoxFit.cover phone/tablet crop-safe composition,scene 01 for arcade-lost-property; programmatic CustomPainter final fallback,animation controller stops at fixed phase; static plate remains,LOCAL_14_GATES_PASSED_REMOTE_CI_PENDING
PHX-SPECIAL-ALP-006,app/assets/images/special-realms/rights-safe-v1/arcade-lost-property/arcade-lost-property-06-discovery-portrait-v1.webp,arcade-lost-property-06-discovery-portrait-v1.webp,WEBP,16388,900,1600,04e700d0754834fa0d27443db4ca271d759cf014e78d09413b196c805e337112,908506619ee1337dddd57fafbd4a80b7fabc41fc,YES,arcade-lost-property:discovery,Special Journey,programmatic:special-journeys-v1:arcade-lost-property,NONE,NARRATIVE_SEQUENCE,NO,NO,PHASE2_REMOTE_CHECKPOINT,2026-08-02,Phoenix Visual Architecture,PHASE2_REMOTE_CHECKPOINT,NO,design/evidence/SPECIAL_JOURNEYS_V1_EVIDENCE.md;design/evidence/SPECIAL_JOURNEYS_V1_MANIFEST.json,PROGRAMMATIC_ORIGINAL_LOCAL_SVG,Phoenix local editable SVG master,Phoenix Visual Architecture under user-authorized controlled execution,Repository Node.js generator; Inkscape 1.2.2; ImageMagick 6.9.11-60,NOT_APPLICABLE,NOT_APPLICABLE,design/evidence/SPECIAL_JOURNEYS_V1_EVIDENCE.md,NOT_APPLICABLE,NOT_APPLICABLE,NOT_APPLICABLE — no external service or licensed input,Phoenix project-owned original,NOT_APPLICABLE,ALLOWED_BY_PROJECT_OWNER,ALLOWED_BY_PROJECT_OWNER,REVIEWED_NONE,REVIEWED_NONE,Phoenix Visual Architecture,2026-08-02,EVIDENCE_COMPLETE,NOT_APPLICABLE,YES_ASSET_ONLY_LIBRARY_BLOCKED,YES_ASSET_ONLY_LIBRARY_BLOCKED,NO,Story ID arcade-lost-property; purpose discovery; story phase context. Original primitive geometry with no external input. Whole-library rights approval remains blocked.,design/sources/special-journeys-v1/masters/arcade-lost-property/arcade-lost-property-06-discovery-portrait-v1.svg,design/sources/special-journeys-v1/masters/arcade-lost-property/arcade-lost-property-06-discovery-portrait-v1.svg,900x1600 portrait; BoxFit.cover phone/tablet crop-safe composition,scene 01 for arcade-lost-property; programmatic CustomPainter final fallback,animation controller stops at fixed phase; static plate remains,LOCAL_14_GATES_PASSED_REMOTE_CI_PENDING
PHX-SPECIAL-ALP-007,app/assets/images/special-realms/rights-safe-v1/arcade-lost-property/arcade-lost-property-07-reflection-portrait-v1.webp,arcade-lost-property-07-reflection-portrait-v1.webp,WEBP,14298,900,1600,e9f22c3e07ef9784a0e8b2e7d9433e049782639e8da7a2047723c419a4e4b3f2,b00cc15a5cc130a1b6b52e2ac01a2aa63128179c,YES,arcade-lost-property:reflection,Special Journey,programmatic:special-journeys-v1:arcade-lost-property,NONE,NARRATIVE_SEQUENCE,NO,NO,PHASE2_REMOTE_CHECKPOINT,2026-08-02,Phoenix Visual Architecture,PHASE2_REMOTE_CHECKPOINT,NO,design/evidence/SPECIAL_JOURNEYS_V1_EVIDENCE.md;design/evidence/SPECIAL_JOURNEYS_V1_MANIFEST.json,PROGRAMMATIC_ORIGINAL_LOCAL_SVG,Phoenix local editable SVG master,Phoenix Visual Architecture under user-authorized controlled execution,Repository Node.js generator; Inkscape 1.2.2; ImageMagick 6.9.11-60,NOT_APPLICABLE,NOT_APPLICABLE,design/evidence/SPECIAL_JOURNEYS_V1_EVIDENCE.md,NOT_APPLICABLE,NOT_APPLICABLE,NOT_APPLICABLE — no external service or licensed input,Phoenix project-owned original,NOT_APPLICABLE,ALLOWED_BY_PROJECT_OWNER,ALLOWED_BY_PROJECT_OWNER,REVIEWED_NONE,REVIEWED_NONE,Phoenix Visual Architecture,2026-08-02,EVIDENCE_COMPLETE,NOT_APPLICABLE,YES_ASSET_ONLY_LIBRARY_BLOCKED,YES_ASSET_ONLY_LIBRARY_BLOCKED,NO,Story ID arcade-lost-property; purpose reflection; story phase question. Original primitive geometry with no external input. Whole-library rights approval remains blocked.,design/sources/special-journeys-v1/masters/arcade-lost-property/arcade-lost-property-07-reflection-portrait-v1.svg,design/sources/special-journeys-v1/masters/arcade-lost-property/arcade-lost-property-07-reflection-portrait-v1.svg,900x1600 portrait; BoxFit.cover phone/tablet crop-safe composition,scene 01 for arcade-lost-property; programmatic CustomPainter final fallback,animation controller stops at fixed phase; static plate remains,LOCAL_14_GATES_PASSED_REMOTE_CI_PENDING
PHX-SPECIAL-ALP-008,app/assets/images/special-realms/rights-safe-v1/arcade-lost-property/arcade-lost-property-08-writing-portrait-v1.webp,arcade-lost-property-08-writing-portrait-v1.webp,WEBP,15842,900,1600,70f2819594c91c1206517be6b8d2caeac46e8a783c068811fb9eaadbdafbc7e0,d127c73e9382ce7fd72e47c84d87c484ead86a1e,YES,arcade-lost-property:writing,Special Journey,programmatic:special-journeys-v1:arcade-lost-property,NONE,NARRATIVE_SEQUENCE,NO,NO,PHASE2_REMOTE_CHECKPOINT,2026-08-02,Phoenix Visual Architecture,PHASE2_REMOTE_CHECKPOINT,NO,design/evidence/SPECIAL_JOURNEYS_V1_EVIDENCE.md;design/evidence/SPECIAL_JOURNEYS_V1_MANIFEST.json,PROGRAMMATIC_ORIGINAL_LOCAL_SVG,Phoenix local editable SVG master,Phoenix Visual Architecture under user-authorized controlled execution,Repository Node.js generator; Inkscape 1.2.2; ImageMagick 6.9.11-60,NOT_APPLICABLE,NOT_APPLICABLE,design/evidence/SPECIAL_JOURNEYS_V1_EVIDENCE.md,NOT_APPLICABLE,NOT_APPLICABLE,NOT_APPLICABLE — no external service or licensed input,Phoenix project-owned original,NOT_APPLICABLE,ALLOWED_BY_PROJECT_OWNER,ALLOWED_BY_PROJECT_OWNER,REVIEWED_NONE,REVIEWED_NONE,Phoenix Visual Architecture,2026-08-02,EVIDENCE_COMPLETE,NOT_APPLICABLE,YES_ASSET_ONLY_LIBRARY_BLOCKED,YES_ASSET_ONLY_LIBRARY_BLOCKED,NO,Story ID arcade-lost-property; purpose writing; story phase response. Original primitive geometry with no external input. Whole-library rights approval remains blocked.,design/sources/special-journeys-v1/masters/arcade-lost-property/arcade-lost-property-08-writing-portrait-v1.svg,design/sources/special-journeys-v1/masters/arcade-lost-property/arcade-lost-property-08-writing-portrait-v1.svg,900x1600 portrait; BoxFit.cover phone/tablet crop-safe composition,scene 01 for arcade-lost-property; programmatic CustomPainter final fallback,animation controller stops at fixed phase; static plate remains,LOCAL_14_GATES_PASSED_REMOTE_CI_PENDING
PHX-SPECIAL-ALP-009,app/assets/images/special-realms/rights-safe-v1/arcade-lost-property/arcade-lost-property-09-memory-portrait-v1.webp,arcade-lost-property-09-memory-portrait-v1.webp,WEBP,13886,900,1600,fc826e9efbf00c2423c50bc11a11757e91aeebfa5c9dc7cb03b825929057107c,907838c232d932bd86cfc47fa3c7557ba38267c6,YES,arcade-lost-property:memory,Special Journey,programmatic:special-journeys-v1:arcade-lost-property,NONE,NARRATIVE_SEQUENCE,NO,NO,PHASE2_REMOTE_CHECKPOINT,2026-08-02,Phoenix Visual Architecture,PHASE2_REMOTE_CHECKPOINT,NO,design/evidence/SPECIAL_JOURNEYS_V1_EVIDENCE.md;design/evidence/SPECIAL_JOURNEYS_V1_MANIFEST.json,PROGRAMMATIC_ORIGINAL_LOCAL_SVG,Phoenix local editable SVG master,Phoenix Visual Architecture under user-authorized controlled execution,Repository Node.js generator; Inkscape 1.2.2; ImageMagick 6.9.11-60,NOT_APPLICABLE,NOT_APPLICABLE,design/evidence/SPECIAL_JOURNEYS_V1_EVIDENCE.md,NOT_APPLICABLE,NOT_APPLICABLE,NOT_APPLICABLE — no external service or licensed input,Phoenix project-owned original,NOT_APPLICABLE,ALLOWED_BY_PROJECT_OWNER,ALLOWED_BY_PROJECT_OWNER,REVIEWED_NONE,REVIEWED_NONE,Phoenix Visual Architecture,2026-08-02,EVIDENCE_COMPLETE,NOT_APPLICABLE,YES_ASSET_ONLY_LIBRARY_BLOCKED,YES_ASSET_ONLY_LIBRARY_BLOCKED,NO,Story ID arcade-lost-property; purpose memory; story phase imprint. Original primitive geometry with no external input. Whole-library rights approval remains blocked.,design/sources/special-journeys-v1/masters/arcade-lost-property/arcade-lost-property-09-memory-portrait-v1.svg,design/sources/special-journeys-v1/masters/arcade-lost-property/arcade-lost-property-09-memory-portrait-v1.svg,900x1600 portrait; BoxFit.cover phone/tablet crop-safe composition,scene 01 for arcade-lost-property; programmatic CustomPainter final fallback,animation controller stops at fixed phase; static plate remains,LOCAL_14_GATES_PASSED_REMOTE_CI_PENDING
PHX-SPECIAL-ALP-010,app/assets/images/special-realms/rights-safe-v1/arcade-lost-property/arcade-lost-property-10-completion-portrait-v1.webp,arcade-lost-property-10-completion-portrait-v1.webp,WEBP,13638,900,1600,ec804dae687651870fe423bebab5420ae6f8daa6816968b0368eb819b2cd9bbc,70edb5542a86101f1b3ea97e978784a6240f4eec,YES,arcade-lost-property:completion,Special Journey,programmatic:special-journeys-v1:arcade-lost-property,NONE,NARRATIVE_SEQUENCE,NO,NO,PHASE2_REMOTE_CHECKPOINT,2026-08-02,Phoenix Visual Architecture,PHASE2_REMOTE_CHECKPOINT,NO,design/evidence/SPECIAL_JOURNEYS_V1_EVIDENCE.md;design/evidence/SPECIAL_JOURNEYS_V1_MANIFEST.json,PROGRAMMATIC_ORIGINAL_LOCAL_SVG,Phoenix local editable SVG master,Phoenix Visual Architecture under user-authorized controlled execution,Repository Node.js generator; Inkscape 1.2.2; ImageMagick 6.9.11-60,NOT_APPLICABLE,NOT_APPLICABLE,design/evidence/SPECIAL_JOURNEYS_V1_EVIDENCE.md,NOT_APPLICABLE,NOT_APPLICABLE,NOT_APPLICABLE — no external service or licensed input,Phoenix project-owned original,NOT_APPLICABLE,ALLOWED_BY_PROJECT_OWNER,ALLOWED_BY_PROJECT_OWNER,REVIEWED_NONE,REVIEWED_NONE,Phoenix Visual Architecture,2026-08-02,EVIDENCE_COMPLETE,NOT_APPLICABLE,YES_ASSET_ONLY_LIBRARY_BLOCKED,YES_ASSET_ONLY_LIBRARY_BLOCKED,NO,Story ID arcade-lost-property; purpose completion; story phase afterglow. Original primitive geometry with no external input. Whole-library rights approval remains blocked.,design/sources/special-journeys-v1/masters/arcade-lost-property/arcade-lost-property-10-completion-portrait-v1.svg,design/sources/special-journeys-v1/masters/arcade-lost-property/arcade-lost-property-10-completion-portrait-v1.svg,900x1600 portrait; BoxFit.cover phone/tablet crop-safe composition,scene 01 for arcade-lost-property; programmatic CustomPainter final fallback,animation controller stops at fixed phase; static plate remains,LOCAL_14_GATES_PASSED_REMOTE_CI_PENDING
PHX-SPECIAL-THE-001,app/assets/images/special-realms/rights-safe-v1/tea-horse-echo/tea-horse-echo-01-opening-portrait-v1.webp,tea-horse-echo-01-opening-portrait-v1.webp,WEBP,13534,900,1600,dd34e008bdb22f85a2df78f05e3cf930b1fdfe391b45be177f2e7d10c482d1d2,1db9c082bad120f3c82235634d6ae7c5a428f97d,YES,tea-horse-echo:explore-profile-static-fallback,Special Journey,programmatic:special-journeys-v1:tea-horse-echo,NONE,PRIMARY_STATIC_FALLBACK,NO,NO,PHASE2_REMOTE_CHECKPOINT,2026-08-02,Phoenix Visual Architecture,PHASE2_REMOTE_CHECKPOINT,NO,design/evidence/SPECIAL_JOURNEYS_V1_EVIDENCE.md;design/evidence/SPECIAL_JOURNEYS_V1_MANIFEST.json,PROGRAMMATIC_ORIGINAL_LOCAL_SVG,Phoenix local editable SVG master,Phoenix Visual Architecture under user-authorized controlled execution,Repository Node.js generator; Inkscape 1.2.2; ImageMagick 6.9.11-60,NOT_APPLICABLE,NOT_APPLICABLE,design/evidence/SPECIAL_JOURNEYS_V1_EVIDENCE.md,NOT_APPLICABLE,NOT_APPLICABLE,NOT_APPLICABLE — no external service or licensed input,Phoenix project-owned original,NOT_APPLICABLE,ALLOWED_BY_PROJECT_OWNER,ALLOWED_BY_PROJECT_OWNER,REVIEWED_NONE,REVIEWED_NONE,Phoenix Visual Architecture,2026-08-02,EVIDENCE_COMPLETE,NOT_APPLICABLE,YES_ASSET_ONLY_LIBRARY_BLOCKED,YES_ASSET_ONLY_LIBRARY_BLOCKED,NO,Story ID tea-horse-echo; purpose explore-profile-static-fallback; story phase threshold. Original primitive geometry with no external input. Whole-library rights approval remains blocked.,design/sources/special-journeys-v1/masters/tea-horse-echo/tea-horse-echo-01-opening-portrait-v1.svg,design/sources/special-journeys-v1/masters/tea-horse-echo/tea-horse-echo-01-opening-portrait-v1.svg,900x1600 portrait; BoxFit.cover phone/tablet crop-safe composition,scene 01 for tea-horse-echo; programmatic CustomPainter final fallback,animation controller stops at fixed phase; static plate remains,LOCAL_14_GATES_PASSED_REMOTE_CI_PENDING
PHX-SPECIAL-THE-002,app/assets/images/special-realms/rights-safe-v1/tea-horse-echo/tea-horse-echo-02-story-arrival-portrait-v1.webp,tea-horse-echo-02-story-arrival-portrait-v1.webp,WEBP,13448,900,1600,63cff91aea0ec81b7bd6d7b7cba24ffe88a931f2f3a08c9f06cdf55c5e19d69a,3d2a0561220428dbe8258ba1d1514886b0a1ed9a,YES,tea-horse-echo:story-opening,Special Journey,programmatic:special-journeys-v1:tea-horse-echo,NONE,NARRATIVE_SEQUENCE,NO,NO,PHASE2_REMOTE_CHECKPOINT,2026-08-02,Phoenix Visual Architecture,PHASE2_REMOTE_CHECKPOINT,NO,design/evidence/SPECIAL_JOURNEYS_V1_EVIDENCE.md;design/evidence/SPECIAL_JOURNEYS_V1_MANIFEST.json,PROGRAMMATIC_ORIGINAL_LOCAL_SVG,Phoenix local editable SVG master,Phoenix Visual Architecture under user-authorized controlled execution,Repository Node.js generator; Inkscape 1.2.2; ImageMagick 6.9.11-60,NOT_APPLICABLE,NOT_APPLICABLE,design/evidence/SPECIAL_JOURNEYS_V1_EVIDENCE.md,NOT_APPLICABLE,NOT_APPLICABLE,NOT_APPLICABLE — no external service or licensed input,Phoenix project-owned original,NOT_APPLICABLE,ALLOWED_BY_PROJECT_OWNER,ALLOWED_BY_PROJECT_OWNER,REVIEWED_NONE,REVIEWED_NONE,Phoenix Visual Architecture,2026-08-02,EVIDENCE_COMPLETE,NOT_APPLICABLE,YES_ASSET_ONLY_LIBRARY_BLOCKED,YES_ASSET_ONLY_LIBRARY_BLOCKED,NO,Story ID tea-horse-echo; purpose story-opening; story phase arrival. Original primitive geometry with no external input. Whole-library rights approval remains blocked.,design/sources/special-journeys-v1/masters/tea-horse-echo/tea-horse-echo-02-story-arrival-portrait-v1.svg,design/sources/special-journeys-v1/masters/tea-horse-echo/tea-horse-echo-02-story-arrival-portrait-v1.svg,900x1600 portrait; BoxFit.cover phone/tablet crop-safe composition,scene 01 for tea-horse-echo; programmatic CustomPainter final fallback,animation controller stops at fixed phase; static plate remains,LOCAL_14_GATES_PASSED_REMOTE_CI_PENDING
PHX-SPECIAL-THE-003,app/assets/images/special-realms/rights-safe-v1/tea-horse-echo/tea-horse-echo-03-story-tension-portrait-v1.webp,tea-horse-echo-03-story-tension-portrait-v1.webp,WEBP,14862,900,1600,61f22a055efd1d68dac691ffff8c9eea9eea6f058784f2e7e57d40b7a1d1319a,ad9eb4cfc2b8da0b8ede6381cdc1a7bd154f6104,YES,tea-horse-echo:story-middle,Special Journey,programmatic:special-journeys-v1:tea-horse-echo,NONE,NARRATIVE_SEQUENCE,NO,NO,PHASE2_REMOTE_CHECKPOINT,2026-08-02,Phoenix Visual Architecture,PHASE2_REMOTE_CHECKPOINT,NO,design/evidence/SPECIAL_JOURNEYS_V1_EVIDENCE.md;design/evidence/SPECIAL_JOURNEYS_V1_MANIFEST.json,PROGRAMMATIC_ORIGINAL_LOCAL_SVG,Phoenix local editable SVG master,Phoenix Visual Architecture under user-authorized controlled execution,Repository Node.js generator; Inkscape 1.2.2; ImageMagick 6.9.11-60,NOT_APPLICABLE,NOT_APPLICABLE,design/evidence/SPECIAL_JOURNEYS_V1_EVIDENCE.md,NOT_APPLICABLE,NOT_APPLICABLE,NOT_APPLICABLE — no external service or licensed input,Phoenix project-owned original,NOT_APPLICABLE,ALLOWED_BY_PROJECT_OWNER,ALLOWED_BY_PROJECT_OWNER,REVIEWED_NONE,REVIEWED_NONE,Phoenix Visual Architecture,2026-08-02,EVIDENCE_COMPLETE,NOT_APPLICABLE,YES_ASSET_ONLY_LIBRARY_BLOCKED,YES_ASSET_ONLY_LIBRARY_BLOCKED,NO,Story ID tea-horse-echo; purpose story-middle; story phase tension. Original primitive geometry with no external input. Whole-library rights approval remains blocked.,design/sources/special-journeys-v1/masters/tea-horse-echo/tea-horse-echo-03-story-tension-portrait-v1.svg,design/sources/special-journeys-v1/masters/tea-horse-echo/tea-horse-echo-03-story-tension-portrait-v1.svg,900x1600 portrait; BoxFit.cover phone/tablet crop-safe composition,scene 01 for tea-horse-echo; programmatic CustomPainter final fallback,animation controller stops at fixed phase; static plate remains,LOCAL_14_GATES_PASSED_REMOTE_CI_PENDING
PHX-SPECIAL-THE-004,app/assets/images/special-realms/rights-safe-v1/tea-horse-echo/tea-horse-echo-04-story-choice-portrait-v1.webp,tea-horse-echo-04-story-choice-portrait-v1.webp,WEBP,15150,900,1600,a50b20bd2d191a5a56b603284ecd5969d146cc944331924900b87d21318f64f0,100d516f30f0790c01c9268cafdf6858a9ed3ff0,YES,tea-horse-echo:story-choice,Special Journey,programmatic:special-journeys-v1:tea-horse-echo,NONE,NARRATIVE_SEQUENCE,NO,NO,PHASE2_REMOTE_CHECKPOINT,2026-08-02,Phoenix Visual Architecture,PHASE2_REMOTE_CHECKPOINT,NO,design/evidence/SPECIAL_JOURNEYS_V1_EVIDENCE.md;design/evidence/SPECIAL_JOURNEYS_V1_MANIFEST.json,PROGRAMMATIC_ORIGINAL_LOCAL_SVG,Phoenix local editable SVG master,Phoenix Visual Architecture under user-authorized controlled execution,Repository Node.js generator; Inkscape 1.2.2; ImageMagick 6.9.11-60,NOT_APPLICABLE,NOT_APPLICABLE,design/evidence/SPECIAL_JOURNEYS_V1_EVIDENCE.md,NOT_APPLICABLE,NOT_APPLICABLE,NOT_APPLICABLE — no external service or licensed input,Phoenix project-owned original,NOT_APPLICABLE,ALLOWED_BY_PROJECT_OWNER,ALLOWED_BY_PROJECT_OWNER,REVIEWED_NONE,REVIEWED_NONE,Phoenix Visual Architecture,2026-08-02,EVIDENCE_COMPLETE,NOT_APPLICABLE,YES_ASSET_ONLY_LIBRARY_BLOCKED,YES_ASSET_ONLY_LIBRARY_BLOCKED,NO,Story ID tea-horse-echo; purpose story-choice; story phase choice. Original primitive geometry with no external input. Whole-library rights approval remains blocked.,design/sources/special-journeys-v1/masters/tea-horse-echo/tea-horse-echo-04-story-choice-portrait-v1.svg,design/sources/special-journeys-v1/masters/tea-horse-echo/tea-horse-echo-04-story-choice-portrait-v1.svg,900x1600 portrait; BoxFit.cover phone/tablet crop-safe composition,scene 01 for tea-horse-echo; programmatic CustomPainter final fallback,animation controller stops at fixed phase; static plate remains,LOCAL_14_GATES_PASSED_REMOTE_CI_PENDING
PHX-SPECIAL-THE-005,app/assets/images/special-realms/rights-safe-v1/tea-horse-echo/tea-horse-echo-05-vocabulary-portrait-v1.webp,tea-horse-echo-05-vocabulary-portrait-v1.webp,WEBP,12566,900,1600,8dadebfcb65143efbbbf92179c2b3f408dd356652933a17174c9d6c192c1d284,ddf97d68b9a9de07ff4a371ae3033e438834d9ba,YES,tea-horse-echo:vocabulary,Special Journey,programmatic:special-journeys-v1:tea-horse-echo,NONE,NARRATIVE_SEQUENCE,NO,NO,PHASE2_REMOTE_CHECKPOINT,2026-08-02,Phoenix Visual Architecture,PHASE2_REMOTE_CHECKPOINT,NO,design/evidence/SPECIAL_JOURNEYS_V1_EVIDENCE.md;design/evidence/SPECIAL_JOURNEYS_V1_MANIFEST.json,PROGRAMMATIC_ORIGINAL_LOCAL_SVG,Phoenix local editable SVG master,Phoenix Visual Architecture under user-authorized controlled execution,Repository Node.js generator; Inkscape 1.2.2; ImageMagick 6.9.11-60,NOT_APPLICABLE,NOT_APPLICABLE,design/evidence/SPECIAL_JOURNEYS_V1_EVIDENCE.md,NOT_APPLICABLE,NOT_APPLICABLE,NOT_APPLICABLE — no external service or licensed input,Phoenix project-owned original,NOT_APPLICABLE,ALLOWED_BY_PROJECT_OWNER,ALLOWED_BY_PROJECT_OWNER,REVIEWED_NONE,REVIEWED_NONE,Phoenix Visual Architecture,2026-08-02,EVIDENCE_COMPLETE,NOT_APPLICABLE,YES_ASSET_ONLY_LIBRARY_BLOCKED,YES_ASSET_ONLY_LIBRARY_BLOCKED,NO,Story ID tea-horse-echo; purpose vocabulary; story phase objects. Original primitive geometry with no external input. Whole-library rights approval remains blocked.,design/sources/special-journeys-v1/masters/tea-horse-echo/tea-horse-echo-05-vocabulary-portrait-v1.svg,design/sources/special-journeys-v1/masters/tea-horse-echo/tea-horse-echo-05-vocabulary-portrait-v1.svg,900x1600 portrait; BoxFit.cover phone/tablet crop-safe composition,scene 01 for tea-horse-echo; programmatic CustomPainter final fallback,animation controller stops at fixed phase; static plate remains,LOCAL_14_GATES_PASSED_REMOTE_CI_PENDING
PHX-SPECIAL-THE-006,app/assets/images/special-realms/rights-safe-v1/tea-horse-echo/tea-horse-echo-06-discovery-portrait-v1.webp,tea-horse-echo-06-discovery-portrait-v1.webp,WEBP,14722,900,1600,4a57f9d4abdd8bc18b4a11332fdc2c55db4baa70dac47470f4e95d1c62740d8f,a0efc85587864a01b3ec8c1c69c7bb3d66315d05,YES,tea-horse-echo:discovery,Special Journey,programmatic:special-journeys-v1:tea-horse-echo,NONE,NARRATIVE_SEQUENCE,NO,NO,PHASE2_REMOTE_CHECKPOINT,2026-08-02,Phoenix Visual Architecture,PHASE2_REMOTE_CHECKPOINT,NO,design/evidence/SPECIAL_JOURNEYS_V1_EVIDENCE.md;design/evidence/SPECIAL_JOURNEYS_V1_MANIFEST.json,PROGRAMMATIC_ORIGINAL_LOCAL_SVG,Phoenix local editable SVG master,Phoenix Visual Architecture under user-authorized controlled execution,Repository Node.js generator; Inkscape 1.2.2; ImageMagick 6.9.11-60,NOT_APPLICABLE,NOT_APPLICABLE,design/evidence/SPECIAL_JOURNEYS_V1_EVIDENCE.md,NOT_APPLICABLE,NOT_APPLICABLE,NOT_APPLICABLE — no external service or licensed input,Phoenix project-owned original,NOT_APPLICABLE,ALLOWED_BY_PROJECT_OWNER,ALLOWED_BY_PROJECT_OWNER,REVIEWED_NONE,REVIEWED_NONE,Phoenix Visual Architecture,2026-08-02,EVIDENCE_COMPLETE,NOT_APPLICABLE,YES_ASSET_ONLY_LIBRARY_BLOCKED,YES_ASSET_ONLY_LIBRARY_BLOCKED,NO,Story ID tea-horse-echo; purpose discovery; story phase context. Original primitive geometry with no external input. Whole-library rights approval remains blocked.,design/sources/special-journeys-v1/masters/tea-horse-echo/tea-horse-echo-06-discovery-portrait-v1.svg,design/sources/special-journeys-v1/masters/tea-horse-echo/tea-horse-echo-06-discovery-portrait-v1.svg,900x1600 portrait; BoxFit.cover phone/tablet crop-safe composition,scene 01 for tea-horse-echo; programmatic CustomPainter final fallback,animation controller stops at fixed phase; static plate remains,LOCAL_14_GATES_PASSED_REMOTE_CI_PENDING
PHX-SPECIAL-THE-007,app/assets/images/special-realms/rights-safe-v1/tea-horse-echo/tea-horse-echo-07-reflection-portrait-v1.webp,tea-horse-echo-07-reflection-portrait-v1.webp,WEBP,12958,900,1600,099f6128a5cc504e075245d261261260a811172950aca5cd4d38b790c1e4459f,2c0a39dad9b44fa4ddeeaee3671687779bed7944,YES,tea-horse-echo:reflection,Special Journey,programmatic:special-journeys-v1:tea-horse-echo,NONE,NARRATIVE_SEQUENCE,NO,NO,PHASE2_REMOTE_CHECKPOINT,2026-08-02,Phoenix Visual Architecture,PHASE2_REMOTE_CHECKPOINT,NO,design/evidence/SPECIAL_JOURNEYS_V1_EVIDENCE.md;design/evidence/SPECIAL_JOURNEYS_V1_MANIFEST.json,PROGRAMMATIC_ORIGINAL_LOCAL_SVG,Phoenix local editable SVG master,Phoenix Visual Architecture under user-authorized controlled execution,Repository Node.js generator; Inkscape 1.2.2; ImageMagick 6.9.11-60,NOT_APPLICABLE,NOT_APPLICABLE,design/evidence/SPECIAL_JOURNEYS_V1_EVIDENCE.md,NOT_APPLICABLE,NOT_APPLICABLE,NOT_APPLICABLE — no external service or licensed input,Phoenix project-owned original,NOT_APPLICABLE,ALLOWED_BY_PROJECT_OWNER,ALLOWED_BY_PROJECT_OWNER,REVIEWED_NONE,REVIEWED_NONE,Phoenix Visual Architecture,2026-08-02,EVIDENCE_COMPLETE,NOT_APPLICABLE,YES_ASSET_ONLY_LIBRARY_BLOCKED,YES_ASSET_ONLY_LIBRARY_BLOCKED,NO,Story ID tea-horse-echo; purpose reflection; story phase question. Original primitive geometry with no external input. Whole-library rights approval remains blocked.,design/sources/special-journeys-v1/masters/tea-horse-echo/tea-horse-echo-07-reflection-portrait-v1.svg,design/sources/special-journeys-v1/masters/tea-horse-echo/tea-horse-echo-07-reflection-portrait-v1.svg,900x1600 portrait; BoxFit.cover phone/tablet crop-safe composition,scene 01 for tea-horse-echo; programmatic CustomPainter final fallback,animation controller stops at fixed phase; static plate remains,LOCAL_14_GATES_PASSED_REMOTE_CI_PENDING
PHX-SPECIAL-THE-008,app/assets/images/special-realms/rights-safe-v1/tea-horse-echo/tea-horse-echo-08-writing-portrait-v1.webp,tea-horse-echo-08-writing-portrait-v1.webp,WEBP,12720,900,1600,7efc8219d46faed023182230e763ea7b7ccb471891321d9ef89d1f974de77fe5,6209c5f8cbd9198de89284c6273b3ad47f7af51a,YES,tea-horse-echo:writing,Special Journey,programmatic:special-journeys-v1:tea-horse-echo,NONE,NARRATIVE_SEQUENCE,NO,NO,PHASE2_REMOTE_CHECKPOINT,2026-08-02,Phoenix Visual Architecture,PHASE2_REMOTE_CHECKPOINT,NO,design/evidence/SPECIAL_JOURNEYS_V1_EVIDENCE.md;design/evidence/SPECIAL_JOURNEYS_V1_MANIFEST.json,PROGRAMMATIC_ORIGINAL_LOCAL_SVG,Phoenix local editable SVG master,Phoenix Visual Architecture under user-authorized controlled execution,Repository Node.js generator; Inkscape 1.2.2; ImageMagick 6.9.11-60,NOT_APPLICABLE,NOT_APPLICABLE,design/evidence/SPECIAL_JOURNEYS_V1_EVIDENCE.md,NOT_APPLICABLE,NOT_APPLICABLE,NOT_APPLICABLE — no external service or licensed input,Phoenix project-owned original,NOT_APPLICABLE,ALLOWED_BY_PROJECT_OWNER,ALLOWED_BY_PROJECT_OWNER,REVIEWED_NONE,REVIEWED_NONE,Phoenix Visual Architecture,2026-08-02,EVIDENCE_COMPLETE,NOT_APPLICABLE,YES_ASSET_ONLY_LIBRARY_BLOCKED,YES_ASSET_ONLY_LIBRARY_BLOCKED,NO,Story ID tea-horse-echo; purpose writing; story phase response. Original primitive geometry with no external input. Whole-library rights approval remains blocked.,design/sources/special-journeys-v1/masters/tea-horse-echo/tea-horse-echo-08-writing-portrait-v1.svg,design/sources/special-journeys-v1/masters/tea-horse-echo/tea-horse-echo-08-writing-portrait-v1.svg,900x1600 portrait; BoxFit.cover phone/tablet crop-safe composition,scene 01 for tea-horse-echo; programmatic CustomPainter final fallback,animation controller stops at fixed phase; static plate remains,LOCAL_14_GATES_PASSED_REMOTE_CI_PENDING
PHX-SPECIAL-THE-009,app/assets/images/special-realms/rights-safe-v1/tea-horse-echo/tea-horse-echo-09-memory-portrait-v1.webp,tea-horse-echo-09-memory-portrait-v1.webp,WEBP,13130,900,1600,e9fcca65bc13d8322ebb3a9f97e56f948f93f4b4a0a18baed74fbf3c9a4b3db4,2a7dde917e455598154e374c8d42474be466f36f,YES,tea-horse-echo:memory,Special Journey,programmatic:special-journeys-v1:tea-horse-echo,NONE,NARRATIVE_SEQUENCE,NO,NO,PHASE2_REMOTE_CHECKPOINT,2026-08-02,Phoenix Visual Architecture,PHASE2_REMOTE_CHECKPOINT,NO,design/evidence/SPECIAL_JOURNEYS_V1_EVIDENCE.md;design/evidence/SPECIAL_JOURNEYS_V1_MANIFEST.json,PROGRAMMATIC_ORIGINAL_LOCAL_SVG,Phoenix local editable SVG master,Phoenix Visual Architecture under user-authorized controlled execution,Repository Node.js generator; Inkscape 1.2.2; ImageMagick 6.9.11-60,NOT_APPLICABLE,NOT_APPLICABLE,design/evidence/SPECIAL_JOURNEYS_V1_EVIDENCE.md,NOT_APPLICABLE,NOT_APPLICABLE,NOT_APPLICABLE — no external service or licensed input,Phoenix project-owned original,NOT_APPLICABLE,ALLOWED_BY_PROJECT_OWNER,ALLOWED_BY_PROJECT_OWNER,REVIEWED_NONE,REVIEWED_NONE,Phoenix Visual Architecture,2026-08-02,EVIDENCE_COMPLETE,NOT_APPLICABLE,YES_ASSET_ONLY_LIBRARY_BLOCKED,YES_ASSET_ONLY_LIBRARY_BLOCKED,NO,Story ID tea-horse-echo; purpose memory; story phase imprint. Original primitive geometry with no external input. Whole-library rights approval remains blocked.,design/sources/special-journeys-v1/masters/tea-horse-echo/tea-horse-echo-09-memory-portrait-v1.svg,design/sources/special-journeys-v1/masters/tea-horse-echo/tea-horse-echo-09-memory-portrait-v1.svg,900x1600 portrait; BoxFit.cover phone/tablet crop-safe composition,scene 01 for tea-horse-echo; programmatic CustomPainter final fallback,animation controller stops at fixed phase; static plate remains,LOCAL_14_GATES_PASSED_REMOTE_CI_PENDING
PHX-SPECIAL-THE-010,app/assets/images/special-realms/rights-safe-v1/tea-horse-echo/tea-horse-echo-10-completion-portrait-v1.webp,tea-horse-echo-10-completion-portrait-v1.webp,WEBP,13070,900,1600,a959c9322f6e300c7b7e1c823bf161c6a55f4e6794b6b5034141fb5561cc03d9,733ebbe17e05dc009ab23d87fe5b402ffa9dbddb,YES,tea-horse-echo:completion,Special Journey,programmatic:special-journeys-v1:tea-horse-echo,NONE,NARRATIVE_SEQUENCE,NO,NO,PHASE2_REMOTE_CHECKPOINT,2026-08-02,Phoenix Visual Architecture,PHASE2_REMOTE_CHECKPOINT,NO,design/evidence/SPECIAL_JOURNEYS_V1_EVIDENCE.md;design/evidence/SPECIAL_JOURNEYS_V1_MANIFEST.json,PROGRAMMATIC_ORIGINAL_LOCAL_SVG,Phoenix local editable SVG master,Phoenix Visual Architecture under user-authorized controlled execution,Repository Node.js generator; Inkscape 1.2.2; ImageMagick 6.9.11-60,NOT_APPLICABLE,NOT_APPLICABLE,design/evidence/SPECIAL_JOURNEYS_V1_EVIDENCE.md,NOT_APPLICABLE,NOT_APPLICABLE,NOT_APPLICABLE — no external service or licensed input,Phoenix project-owned original,NOT_APPLICABLE,ALLOWED_BY_PROJECT_OWNER,ALLOWED_BY_PROJECT_OWNER,REVIEWED_NONE,REVIEWED_NONE,Phoenix Visual Architecture,2026-08-02,EVIDENCE_COMPLETE,NOT_APPLICABLE,YES_ASSET_ONLY_LIBRARY_BLOCKED,YES_ASSET_ONLY_LIBRARY_BLOCKED,NO,Story ID tea-horse-echo; purpose completion; story phase afterglow. Original primitive geometry with no external input. Whole-library rights approval remains blocked.,design/sources/special-journeys-v1/masters/tea-horse-echo/tea-horse-echo-10-completion-portrait-v1.svg,design/sources/special-journeys-v1/masters/tea-horse-echo/tea-horse-echo-10-completion-portrait-v1.svg,900x1600 portrait; BoxFit.cover phone/tablet crop-safe composition,scene 01 for tea-horse-echo; programmatic CustomPainter final fallback,animation controller stops at fixed phase; static plate remains,LOCAL_14_GATES_PASSED_REMOTE_CI_PENDING
PHX-SPECIAL-ICM-001,app/assets/images/special-realms/rights-safe-v1/ice-city-star-map/ice-city-star-map-01-opening-portrait-v1.webp,ice-city-star-map-01-opening-portrait-v1.webp,WEBP,10958,900,1600,4e00f147083deae531b1408efc428681f049dee282faa1a7e2cc7f46a69a408b,78d308972b9bf8ff7d42eb0c637088a75e96e7c2,YES,ice-city-star-map:explore-profile-static-fallback,Special Journey,programmatic:special-journeys-v1:ice-city-star-map,NONE,PRIMARY_STATIC_FALLBACK,NO,NO,PHASE2_REMOTE_CHECKPOINT,2026-08-02,Phoenix Visual Architecture,PHASE2_REMOTE_CHECKPOINT,NO,design/evidence/SPECIAL_JOURNEYS_V1_EVIDENCE.md;design/evidence/SPECIAL_JOURNEYS_V1_MANIFEST.json,PROGRAMMATIC_ORIGINAL_LOCAL_SVG,Phoenix local editable SVG master,Phoenix Visual Architecture under user-authorized controlled execution,Repository Node.js generator; Inkscape 1.2.2; ImageMagick 6.9.11-60,NOT_APPLICABLE,NOT_APPLICABLE,design/evidence/SPECIAL_JOURNEYS_V1_EVIDENCE.md,NOT_APPLICABLE,NOT_APPLICABLE,NOT_APPLICABLE — no external service or licensed input,Phoenix project-owned original,NOT_APPLICABLE,ALLOWED_BY_PROJECT_OWNER,ALLOWED_BY_PROJECT_OWNER,REVIEWED_NONE,REVIEWED_NONE,Phoenix Visual Architecture,2026-08-02,EVIDENCE_COMPLETE,NOT_APPLICABLE,YES_ASSET_ONLY_LIBRARY_BLOCKED,YES_ASSET_ONLY_LIBRARY_BLOCKED,NO,Story ID ice-city-star-map; purpose explore-profile-static-fallback; story phase threshold. Original primitive geometry with no external input. Whole-library rights approval remains blocked.,design/sources/special-journeys-v1/masters/ice-city-star-map/ice-city-star-map-01-opening-portrait-v1.svg,design/sources/special-journeys-v1/masters/ice-city-star-map/ice-city-star-map-01-opening-portrait-v1.svg,900x1600 portrait; BoxFit.cover phone/tablet crop-safe composition,scene 01 for ice-city-star-map; programmatic CustomPainter final fallback,animation controller stops at fixed phase; static plate remains,LOCAL_14_GATES_PASSED_REMOTE_CI_PENDING
PHX-SPECIAL-ICM-002,app/assets/images/special-realms/rights-safe-v1/ice-city-star-map/ice-city-star-map-02-story-arrival-portrait-v1.webp,ice-city-star-map-02-story-arrival-portrait-v1.webp,WEBP,10630,900,1600,78c1be2bcb4c2c8328fa292b8d7ac76a86c698d8984760d39cc2d7138e893835,72e5928eb0e22a08c41bc3b0006c4590e77e5885,YES,ice-city-star-map:story-opening,Special Journey,programmatic:special-journeys-v1:ice-city-star-map,NONE,NARRATIVE_SEQUENCE,NO,NO,PHASE2_REMOTE_CHECKPOINT,2026-08-02,Phoenix Visual Architecture,PHASE2_REMOTE_CHECKPOINT,NO,design/evidence/SPECIAL_JOURNEYS_V1_EVIDENCE.md;design/evidence/SPECIAL_JOURNEYS_V1_MANIFEST.json,PROGRAMMATIC_ORIGINAL_LOCAL_SVG,Phoenix local editable SVG master,Phoenix Visual Architecture under user-authorized controlled execution,Repository Node.js generator; Inkscape 1.2.2; ImageMagick 6.9.11-60,NOT_APPLICABLE,NOT_APPLICABLE,design/evidence/SPECIAL_JOURNEYS_V1_EVIDENCE.md,NOT_APPLICABLE,NOT_APPLICABLE,NOT_APPLICABLE — no external service or licensed input,Phoenix project-owned original,NOT_APPLICABLE,ALLOWED_BY_PROJECT_OWNER,ALLOWED_BY_PROJECT_OWNER,REVIEWED_NONE,REVIEWED_NONE,Phoenix Visual Architecture,2026-08-02,EVIDENCE_COMPLETE,NOT_APPLICABLE,YES_ASSET_ONLY_LIBRARY_BLOCKED,YES_ASSET_ONLY_LIBRARY_BLOCKED,NO,Story ID ice-city-star-map; purpose story-opening; story phase arrival. Original primitive geometry with no external input. Whole-library rights approval remains blocked.,design/sources/special-journeys-v1/masters/ice-city-star-map/ice-city-star-map-02-story-arrival-portrait-v1.svg,design/sources/special-journeys-v1/masters/ice-city-star-map/ice-city-star-map-02-story-arrival-portrait-v1.svg,900x1600 portrait; BoxFit.cover phone/tablet crop-safe composition,scene 01 for ice-city-star-map; programmatic CustomPainter final fallback,animation controller stops at fixed phase; static plate remains,LOCAL_14_GATES_PASSED_REMOTE_CI_PENDING
PHX-SPECIAL-ICM-003,app/assets/images/special-realms/rights-safe-v1/ice-city-star-map/ice-city-star-map-03-story-tension-portrait-v1.webp,ice-city-star-map-03-story-tension-portrait-v1.webp,WEBP,14622,900,1600,39a0ca959597c71b06cdbd857f30c5fdf3e8e0df75311420ff8ab585ddc568e4,d322b6edae762ec252c22611c8ff1fdc647897a8,YES,ice-city-star-map:story-middle,Special Journey,programmatic:special-journeys-v1:ice-city-star-map,NONE,NARRATIVE_SEQUENCE,NO,NO,PHASE2_REMOTE_CHECKPOINT,2026-08-02,Phoenix Visual Architecture,PHASE2_REMOTE_CHECKPOINT,NO,design/evidence/SPECIAL_JOURNEYS_V1_EVIDENCE.md;design/evidence/SPECIAL_JOURNEYS_V1_MANIFEST.json,PROGRAMMATIC_ORIGINAL_LOCAL_SVG,Phoenix local editable SVG master,Phoenix Visual Architecture under user-authorized controlled execution,Repository Node.js generator; Inkscape 1.2.2; ImageMagick 6.9.11-60,NOT_APPLICABLE,NOT_APPLICABLE,design/evidence/SPECIAL_JOURNEYS_V1_EVIDENCE.md,NOT_APPLICABLE,NOT_APPLICABLE,NOT_APPLICABLE — no external service or licensed input,Phoenix project-owned original,NOT_APPLICABLE,ALLOWED_BY_PROJECT_OWNER,ALLOWED_BY_PROJECT_OWNER,REVIEWED_NONE,REVIEWED_NONE,Phoenix Visual Architecture,2026-08-02,EVIDENCE_COMPLETE,NOT_APPLICABLE,YES_ASSET_ONLY_LIBRARY_BLOCKED,YES_ASSET_ONLY_LIBRARY_BLOCKED,NO,Story ID ice-city-star-map; purpose story-middle; story phase tension. Original primitive geometry with no external input. Whole-library rights approval remains blocked.,design/sources/special-journeys-v1/masters/ice-city-star-map/ice-city-star-map-03-story-tension-portrait-v1.svg,design/sources/special-journeys-v1/masters/ice-city-star-map/ice-city-star-map-03-story-tension-portrait-v1.svg,900x1600 portrait; BoxFit.cover phone/tablet crop-safe composition,scene 01 for ice-city-star-map; programmatic CustomPainter final fallback,animation controller stops at fixed phase; static plate remains,LOCAL_14_GATES_PASSED_REMOTE_CI_PENDING
PHX-SPECIAL-ICM-004,app/assets/images/special-realms/rights-safe-v1/ice-city-star-map/ice-city-star-map-04-story-choice-portrait-v1.webp,ice-city-star-map-04-story-choice-portrait-v1.webp,WEBP,11206,900,1600,cfa709aeb2374de1cca5609ea6c3114a5f7ef958ed8a61501843236bbb2de2f8,bb519ae4489e53656a07cffd6334aaeb71d535dd,YES,ice-city-star-map:story-choice,Special Journey,programmatic:special-journeys-v1:ice-city-star-map,NONE,NARRATIVE_SEQUENCE,NO,NO,PHASE2_REMOTE_CHECKPOINT,2026-08-02,Phoenix Visual Architecture,PHASE2_REMOTE_CHECKPOINT,NO,design/evidence/SPECIAL_JOURNEYS_V1_EVIDENCE.md;design/evidence/SPECIAL_JOURNEYS_V1_MANIFEST.json,PROGRAMMATIC_ORIGINAL_LOCAL_SVG,Phoenix local editable SVG master,Phoenix Visual Architecture under user-authorized controlled execution,Repository Node.js generator; Inkscape 1.2.2; ImageMagick 6.9.11-60,NOT_APPLICABLE,NOT_APPLICABLE,design/evidence/SPECIAL_JOURNEYS_V1_EVIDENCE.md,NOT_APPLICABLE,NOT_APPLICABLE,NOT_APPLICABLE — no external service or licensed input,Phoenix project-owned original,NOT_APPLICABLE,ALLOWED_BY_PROJECT_OWNER,ALLOWED_BY_PROJECT_OWNER,REVIEWED_NONE,REVIEWED_NONE,Phoenix Visual Architecture,2026-08-02,EVIDENCE_COMPLETE,NOT_APPLICABLE,YES_ASSET_ONLY_LIBRARY_BLOCKED,YES_ASSET_ONLY_LIBRARY_BLOCKED,NO,Story ID ice-city-star-map; purpose story-choice; story phase choice. Original primitive geometry with no external input. Whole-library rights approval remains blocked.,design/sources/special-journeys-v1/masters/ice-city-star-map/ice-city-star-map-04-story-choice-portrait-v1.svg,design/sources/special-journeys-v1/masters/ice-city-star-map/ice-city-star-map-04-story-choice-portrait-v1.svg,900x1600 portrait; BoxFit.cover phone/tablet crop-safe composition,scene 01 for ice-city-star-map; programmatic CustomPainter final fallback,animation controller stops at fixed phase; static plate remains,LOCAL_14_GATES_PASSED_REMOTE_CI_PENDING
PHX-SPECIAL-ICM-005,app/assets/images/special-realms/rights-safe-v1/ice-city-star-map/ice-city-star-map-05-vocabulary-portrait-v1.webp,ice-city-star-map-05-vocabulary-portrait-v1.webp,WEBP,10720,900,1600,198c77571e16ada876b56570a8b7229fae0e5ef8a4c0d58dd7f356cdde1c5b52,0f22a559610ef738976272953725e7bc1603d718,YES,ice-city-star-map:vocabulary,Special Journey,programmatic:special-journeys-v1:ice-city-star-map,NONE,NARRATIVE_SEQUENCE,NO,NO,PHASE2_REMOTE_CHECKPOINT,2026-08-02,Phoenix Visual Architecture,PHASE2_REMOTE_CHECKPOINT,NO,design/evidence/SPECIAL_JOURNEYS_V1_EVIDENCE.md;design/evidence/SPECIAL_JOURNEYS_V1_MANIFEST.json,PROGRAMMATIC_ORIGINAL_LOCAL_SVG,Phoenix local editable SVG master,Phoenix Visual Architecture under user-authorized controlled execution,Repository Node.js generator; Inkscape 1.2.2; ImageMagick 6.9.11-60,NOT_APPLICABLE,NOT_APPLICABLE,design/evidence/SPECIAL_JOURNEYS_V1_EVIDENCE.md,NOT_APPLICABLE,NOT_APPLICABLE,NOT_APPLICABLE — no external service or licensed input,Phoenix project-owned original,NOT_APPLICABLE,ALLOWED_BY_PROJECT_OWNER,ALLOWED_BY_PROJECT_OWNER,REVIEWED_NONE,REVIEWED_NONE,Phoenix Visual Architecture,2026-08-02,EVIDENCE_COMPLETE,NOT_APPLICABLE,YES_ASSET_ONLY_LIBRARY_BLOCKED,YES_ASSET_ONLY_LIBRARY_BLOCKED,NO,Story ID ice-city-star-map; purpose vocabulary; story phase objects. Original primitive geometry with no external input. Whole-library rights approval remains blocked.,design/sources/special-journeys-v1/masters/ice-city-star-map/ice-city-star-map-05-vocabulary-portrait-v1.svg,design/sources/special-journeys-v1/masters/ice-city-star-map/ice-city-star-map-05-vocabulary-portrait-v1.svg,900x1600 portrait; BoxFit.cover phone/tablet crop-safe composition,scene 01 for ice-city-star-map; programmatic CustomPainter final fallback,animation controller stops at fixed phase; static plate remains,LOCAL_14_GATES_PASSED_REMOTE_CI_PENDING
PHX-SPECIAL-ICM-006,app/assets/images/special-realms/rights-safe-v1/ice-city-star-map/ice-city-star-map-06-discovery-portrait-v1.webp,ice-city-star-map-06-discovery-portrait-v1.webp,WEBP,11260,900,1600,d9997a2bb1dcbe7cb89ac1d484cffae6b723ec3509cf8e6374132f41d01b7568,f024ef4a0e987ca09ed750bca7e766c152937a81,YES,ice-city-star-map:discovery,Special Journey,programmatic:special-journeys-v1:ice-city-star-map,NONE,NARRATIVE_SEQUENCE,NO,NO,PHASE2_REMOTE_CHECKPOINT,2026-08-02,Phoenix Visual Architecture,PHASE2_REMOTE_CHECKPOINT,NO,design/evidence/SPECIAL_JOURNEYS_V1_EVIDENCE.md;design/evidence/SPECIAL_JOURNEYS_V1_MANIFEST.json,PROGRAMMATIC_ORIGINAL_LOCAL_SVG,Phoenix local editable SVG master,Phoenix Visual Architecture under user-authorized controlled execution,Repository Node.js generator; Inkscape 1.2.2; ImageMagick 6.9.11-60,NOT_APPLICABLE,NOT_APPLICABLE,design/evidence/SPECIAL_JOURNEYS_V1_EVIDENCE.md,NOT_APPLICABLE,NOT_APPLICABLE,NOT_APPLICABLE — no external service or licensed input,Phoenix project-owned original,NOT_APPLICABLE,ALLOWED_BY_PROJECT_OWNER,ALLOWED_BY_PROJECT_OWNER,REVIEWED_NONE,REVIEWED_NONE,Phoenix Visual Architecture,2026-08-02,EVIDENCE_COMPLETE,NOT_APPLICABLE,YES_ASSET_ONLY_LIBRARY_BLOCKED,YES_ASSET_ONLY_LIBRARY_BLOCKED,NO,Story ID ice-city-star-map; purpose discovery; story phase context. Original primitive geometry with no external input. Whole-library rights approval remains blocked.,design/sources/special-journeys-v1/masters/ice-city-star-map/ice-city-star-map-06-discovery-portrait-v1.svg,design/sources/special-journeys-v1/masters/ice-city-star-map/ice-city-star-map-06-discovery-portrait-v1.svg,900x1600 portrait; BoxFit.cover phone/tablet crop-safe composition,scene 01 for ice-city-star-map; programmatic CustomPainter final fallback,animation controller stops at fixed phase; static plate remains,LOCAL_14_GATES_PASSED_REMOTE_CI_PENDING
PHX-SPECIAL-ICM-007,app/assets/images/special-realms/rights-safe-v1/ice-city-star-map/ice-city-star-map-07-reflection-portrait-v1.webp,ice-city-star-map-07-reflection-portrait-v1.webp,WEBP,10986,900,1600,dea9219fa7ab5e66e1aff28794008e5aa12bf0faebe62d5c6fcbf6fb8ddf51a1,13509e987a0a442e4db92d006a0ae81d5d08347a,YES,ice-city-star-map:reflection,Special Journey,programmatic:special-journeys-v1:ice-city-star-map,NONE,NARRATIVE_SEQUENCE,NO,NO,PHASE2_REMOTE_CHECKPOINT,2026-08-02,Phoenix Visual Architecture,PHASE2_REMOTE_CHECKPOINT,NO,design/evidence/SPECIAL_JOURNEYS_V1_EVIDENCE.md;design/evidence/SPECIAL_JOURNEYS_V1_MANIFEST.json,PROGRAMMATIC_ORIGINAL_LOCAL_SVG,Phoenix local editable SVG master,Phoenix Visual Architecture under user-authorized controlled execution,Repository Node.js generator; Inkscape 1.2.2; ImageMagick 6.9.11-60,NOT_APPLICABLE,NOT_APPLICABLE,design/evidence/SPECIAL_JOURNEYS_V1_EVIDENCE.md,NOT_APPLICABLE,NOT_APPLICABLE,NOT_APPLICABLE — no external service or licensed input,Phoenix project-owned original,NOT_APPLICABLE,ALLOWED_BY_PROJECT_OWNER,ALLOWED_BY_PROJECT_OWNER,REVIEWED_NONE,REVIEWED_NONE,Phoenix Visual Architecture,2026-08-02,EVIDENCE_COMPLETE,NOT_APPLICABLE,YES_ASSET_ONLY_LIBRARY_BLOCKED,YES_ASSET_ONLY_LIBRARY_BLOCKED,NO,Story ID ice-city-star-map; purpose reflection; story phase question. Original primitive geometry with no external input. Whole-library rights approval remains blocked.,design/sources/special-journeys-v1/masters/ice-city-star-map/ice-city-star-map-07-reflection-portrait-v1.svg,design/sources/special-journeys-v1/masters/ice-city-star-map/ice-city-star-map-07-reflection-portrait-v1.svg,900x1600 portrait; BoxFit.cover phone/tablet crop-safe composition,scene 01 for ice-city-star-map; programmatic CustomPainter final fallback,animation controller stops at fixed phase; static plate remains,LOCAL_14_GATES_PASSED_REMOTE_CI_PENDING
PHX-SPECIAL-ICM-008,app/assets/images/special-realms/rights-safe-v1/ice-city-star-map/ice-city-star-map-08-writing-portrait-v1.webp,ice-city-star-map-08-writing-portrait-v1.webp,WEBP,10522,900,1600,29c15810bf0d6cb90416426ce8762a8e24d330e45c5f4672567ee81150c82716,63b7738e157ea2cf14f3a83edeb59542442d9df6,YES,ice-city-star-map:writing,Special Journey,programmatic:special-journeys-v1:ice-city-star-map,NONE,NARRATIVE_SEQUENCE,NO,NO,PHASE2_REMOTE_CHECKPOINT,2026-08-02,Phoenix Visual Architecture,PHASE2_REMOTE_CHECKPOINT,NO,design/evidence/SPECIAL_JOURNEYS_V1_EVIDENCE.md;design/evidence/SPECIAL_JOURNEYS_V1_MANIFEST.json,PROGRAMMATIC_ORIGINAL_LOCAL_SVG,Phoenix local editable SVG master,Phoenix Visual Architecture under user-authorized controlled execution,Repository Node.js generator; Inkscape 1.2.2; ImageMagick 6.9.11-60,NOT_APPLICABLE,NOT_APPLICABLE,design/evidence/SPECIAL_JOURNEYS_V1_EVIDENCE.md,NOT_APPLICABLE,NOT_APPLICABLE,NOT_APPLICABLE — no external service or licensed input,Phoenix project-owned original,NOT_APPLICABLE,ALLOWED_BY_PROJECT_OWNER,ALLOWED_BY_PROJECT_OWNER,REVIEWED_NONE,REVIEWED_NONE,Phoenix Visual Architecture,2026-08-02,EVIDENCE_COMPLETE,NOT_APPLICABLE,YES_ASSET_ONLY_LIBRARY_BLOCKED,YES_ASSET_ONLY_LIBRARY_BLOCKED,NO,Story ID ice-city-star-map; purpose writing; story phase response. Original primitive geometry with no external input. Whole-library rights approval remains blocked.,design/sources/special-journeys-v1/masters/ice-city-star-map/ice-city-star-map-08-writing-portrait-v1.svg,design/sources/special-journeys-v1/masters/ice-city-star-map/ice-city-star-map-08-writing-portrait-v1.svg,900x1600 portrait; BoxFit.cover phone/tablet crop-safe composition,scene 01 for ice-city-star-map; programmatic CustomPainter final fallback,animation controller stops at fixed phase; static plate remains,LOCAL_14_GATES_PASSED_REMOTE_CI_PENDING
PHX-SPECIAL-ICM-009,app/assets/images/special-realms/rights-safe-v1/ice-city-star-map/ice-city-star-map-09-memory-portrait-v1.webp,ice-city-star-map-09-memory-portrait-v1.webp,WEBP,13638,900,1600,1f27bdcadff4ebfe92dee3dacd5dd0fa458c8921ec3ae3ab778a666245c838c8,266435237576358c3ad56b0bb68bf3cee0378514,YES,ice-city-star-map:memory,Special Journey,programmatic:special-journeys-v1:ice-city-star-map,NONE,NARRATIVE_SEQUENCE,NO,NO,PHASE2_REMOTE_CHECKPOINT,2026-08-02,Phoenix Visual Architecture,PHASE2_REMOTE_CHECKPOINT,NO,design/evidence/SPECIAL_JOURNEYS_V1_EVIDENCE.md;design/evidence/SPECIAL_JOURNEYS_V1_MANIFEST.json,PROGRAMMATIC_ORIGINAL_LOCAL_SVG,Phoenix local editable SVG master,Phoenix Visual Architecture under user-authorized controlled execution,Repository Node.js generator; Inkscape 1.2.2; ImageMagick 6.9.11-60,NOT_APPLICABLE,NOT_APPLICABLE,design/evidence/SPECIAL_JOURNEYS_V1_EVIDENCE.md,NOT_APPLICABLE,NOT_APPLICABLE,NOT_APPLICABLE — no external service or licensed input,Phoenix project-owned original,NOT_APPLICABLE,ALLOWED_BY_PROJECT_OWNER,ALLOWED_BY_PROJECT_OWNER,REVIEWED_NONE,REVIEWED_NONE,Phoenix Visual Architecture,2026-08-02,EVIDENCE_COMPLETE,NOT_APPLICABLE,YES_ASSET_ONLY_LIBRARY_BLOCKED,YES_ASSET_ONLY_LIBRARY_BLOCKED,NO,Story ID ice-city-star-map; purpose memory; story phase imprint. Original primitive geometry with no external input. Whole-library rights approval remains blocked.,design/sources/special-journeys-v1/masters/ice-city-star-map/ice-city-star-map-09-memory-portrait-v1.svg,design/sources/special-journeys-v1/masters/ice-city-star-map/ice-city-star-map-09-memory-portrait-v1.svg,900x1600 portrait; BoxFit.cover phone/tablet crop-safe composition,scene 01 for ice-city-star-map; programmatic CustomPainter final fallback,animation controller stops at fixed phase; static plate remains,LOCAL_14_GATES_PASSED_REMOTE_CI_PENDING
PHX-SPECIAL-ICM-010,app/assets/images/special-realms/rights-safe-v1/ice-city-star-map/ice-city-star-map-10-completion-portrait-v1.webp,ice-city-star-map-10-completion-portrait-v1.webp,WEBP,10656,900,1600,99a129104082cae620fd0ded30ab95fe70c0dafe6fa305b89ddc282030f5ee4d,73221afa9ca06f85141e6f62ec080e55bfad1e38,YES,ice-city-star-map:completion,Special Journey,programmatic:special-journeys-v1:ice-city-star-map,NONE,NARRATIVE_SEQUENCE,NO,NO,PHASE2_REMOTE_CHECKPOINT,2026-08-02,Phoenix Visual Architecture,PHASE2_REMOTE_CHECKPOINT,NO,design/evidence/SPECIAL_JOURNEYS_V1_EVIDENCE.md;design/evidence/SPECIAL_JOURNEYS_V1_MANIFEST.json,PROGRAMMATIC_ORIGINAL_LOCAL_SVG,Phoenix local editable SVG master,Phoenix Visual Architecture under user-authorized controlled execution,Repository Node.js generator; Inkscape 1.2.2; ImageMagick 6.9.11-60,NOT_APPLICABLE,NOT_APPLICABLE,design/evidence/SPECIAL_JOURNEYS_V1_EVIDENCE.md,NOT_APPLICABLE,NOT_APPLICABLE,NOT_APPLICABLE — no external service or licensed input,Phoenix project-owned original,NOT_APPLICABLE,ALLOWED_BY_PROJECT_OWNER,ALLOWED_BY_PROJECT_OWNER,REVIEWED_NONE,REVIEWED_NONE,Phoenix Visual Architecture,2026-08-02,EVIDENCE_COMPLETE,NOT_APPLICABLE,YES_ASSET_ONLY_LIBRARY_BLOCKED,YES_ASSET_ONLY_LIBRARY_BLOCKED,NO,Story ID ice-city-star-map; purpose completion; story phase afterglow. Original primitive geometry with no external input. Whole-library rights approval remains blocked.,design/sources/special-journeys-v1/masters/ice-city-star-map/ice-city-star-map-10-completion-portrait-v1.svg,design/sources/special-journeys-v1/masters/ice-city-star-map/ice-city-star-map-10-completion-portrait-v1.svg,900x1600 portrait; BoxFit.cover phone/tablet crop-safe composition,scene 01 for ice-city-star-map; programmatic CustomPainter final fallback,animation controller stops at fixed phase; static plate remains,LOCAL_14_GATES_PASSED_REMOTE_CI_PENDING
PHX-SPECIAL-LIT-001,app/assets/images/special-realms/rights-safe-v1/literary-roaming/literary-roaming-01-opening-portrait-v1.webp,literary-roaming-01-opening-portrait-v1.webp,WEBP,16546,900,1600,fe53b1ba6ee9b0f1739442abcf734a001e056b6e10be1c4ebf12968fb751c730,41f4b87e4d15c571ea6596b94ad6b9b8033febc2,YES,literary-roaming:explore-profile-static-fallback,Special Journey,programmatic:special-journeys-v1:literary-roaming,NONE,PRIMARY_STATIC_FALLBACK,NO,NO,PHASE2_REMOTE_CHECKPOINT,2026-08-02,Phoenix Visual Architecture,PHASE2_REMOTE_CHECKPOINT,NO,design/evidence/SPECIAL_JOURNEYS_V1_EVIDENCE.md;design/evidence/SPECIAL_JOURNEYS_V1_MANIFEST.json,PROGRAMMATIC_ORIGINAL_LOCAL_SVG,Phoenix local editable SVG master,Phoenix Visual Architecture under user-authorized controlled execution,Repository Node.js generator; Inkscape 1.2.2; ImageMagick 6.9.11-60,NOT_APPLICABLE,NOT_APPLICABLE,design/evidence/SPECIAL_JOURNEYS_V1_EVIDENCE.md,NOT_APPLICABLE,NOT_APPLICABLE,NOT_APPLICABLE — no external service or licensed input,Phoenix project-owned original,NOT_APPLICABLE,ALLOWED_BY_PROJECT_OWNER,ALLOWED_BY_PROJECT_OWNER,REVIEWED_NONE,REVIEWED_NONE,Phoenix Visual Architecture,2026-08-02,EVIDENCE_COMPLETE,NOT_APPLICABLE,YES_ASSET_ONLY_LIBRARY_BLOCKED,YES_ASSET_ONLY_LIBRARY_BLOCKED,NO,Story ID literary-roaming; purpose explore-profile-static-fallback; story phase threshold. Original primitive geometry with no external input. Whole-library rights approval remains blocked.,design/sources/special-journeys-v1/masters/literary-roaming/literary-roaming-01-opening-portrait-v1.svg,design/sources/special-journeys-v1/masters/literary-roaming/literary-roaming-01-opening-portrait-v1.svg,900x1600 portrait; BoxFit.cover phone/tablet crop-safe composition,scene 01 for literary-roaming; programmatic CustomPainter final fallback,animation controller stops at fixed phase; static plate remains,LOCAL_14_GATES_PASSED_REMOTE_CI_PENDING
PHX-SPECIAL-LIT-002,app/assets/images/special-realms/rights-safe-v1/literary-roaming/literary-roaming-02-story-arrival-portrait-v1.webp,literary-roaming-02-story-arrival-portrait-v1.webp,WEBP,19970,900,1600,49c1a30a06c6161f37ef91a7022a11d9af6cd7b3811388a695f1e4cbc0d28b74,9da2ef3b568484ceefb769b0657b54dd9ad4312e,YES,literary-roaming:story-opening,Special Journey,programmatic:special-journeys-v1:literary-roaming,NONE,NARRATIVE_SEQUENCE,NO,NO,PHASE2_REMOTE_CHECKPOINT,2026-08-02,Phoenix Visual Architecture,PHASE2_REMOTE_CHECKPOINT,NO,design/evidence/SPECIAL_JOURNEYS_V1_EVIDENCE.md;design/evidence/SPECIAL_JOURNEYS_V1_MANIFEST.json,PROGRAMMATIC_ORIGINAL_LOCAL_SVG,Phoenix local editable SVG master,Phoenix Visual Architecture under user-authorized controlled execution,Repository Node.js generator; Inkscape 1.2.2; ImageMagick 6.9.11-60,NOT_APPLICABLE,NOT_APPLICABLE,design/evidence/SPECIAL_JOURNEYS_V1_EVIDENCE.md,NOT_APPLICABLE,NOT_APPLICABLE,NOT_APPLICABLE — no external service or licensed input,Phoenix project-owned original,NOT_APPLICABLE,ALLOWED_BY_PROJECT_OWNER,ALLOWED_BY_PROJECT_OWNER,REVIEWED_NONE,REVIEWED_NONE,Phoenix Visual Architecture,2026-08-02,EVIDENCE_COMPLETE,NOT_APPLICABLE,YES_ASSET_ONLY_LIBRARY_BLOCKED,YES_ASSET_ONLY_LIBRARY_BLOCKED,NO,Story ID literary-roaming; purpose story-opening; story phase arrival. Original primitive geometry with no external input. Whole-library rights approval remains blocked.,design/sources/special-journeys-v1/masters/literary-roaming/literary-roaming-02-story-arrival-portrait-v1.svg,design/sources/special-journeys-v1/masters/literary-roaming/literary-roaming-02-story-arrival-portrait-v1.svg,900x1600 portrait; BoxFit.cover phone/tablet crop-safe composition,scene 01 for literary-roaming; programmatic CustomPainter final fallback,animation controller stops at fixed phase; static plate remains,LOCAL_14_GATES_PASSED_REMOTE_CI_PENDING
PHX-SPECIAL-LIT-003,app/assets/images/special-realms/rights-safe-v1/literary-roaming/literary-roaming-03-story-tension-portrait-v1.webp,literary-roaming-03-story-tension-portrait-v1.webp,WEBP,16632,900,1600,ca05dbe030663f378b0b937c430dc822ccf0a340e57317ee9fbb8e8842744b01,3697b40f53d11ddc0d20c5170c925a682b89db77,YES,literary-roaming:story-middle,Special Journey,programmatic:special-journeys-v1:literary-roaming,NONE,NARRATIVE_SEQUENCE,NO,NO,PHASE2_REMOTE_CHECKPOINT,2026-08-02,Phoenix Visual Architecture,PHASE2_REMOTE_CHECKPOINT,NO,design/evidence/SPECIAL_JOURNEYS_V1_EVIDENCE.md;design/evidence/SPECIAL_JOURNEYS_V1_MANIFEST.json,PROGRAMMATIC_ORIGINAL_LOCAL_SVG,Phoenix local editable SVG master,Phoenix Visual Architecture under user-authorized controlled execution,Repository Node.js generator; Inkscape 1.2.2; ImageMagick 6.9.11-60,NOT_APPLICABLE,NOT_APPLICABLE,design/evidence/SPECIAL_JOURNEYS_V1_EVIDENCE.md,NOT_APPLICABLE,NOT_APPLICABLE,NOT_APPLICABLE — no external service or licensed input,Phoenix project-owned original,NOT_APPLICABLE,ALLOWED_BY_PROJECT_OWNER,ALLOWED_BY_PROJECT_OWNER,REVIEWED_NONE,REVIEWED_NONE,Phoenix Visual Architecture,2026-08-02,EVIDENCE_COMPLETE,NOT_APPLICABLE,YES_ASSET_ONLY_LIBRARY_BLOCKED,YES_ASSET_ONLY_LIBRARY_BLOCKED,NO,Story ID literary-roaming; purpose story-middle; story phase tension. Original primitive geometry with no external input. Whole-library rights approval remains blocked.,design/sources/special-journeys-v1/masters/literary-roaming/literary-roaming-03-story-tension-portrait-v1.svg,design/sources/special-journeys-v1/masters/literary-roaming/literary-roaming-03-story-tension-portrait-v1.svg,900x1600 portrait; BoxFit.cover phone/tablet crop-safe composition,scene 01 for literary-roaming; programmatic CustomPainter final fallback,animation controller stops at fixed phase; static plate remains,LOCAL_14_GATES_PASSED_REMOTE_CI_PENDING
PHX-SPECIAL-LIT-004,app/assets/images/special-realms/rights-safe-v1/literary-roaming/literary-roaming-04-story-choice-portrait-v1.webp,literary-roaming-04-story-choice-portrait-v1.webp,WEBP,18724,900,1600,75d2b13ce2ff2c24cb54e3ceab350241b4b97c2ca7c1d2bd71b39968e2cd6e7a,20c525f0d4c893eae6f8d24c95881fc30a01e650,YES,literary-roaming:story-choice,Special Journey,programmatic:special-journeys-v1:literary-roaming,NONE,NARRATIVE_SEQUENCE,NO,NO,PHASE2_REMOTE_CHECKPOINT,2026-08-02,Phoenix Visual Architecture,PHASE2_REMOTE_CHECKPOINT,NO,design/evidence/SPECIAL_JOURNEYS_V1_EVIDENCE.md;design/evidence/SPECIAL_JOURNEYS_V1_MANIFEST.json,PROGRAMMATIC_ORIGINAL_LOCAL_SVG,Phoenix local editable SVG master,Phoenix Visual Architecture under user-authorized controlled execution,Repository Node.js generator; Inkscape 1.2.2; ImageMagick 6.9.11-60,NOT_APPLICABLE,NOT_APPLICABLE,design/evidence/SPECIAL_JOURNEYS_V1_EVIDENCE.md,NOT_APPLICABLE,NOT_APPLICABLE,NOT_APPLICABLE — no external service or licensed input,Phoenix project-owned original,NOT_APPLICABLE,ALLOWED_BY_PROJECT_OWNER,ALLOWED_BY_PROJECT_OWNER,REVIEWED_NONE,REVIEWED_NONE,Phoenix Visual Architecture,2026-08-02,EVIDENCE_COMPLETE,NOT_APPLICABLE,YES_ASSET_ONLY_LIBRARY_BLOCKED,YES_ASSET_ONLY_LIBRARY_BLOCKED,NO,Story ID literary-roaming; purpose story-choice; story phase choice. Original primitive geometry with no external input. Whole-library rights approval remains blocked.,design/sources/special-journeys-v1/masters/literary-roaming/literary-roaming-04-story-choice-portrait-v1.svg,design/sources/special-journeys-v1/masters/literary-roaming/literary-roaming-04-story-choice-portrait-v1.svg,900x1600 portrait; BoxFit.cover phone/tablet crop-safe composition,scene 01 for literary-roaming; programmatic CustomPainter final fallback,animation controller stops at fixed phase; static plate remains,LOCAL_14_GATES_PASSED_REMOTE_CI_PENDING
PHX-SPECIAL-LIT-005,app/assets/images/special-realms/rights-safe-v1/literary-roaming/literary-roaming-05-vocabulary-portrait-v1.webp,literary-roaming-05-vocabulary-portrait-v1.webp,WEBP,16144,900,1600,e5adcd19bbf47fc928c904ed647eccf61ef381a635bc401e2f76256382a1884b,c808f7d49e968f120a8c10682d93d1a6e39d9072,YES,literary-roaming:vocabulary,Special Journey,programmatic:special-journeys-v1:literary-roaming,NONE,NARRATIVE_SEQUENCE,NO,NO,PHASE2_REMOTE_CHECKPOINT,2026-08-02,Phoenix Visual Architecture,PHASE2_REMOTE_CHECKPOINT,NO,design/evidence/SPECIAL_JOURNEYS_V1_EVIDENCE.md;design/evidence/SPECIAL_JOURNEYS_V1_MANIFEST.json,PROGRAMMATIC_ORIGINAL_LOCAL_SVG,Phoenix local editable SVG master,Phoenix Visual Architecture under user-authorized controlled execution,Repository Node.js generator; Inkscape 1.2.2; ImageMagick 6.9.11-60,NOT_APPLICABLE,NOT_APPLICABLE,design/evidence/SPECIAL_JOURNEYS_V1_EVIDENCE.md,NOT_APPLICABLE,NOT_APPLICABLE,NOT_APPLICABLE — no external service or licensed input,Phoenix project-owned original,NOT_APPLICABLE,ALLOWED_BY_PROJECT_OWNER,ALLOWED_BY_PROJECT_OWNER,REVIEWED_NONE,REVIEWED_NONE,Phoenix Visual Architecture,2026-08-02,EVIDENCE_COMPLETE,NOT_APPLICABLE,YES_ASSET_ONLY_LIBRARY_BLOCKED,YES_ASSET_ONLY_LIBRARY_BLOCKED,NO,Story ID literary-roaming; purpose vocabulary; story phase objects. Original primitive geometry with no external input. Whole-library rights approval remains blocked.,design/sources/special-journeys-v1/masters/literary-roaming/literary-roaming-05-vocabulary-portrait-v1.svg,design/sources/special-journeys-v1/masters/literary-roaming/literary-roaming-05-vocabulary-portrait-v1.svg,900x1600 portrait; BoxFit.cover phone/tablet crop-safe composition,scene 01 for literary-roaming; programmatic CustomPainter final fallback,animation controller stops at fixed phase; static plate remains,LOCAL_14_GATES_PASSED_REMOTE_CI_PENDING
PHX-SPECIAL-LIT-006,app/assets/images/special-realms/rights-safe-v1/literary-roaming/literary-roaming-06-discovery-portrait-v1.webp,literary-roaming-06-discovery-portrait-v1.webp,WEBP,17822,900,1600,358c26a6e78af6eaa4e551843494bd6f6e381ee94f90710dfb9f57f5c89b3cdd,22b6ceb642dde4a9dafedf587dde9a7bfc3402fd,YES,literary-roaming:discovery,Special Journey,programmatic:special-journeys-v1:literary-roaming,NONE,NARRATIVE_SEQUENCE,NO,NO,PHASE2_REMOTE_CHECKPOINT,2026-08-02,Phoenix Visual Architecture,PHASE2_REMOTE_CHECKPOINT,NO,design/evidence/SPECIAL_JOURNEYS_V1_EVIDENCE.md;design/evidence/SPECIAL_JOURNEYS_V1_MANIFEST.json,PROGRAMMATIC_ORIGINAL_LOCAL_SVG,Phoenix local editable SVG master,Phoenix Visual Architecture under user-authorized controlled execution,Repository Node.js generator; Inkscape 1.2.2; ImageMagick 6.9.11-60,NOT_APPLICABLE,NOT_APPLICABLE,design/evidence/SPECIAL_JOURNEYS_V1_EVIDENCE.md,NOT_APPLICABLE,NOT_APPLICABLE,NOT_APPLICABLE — no external service or licensed input,Phoenix project-owned original,NOT_APPLICABLE,ALLOWED_BY_PROJECT_OWNER,ALLOWED_BY_PROJECT_OWNER,REVIEWED_NONE,REVIEWED_NONE,Phoenix Visual Architecture,2026-08-02,EVIDENCE_COMPLETE,NOT_APPLICABLE,YES_ASSET_ONLY_LIBRARY_BLOCKED,YES_ASSET_ONLY_LIBRARY_BLOCKED,NO,Story ID literary-roaming; purpose discovery; story phase context. Original primitive geometry with no external input. Whole-library rights approval remains blocked.,design/sources/special-journeys-v1/masters/literary-roaming/literary-roaming-06-discovery-portrait-v1.svg,design/sources/special-journeys-v1/masters/literary-roaming/literary-roaming-06-discovery-portrait-v1.svg,900x1600 portrait; BoxFit.cover phone/tablet crop-safe composition,scene 01 for literary-roaming; programmatic CustomPainter final fallback,animation controller stops at fixed phase; static plate remains,LOCAL_14_GATES_PASSED_REMOTE_CI_PENDING
PHX-SPECIAL-LIT-007,app/assets/images/special-realms/rights-safe-v1/literary-roaming/literary-roaming-07-reflection-portrait-v1.webp,literary-roaming-07-reflection-portrait-v1.webp,WEBP,17256,900,1600,eccdbbff2a50f114aa46f96c08a8f150d831d65996a4d169e9b12edafacf6080,03b0462782a27e019853aaf6ea285fc61a0dd877,YES,literary-roaming:reflection,Special Journey,programmatic:special-journeys-v1:literary-roaming,NONE,NARRATIVE_SEQUENCE,NO,NO,PHASE2_REMOTE_CHECKPOINT,2026-08-02,Phoenix Visual Architecture,PHASE2_REMOTE_CHECKPOINT,NO,design/evidence/SPECIAL_JOURNEYS_V1_EVIDENCE.md;design/evidence/SPECIAL_JOURNEYS_V1_MANIFEST.json,PROGRAMMATIC_ORIGINAL_LOCAL_SVG,Phoenix local editable SVG master,Phoenix Visual Architecture under user-authorized controlled execution,Repository Node.js generator; Inkscape 1.2.2; ImageMagick 6.9.11-60,NOT_APPLICABLE,NOT_APPLICABLE,design/evidence/SPECIAL_JOURNEYS_V1_EVIDENCE.md,NOT_APPLICABLE,NOT_APPLICABLE,NOT_APPLICABLE — no external service or licensed input,Phoenix project-owned original,NOT_APPLICABLE,ALLOWED_BY_PROJECT_OWNER,ALLOWED_BY_PROJECT_OWNER,REVIEWED_NONE,REVIEWED_NONE,Phoenix Visual Architecture,2026-08-02,EVIDENCE_COMPLETE,NOT_APPLICABLE,YES_ASSET_ONLY_LIBRARY_BLOCKED,YES_ASSET_ONLY_LIBRARY_BLOCKED,NO,Story ID literary-roaming; purpose reflection; story phase question. Original primitive geometry with no external input. Whole-library rights approval remains blocked.,design/sources/special-journeys-v1/masters/literary-roaming/literary-roaming-07-reflection-portrait-v1.svg,design/sources/special-journeys-v1/masters/literary-roaming/literary-roaming-07-reflection-portrait-v1.svg,900x1600 portrait; BoxFit.cover phone/tablet crop-safe composition,scene 01 for literary-roaming; programmatic CustomPainter final fallback,animation controller stops at fixed phase; static plate remains,LOCAL_14_GATES_PASSED_REMOTE_CI_PENDING
PHX-SPECIAL-LIT-008,app/assets/images/special-realms/rights-safe-v1/literary-roaming/literary-roaming-08-writing-portrait-v1.webp,literary-roaming-08-writing-portrait-v1.webp,WEBP,16140,900,1600,ccd8debfc0d101762c85101c1f299604813b088ad729620dd1a5229da82db756,b42c231ec72d57d4f72b5ad43cc1c1de2c5073b5,YES,literary-roaming:writing,Special Journey,programmatic:special-journeys-v1:literary-roaming,NONE,NARRATIVE_SEQUENCE,NO,NO,PHASE2_REMOTE_CHECKPOINT,2026-08-02,Phoenix Visual Architecture,PHASE2_REMOTE_CHECKPOINT,NO,design/evidence/SPECIAL_JOURNEYS_V1_EVIDENCE.md;design/evidence/SPECIAL_JOURNEYS_V1_MANIFEST.json,PROGRAMMATIC_ORIGINAL_LOCAL_SVG,Phoenix local editable SVG master,Phoenix Visual Architecture under user-authorized controlled execution,Repository Node.js generator; Inkscape 1.2.2; ImageMagick 6.9.11-60,NOT_APPLICABLE,NOT_APPLICABLE,design/evidence/SPECIAL_JOURNEYS_V1_EVIDENCE.md,NOT_APPLICABLE,NOT_APPLICABLE,NOT_APPLICABLE — no external service or licensed input,Phoenix project-owned original,NOT_APPLICABLE,ALLOWED_BY_PROJECT_OWNER,ALLOWED_BY_PROJECT_OWNER,REVIEWED_NONE,REVIEWED_NONE,Phoenix Visual Architecture,2026-08-02,EVIDENCE_COMPLETE,NOT_APPLICABLE,YES_ASSET_ONLY_LIBRARY_BLOCKED,YES_ASSET_ONLY_LIBRARY_BLOCKED,NO,Story ID literary-roaming; purpose writing; story phase response. Original primitive geometry with no external input. Whole-library rights approval remains blocked.,design/sources/special-journeys-v1/masters/literary-roaming/literary-roaming-08-writing-portrait-v1.svg,design/sources/special-journeys-v1/masters/literary-roaming/literary-roaming-08-writing-portrait-v1.svg,900x1600 portrait; BoxFit.cover phone/tablet crop-safe composition,scene 01 for literary-roaming; programmatic CustomPainter final fallback,animation controller stops at fixed phase; static plate remains,LOCAL_14_GATES_PASSED_REMOTE_CI_PENDING
PHX-SPECIAL-LIT-009,app/assets/images/special-realms/rights-safe-v1/literary-roaming/literary-roaming-09-memory-portrait-v1.webp,literary-roaming-09-memory-portrait-v1.webp,WEBP,17484,900,1600,cb6f5b52a070f0fdc58e5eb83292e9e5ae5905d736ccb7a725b587c15fc484ab,152e1c7c3e3a4ff6f1783f3b75e7ceec42e1c6a9,YES,literary-roaming:memory,Special Journey,programmatic:special-journeys-v1:literary-roaming,NONE,NARRATIVE_SEQUENCE,NO,NO,PHASE2_REMOTE_CHECKPOINT,2026-08-02,Phoenix Visual Architecture,PHASE2_REMOTE_CHECKPOINT,NO,design/evidence/SPECIAL_JOURNEYS_V1_EVIDENCE.md;design/evidence/SPECIAL_JOURNEYS_V1_MANIFEST.json,PROGRAMMATIC_ORIGINAL_LOCAL_SVG,Phoenix local editable SVG master,Phoenix Visual Architecture under user-authorized controlled execution,Repository Node.js generator; Inkscape 1.2.2; ImageMagick 6.9.11-60,NOT_APPLICABLE,NOT_APPLICABLE,design/evidence/SPECIAL_JOURNEYS_V1_EVIDENCE.md,NOT_APPLICABLE,NOT_APPLICABLE,NOT_APPLICABLE — no external service or licensed input,Phoenix project-owned original,NOT_APPLICABLE,ALLOWED_BY_PROJECT_OWNER,ALLOWED_BY_PROJECT_OWNER,REVIEWED_NONE,REVIEWED_NONE,Phoenix Visual Architecture,2026-08-02,EVIDENCE_COMPLETE,NOT_APPLICABLE,YES_ASSET_ONLY_LIBRARY_BLOCKED,YES_ASSET_ONLY_LIBRARY_BLOCKED,NO,Story ID literary-roaming; purpose memory; story phase imprint. Original primitive geometry with no external input. Whole-library rights approval remains blocked.,design/sources/special-journeys-v1/masters/literary-roaming/literary-roaming-09-memory-portrait-v1.svg,design/sources/special-journeys-v1/masters/literary-roaming/literary-roaming-09-memory-portrait-v1.svg,900x1600 portrait; BoxFit.cover phone/tablet crop-safe composition,scene 01 for literary-roaming; programmatic CustomPainter final fallback,animation controller stops at fixed phase; static plate remains,LOCAL_14_GATES_PASSED_REMOTE_CI_PENDING
PHX-SPECIAL-LIT-010,app/assets/images/special-realms/rights-safe-v1/literary-roaming/literary-roaming-10-completion-portrait-v1.webp,literary-roaming-10-completion-portrait-v1.webp,WEBP,17464,900,1600,4bacdb0d09fd36bb5f4ebaf5c881ffd3ac2b283a132e9d1065ab038f13ed85b2,545d1d06cd13e52a28c08b9f2795c0ef29f15255,YES,literary-roaming:completion,Special Journey,programmatic:special-journeys-v1:literary-roaming,NONE,NARRATIVE_SEQUENCE,NO,NO,PHASE2_REMOTE_CHECKPOINT,2026-08-02,Phoenix Visual Architecture,PHASE2_REMOTE_CHECKPOINT,NO,design/evidence/SPECIAL_JOURNEYS_V1_EVIDENCE.md;design/evidence/SPECIAL_JOURNEYS_V1_MANIFEST.json,PROGRAMMATIC_ORIGINAL_LOCAL_SVG,Phoenix local editable SVG master,Phoenix Visual Architecture under user-authorized controlled execution,Repository Node.js generator; Inkscape 1.2.2; ImageMagick 6.9.11-60,NOT_APPLICABLE,NOT_APPLICABLE,design/evidence/SPECIAL_JOURNEYS_V1_EVIDENCE.md,NOT_APPLICABLE,NOT_APPLICABLE,NOT_APPLICABLE — no external service or licensed input,Phoenix project-owned original,NOT_APPLICABLE,ALLOWED_BY_PROJECT_OWNER,ALLOWED_BY_PROJECT_OWNER,REVIEWED_NONE,REVIEWED_NONE,Phoenix Visual Architecture,2026-08-02,EVIDENCE_COMPLETE,NOT_APPLICABLE,YES_ASSET_ONLY_LIBRARY_BLOCKED,YES_ASSET_ONLY_LIBRARY_BLOCKED,NO,Story ID literary-roaming; purpose completion; story phase afterglow. Original primitive geometry with no external input. Whole-library rights approval remains blocked.,design/sources/special-journeys-v1/masters/literary-roaming/literary-roaming-10-completion-portrait-v1.svg,design/sources/special-journeys-v1/masters/literary-roaming/literary-roaming-10-completion-portrait-v1.svg,900x1600 portrait; BoxFit.cover phone/tablet crop-safe composition,scene 01 for literary-roaming; programmatic CustomPainter final fallback,animation controller stops at fixed phase; static plate remains,LOCAL_14_GATES_PASSED_REMOTE_CI_PENDING
PHX-SPECIAL-MYT-001,app/assets/images/special-realms/rights-safe-v1/myth-tracing/myth-tracing-01-opening-portrait-v1.webp,myth-tracing-01-opening-portrait-v1.webp,WEBP,16982,900,1600,e6387081b9437cad8e128814d25d95002fdb28892d8969f6e7eb618e8efa87f7,c3a27d72d23daf7a0057a2273b6837986879f8c5,YES,myth-tracing:explore-profile-static-fallback,Special Journey,programmatic:special-journeys-v1:myth-tracing,NONE,PRIMARY_STATIC_FALLBACK,NO,NO,PHASE2_REMOTE_CHECKPOINT,2026-08-02,Phoenix Visual Architecture,PHASE2_REMOTE_CHECKPOINT,NO,design/evidence/SPECIAL_JOURNEYS_V1_EVIDENCE.md;design/evidence/SPECIAL_JOURNEYS_V1_MANIFEST.json,PROGRAMMATIC_ORIGINAL_LOCAL_SVG,Phoenix local editable SVG master,Phoenix Visual Architecture under user-authorized controlled execution,Repository Node.js generator; Inkscape 1.2.2; ImageMagick 6.9.11-60,NOT_APPLICABLE,NOT_APPLICABLE,design/evidence/SPECIAL_JOURNEYS_V1_EVIDENCE.md,NOT_APPLICABLE,NOT_APPLICABLE,NOT_APPLICABLE — no external service or licensed input,Phoenix project-owned original,NOT_APPLICABLE,ALLOWED_BY_PROJECT_OWNER,ALLOWED_BY_PROJECT_OWNER,REVIEWED_NONE,REVIEWED_NONE,Phoenix Visual Architecture,2026-08-02,EVIDENCE_COMPLETE,NOT_APPLICABLE,YES_ASSET_ONLY_LIBRARY_BLOCKED,YES_ASSET_ONLY_LIBRARY_BLOCKED,NO,Story ID myth-tracing; purpose explore-profile-static-fallback; story phase threshold. Original primitive geometry with no external input. Whole-library rights approval remains blocked.,design/sources/special-journeys-v1/masters/myth-tracing/myth-tracing-01-opening-portrait-v1.svg,design/sources/special-journeys-v1/masters/myth-tracing/myth-tracing-01-opening-portrait-v1.svg,900x1600 portrait; BoxFit.cover phone/tablet crop-safe composition,scene 01 for myth-tracing; programmatic CustomPainter final fallback,animation controller stops at fixed phase; static plate remains,LOCAL_14_GATES_PASSED_REMOTE_CI_PENDING
PHX-SPECIAL-MYT-002,app/assets/images/special-realms/rights-safe-v1/myth-tracing/myth-tracing-02-story-arrival-portrait-v1.webp,myth-tracing-02-story-arrival-portrait-v1.webp,WEBP,15136,900,1600,b78214217d7552343aa2aab93606f79f58756cb06e4b3b492c95d502a31ca486,7e9d4955fa0ad7962625309093273e741ab0ce2a,YES,myth-tracing:story-opening,Special Journey,programmatic:special-journeys-v1:myth-tracing,NONE,NARRATIVE_SEQUENCE,NO,NO,PHASE2_REMOTE_CHECKPOINT,2026-08-02,Phoenix Visual Architecture,PHASE2_REMOTE_CHECKPOINT,NO,design/evidence/SPECIAL_JOURNEYS_V1_EVIDENCE.md;design/evidence/SPECIAL_JOURNEYS_V1_MANIFEST.json,PROGRAMMATIC_ORIGINAL_LOCAL_SVG,Phoenix local editable SVG master,Phoenix Visual Architecture under user-authorized controlled execution,Repository Node.js generator; Inkscape 1.2.2; ImageMagick 6.9.11-60,NOT_APPLICABLE,NOT_APPLICABLE,design/evidence/SPECIAL_JOURNEYS_V1_EVIDENCE.md,NOT_APPLICABLE,NOT_APPLICABLE,NOT_APPLICABLE — no external service or licensed input,Phoenix project-owned original,NOT_APPLICABLE,ALLOWED_BY_PROJECT_OWNER,ALLOWED_BY_PROJECT_OWNER,REVIEWED_NONE,REVIEWED_NONE,Phoenix Visual Architecture,2026-08-02,EVIDENCE_COMPLETE,NOT_APPLICABLE,YES_ASSET_ONLY_LIBRARY_BLOCKED,YES_ASSET_ONLY_LIBRARY_BLOCKED,NO,Story ID myth-tracing; purpose story-opening; story phase arrival. Original primitive geometry with no external input. Whole-library rights approval remains blocked.,design/sources/special-journeys-v1/masters/myth-tracing/myth-tracing-02-story-arrival-portrait-v1.svg,design/sources/special-journeys-v1/masters/myth-tracing/myth-tracing-02-story-arrival-portrait-v1.svg,900x1600 portrait; BoxFit.cover phone/tablet crop-safe composition,scene 01 for myth-tracing; programmatic CustomPainter final fallback,animation controller stops at fixed phase; static plate remains,LOCAL_14_GATES_PASSED_REMOTE_CI_PENDING
PHX-SPECIAL-MYT-003,app/assets/images/special-realms/rights-safe-v1/myth-tracing/myth-tracing-03-story-tension-portrait-v1.webp,myth-tracing-03-story-tension-portrait-v1.webp,WEBP,14720,900,1600,d391f2a0d4094e302f089ce929f5152fcdd1b75d6794b370c0e3b9da28c53a99,3bf84ebc1f2aad0ae0baecc7c5f68d34572af723,YES,myth-tracing:story-middle,Special Journey,programmatic:special-journeys-v1:myth-tracing,NONE,NARRATIVE_SEQUENCE,NO,NO,PHASE2_REMOTE_CHECKPOINT,2026-08-02,Phoenix Visual Architecture,PHASE2_REMOTE_CHECKPOINT,NO,design/evidence/SPECIAL_JOURNEYS_V1_EVIDENCE.md;design/evidence/SPECIAL_JOURNEYS_V1_MANIFEST.json,PROGRAMMATIC_ORIGINAL_LOCAL_SVG,Phoenix local editable SVG master,Phoenix Visual Architecture under user-authorized controlled execution,Repository Node.js generator; Inkscape 1.2.2; ImageMagick 6.9.11-60,NOT_APPLICABLE,NOT_APPLICABLE,design/evidence/SPECIAL_JOURNEYS_V1_EVIDENCE.md,NOT_APPLICABLE,NOT_APPLICABLE,NOT_APPLICABLE — no external service or licensed input,Phoenix project-owned original,NOT_APPLICABLE,ALLOWED_BY_PROJECT_OWNER,ALLOWED_BY_PROJECT_OWNER,REVIEWED_NONE,REVIEWED_NONE,Phoenix Visual Architecture,2026-08-02,EVIDENCE_COMPLETE,NOT_APPLICABLE,YES_ASSET_ONLY_LIBRARY_BLOCKED,YES_ASSET_ONLY_LIBRARY_BLOCKED,NO,Story ID myth-tracing; purpose story-middle; story phase tension. Original primitive geometry with no external input. Whole-library rights approval remains blocked.,design/sources/special-journeys-v1/masters/myth-tracing/myth-tracing-03-story-tension-portrait-v1.svg,design/sources/special-journeys-v1/masters/myth-tracing/myth-tracing-03-story-tension-portrait-v1.svg,900x1600 portrait; BoxFit.cover phone/tablet crop-safe composition,scene 01 for myth-tracing; programmatic CustomPainter final fallback,animation controller stops at fixed phase; static plate remains,LOCAL_14_GATES_PASSED_REMOTE_CI_PENDING
PHX-SPECIAL-MYT-004,app/assets/images/special-realms/rights-safe-v1/myth-tracing/myth-tracing-04-story-choice-portrait-v1.webp,myth-tracing-04-story-choice-portrait-v1.webp,WEBP,14108,900,1600,8c78f696286930dfc2c99848818536da561132c3c928bc806c1bdbbd8d4f88b8,71713350eb91c1a17fde3e95ba0e1f8c9a77ec12,YES,myth-tracing:story-choice,Special Journey,programmatic:special-journeys-v1:myth-tracing,NONE,NARRATIVE_SEQUENCE,NO,NO,PHASE2_REMOTE_CHECKPOINT,2026-08-02,Phoenix Visual Architecture,PHASE2_REMOTE_CHECKPOINT,NO,design/evidence/SPECIAL_JOURNEYS_V1_EVIDENCE.md;design/evidence/SPECIAL_JOURNEYS_V1_MANIFEST.json,PROGRAMMATIC_ORIGINAL_LOCAL_SVG,Phoenix local editable SVG master,Phoenix Visual Architecture under user-authorized controlled execution,Repository Node.js generator; Inkscape 1.2.2; ImageMagick 6.9.11-60,NOT_APPLICABLE,NOT_APPLICABLE,design/evidence/SPECIAL_JOURNEYS_V1_EVIDENCE.md,NOT_APPLICABLE,NOT_APPLICABLE,NOT_APPLICABLE — no external service or licensed input,Phoenix project-owned original,NOT_APPLICABLE,ALLOWED_BY_PROJECT_OWNER,ALLOWED_BY_PROJECT_OWNER,REVIEWED_NONE,REVIEWED_NONE,Phoenix Visual Architecture,2026-08-02,EVIDENCE_COMPLETE,NOT_APPLICABLE,YES_ASSET_ONLY_LIBRARY_BLOCKED,YES_ASSET_ONLY_LIBRARY_BLOCKED,NO,Story ID myth-tracing; purpose story-choice; story phase choice. Original primitive geometry with no external input. Whole-library rights approval remains blocked.,design/sources/special-journeys-v1/masters/myth-tracing/myth-tracing-04-story-choice-portrait-v1.svg,design/sources/special-journeys-v1/masters/myth-tracing/myth-tracing-04-story-choice-portrait-v1.svg,900x1600 portrait; BoxFit.cover phone/tablet crop-safe composition,scene 01 for myth-tracing; programmatic CustomPainter final fallback,animation controller stops at fixed phase; static plate remains,LOCAL_14_GATES_PASSED_REMOTE_CI_PENDING
PHX-SPECIAL-MYT-005,app/assets/images/special-realms/rights-safe-v1/myth-tracing/myth-tracing-05-vocabulary-portrait-v1.webp,myth-tracing-05-vocabulary-portrait-v1.webp,WEBP,13104,900,1600,24b113a07908d93552b7f59f969157e5f04e4f43c925aa734bcab3b4433ca4fe,6f1273c0c7c4d2fc07c4e2338ca27869ee4585f9,YES,myth-tracing:vocabulary,Special Journey,programmatic:special-journeys-v1:myth-tracing,NONE,NARRATIVE_SEQUENCE,NO,NO,PHASE2_REMOTE_CHECKPOINT,2026-08-02,Phoenix Visual Architecture,PHASE2_REMOTE_CHECKPOINT,NO,design/evidence/SPECIAL_JOURNEYS_V1_EVIDENCE.md;design/evidence/SPECIAL_JOURNEYS_V1_MANIFEST.json,PROGRAMMATIC_ORIGINAL_LOCAL_SVG,Phoenix local editable SVG master,Phoenix Visual Architecture under user-authorized controlled execution,Repository Node.js generator; Inkscape 1.2.2; ImageMagick 6.9.11-60,NOT_APPLICABLE,NOT_APPLICABLE,design/evidence/SPECIAL_JOURNEYS_V1_EVIDENCE.md,NOT_APPLICABLE,NOT_APPLICABLE,NOT_APPLICABLE — no external service or licensed input,Phoenix project-owned original,NOT_APPLICABLE,ALLOWED_BY_PROJECT_OWNER,ALLOWED_BY_PROJECT_OWNER,REVIEWED_NONE,REVIEWED_NONE,Phoenix Visual Architecture,2026-08-02,EVIDENCE_COMPLETE,NOT_APPLICABLE,YES_ASSET_ONLY_LIBRARY_BLOCKED,YES_ASSET_ONLY_LIBRARY_BLOCKED,NO,Story ID myth-tracing; purpose vocabulary; story phase objects. Original primitive geometry with no external input. Whole-library rights approval remains blocked.,design/sources/special-journeys-v1/masters/myth-tracing/myth-tracing-05-vocabulary-portrait-v1.svg,design/sources/special-journeys-v1/masters/myth-tracing/myth-tracing-05-vocabulary-portrait-v1.svg,900x1600 portrait; BoxFit.cover phone/tablet crop-safe composition,scene 01 for myth-tracing; programmatic CustomPainter final fallback,animation controller stops at fixed phase; static plate remains,LOCAL_14_GATES_PASSED_REMOTE_CI_PENDING
PHX-SPECIAL-MYT-006,app/assets/images/special-realms/rights-safe-v1/myth-tracing/myth-tracing-06-discovery-portrait-v1.webp,myth-tracing-06-discovery-portrait-v1.webp,WEBP,15516,900,1600,37f4c5532e9eb212991adbbe240c58dfeb8fdb90103733c8a16b0d5cc60f4d10,7c72b89e39991987e92a205e56c1291804180b40,YES,myth-tracing:discovery,Special Journey,programmatic:special-journeys-v1:myth-tracing,NONE,NARRATIVE_SEQUENCE,NO,NO,PHASE2_REMOTE_CHECKPOINT,2026-08-02,Phoenix Visual Architecture,PHASE2_REMOTE_CHECKPOINT,NO,design/evidence/SPECIAL_JOURNEYS_V1_EVIDENCE.md;design/evidence/SPECIAL_JOURNEYS_V1_MANIFEST.json,PROGRAMMATIC_ORIGINAL_LOCAL_SVG,Phoenix local editable SVG master,Phoenix Visual Architecture under user-authorized controlled execution,Repository Node.js generator; Inkscape 1.2.2; ImageMagick 6.9.11-60,NOT_APPLICABLE,NOT_APPLICABLE,design/evidence/SPECIAL_JOURNEYS_V1_EVIDENCE.md,NOT_APPLICABLE,NOT_APPLICABLE,NOT_APPLICABLE — no external service or licensed input,Phoenix project-owned original,NOT_APPLICABLE,ALLOWED_BY_PROJECT_OWNER,ALLOWED_BY_PROJECT_OWNER,REVIEWED_NONE,REVIEWED_NONE,Phoenix Visual Architecture,2026-08-02,EVIDENCE_COMPLETE,NOT_APPLICABLE,YES_ASSET_ONLY_LIBRARY_BLOCKED,YES_ASSET_ONLY_LIBRARY_BLOCKED,NO,Story ID myth-tracing; purpose discovery; story phase context. Original primitive geometry with no external input. Whole-library rights approval remains blocked.,design/sources/special-journeys-v1/masters/myth-tracing/myth-tracing-06-discovery-portrait-v1.svg,design/sources/special-journeys-v1/masters/myth-tracing/myth-tracing-06-discovery-portrait-v1.svg,900x1600 portrait; BoxFit.cover phone/tablet crop-safe composition,scene 01 for myth-tracing; programmatic CustomPainter final fallback,animation controller stops at fixed phase; static plate remains,LOCAL_14_GATES_PASSED_REMOTE_CI_PENDING
PHX-SPECIAL-MYT-007,app/assets/images/special-realms/rights-safe-v1/myth-tracing/myth-tracing-07-reflection-portrait-v1.webp,myth-tracing-07-reflection-portrait-v1.webp,WEBP,14488,900,1600,71d563fb3d19370690ac26d333939b7186814e403b47cfbfddebbab17dd87150,d8f0f64bae5cec3a143beafb21de1e4219a3b39d,YES,myth-tracing:reflection,Special Journey,programmatic:special-journeys-v1:myth-tracing,NONE,NARRATIVE_SEQUENCE,NO,NO,PHASE2_REMOTE_CHECKPOINT,2026-08-02,Phoenix Visual Architecture,PHASE2_REMOTE_CHECKPOINT,NO,design/evidence/SPECIAL_JOURNEYS_V1_EVIDENCE.md;design/evidence/SPECIAL_JOURNEYS_V1_MANIFEST.json,PROGRAMMATIC_ORIGINAL_LOCAL_SVG,Phoenix local editable SVG master,Phoenix Visual Architecture under user-authorized controlled execution,Repository Node.js generator; Inkscape 1.2.2; ImageMagick 6.9.11-60,NOT_APPLICABLE,NOT_APPLICABLE,design/evidence/SPECIAL_JOURNEYS_V1_EVIDENCE.md,NOT_APPLICABLE,NOT_APPLICABLE,NOT_APPLICABLE — no external service or licensed input,Phoenix project-owned original,NOT_APPLICABLE,ALLOWED_BY_PROJECT_OWNER,ALLOWED_BY_PROJECT_OWNER,REVIEWED_NONE,REVIEWED_NONE,Phoenix Visual Architecture,2026-08-02,EVIDENCE_COMPLETE,NOT_APPLICABLE,YES_ASSET_ONLY_LIBRARY_BLOCKED,YES_ASSET_ONLY_LIBRARY_BLOCKED,NO,Story ID myth-tracing; purpose reflection; story phase question. Original primitive geometry with no external input. Whole-library rights approval remains blocked.,design/sources/special-journeys-v1/masters/myth-tracing/myth-tracing-07-reflection-portrait-v1.svg,design/sources/special-journeys-v1/masters/myth-tracing/myth-tracing-07-reflection-portrait-v1.svg,900x1600 portrait; BoxFit.cover phone/tablet crop-safe composition,scene 01 for myth-tracing; programmatic CustomPainter final fallback,animation controller stops at fixed phase; static plate remains,LOCAL_14_GATES_PASSED_REMOTE_CI_PENDING
PHX-SPECIAL-MYT-008,app/assets/images/special-realms/rights-safe-v1/myth-tracing/myth-tracing-08-writing-portrait-v1.webp,myth-tracing-08-writing-portrait-v1.webp,WEBP,14964,900,1600,4168a1077fb3d7adc2303b7b1b075751ad05283d2d4e2d4cec9a9443292e28db,58938b74c42c4b77664cd9d8ef4e7f0d06f6eb6c,YES,myth-tracing:writing,Special Journey,programmatic:special-journeys-v1:myth-tracing,NONE,NARRATIVE_SEQUENCE,NO,NO,PHASE2_REMOTE_CHECKPOINT,2026-08-02,Phoenix Visual Architecture,PHASE2_REMOTE_CHECKPOINT,NO,design/evidence/SPECIAL_JOURNEYS_V1_EVIDENCE.md;design/evidence/SPECIAL_JOURNEYS_V1_MANIFEST.json,PROGRAMMATIC_ORIGINAL_LOCAL_SVG,Phoenix local editable SVG master,Phoenix Visual Architecture under user-authorized controlled execution,Repository Node.js generator; Inkscape 1.2.2; ImageMagick 6.9.11-60,NOT_APPLICABLE,NOT_APPLICABLE,design/evidence/SPECIAL_JOURNEYS_V1_EVIDENCE.md,NOT_APPLICABLE,NOT_APPLICABLE,NOT_APPLICABLE — no external service or licensed input,Phoenix project-owned original,NOT_APPLICABLE,ALLOWED_BY_PROJECT_OWNER,ALLOWED_BY_PROJECT_OWNER,REVIEWED_NONE,REVIEWED_NONE,Phoenix Visual Architecture,2026-08-02,EVIDENCE_COMPLETE,NOT_APPLICABLE,YES_ASSET_ONLY_LIBRARY_BLOCKED,YES_ASSET_ONLY_LIBRARY_BLOCKED,NO,Story ID myth-tracing; purpose writing; story phase response. Original primitive geometry with no external input. Whole-library rights approval remains blocked.,design/sources/special-journeys-v1/masters/myth-tracing/myth-tracing-08-writing-portrait-v1.svg,design/sources/special-journeys-v1/masters/myth-tracing/myth-tracing-08-writing-portrait-v1.svg,900x1600 portrait; BoxFit.cover phone/tablet crop-safe composition,scene 01 for myth-tracing; programmatic CustomPainter final fallback,animation controller stops at fixed phase; static plate remains,LOCAL_14_GATES_PASSED_REMOTE_CI_PENDING
PHX-SPECIAL-MYT-009,app/assets/images/special-realms/rights-safe-v1/myth-tracing/myth-tracing-09-memory-portrait-v1.webp,myth-tracing-09-memory-portrait-v1.webp,WEBP,16008,900,1600,4da837e00998e8aec1f5af0289a496cef9205163a7d76ee85a8b6cb0bac4a7ad,fec3c074d278087a850664420207a6e4939d66c9,YES,myth-tracing:memory,Special Journey,programmatic:special-journeys-v1:myth-tracing,NONE,NARRATIVE_SEQUENCE,NO,NO,PHASE2_REMOTE_CHECKPOINT,2026-08-02,Phoenix Visual Architecture,PHASE2_REMOTE_CHECKPOINT,NO,design/evidence/SPECIAL_JOURNEYS_V1_EVIDENCE.md;design/evidence/SPECIAL_JOURNEYS_V1_MANIFEST.json,PROGRAMMATIC_ORIGINAL_LOCAL_SVG,Phoenix local editable SVG master,Phoenix Visual Architecture under user-authorized controlled execution,Repository Node.js generator; Inkscape 1.2.2; ImageMagick 6.9.11-60,NOT_APPLICABLE,NOT_APPLICABLE,design/evidence/SPECIAL_JOURNEYS_V1_EVIDENCE.md,NOT_APPLICABLE,NOT_APPLICABLE,NOT_APPLICABLE — no external service or licensed input,Phoenix project-owned original,NOT_APPLICABLE,ALLOWED_BY_PROJECT_OWNER,ALLOWED_BY_PROJECT_OWNER,REVIEWED_NONE,REVIEWED_NONE,Phoenix Visual Architecture,2026-08-02,EVIDENCE_COMPLETE,NOT_APPLICABLE,YES_ASSET_ONLY_LIBRARY_BLOCKED,YES_ASSET_ONLY_LIBRARY_BLOCKED,NO,Story ID myth-tracing; purpose memory; story phase imprint. Original primitive geometry with no external input. Whole-library rights approval remains blocked.,design/sources/special-journeys-v1/masters/myth-tracing/myth-tracing-09-memory-portrait-v1.svg,design/sources/special-journeys-v1/masters/myth-tracing/myth-tracing-09-memory-portrait-v1.svg,900x1600 portrait; BoxFit.cover phone/tablet crop-safe composition,scene 01 for myth-tracing; programmatic CustomPainter final fallback,animation controller stops at fixed phase; static plate remains,LOCAL_14_GATES_PASSED_REMOTE_CI_PENDING
PHX-SPECIAL-MYT-010,app/assets/images/special-realms/rights-safe-v1/myth-tracing/myth-tracing-10-completion-portrait-v1.webp,myth-tracing-10-completion-portrait-v1.webp,WEBP,15534,900,1600,d4fd707f8f1833177de7fb377a92230f7e52c981449a46514cfeef4ce96aaa15,0efc4c3e8a4aa3c2e9923d5956c4b94a16eebeb4,YES,myth-tracing:completion,Special Journey,programmatic:special-journeys-v1:myth-tracing,NONE,NARRATIVE_SEQUENCE,NO,NO,PHASE2_REMOTE_CHECKPOINT,2026-08-02,Phoenix Visual Architecture,PHASE2_REMOTE_CHECKPOINT,NO,design/evidence/SPECIAL_JOURNEYS_V1_EVIDENCE.md;design/evidence/SPECIAL_JOURNEYS_V1_MANIFEST.json,PROGRAMMATIC_ORIGINAL_LOCAL_SVG,Phoenix local editable SVG master,Phoenix Visual Architecture under user-authorized controlled execution,Repository Node.js generator; Inkscape 1.2.2; ImageMagick 6.9.11-60,NOT_APPLICABLE,NOT_APPLICABLE,design/evidence/SPECIAL_JOURNEYS_V1_EVIDENCE.md,NOT_APPLICABLE,NOT_APPLICABLE,NOT_APPLICABLE — no external service or licensed input,Phoenix project-owned original,NOT_APPLICABLE,ALLOWED_BY_PROJECT_OWNER,ALLOWED_BY_PROJECT_OWNER,REVIEWED_NONE,REVIEWED_NONE,Phoenix Visual Architecture,2026-08-02,EVIDENCE_COMPLETE,NOT_APPLICABLE,YES_ASSET_ONLY_LIBRARY_BLOCKED,YES_ASSET_ONLY_LIBRARY_BLOCKED,NO,Story ID myth-tracing; purpose completion; story phase afterglow. Original primitive geometry with no external input. Whole-library rights approval remains blocked.,design/sources/special-journeys-v1/masters/myth-tracing/myth-tracing-10-completion-portrait-v1.svg,design/sources/special-journeys-v1/masters/myth-tracing/myth-tracing-10-completion-portrait-v1.svg,900x1600 portrait; BoxFit.cover phone/tablet crop-safe composition,scene 01 for myth-tracing; programmatic CustomPainter final fallback,animation controller stops at fixed phase; static plate remains,LOCAL_14_GATES_PASSED_REMOTE_CI_PENDING
PHX-SPECIAL-SNT-001,app/assets/images/special-realms/rights-safe-v1/strange-night-talks/strange-night-talks-01-opening-portrait-v1.webp,strange-night-talks-01-opening-portrait-v1.webp,WEBP,9384,900,1600,e82f18f14a48a7c600dff307bfef3cb67bc2aa290823d3072c7f5385ccbce9cc,50730675dfff6d785ebe0ff24b8aedb72933d4ed,YES,strange-night-talks:explore-profile-static-fallback,Special Journey,programmatic:special-journeys-v1:strange-night-talks,NONE,PRIMARY_STATIC_FALLBACK,NO,NO,PHASE2_REMOTE_CHECKPOINT,2026-08-02,Phoenix Visual Architecture,PHASE2_REMOTE_CHECKPOINT,NO,design/evidence/SPECIAL_JOURNEYS_V1_EVIDENCE.md;design/evidence/SPECIAL_JOURNEYS_V1_MANIFEST.json,PROGRAMMATIC_ORIGINAL_LOCAL_SVG,Phoenix local editable SVG master,Phoenix Visual Architecture under user-authorized controlled execution,Repository Node.js generator; Inkscape 1.2.2; ImageMagick 6.9.11-60,NOT_APPLICABLE,NOT_APPLICABLE,design/evidence/SPECIAL_JOURNEYS_V1_EVIDENCE.md,NOT_APPLICABLE,NOT_APPLICABLE,NOT_APPLICABLE — no external service or licensed input,Phoenix project-owned original,NOT_APPLICABLE,ALLOWED_BY_PROJECT_OWNER,ALLOWED_BY_PROJECT_OWNER,REVIEWED_NONE,REVIEWED_NONE,Phoenix Visual Architecture,2026-08-02,EVIDENCE_COMPLETE,NOT_APPLICABLE,YES_ASSET_ONLY_LIBRARY_BLOCKED,YES_ASSET_ONLY_LIBRARY_BLOCKED,NO,Story ID strange-night-talks; purpose explore-profile-static-fallback; story phase threshold. Original primitive geometry with no external input. Whole-library rights approval remains blocked.,design/sources/special-journeys-v1/masters/strange-night-talks/strange-night-talks-01-opening-portrait-v1.svg,design/sources/special-journeys-v1/masters/strange-night-talks/strange-night-talks-01-opening-portrait-v1.svg,900x1600 portrait; BoxFit.cover phone/tablet crop-safe composition,scene 01 for strange-night-talks; programmatic CustomPainter final fallback,animation controller stops at fixed phase; static plate remains,LOCAL_14_GATES_PASSED_REMOTE_CI_PENDING
PHX-SPECIAL-SNT-002,app/assets/images/special-realms/rights-safe-v1/strange-night-talks/strange-night-talks-02-story-arrival-portrait-v1.webp,strange-night-talks-02-story-arrival-portrait-v1.webp,WEBP,9782,900,1600,2f956a3a41593801182ce68a9ebdbdb8a33bfdc5683851229ccdb82d18129079,c5a396d9b55a5ae5edabf6a7c962222d16df09da,YES,strange-night-talks:story-opening,Special Journey,programmatic:special-journeys-v1:strange-night-talks,NONE,NARRATIVE_SEQUENCE,NO,NO,PHASE2_REMOTE_CHECKPOINT,2026-08-02,Phoenix Visual Architecture,PHASE2_REMOTE_CHECKPOINT,NO,design/evidence/SPECIAL_JOURNEYS_V1_EVIDENCE.md;design/evidence/SPECIAL_JOURNEYS_V1_MANIFEST.json,PROGRAMMATIC_ORIGINAL_LOCAL_SVG,Phoenix local editable SVG master,Phoenix Visual Architecture under user-authorized controlled execution,Repository Node.js generator; Inkscape 1.2.2; ImageMagick 6.9.11-60,NOT_APPLICABLE,NOT_APPLICABLE,design/evidence/SPECIAL_JOURNEYS_V1_EVIDENCE.md,NOT_APPLICABLE,NOT_APPLICABLE,NOT_APPLICABLE — no external service or licensed input,Phoenix project-owned original,NOT_APPLICABLE,ALLOWED_BY_PROJECT_OWNER,ALLOWED_BY_PROJECT_OWNER,REVIEWED_NONE,REVIEWED_NONE,Phoenix Visual Architecture,2026-08-02,EVIDENCE_COMPLETE,NOT_APPLICABLE,YES_ASSET_ONLY_LIBRARY_BLOCKED,YES_ASSET_ONLY_LIBRARY_BLOCKED,NO,Story ID strange-night-talks; purpose story-opening; story phase arrival. Original primitive geometry with no external input. Whole-library rights approval remains blocked.,design/sources/special-journeys-v1/masters/strange-night-talks/strange-night-talks-02-story-arrival-portrait-v1.svg,design/sources/special-journeys-v1/masters/strange-night-talks/strange-night-talks-02-story-arrival-portrait-v1.svg,900x1600 portrait; BoxFit.cover phone/tablet crop-safe composition,scene 01 for strange-night-talks; programmatic CustomPainter final fallback,animation controller stops at fixed phase; static plate remains,LOCAL_14_GATES_PASSED_REMOTE_CI_PENDING
PHX-SPECIAL-SNT-003,app/assets/images/special-realms/rights-safe-v1/strange-night-talks/strange-night-talks-03-story-tension-portrait-v1.webp,strange-night-talks-03-story-tension-portrait-v1.webp,WEBP,9108,900,1600,ffe4229582beba66abcfd92a0b8723cc03b70604e115bd949d98dbe10a4bfbdf,2abcce929c7b9aefe5fe198bd9c7e575dcb19eda,YES,strange-night-talks:story-middle,Special Journey,programmatic:special-journeys-v1:strange-night-talks,NONE,NARRATIVE_SEQUENCE,NO,NO,PHASE2_REMOTE_CHECKPOINT,2026-08-02,Phoenix Visual Architecture,PHASE2_REMOTE_CHECKPOINT,NO,design/evidence/SPECIAL_JOURNEYS_V1_EVIDENCE.md;design/evidence/SPECIAL_JOURNEYS_V1_MANIFEST.json,PROGRAMMATIC_ORIGINAL_LOCAL_SVG,Phoenix local editable SVG master,Phoenix Visual Architecture under user-authorized controlled execution,Repository Node.js generator; Inkscape 1.2.2; ImageMagick 6.9.11-60,NOT_APPLICABLE,NOT_APPLICABLE,design/evidence/SPECIAL_JOURNEYS_V1_EVIDENCE.md,NOT_APPLICABLE,NOT_APPLICABLE,NOT_APPLICABLE — no external service or licensed input,Phoenix project-owned original,NOT_APPLICABLE,ALLOWED_BY_PROJECT_OWNER,ALLOWED_BY_PROJECT_OWNER,REVIEWED_NONE,REVIEWED_NONE,Phoenix Visual Architecture,2026-08-02,EVIDENCE_COMPLETE,NOT_APPLICABLE,YES_ASSET_ONLY_LIBRARY_BLOCKED,YES_ASSET_ONLY_LIBRARY_BLOCKED,NO,Story ID strange-night-talks; purpose story-middle; story phase tension. Original primitive geometry with no external input. Whole-library rights approval remains blocked.,design/sources/special-journeys-v1/masters/strange-night-talks/strange-night-talks-03-story-tension-portrait-v1.svg,design/sources/special-journeys-v1/masters/strange-night-talks/strange-night-talks-03-story-tension-portrait-v1.svg,900x1600 portrait; BoxFit.cover phone/tablet crop-safe composition,scene 01 for strange-night-talks; programmatic CustomPainter final fallback,animation controller stops at fixed phase; static plate remains,LOCAL_14_GATES_PASSED_REMOTE_CI_PENDING
PHX-SPECIAL-SNT-004,app/assets/images/special-realms/rights-safe-v1/strange-night-talks/strange-night-talks-04-story-choice-portrait-v1.webp,strange-night-talks-04-story-choice-portrait-v1.webp,WEBP,8650,900,1600,0e13c055c0461bca52e075f30e756c4bee85452b1bbc91884846a82fdaee490b,928b7ad5a4b8689168638d642599822d97e2392e,YES,strange-night-talks:story-choice,Special Journey,programmatic:special-journeys-v1:strange-night-talks,NONE,NARRATIVE_SEQUENCE,NO,NO,PHASE2_REMOTE_CHECKPOINT,2026-08-02,Phoenix Visual Architecture,PHASE2_REMOTE_CHECKPOINT,NO,design/evidence/SPECIAL_JOURNEYS_V1_EVIDENCE.md;design/evidence/SPECIAL_JOURNEYS_V1_MANIFEST.json,PROGRAMMATIC_ORIGINAL_LOCAL_SVG,Phoenix local editable SVG master,Phoenix Visual Architecture under user-authorized controlled execution,Repository Node.js generator; Inkscape 1.2.2; ImageMagick 6.9.11-60,NOT_APPLICABLE,NOT_APPLICABLE,design/evidence/SPECIAL_JOURNEYS_V1_EVIDENCE.md,NOT_APPLICABLE,NOT_APPLICABLE,NOT_APPLICABLE — no external service or licensed input,Phoenix project-owned original,NOT_APPLICABLE,ALLOWED_BY_PROJECT_OWNER,ALLOWED_BY_PROJECT_OWNER,REVIEWED_NONE,REVIEWED_NONE,Phoenix Visual Architecture,2026-08-02,EVIDENCE_COMPLETE,NOT_APPLICABLE,YES_ASSET_ONLY_LIBRARY_BLOCKED,YES_ASSET_ONLY_LIBRARY_BLOCKED,NO,Story ID strange-night-talks; purpose story-choice; story phase choice. Original primitive geometry with no external input. Whole-library rights approval remains blocked.,design/sources/special-journeys-v1/masters/strange-night-talks/strange-night-talks-04-story-choice-portrait-v1.svg,design/sources/special-journeys-v1/masters/strange-night-talks/strange-night-talks-04-story-choice-portrait-v1.svg,900x1600 portrait; BoxFit.cover phone/tablet crop-safe composition,scene 01 for strange-night-talks; programmatic CustomPainter final fallback,animation controller stops at fixed phase; static plate remains,LOCAL_14_GATES_PASSED_REMOTE_CI_PENDING
PHX-SPECIAL-SNT-005,app/assets/images/special-realms/rights-safe-v1/strange-night-talks/strange-night-talks-05-vocabulary-portrait-v1.webp,strange-night-talks-05-vocabulary-portrait-v1.webp,WEBP,8974,900,1600,21cd558090127ec5c803dc056f236715ca7f0959388d7e66e5e579f51b938796,603d1b1649d5d1869e57d8fec0a1beeda58161a6,YES,strange-night-talks:vocabulary,Special Journey,programmatic:special-journeys-v1:strange-night-talks,NONE,NARRATIVE_SEQUENCE,NO,NO,PHASE2_REMOTE_CHECKPOINT,2026-08-02,Phoenix Visual Architecture,PHASE2_REMOTE_CHECKPOINT,NO,design/evidence/SPECIAL_JOURNEYS_V1_EVIDENCE.md;design/evidence/SPECIAL_JOURNEYS_V1_MANIFEST.json,PROGRAMMATIC_ORIGINAL_LOCAL_SVG,Phoenix local editable SVG master,Phoenix Visual Architecture under user-authorized controlled execution,Repository Node.js generator; Inkscape 1.2.2; ImageMagick 6.9.11-60,NOT_APPLICABLE,NOT_APPLICABLE,design/evidence/SPECIAL_JOURNEYS_V1_EVIDENCE.md,NOT_APPLICABLE,NOT_APPLICABLE,NOT_APPLICABLE — no external service or licensed input,Phoenix project-owned original,NOT_APPLICABLE,ALLOWED_BY_PROJECT_OWNER,ALLOWED_BY_PROJECT_OWNER,REVIEWED_NONE,REVIEWED_NONE,Phoenix Visual Architecture,2026-08-02,EVIDENCE_COMPLETE,NOT_APPLICABLE,YES_ASSET_ONLY_LIBRARY_BLOCKED,YES_ASSET_ONLY_LIBRARY_BLOCKED,NO,Story ID strange-night-talks; purpose vocabulary; story phase objects. Original primitive geometry with no external input. Whole-library rights approval remains blocked.,design/sources/special-journeys-v1/masters/strange-night-talks/strange-night-talks-05-vocabulary-portrait-v1.svg,design/sources/special-journeys-v1/masters/strange-night-talks/strange-night-talks-05-vocabulary-portrait-v1.svg,900x1600 portrait; BoxFit.cover phone/tablet crop-safe composition,scene 01 for strange-night-talks; programmatic CustomPainter final fallback,animation controller stops at fixed phase; static plate remains,LOCAL_14_GATES_PASSED_REMOTE_CI_PENDING
PHX-SPECIAL-SNT-006,app/assets/images/special-realms/rights-safe-v1/strange-night-talks/strange-night-talks-06-discovery-portrait-v1.webp,strange-night-talks-06-discovery-portrait-v1.webp,WEBP,11694,900,1600,46de53523ad81a992a2db8994a411a34a36fcf1492b6f1df56ca383651dd551a,f19ddfd0d0c6e074201d424f708115a4d5ec2efe,YES,strange-night-talks:discovery,Special Journey,programmatic:special-journeys-v1:strange-night-talks,NONE,NARRATIVE_SEQUENCE,NO,NO,PHASE2_REMOTE_CHECKPOINT,2026-08-02,Phoenix Visual Architecture,PHASE2_REMOTE_CHECKPOINT,NO,design/evidence/SPECIAL_JOURNEYS_V1_EVIDENCE.md;design/evidence/SPECIAL_JOURNEYS_V1_MANIFEST.json,PROGRAMMATIC_ORIGINAL_LOCAL_SVG,Phoenix local editable SVG master,Phoenix Visual Architecture under user-authorized controlled execution,Repository Node.js generator; Inkscape 1.2.2; ImageMagick 6.9.11-60,NOT_APPLICABLE,NOT_APPLICABLE,design/evidence/SPECIAL_JOURNEYS_V1_EVIDENCE.md,NOT_APPLICABLE,NOT_APPLICABLE,NOT_APPLICABLE — no external service or licensed input,Phoenix project-owned original,NOT_APPLICABLE,ALLOWED_BY_PROJECT_OWNER,ALLOWED_BY_PROJECT_OWNER,REVIEWED_NONE,REVIEWED_NONE,Phoenix Visual Architecture,2026-08-02,EVIDENCE_COMPLETE,NOT_APPLICABLE,YES_ASSET_ONLY_LIBRARY_BLOCKED,YES_ASSET_ONLY_LIBRARY_BLOCKED,NO,Story ID strange-night-talks; purpose discovery; story phase context. Original primitive geometry with no external input. Whole-library rights approval remains blocked.,design/sources/special-journeys-v1/masters/strange-night-talks/strange-night-talks-06-discovery-portrait-v1.svg,design/sources/special-journeys-v1/masters/strange-night-talks/strange-night-talks-06-discovery-portrait-v1.svg,900x1600 portrait; BoxFit.cover phone/tablet crop-safe composition,scene 01 for strange-night-talks; programmatic CustomPainter final fallback,animation controller stops at fixed phase; static plate remains,LOCAL_14_GATES_PASSED_REMOTE_CI_PENDING
PHX-SPECIAL-SNT-007,app/assets/images/special-realms/rights-safe-v1/strange-night-talks/strange-night-talks-07-reflection-portrait-v1.webp,strange-night-talks-07-reflection-portrait-v1.webp,WEBP,8566,900,1600,1fba48854d42f1dcd1f5ed9865215f390a146577e04e9fc8daebcf9860675d61,2ad6da2c981aa8954bc8371e7fdb9a829d8f1803,YES,strange-night-talks:reflection,Special Journey,programmatic:special-journeys-v1:strange-night-talks,NONE,NARRATIVE_SEQUENCE,NO,NO,PHASE2_REMOTE_CHECKPOINT,2026-08-02,Phoenix Visual Architecture,PHASE2_REMOTE_CHECKPOINT,NO,design/evidence/SPECIAL_JOURNEYS_V1_EVIDENCE.md;design/evidence/SPECIAL_JOURNEYS_V1_MANIFEST.json,PROGRAMMATIC_ORIGINAL_LOCAL_SVG,Phoenix local editable SVG master,Phoenix Visual Architecture under user-authorized controlled execution,Repository Node.js generator; Inkscape 1.2.2; ImageMagick 6.9.11-60,NOT_APPLICABLE,NOT_APPLICABLE,design/evidence/SPECIAL_JOURNEYS_V1_EVIDENCE.md,NOT_APPLICABLE,NOT_APPLICABLE,NOT_APPLICABLE — no external service or licensed input,Phoenix project-owned original,NOT_APPLICABLE,ALLOWED_BY_PROJECT_OWNER,ALLOWED_BY_PROJECT_OWNER,REVIEWED_NONE,REVIEWED_NONE,Phoenix Visual Architecture,2026-08-02,EVIDENCE_COMPLETE,NOT_APPLICABLE,YES_ASSET_ONLY_LIBRARY_BLOCKED,YES_ASSET_ONLY_LIBRARY_BLOCKED,NO,Story ID strange-night-talks; purpose reflection; story phase question. Original primitive geometry with no external input. Whole-library rights approval remains blocked.,design/sources/special-journeys-v1/masters/strange-night-talks/strange-night-talks-07-reflection-portrait-v1.svg,design/sources/special-journeys-v1/masters/strange-night-talks/strange-night-talks-07-reflection-portrait-v1.svg,900x1600 portrait; BoxFit.cover phone/tablet crop-safe composition,scene 01 for strange-night-talks; programmatic CustomPainter final fallback,animation controller stops at fixed phase; static plate remains,LOCAL_14_GATES_PASSED_REMOTE_CI_PENDING
PHX-SPECIAL-SNT-008,app/assets/images/special-realms/rights-safe-v1/strange-night-talks/strange-night-talks-08-writing-portrait-v1.webp,strange-night-talks-08-writing-portrait-v1.webp,WEBP,8310,900,1600,57eeb248aaa1907f6feab9522d87851e93cfe1a125d43c17cd84f609b5bed213,417fcec645d1be8d63664f2c08bfa8c344525ddc,YES,strange-night-talks:writing,Special Journey,programmatic:special-journeys-v1:strange-night-talks,NONE,NARRATIVE_SEQUENCE,NO,NO,PHASE2_REMOTE_CHECKPOINT,2026-08-02,Phoenix Visual Architecture,PHASE2_REMOTE_CHECKPOINT,NO,design/evidence/SPECIAL_JOURNEYS_V1_EVIDENCE.md;design/evidence/SPECIAL_JOURNEYS_V1_MANIFEST.json,PROGRAMMATIC_ORIGINAL_LOCAL_SVG,Phoenix local editable SVG master,Phoenix Visual Architecture under user-authorized controlled execution,Repository Node.js generator; Inkscape 1.2.2; ImageMagick 6.9.11-60,NOT_APPLICABLE,NOT_APPLICABLE,design/evidence/SPECIAL_JOURNEYS_V1_EVIDENCE.md,NOT_APPLICABLE,NOT_APPLICABLE,NOT_APPLICABLE — no external service or licensed input,Phoenix project-owned original,NOT_APPLICABLE,ALLOWED_BY_PROJECT_OWNER,ALLOWED_BY_PROJECT_OWNER,REVIEWED_NONE,REVIEWED_NONE,Phoenix Visual Architecture,2026-08-02,EVIDENCE_COMPLETE,NOT_APPLICABLE,YES_ASSET_ONLY_LIBRARY_BLOCKED,YES_ASSET_ONLY_LIBRARY_BLOCKED,NO,Story ID strange-night-talks; purpose writing; story phase response. Original primitive geometry with no external input. Whole-library rights approval remains blocked.,design/sources/special-journeys-v1/masters/strange-night-talks/strange-night-talks-08-writing-portrait-v1.svg,design/sources/special-journeys-v1/masters/strange-night-talks/strange-night-talks-08-writing-portrait-v1.svg,900x1600 portrait; BoxFit.cover phone/tablet crop-safe composition,scene 01 for strange-night-talks; programmatic CustomPainter final fallback,animation controller stops at fixed phase; static plate remains,LOCAL_14_GATES_PASSED_REMOTE_CI_PENDING
PHX-SPECIAL-SNT-009,app/assets/images/special-realms/rights-safe-v1/strange-night-talks/strange-night-talks-09-memory-portrait-v1.webp,strange-night-talks-09-memory-portrait-v1.webp,WEBP,8890,900,1600,6587dcc44d9ab31e9120fa033c731550b56ff6104045c3f935676c9143a771c9,ff932542efbcc281da8fe34dfcc928514efe5d4d,YES,strange-night-talks:memory,Special Journey,programmatic:special-journeys-v1:strange-night-talks,NONE,NARRATIVE_SEQUENCE,NO,NO,PHASE2_REMOTE_CHECKPOINT,2026-08-02,Phoenix Visual Architecture,PHASE2_REMOTE_CHECKPOINT,NO,design/evidence/SPECIAL_JOURNEYS_V1_EVIDENCE.md;design/evidence/SPECIAL_JOURNEYS_V1_MANIFEST.json,PROGRAMMATIC_ORIGINAL_LOCAL_SVG,Phoenix local editable SVG master,Phoenix Visual Architecture under user-authorized controlled execution,Repository Node.js generator; Inkscape 1.2.2; ImageMagick 6.9.11-60,NOT_APPLICABLE,NOT_APPLICABLE,design/evidence/SPECIAL_JOURNEYS_V1_EVIDENCE.md,NOT_APPLICABLE,NOT_APPLICABLE,NOT_APPLICABLE — no external service or licensed input,Phoenix project-owned original,NOT_APPLICABLE,ALLOWED_BY_PROJECT_OWNER,ALLOWED_BY_PROJECT_OWNER,REVIEWED_NONE,REVIEWED_NONE,Phoenix Visual Architecture,2026-08-02,EVIDENCE_COMPLETE,NOT_APPLICABLE,YES_ASSET_ONLY_LIBRARY_BLOCKED,YES_ASSET_ONLY_LIBRARY_BLOCKED,NO,Story ID strange-night-talks; purpose memory; story phase imprint. Original primitive geometry with no external input. Whole-library rights approval remains blocked.,design/sources/special-journeys-v1/masters/strange-night-talks/strange-night-talks-09-memory-portrait-v1.svg,design/sources/special-journeys-v1/masters/strange-night-talks/strange-night-talks-09-memory-portrait-v1.svg,900x1600 portrait; BoxFit.cover phone/tablet crop-safe composition,scene 01 for strange-night-talks; programmatic CustomPainter final fallback,animation controller stops at fixed phase; static plate remains,LOCAL_14_GATES_PASSED_REMOTE_CI_PENDING
PHX-SPECIAL-SNT-010,app/assets/images/special-realms/rights-safe-v1/strange-night-talks/strange-night-talks-10-completion-portrait-v1.webp,strange-night-talks-10-completion-portrait-v1.webp,WEBP,8214,900,1600,0819eb3ad5d8332eaf9ceec0d4f1e0d4dd96040c430852ef6f47246bc1006665,5ce96a8f92222ac503fc679a7751b33b88e28284,YES,strange-night-talks:completion,Special Journey,programmatic:special-journeys-v1:strange-night-talks,NONE,NARRATIVE_SEQUENCE,NO,NO,PHASE2_REMOTE_CHECKPOINT,2026-08-02,Phoenix Visual Architecture,PHASE2_REMOTE_CHECKPOINT,NO,design/evidence/SPECIAL_JOURNEYS_V1_EVIDENCE.md;design/evidence/SPECIAL_JOURNEYS_V1_MANIFEST.json,PROGRAMMATIC_ORIGINAL_LOCAL_SVG,Phoenix local editable SVG master,Phoenix Visual Architecture under user-authorized controlled execution,Repository Node.js generator; Inkscape 1.2.2; ImageMagick 6.9.11-60,NOT_APPLICABLE,NOT_APPLICABLE,design/evidence/SPECIAL_JOURNEYS_V1_EVIDENCE.md,NOT_APPLICABLE,NOT_APPLICABLE,NOT_APPLICABLE — no external service or licensed input,Phoenix project-owned original,NOT_APPLICABLE,ALLOWED_BY_PROJECT_OWNER,ALLOWED_BY_PROJECT_OWNER,REVIEWED_NONE,REVIEWED_NONE,Phoenix Visual Architecture,2026-08-02,EVIDENCE_COMPLETE,NOT_APPLICABLE,YES_ASSET_ONLY_LIBRARY_BLOCKED,YES_ASSET_ONLY_LIBRARY_BLOCKED,NO,Story ID strange-night-talks; purpose completion; story phase afterglow. Original primitive geometry with no external input. Whole-library rights approval remains blocked.,design/sources/special-journeys-v1/masters/strange-night-talks/strange-night-talks-10-completion-portrait-v1.svg,design/sources/special-journeys-v1/masters/strange-night-talks/strange-night-talks-10-completion-portrait-v1.svg,900x1600 portrait; BoxFit.cover phone/tablet crop-safe composition,scene 01 for strange-night-talks; programmatic CustomPainter final fallback,animation controller stops at fixed phase; static plate remains,LOCAL_14_GATES_PASSED_REMOTE_CI_PENDING
PHX-SPECIAL-FSL-001,app/assets/images/special-realms/rights-safe-v1/folk-secret-land/folk-secret-land-01-opening-portrait-v1.webp,folk-secret-land-01-opening-portrait-v1.webp,WEBP,15798,900,1600,921e093b254cc9dbb4e5cb29c28a74c0a4af3880b01ece7dee5a4ba04f6f1042,7fcc1652e101e8be197430b682c6fb38b997b9a6,YES,folk-secret-land:explore-profile-static-fallback,Special Journey,programmatic:special-journeys-v1:folk-secret-land,NONE,PRIMARY_STATIC_FALLBACK,NO,NO,PHASE2_REMOTE_CHECKPOINT,2026-08-02,Phoenix Visual Architecture,PHASE2_REMOTE_CHECKPOINT,NO,design/evidence/SPECIAL_JOURNEYS_V1_EVIDENCE.md;design/evidence/SPECIAL_JOURNEYS_V1_MANIFEST.json,PROGRAMMATIC_ORIGINAL_LOCAL_SVG,Phoenix local editable SVG master,Phoenix Visual Architecture under user-authorized controlled execution,Repository Node.js generator; Inkscape 1.2.2; ImageMagick 6.9.11-60,NOT_APPLICABLE,NOT_APPLICABLE,design/evidence/SPECIAL_JOURNEYS_V1_EVIDENCE.md,NOT_APPLICABLE,NOT_APPLICABLE,NOT_APPLICABLE — no external service or licensed input,Phoenix project-owned original,NOT_APPLICABLE,ALLOWED_BY_PROJECT_OWNER,ALLOWED_BY_PROJECT_OWNER,REVIEWED_NONE,REVIEWED_NONE,Phoenix Visual Architecture,2026-08-02,EVIDENCE_COMPLETE,NOT_APPLICABLE,YES_ASSET_ONLY_LIBRARY_BLOCKED,YES_ASSET_ONLY_LIBRARY_BLOCKED,NO,Story ID folk-secret-land; purpose explore-profile-static-fallback; story phase threshold. Original primitive geometry with no external input. Whole-library rights approval remains blocked.,design/sources/special-journeys-v1/masters/folk-secret-land/folk-secret-land-01-opening-portrait-v1.svg,design/sources/special-journeys-v1/masters/folk-secret-land/folk-secret-land-01-opening-portrait-v1.svg,900x1600 portrait; BoxFit.cover phone/tablet crop-safe composition,scene 01 for folk-secret-land; programmatic CustomPainter final fallback,animation controller stops at fixed phase; static plate remains,LOCAL_14_GATES_PASSED_REMOTE_CI_PENDING
PHX-SPECIAL-FSL-002,app/assets/images/special-realms/rights-safe-v1/folk-secret-land/folk-secret-land-02-story-arrival-portrait-v1.webp,folk-secret-land-02-story-arrival-portrait-v1.webp,WEBP,15304,900,1600,27ff454d63feee06012fc80dd07a4458cf858f8aabdc083398f40d08c778dc5c,2737750b7cea02a17be1c1515f58adc1f67dcbab,YES,folk-secret-land:story-opening,Special Journey,programmatic:special-journeys-v1:folk-secret-land,NONE,NARRATIVE_SEQUENCE,NO,NO,PHASE2_REMOTE_CHECKPOINT,2026-08-02,Phoenix Visual Architecture,PHASE2_REMOTE_CHECKPOINT,NO,design/evidence/SPECIAL_JOURNEYS_V1_EVIDENCE.md;design/evidence/SPECIAL_JOURNEYS_V1_MANIFEST.json,PROGRAMMATIC_ORIGINAL_LOCAL_SVG,Phoenix local editable SVG master,Phoenix Visual Architecture under user-authorized controlled execution,Repository Node.js generator; Inkscape 1.2.2; ImageMagick 6.9.11-60,NOT_APPLICABLE,NOT_APPLICABLE,design/evidence/SPECIAL_JOURNEYS_V1_EVIDENCE.md,NOT_APPLICABLE,NOT_APPLICABLE,NOT_APPLICABLE — no external service or licensed input,Phoenix project-owned original,NOT_APPLICABLE,ALLOWED_BY_PROJECT_OWNER,ALLOWED_BY_PROJECT_OWNER,REVIEWED_NONE,REVIEWED_NONE,Phoenix Visual Architecture,2026-08-02,EVIDENCE_COMPLETE,NOT_APPLICABLE,YES_ASSET_ONLY_LIBRARY_BLOCKED,YES_ASSET_ONLY_LIBRARY_BLOCKED,NO,Story ID folk-secret-land; purpose story-opening; story phase arrival. Original primitive geometry with no external input. Whole-library rights approval remains blocked.,design/sources/special-journeys-v1/masters/folk-secret-land/folk-secret-land-02-story-arrival-portrait-v1.svg,design/sources/special-journeys-v1/masters/folk-secret-land/folk-secret-land-02-story-arrival-portrait-v1.svg,900x1600 portrait; BoxFit.cover phone/tablet crop-safe composition,scene 01 for folk-secret-land; programmatic CustomPainter final fallback,animation controller stops at fixed phase; static plate remains,LOCAL_14_GATES_PASSED_REMOTE_CI_PENDING
PHX-SPECIAL-FSL-003,app/assets/images/special-realms/rights-safe-v1/folk-secret-land/folk-secret-land-03-story-tension-portrait-v1.webp,folk-secret-land-03-story-tension-portrait-v1.webp,WEBP,15012,900,1600,6c965769bb666af9afabb53b5163cb1313cf4c8ae403d6aaef5b7680d683cd41,bd2ca491a059adde4806011c4fda6444490d9af5,YES,folk-secret-land:story-middle,Special Journey,programmatic:special-journeys-v1:folk-secret-land,NONE,NARRATIVE_SEQUENCE,NO,NO,PHASE2_REMOTE_CHECKPOINT,2026-08-02,Phoenix Visual Architecture,PHASE2_REMOTE_CHECKPOINT,NO,design/evidence/SPECIAL_JOURNEYS_V1_EVIDENCE.md;design/evidence/SPECIAL_JOURNEYS_V1_MANIFEST.json,PROGRAMMATIC_ORIGINAL_LOCAL_SVG,Phoenix local editable SVG master,Phoenix Visual Architecture under user-authorized controlled execution,Repository Node.js generator; Inkscape 1.2.2; ImageMagick 6.9.11-60,NOT_APPLICABLE,NOT_APPLICABLE,design/evidence/SPECIAL_JOURNEYS_V1_EVIDENCE.md,NOT_APPLICABLE,NOT_APPLICABLE,NOT_APPLICABLE — no external service or licensed input,Phoenix project-owned original,NOT_APPLICABLE,ALLOWED_BY_PROJECT_OWNER,ALLOWED_BY_PROJECT_OWNER,REVIEWED_NONE,REVIEWED_NONE,Phoenix Visual Architecture,2026-08-02,EVIDENCE_COMPLETE,NOT_APPLICABLE,YES_ASSET_ONLY_LIBRARY_BLOCKED,YES_ASSET_ONLY_LIBRARY_BLOCKED,NO,Story ID folk-secret-land; purpose story-middle; story phase tension. Original primitive geometry with no external input. Whole-library rights approval remains blocked.,design/sources/special-journeys-v1/masters/folk-secret-land/folk-secret-land-03-story-tension-portrait-v1.svg,design/sources/special-journeys-v1/masters/folk-secret-land/folk-secret-land-03-story-tension-portrait-v1.svg,900x1600 portrait; BoxFit.cover phone/tablet crop-safe composition,scene 01 for folk-secret-land; programmatic CustomPainter final fallback,animation controller stops at fixed phase; static plate remains,LOCAL_14_GATES_PASSED_REMOTE_CI_PENDING
PHX-SPECIAL-FSL-004,app/assets/images/special-realms/rights-safe-v1/folk-secret-land/folk-secret-land-04-story-choice-portrait-v1.webp,folk-secret-land-04-story-choice-portrait-v1.webp,WEBP,17636,900,1600,40220028c322ddbaa25188a192e9022a819e323dee80db434b9f63d20386798b,4c850b8926429c6f1e87c2644069591ca5dd8a88,YES,folk-secret-land:story-choice,Special Journey,programmatic:special-journeys-v1:folk-secret-land,NONE,NARRATIVE_SEQUENCE,NO,NO,PHASE2_REMOTE_CHECKPOINT,2026-08-02,Phoenix Visual Architecture,PHASE2_REMOTE_CHECKPOINT,NO,design/evidence/SPECIAL_JOURNEYS_V1_EVIDENCE.md;design/evidence/SPECIAL_JOURNEYS_V1_MANIFEST.json,PROGRAMMATIC_ORIGINAL_LOCAL_SVG,Phoenix local editable SVG master,Phoenix Visual Architecture under user-authorized controlled execution,Repository Node.js generator; Inkscape 1.2.2; ImageMagick 6.9.11-60,NOT_APPLICABLE,NOT_APPLICABLE,design/evidence/SPECIAL_JOURNEYS_V1_EVIDENCE.md,NOT_APPLICABLE,NOT_APPLICABLE,NOT_APPLICABLE — no external service or licensed input,Phoenix project-owned original,NOT_APPLICABLE,ALLOWED_BY_PROJECT_OWNER,ALLOWED_BY_PROJECT_OWNER,REVIEWED_NONE,REVIEWED_NONE,Phoenix Visual Architecture,2026-08-02,EVIDENCE_COMPLETE,NOT_APPLICABLE,YES_ASSET_ONLY_LIBRARY_BLOCKED,YES_ASSET_ONLY_LIBRARY_BLOCKED,NO,Story ID folk-secret-land; purpose story-choice; story phase choice. Original primitive geometry with no external input. Whole-library rights approval remains blocked.,design/sources/special-journeys-v1/masters/folk-secret-land/folk-secret-land-04-story-choice-portrait-v1.svg,design/sources/special-journeys-v1/masters/folk-secret-land/folk-secret-land-04-story-choice-portrait-v1.svg,900x1600 portrait; BoxFit.cover phone/tablet crop-safe composition,scene 01 for folk-secret-land; programmatic CustomPainter final fallback,animation controller stops at fixed phase; static plate remains,LOCAL_14_GATES_PASSED_REMOTE_CI_PENDING
PHX-SPECIAL-FSL-005,app/assets/images/special-realms/rights-safe-v1/folk-secret-land/folk-secret-land-05-vocabulary-portrait-v1.webp,folk-secret-land-05-vocabulary-portrait-v1.webp,WEBP,14552,900,1600,b872351170dfdaf3e55b7ed08e134504f988203fc207ad28643465ab1d3e797b,bc245c83fff979eacb2e1551100084b2c8c9f4f8,YES,folk-secret-land:vocabulary,Special Journey,programmatic:special-journeys-v1:folk-secret-land,NONE,NARRATIVE_SEQUENCE,NO,NO,PHASE2_REMOTE_CHECKPOINT,2026-08-02,Phoenix Visual Architecture,PHASE2_REMOTE_CHECKPOINT,NO,design/evidence/SPECIAL_JOURNEYS_V1_EVIDENCE.md;design/evidence/SPECIAL_JOURNEYS_V1_MANIFEST.json,PROGRAMMATIC_ORIGINAL_LOCAL_SVG,Phoenix local editable SVG master,Phoenix Visual Architecture under user-authorized controlled execution,Repository Node.js generator; Inkscape 1.2.2; ImageMagick 6.9.11-60,NOT_APPLICABLE,NOT_APPLICABLE,design/evidence/SPECIAL_JOURNEYS_V1_EVIDENCE.md,NOT_APPLICABLE,NOT_APPLICABLE,NOT_APPLICABLE — no external service or licensed input,Phoenix project-owned original,NOT_APPLICABLE,ALLOWED_BY_PROJECT_OWNER,ALLOWED_BY_PROJECT_OWNER,REVIEWED_NONE,REVIEWED_NONE,Phoenix Visual Architecture,2026-08-02,EVIDENCE_COMPLETE,NOT_APPLICABLE,YES_ASSET_ONLY_LIBRARY_BLOCKED,YES_ASSET_ONLY_LIBRARY_BLOCKED,NO,Story ID folk-secret-land; purpose vocabulary; story phase objects. Original primitive geometry with no external input. Whole-library rights approval remains blocked.,design/sources/special-journeys-v1/masters/folk-secret-land/folk-secret-land-05-vocabulary-portrait-v1.svg,design/sources/special-journeys-v1/masters/folk-secret-land/folk-secret-land-05-vocabulary-portrait-v1.svg,900x1600 portrait; BoxFit.cover phone/tablet crop-safe composition,scene 01 for folk-secret-land; programmatic CustomPainter final fallback,animation controller stops at fixed phase; static plate remains,LOCAL_14_GATES_PASSED_REMOTE_CI_PENDING
PHX-SPECIAL-FSL-006,app/assets/images/special-realms/rights-safe-v1/folk-secret-land/folk-secret-land-06-discovery-portrait-v1.webp,folk-secret-land-06-discovery-portrait-v1.webp,WEBP,17008,900,1600,fe592c33dd0113e7e7af69b6b71ff4382bcfe890908cf1b54c3f1643235fe10a,471dd0dca4f660d8131c4edbe195988c173c73df,YES,folk-secret-land:discovery,Special Journey,programmatic:special-journeys-v1:folk-secret-land,NONE,NARRATIVE_SEQUENCE,NO,NO,PHASE2_REMOTE_CHECKPOINT,2026-08-02,Phoenix Visual Architecture,PHASE2_REMOTE_CHECKPOINT,NO,design/evidence/SPECIAL_JOURNEYS_V1_EVIDENCE.md;design/evidence/SPECIAL_JOURNEYS_V1_MANIFEST.json,PROGRAMMATIC_ORIGINAL_LOCAL_SVG,Phoenix local editable SVG master,Phoenix Visual Architecture under user-authorized controlled execution,Repository Node.js generator; Inkscape 1.2.2; ImageMagick 6.9.11-60,NOT_APPLICABLE,NOT_APPLICABLE,design/evidence/SPECIAL_JOURNEYS_V1_EVIDENCE.md,NOT_APPLICABLE,NOT_APPLICABLE,NOT_APPLICABLE — no external service or licensed input,Phoenix project-owned original,NOT_APPLICABLE,ALLOWED_BY_PROJECT_OWNER,ALLOWED_BY_PROJECT_OWNER,REVIEWED_NONE,REVIEWED_NONE,Phoenix Visual Architecture,2026-08-02,EVIDENCE_COMPLETE,NOT_APPLICABLE,YES_ASSET_ONLY_LIBRARY_BLOCKED,YES_ASSET_ONLY_LIBRARY_BLOCKED,NO,Story ID folk-secret-land; purpose discovery; story phase context. Original primitive geometry with no external input. Whole-library rights approval remains blocked.,design/sources/special-journeys-v1/masters/folk-secret-land/folk-secret-land-06-discovery-portrait-v1.svg,design/sources/special-journeys-v1/masters/folk-secret-land/folk-secret-land-06-discovery-portrait-v1.svg,900x1600 portrait; BoxFit.cover phone/tablet crop-safe composition,scene 01 for folk-secret-land; programmatic CustomPainter final fallback,animation controller stops at fixed phase; static plate remains,LOCAL_14_GATES_PASSED_REMOTE_CI_PENDING
PHX-SPECIAL-FSL-007,app/assets/images/special-realms/rights-safe-v1/folk-secret-land/folk-secret-land-07-reflection-portrait-v1.webp,folk-secret-land-07-reflection-portrait-v1.webp,WEBP,14468,900,1600,d278f7127a6ef2b94128fd8f9fec2c90810ed09a5e5012cd5c508a0251742bfd,8a4729dac8f0d6a76455fff814dd69586ca3d1d9,YES,folk-secret-land:reflection,Special Journey,programmatic:special-journeys-v1:folk-secret-land,NONE,NARRATIVE_SEQUENCE,NO,NO,PHASE2_REMOTE_CHECKPOINT,2026-08-02,Phoenix Visual Architecture,PHASE2_REMOTE_CHECKPOINT,NO,design/evidence/SPECIAL_JOURNEYS_V1_EVIDENCE.md;design/evidence/SPECIAL_JOURNEYS_V1_MANIFEST.json,PROGRAMMATIC_ORIGINAL_LOCAL_SVG,Phoenix local editable SVG master,Phoenix Visual Architecture under user-authorized controlled execution,Repository Node.js generator; Inkscape 1.2.2; ImageMagick 6.9.11-60,NOT_APPLICABLE,NOT_APPLICABLE,design/evidence/SPECIAL_JOURNEYS_V1_EVIDENCE.md,NOT_APPLICABLE,NOT_APPLICABLE,NOT_APPLICABLE — no external service or licensed input,Phoenix project-owned original,NOT_APPLICABLE,ALLOWED_BY_PROJECT_OWNER,ALLOWED_BY_PROJECT_OWNER,REVIEWED_NONE,REVIEWED_NONE,Phoenix Visual Architecture,2026-08-02,EVIDENCE_COMPLETE,NOT_APPLICABLE,YES_ASSET_ONLY_LIBRARY_BLOCKED,YES_ASSET_ONLY_LIBRARY_BLOCKED,NO,Story ID folk-secret-land; purpose reflection; story phase question. Original primitive geometry with no external input. Whole-library rights approval remains blocked.,design/sources/special-journeys-v1/masters/folk-secret-land/folk-secret-land-07-reflection-portrait-v1.svg,design/sources/special-journeys-v1/masters/folk-secret-land/folk-secret-land-07-reflection-portrait-v1.svg,900x1600 portrait; BoxFit.cover phone/tablet crop-safe composition,scene 01 for folk-secret-land; programmatic CustomPainter final fallback,animation controller stops at fixed phase; static plate remains,LOCAL_14_GATES_PASSED_REMOTE_CI_PENDING
PHX-SPECIAL-FSL-008,app/assets/images/special-realms/rights-safe-v1/folk-secret-land/folk-secret-land-08-writing-portrait-v1.webp,folk-secret-land-08-writing-portrait-v1.webp,WEBP,13914,900,1600,78df367a098cd2d99b98a755661ad4927c686a83da356b58c48f12105c43b6f9,8b81eb7219b678e98ed007ce1c55b22ce7654b97,YES,folk-secret-land:writing,Special Journey,programmatic:special-journeys-v1:folk-secret-land,NONE,NARRATIVE_SEQUENCE,NO,NO,PHASE2_REMOTE_CHECKPOINT,2026-08-02,Phoenix Visual Architecture,PHASE2_REMOTE_CHECKPOINT,NO,design/evidence/SPECIAL_JOURNEYS_V1_EVIDENCE.md;design/evidence/SPECIAL_JOURNEYS_V1_MANIFEST.json,PROGRAMMATIC_ORIGINAL_LOCAL_SVG,Phoenix local editable SVG master,Phoenix Visual Architecture under user-authorized controlled execution,Repository Node.js generator; Inkscape 1.2.2; ImageMagick 6.9.11-60,NOT_APPLICABLE,NOT_APPLICABLE,design/evidence/SPECIAL_JOURNEYS_V1_EVIDENCE.md,NOT_APPLICABLE,NOT_APPLICABLE,NOT_APPLICABLE — no external service or licensed input,Phoenix project-owned original,NOT_APPLICABLE,ALLOWED_BY_PROJECT_OWNER,ALLOWED_BY_PROJECT_OWNER,REVIEWED_NONE,REVIEWED_NONE,Phoenix Visual Architecture,2026-08-02,EVIDENCE_COMPLETE,NOT_APPLICABLE,YES_ASSET_ONLY_LIBRARY_BLOCKED,YES_ASSET_ONLY_LIBRARY_BLOCKED,NO,Story ID folk-secret-land; purpose writing; story phase response. Original primitive geometry with no external input. Whole-library rights approval remains blocked.,design/sources/special-journeys-v1/masters/folk-secret-land/folk-secret-land-08-writing-portrait-v1.svg,design/sources/special-journeys-v1/masters/folk-secret-land/folk-secret-land-08-writing-portrait-v1.svg,900x1600 portrait; BoxFit.cover phone/tablet crop-safe composition,scene 01 for folk-secret-land; programmatic CustomPainter final fallback,animation controller stops at fixed phase; static plate remains,LOCAL_14_GATES_PASSED_REMOTE_CI_PENDING
PHX-SPECIAL-FSL-009,app/assets/images/special-realms/rights-safe-v1/folk-secret-land/folk-secret-land-09-memory-portrait-v1.webp,folk-secret-land-09-memory-portrait-v1.webp,WEBP,14908,900,1600,c775321b746b71eb3d77c00c9d7ece64ad4b0453da9331e35e381272d69a3eb2,a2b3b362aec6e659adb62cef913724c663d3b8a7,YES,folk-secret-land:memory,Special Journey,programmatic:special-journeys-v1:folk-secret-land,NONE,NARRATIVE_SEQUENCE,NO,NO,PHASE2_REMOTE_CHECKPOINT,2026-08-02,Phoenix Visual Architecture,PHASE2_REMOTE_CHECKPOINT,NO,design/evidence/SPECIAL_JOURNEYS_V1_EVIDENCE.md;design/evidence/SPECIAL_JOURNEYS_V1_MANIFEST.json,PROGRAMMATIC_ORIGINAL_LOCAL_SVG,Phoenix local editable SVG master,Phoenix Visual Architecture under user-authorized controlled execution,Repository Node.js generator; Inkscape 1.2.2; ImageMagick 6.9.11-60,NOT_APPLICABLE,NOT_APPLICABLE,design/evidence/SPECIAL_JOURNEYS_V1_EVIDENCE.md,NOT_APPLICABLE,NOT_APPLICABLE,NOT_APPLICABLE — no external service or licensed input,Phoenix project-owned original,NOT_APPLICABLE,ALLOWED_BY_PROJECT_OWNER,ALLOWED_BY_PROJECT_OWNER,REVIEWED_NONE,REVIEWED_NONE,Phoenix Visual Architecture,2026-08-02,EVIDENCE_COMPLETE,NOT_APPLICABLE,YES_ASSET_ONLY_LIBRARY_BLOCKED,YES_ASSET_ONLY_LIBRARY_BLOCKED,NO,Story ID folk-secret-land; purpose memory; story phase imprint. Original primitive geometry with no external input. Whole-library rights approval remains blocked.,design/sources/special-journeys-v1/masters/folk-secret-land/folk-secret-land-09-memory-portrait-v1.svg,design/sources/special-journeys-v1/masters/folk-secret-land/folk-secret-land-09-memory-portrait-v1.svg,900x1600 portrait; BoxFit.cover phone/tablet crop-safe composition,scene 01 for folk-secret-land; programmatic CustomPainter final fallback,animation controller stops at fixed phase; static plate remains,LOCAL_14_GATES_PASSED_REMOTE_CI_PENDING
PHX-SPECIAL-FSL-010,app/assets/images/special-realms/rights-safe-v1/folk-secret-land/folk-secret-land-10-completion-portrait-v1.webp,folk-secret-land-10-completion-portrait-v1.webp,WEBP,14260,900,1600,e8d6fd07984800e01ae9d3ceaa0bc7e9da7f517a5fe3cf6ad1129e724a7a7fd7,534b08369a9efe0fe1e08cef3456662fd90357c8,YES,folk-secret-land:completion,Special Journey,programmatic:special-journeys-v1:folk-secret-land,NONE,NARRATIVE_SEQUENCE,NO,NO,PHASE2_REMOTE_CHECKPOINT,2026-08-02,Phoenix Visual Architecture,PHASE2_REMOTE_CHECKPOINT,NO,design/evidence/SPECIAL_JOURNEYS_V1_EVIDENCE.md;design/evidence/SPECIAL_JOURNEYS_V1_MANIFEST.json,PROGRAMMATIC_ORIGINAL_LOCAL_SVG,Phoenix local editable SVG master,Phoenix Visual Architecture under user-authorized controlled execution,Repository Node.js generator; Inkscape 1.2.2; ImageMagick 6.9.11-60,NOT_APPLICABLE,NOT_APPLICABLE,design/evidence/SPECIAL_JOURNEYS_V1_EVIDENCE.md,NOT_APPLICABLE,NOT_APPLICABLE,NOT_APPLICABLE — no external service or licensed input,Phoenix project-owned original,NOT_APPLICABLE,ALLOWED_BY_PROJECT_OWNER,ALLOWED_BY_PROJECT_OWNER,REVIEWED_NONE,REVIEWED_NONE,Phoenix Visual Architecture,2026-08-02,EVIDENCE_COMPLETE,NOT_APPLICABLE,YES_ASSET_ONLY_LIBRARY_BLOCKED,YES_ASSET_ONLY_LIBRARY_BLOCKED,NO,Story ID folk-secret-land; purpose completion; story phase afterglow. Original primitive geometry with no external input. Whole-library rights approval remains blocked.,design/sources/special-journeys-v1/masters/folk-secret-land/folk-secret-land-10-completion-portrait-v1.svg,design/sources/special-journeys-v1/masters/folk-secret-land/folk-secret-land-10-completion-portrait-v1.svg,900x1600 portrait; BoxFit.cover phone/tablet crop-safe composition,scene 01 for folk-secret-land; programmatic CustomPainter final fallback,animation controller stops at fixed phase; static plate remains,LOCAL_14_GATES_PASSED_REMOTE_CI_PENDING
