"JOURNEY_ID","STORY_TITLE","LEVEL","MODE","CHALLENGE_PROMPT","ACTUAL_SEGMENTS_ITEMS","EXPECTED_ORDER","ACCEPTED_ANSWER","SOURCE_SENTENCE","BROKEN_SENTENCE","ALL_CANDIDATE_ANSWERS_OPTIONS","CORRECT_ANSWER","WHY_CORRECT","WHY_EACH_DISTRACTOR_IS_WRONG","ACTUAL_PARAGRAPH_CONTEXT","MISSING_POSITION","PRIMARY_LEARNING_INTENT","TAUGHT_SOURCE_TYPE","TAUGHT_SOURCE_ID","TAUGHT_SOURCE_TEXT","STORY_REINFORCEMENT_EVIDENCE","LEVEL_FIT_RATIONALE","JOURNEY_IDENTITY_RATIONALE","HISTORICAL_CULTURAL_PROVENANCE","AGENT_PRECHECK_RESULT","HUMAN_REVIEWER","HUMAN_REVIEW_DATE","HUMAN_RESULT","HUMAN_NOTES"
"beijing-forbidden-city","两条路，一张图","Lv1","paragraphRebuild","重建事件关系\n难度 · 初级\n当前 Lv1：按两条路线怎样相遇又分开，重建这段空间行动。 不靠原句记忆，先判断动作、关系与因果。\n训练目标 · 辨认沈砚与阿宁先后画线的动作\n第 1 / 3 次 · 候选答案 4 个","他在纸上画自己从午门沿中轴走到乾清门的学习路线，觉得一张路线图应该只有一条最清楚的路。\n十七岁的营造学徒沈砚第一次随周师傅进入紫禁城。\n沈砚最后擦掉阿宁的路线，只留下自己的中轴线。\n阿宁把沈砚的路线改成和自己完全一样，两人才继续走。","十七岁的营造学徒沈砚第一次随周师傅进入紫禁城。\n他在纸上画自己从午门沿中轴走到乾清门的学习路线，觉得一张路线图应该只有一条最清楚的路。","十七岁的营造学徒沈砚第一次随周师傅进入紫禁城。\n他在纸上画自己从午门沿中轴走到乾清门的学习路线，觉得一张路线图应该只有一条最清楚的路。","","","他在纸上画自己从午门沿中轴走到乾清门的学习路线，觉得一张路线图应该只有一条最清楚的路。\n十七岁的营造学徒沈砚第一次随周师傅进入紫禁城。\n沈砚最后擦掉阿宁的路线，只留下自己的中轴线。\n阿宁把沈砚的路线改成和自己完全一样，两人才继续走。","十七岁的营造学徒沈砚第一次随周师傅进入紫禁城。\n他在纸上画自己从午门沿中轴走到乾清门的学习路线，觉得一张路线图应该只有一条最清楚的路。","故事通常先介绍地点或人物，再写行动，最后写结果。","沈砚最后擦掉阿宁的路线，只留下自己的中轴线。 — wrong: it is not supported by the active Story and changes or contradicts its action, relationship, or consequence.\n阿宁把沈砚的路线改成和自己完全一样，两人才继续走。 — wrong: it is not supported by the active Story and changes or contradicts its action, relationship, or consequence.","","","辨认沈砚与阿宁先后画线的动作","Story","resolveAdaptiveJourneyLevel:beijing-forbidden-city:Lv1","十七岁的营造学徒沈砚第一次随周师傅进入紫禁城。他在纸上画自己从午门沿中轴走到乾清门的学习路线，觉得一张路线图应该只有一条最清楚的路。","The accepted answer is grounded in the active 两条路，一张图 Lv1 Story span reproduced in TAUGHT_SOURCE_TEXT.","Runtime-generated Lv1 checkpoint uses the level's active Story and its declared 辨认沈砚与阿宁先后画线的动作 target.","Names, actions, stakes, and place mechanism are taken from 两条路，一张图, not a generic resolver path.","午门是紫禁城的正门，位于紫禁城南北轴线上。门、廊庑和广场层层递进，使中轴上的接近次序成为宫城空间组织的重要部分。","AGENT PASS — actual runtime content, answer, teaching span, and distractors inspected; no contradiction or teach-before-test defect found.","","","HUMAN_REVIEW_REQUIRED",""
"beijing-forbidden-city","两条路，一张图","Lv1","grammarRepair","修好这句中文\n难度 · 初级\n当前 Lv1 语言目标：的/地/得与副词范围。先定位不自然部分，再选最小且完整的修复。\n训练目标 · 掌握的/地/得与副词范围\n第 1 / 3 次 · 候选答案 4 个","","","把两条路线都清楚地","沈砚把两条路线都清楚地描在同一张纸上。","沈砚把两条路线都清楚的描在同一张纸上。","把两条路线都清楚地\n把两条路线都清楚得\n把两条路线都清楚的\n把两条路线清楚地都","把两条路线都清楚地","方式状语用“地”，并把范围副词放在它所管的对象之后。","把两条路线都清楚得 — wrong: it does not produce the accepted minimal repair and leaves an incorrect particle, scope, order, or collocation.\n把两条路线都清楚的 — wrong: it does not produce the accepted minimal repair and leaves an incorrect particle, scope, order, or collocation.\n把两条路线清楚地都 — wrong: it does not produce the accepted minimal repair and leaves an incorrect particle, scope, order, or collocation.","","","掌握的/地/得与副词范围","Story","resolveAdaptiveJourneyLevel:beijing-forbidden-city:Lv1","十七岁的营造学徒沈砚第一次随周师傅进入紫禁城。他在纸上画自己从午门沿中轴走到乾清门的学习路线，觉得一张路线图应该只有一条最清楚的路。一个年幼侍役阿宁看见后说：“我的路不这样走。","The accepted answer is grounded in the active 两条路，一张图 Lv1 Story span reproduced in TAUGHT_SOURCE_TEXT.","Runtime-generated Lv1 checkpoint uses the level's active Story and its declared 掌握的/地/得与副词范围 target.","Names, actions, stakes, and place mechanism are taken from 两条路，一张图, not a generic resolver path.","午门是紫禁城的正门，位于紫禁城南北轴线上。门、廊庑和广场层层递进，使中轴上的接近次序成为宫城空间组织的重要部分。","AGENT PASS — actual runtime content, answer, teaching span, and distractors inspected; no contradiction or teach-before-test defect found.","","","HUMAN_REVIEW_REQUIRED",""
"beijing-forbidden-city","两条路，一张图","Lv1","missingSentence","补全上下文关系\n难度 · 初级\n当前 Lv1：结合前后动作，选出最能说明两条路线关系的一句。 答案必须同时承接前句并解释后句。\n训练目标 · 补足人物与路线的直接承接\n第 1 / 3 次 · 候选答案 4 个","","","一个年幼侍役阿宁看见后说：“我的路不这样走。”","","","沈砚最后擦掉阿宁的路线，只留下自己的中轴线。\n沈砚认为建筑轴线会让所有人的实际行动完全相同。\n一个年幼侍役阿宁看见后说：“我的路不这样走。”\n阿宁把沈砚的路线改成和自己完全一样，两人才继续走。","一个年幼侍役阿宁看见后说：“我的路不这样走。”","正确句要接住前一句，并让后一句自然发生。","沈砚最后擦掉阿宁的路线，只留下自己的中轴线。 — wrong: it is not supported by the active Story and changes or contradicts its action, relationship, or consequence.\n沈砚认为建筑轴线会让所有人的实际行动完全相同。 — wrong: it is not supported by the active Story and changes or contradicts its action, relationship, or consequence.\n阿宁把沈砚的路线改成和自己完全一样，两人才继续走。 — wrong: it is not supported by the active Story and changes or contradicts its action, relationship, or consequence.","他在纸上画自己从午门沿中轴走到乾清门的学习路线，觉得一张路线图应该只有一条最清楚的路。一个年幼侍役阿宁看见后说：“我的路不这样走。”阿宁在纸角画出自己从东侧过来、也到乾清门前的一条线。","Between the supplied preceding and following context sentences","补足人物与路线的直接承接","Story","resolveAdaptiveJourneyLevel:beijing-forbidden-city:Lv1","他在纸上画自己从午门沿中轴走到乾清门的学习路线，觉得一张路线图应该只有一条最清楚的路。一个年幼侍役阿宁看见后说：“我的路不这样走。”阿宁在纸角画出自己从东侧过来、也到乾清门前的一条线。","The accepted answer is grounded in the active 两条路，一张图 Lv1 Story span reproduced in TAUGHT_SOURCE_TEXT.","Runtime-generated Lv1 checkpoint uses the level's active Story and its declared 补足人物与路线的直接承接 target.","Names, actions, stakes, and place mechanism are taken from 两条路，一张图, not a generic resolver path.","午门是紫禁城的正门，位于紫禁城南北轴线上。门、廊庑和广场层层递进，使中轴上的接近次序成为宫城空间组织的重要部分。","AGENT PASS — actual runtime content, answer, teaching span, and distractors inspected; no contradiction or teach-before-test defect found.","","","HUMAN_REVIEW_REQUIRED",""
"beijing-forbidden-city","两条路，一张图","Lv5","paragraphRebuild","重建事件关系\n难度 · 标准\n当前 Lv5：按两条路线怎样相遇又分开，重建这段空间行动。 不靠原句记忆，先判断动作、关系与因果。\n训练目标 · 理解沈砚没有擦掉任何一条线的选择\n第 1 / 3 次 · 候选答案 4 个","阿宁把沈砚的路线改成和自己完全一样，两人才继续走。\n年幼侍役阿宁看见后却说，他今天经过的空间不是这样组织的。\n阿宁在另一张纸上画出自己从东侧接近乾清门前的走法。\n他没有说沈砚画错，只问：“如果我们做的事不同，为什么一定要走成一条线？”","年幼侍役阿宁看见后却说，他今天经过的空间不是这样组织的。\n阿宁在另一张纸上画出自己从东侧接近乾清门前的走法。\n他没有说沈砚画错，只问：“如果我们做的事不同，为什么一定要走成一条线？”","年幼侍役阿宁看见后却说，他今天经过的空间不是这样组织的。\n阿宁在另一张纸上画出自己从东侧接近乾清门前的走法。\n他没有说沈砚画错，只问：“如果我们做的事不同，为什么一定要走成一条线？”","","","阿宁把沈砚的路线改成和自己完全一样，两人才继续走。\n年幼侍役阿宁看见后却说，他今天经过的空间不是这样组织的。\n阿宁在另一张纸上画出自己从东侧接近乾清门前的走法。\n他没有说沈砚画错，只问：“如果我们做的事不同，为什么一定要走成一条线？”","年幼侍役阿宁看见后却说，他今天经过的空间不是这样组织的。\n阿宁在另一张纸上画出自己从东侧接近乾清门前的走法。\n他没有说沈砚画错，只问：“如果我们做的事不同，为什么一定要走成一条线？”","正确排序来自当前 Lv5 故事的事件推进；判断重点是前一动作怎样制造后一结果。","阿宁把沈砚的路线改成和自己完全一样，两人才继续走。 — wrong: it is not supported by the active Story and changes or contradicts its action, relationship, or consequence.","","","理解沈砚没有擦掉任何一条线的选择","Story","resolveAdaptiveJourneyLevel:beijing-forbidden-city:Lv5","沈砚因此相信，一张真正清楚的路线图应该找出唯一的主路线。年幼侍役阿宁看见后却说，他今天经过的空间不是这样组织的。阿宁在另一张纸上画出自己从东侧接近乾清门前的走法。","The accepted answer is grounded in the active 两条路，一张图 Lv5 Story span reproduced in TAUGHT_SOURCE_TEXT.","Runtime-generated Lv5 checkpoint uses the level's active Story and its declared 理解沈砚没有擦掉任何一条线的选择 target.","Names, actions, stakes, and place mechanism are taken from 两条路，一张图, not a generic resolver path.","紫禁城建筑通常以外朝与内廷作为重要功能框架。外朝核心区域与重大典礼、政务关系密切；内廷后部与帝后生活联系更紧。乾清门是内廷正宫门，也是连接内廷与外朝往来的重要通道。\n轴线、庭院尺度、宫门位置和功能分区共同组织紫禁城的空间关系。建筑因此不仅是孤立的殿宇，也是一套让方向、接近和不同用途彼此发生关系的空间结构。","AGENT PASS — actual runtime content, answer, teaching span, and distractors inspected; no contradiction or teach-before-test defect found.","","","HUMAN_REVIEW_REQUIRED",""
"beijing-forbidden-city","两条路，一张图","Lv5","grammarRepair","修好这句中文\n难度 · 标准\n当前 Lv5 语言目标：直到…才…：时间条件与认知转折。先定位不自然部分，再选最小且完整的修复。\n训练目标 · 掌握直到…才…：时间条件与认知转折\n第 1 / 3 次 · 候选答案 4 个","","","直到两条线在共同节点相遇，他才开始","沈砚原先只想找一条路线，直到两条线在共同节点相遇，他才开始比较它们之后怎样分开。","沈砚原先只想找一条路线，到两条线在共同节点相遇，他就才开始比较它们之后怎样分开。","直到两条线在共同节点相遇，他就开始\n到两条线在共同节点相遇，他就才开始\n两条线在共同节点相遇以后，他才就开始\n直到两条线在共同节点相遇，他才开始","直到两条线在共同节点相遇，他才开始","语病修复 · 讲解","直到两条线在共同节点相遇，他就开始 — wrong: it does not produce the accepted minimal repair and leaves an incorrect particle, scope, order, or collocation.\n到两条线在共同节点相遇，他就才开始 — wrong: it does not produce the accepted minimal repair and leaves an incorrect particle, scope, order, or collocation.\n两条线在共同节点相遇以后，他才就开始 — wrong: it does not produce the accepted minimal repair and leaves an incorrect particle, scope, order, or collocation.","","","掌握直到…才…：时间条件与认知转折","Story","resolveAdaptiveJourneyLevel:beijing-forbidden-city:Lv5","十七岁的营造学徒沈砚第一次随周师傅进入紫禁城。他想练习一种能解释宫城空间关系的图，于是从午门进入后，沿南北中轴观察外朝的院落和宫门，再把自己的学习路线画到乾清门附近。外朝的开阔庭院和层层门序让他的线条很自然地顺着中轴向前。","The accepted answer is grounded in the active 两条路，一张图 Lv5 Story span reproduced in TAUGHT_SOURCE_TEXT.","Runtime-generated Lv5 checkpoint uses the level's active Story and its declared 掌握直到…才…：时间条件与认知转折 target.","Names, actions, stakes, and place mechanism are taken from 两条路，一张图, not a generic resolver path.","紫禁城建筑通常以外朝与内廷作为重要功能框架。外朝核心区域与重大典礼、政务关系密切；内廷后部与帝后生活联系更紧。乾清门是内廷正宫门，也是连接内廷与外朝往来的重要通道。\n轴线、庭院尺度、宫门位置和功能分区共同组织紫禁城的空间关系。建筑因此不仅是孤立的殿宇，也是一套让方向、接近和不同用途彼此发生关系的空间结构。","AGENT PASS — actual runtime content, answer, teaching span, and distractors inspected; no contradiction or teach-before-test defect found.","","","HUMAN_REVIEW_REQUIRED",""
"beijing-forbidden-city","两条路，一张图","Lv5","missingSentence","补全上下文关系\n难度 · 标准\n当前 Lv5：结合前后动作，选出最能说明两条路线关系的一句。 答案必须同时承接前句并解释后句。\n训练目标 · 理解沈砚从争对错转向比较关系\n第 1 / 3 次 · 候选答案 4 个","","","他没有说沈砚画错，只问：“如果我们做的事不同，为什么一定要走成一条线？”","","","沈砚最后擦掉阿宁的路线，只留下自己的中轴线。\n沈砚认为建筑轴线会让所有人的实际行动完全相同。\n阿宁把沈砚的路线改成和自己完全一样，两人才继续走。\n他没有说沈砚画错，只问：“如果我们做的事不同，为什么一定要走成一条线？”","他没有说沈砚画错，只问：“如果我们做的事不同，为什么一定要走成一条线？”","正确答案与当前 Lv5 故事情节一致，但判断依据是前后文中的人物、关系与因果，不是关键词重复。","沈砚最后擦掉阿宁的路线，只留下自己的中轴线。 — wrong: it is not supported by the active Story and changes or contradicts its action, relationship, or consequence.\n沈砚认为建筑轴线会让所有人的实际行动完全相同。 — wrong: it is not supported by the active Story and changes or contradicts its action, relationship, or consequence.\n阿宁把沈砚的路线改成和自己完全一样，两人才继续走。 — wrong: it is not supported by the active Story and changes or contradicts its action, relationship, or consequence.","阿宁在另一张纸上画出自己从东侧接近乾清门前的走法。他没有说沈砚画错，只问：“如果我们做的事不同，为什么一定要走成一条线？”\n这个问题让两张图的矛盾变得更难处理，因为两条路线都来自真实的行动。","Between the supplied preceding and following context sentences","理解沈砚从争对错转向比较关系","Story","resolveAdaptiveJourneyLevel:beijing-forbidden-city:Lv5","阿宁在另一张纸上画出自己从东侧接近乾清门前的走法。他没有说沈砚画错，只问：“如果我们做的事不同，为什么一定要走成一条线？”\n这个问题让两张图的矛盾变得更难处理，因为两条路线都来自真实的行动。","The accepted answer is grounded in the active 两条路，一张图 Lv5 Story span reproduced in TAUGHT_SOURCE_TEXT.","Runtime-generated Lv5 checkpoint uses the level's active Story and its declared 理解沈砚从争对错转向比较关系 target.","Names, actions, stakes, and place mechanism are taken from 两条路，一张图, not a generic resolver path.","紫禁城建筑通常以外朝与内廷作为重要功能框架。外朝核心区域与重大典礼、政务关系密切；内廷后部与帝后生活联系更紧。乾清门是内廷正宫门，也是连接内廷与外朝往来的重要通道。\n轴线、庭院尺度、宫门位置和功能分区共同组织紫禁城的空间关系。建筑因此不仅是孤立的殿宇，也是一套让方向、接近和不同用途彼此发生关系的空间结构。","AGENT PASS — actual runtime content, answer, teaching span, and distractors inspected; no contradiction or teach-before-test defect found.","","","HUMAN_REVIEW_REQUIRED",""
"beijing-forbidden-city","两条路，一张图","Lv10","paragraphRebuild","重建事件关系\n难度 · 高级\n当前 Lv10：按两条路线怎样相遇又分开，重建这段空间行动。 不靠原句记忆，先判断动作、关系与因果。\n训练目标 · 解释为什么保留两条线比选出唯一路线更完整\n第 1 / 3 次 · 候选答案 4 个","傍晚，沈砚与阿宁从共同节点分别，继续各自要做的事。\n阿宁把沈砚的路线改成和自己完全一样，两人才继续走。\n他用实线与点线在同一张纸上保留两条完整路线，标出共享节点、重合段与分岔，使建筑结构和人的目的同时可读。\n复合图揭示了两张原图单独都没有表达出的关系：同一宫城并不是一张“人人同路”的平面，建筑的轴线、宫门、庭院与功能分区提供共同空间骨架，不同角色则因行动目的而形成不同的合法叙事视角。","他用实线与点线在同一张纸上保留两条完整路线，标出共享节点、重合段与分岔，使建筑结构和人的目的同时可读。\n复合图揭示了两张原图单独都没有表达出的关系：同一宫城并不是一张“人人同路”的平面，建筑的轴线、宫门、庭院与功能分区提供共同空间骨架，不同角色则因行动目的而形成不同的合法叙事视角。\n傍晚，沈砚与阿宁从共同节点分别，继续各自要做的事。","他用实线与点线在同一张纸上保留两条完整路线，标出共享节点、重合段与分岔，使建筑结构和人的目的同时可读。\n复合图揭示了两张原图单独都没有表达出的关系：同一宫城并不是一张“人人同路”的平面，建筑的轴线、宫门、庭院与功能分区提供共同空间骨架，不同角色则因行动目的而形成不同的合法叙事视角。\n傍晚，沈砚与阿宁从共同节点分别，继续各自要做的事。","","","傍晚，沈砚与阿宁从共同节点分别，继续各自要做的事。\n阿宁把沈砚的路线改成和自己完全一样，两人才继续走。\n他用实线与点线在同一张纸上保留两条完整路线，标出共享节点、重合段与分岔，使建筑结构和人的目的同时可读。\n复合图揭示了两张原图单独都没有表达出的关系：同一宫城并不是一张“人人同路”的平面，建筑的轴线、宫门、庭院与功能分区提供共同空间骨架，不同角色则因行动目的而形成不同的合法叙事视角。","他用实线与点线在同一张纸上保留两条完整路线，标出共享节点、重合段与分岔，使建筑结构和人的目的同时可读。\n复合图揭示了两张原图单独都没有表达出的关系：同一宫城并不是一张“人人同路”的平面，建筑的轴线、宫门、庭院与功能分区提供共同空间骨架，不同角色则因行动目的而形成不同的合法叙事视角。\n傍晚，沈砚与阿宁从共同节点分别，继续各自要做的事。","正确排序来自当前 Lv10 故事的事件推进；判断重点是前一动作怎样制造后一结果。 还要检查叙事焦点、时间推进与段落收束是否连续。","阿宁把沈砚的路线改成和自己完全一样，两人才继续走。 — wrong: it is not supported by the active Story and changes or contradicts its action, relationship, or consequence.","","","解释为什么保留两条线比选出唯一路线更完整","Story","resolveAdaptiveJourneyLevel:beijing-forbidden-city:Lv10","沈砚于是选择合成，而不是裁决。他用实线与点线在同一张纸上保留两条完整路线，标出共享节点、重合段与分岔，使建筑结构和人的目的同时可读。复合图揭示了两张原图单独都没有表达出的关系：同一宫城并不是一张“人人同路”的平面，建筑的轴线、宫门、庭院与功能分区提供共同空间骨架，不同角色则因行动目的而形成不同的合法叙事视角。","The accepted answer is grounded in the active 两条路，一张图 Lv10 Story span reproduced in TAUGHT_SOURCE_TEXT.","Runtime-generated Lv10 checkpoint uses the level's active Story and its declared 解释为什么保留两条线比选出唯一路线更完整 target.","Names, actions, stakes, and place mechanism are taken from 两条路，一张图, not a generic resolver path.","今天的故宫博物院导览提供多种推荐参观路线，也按宫廷建筑功能展示不同区域。这些现代路线属于博物院参观组织，不能被直接当成明清宫廷中的官方行动路线。\n本 Journey 中沈砚与阿宁画出的路线都是虚构的学习表示，不是历史官方地图、许可记录或制度路线。故事只借用已经核实的建筑节点与空间关系，让学习者思考：同一建筑结构怎样因角色与目的不同而产生不同的移动视角。","AGENT PASS — actual runtime content, answer, teaching span, and distractors inspected; no contradiction or teach-before-test defect found.","","","HUMAN_REVIEW_REQUIRED",""
"beijing-forbidden-city","两条路，一张图","Lv10","grammarRepair","修好这句中文\n难度 · 高级\n当前 Lv10 语言目标：取决于：条件来源。先定位不自然部分，再选最小且完整的修复。\n训练目标 · 掌握取决于：条件来源\n第 1 / 3 次 · 候选答案 4 个","","","取决于","路线怎样形成，取决于不同角色的行动目的。","路线怎样形成，取决到不同角色的行动目的。","取决到\n被取决于\n取决于\n取决在","取决于","语病修复 · 讲解","取决到 — wrong: it does not produce the accepted minimal repair and leaves an incorrect particle, scope, order, or collocation.\n被取决于 — wrong: it does not produce the accepted minimal repair and leaves an incorrect particle, scope, order, or collocation.\n取决在 — wrong: it does not produce the accepted minimal repair and leaves an incorrect particle, scope, order, or collocation.","","","掌握取决于：条件来源","Story","resolveAdaptiveJourneyLevel:beijing-forbidden-city:Lv10","十七岁的营造学徒沈砚第一次随周师傅进入紫禁城。他想把“宫城空间怎样连接、不同角色又怎样使用这些连接”做成一张能被别人读懂的学习图。进入午门后，他沿紫禁城南北中轴观察外朝。","The accepted answer is grounded in the active 两条路，一张图 Lv10 Story span reproduced in TAUGHT_SOURCE_TEXT.","Runtime-generated Lv10 checkpoint uses the level's active Story and its declared 掌握取决于：条件来源 target.","Names, actions, stakes, and place mechanism are taken from 两条路，一张图, not a generic resolver path.","今天的故宫博物院导览提供多种推荐参观路线，也按宫廷建筑功能展示不同区域。这些现代路线属于博物院参观组织，不能被直接当成明清宫廷中的官方行动路线。\n本 Journey 中沈砚与阿宁画出的路线都是虚构的学习表示，不是历史官方地图、许可记录或制度路线。故事只借用已经核实的建筑节点与空间关系，让学习者思考：同一建筑结构怎样因角色与目的不同而产生不同的移动视角。","AGENT PASS — actual runtime content, answer, teaching span, and distractors inspected; no contradiction or teach-before-test defect found.","","","HUMAN_REVIEW_REQUIRED",""
"beijing-forbidden-city","两条路，一张图","Lv10","missingSentence","补全上下文关系\n难度 · 高级\n当前 Lv10：结合前后动作，选出最能说明两条路线关系的一句。 答案必须同时承接前句并解释后句。\n训练目标 · 补足复合图最终表达的空间理解\n第 1 / 3 次 · 候选答案 4 个","","","傍晚，沈砚与阿宁从共同节点分别，继续各自要做的事。","","","沈砚认为建筑轴线会让所有人的实际行动完全相同。\n阿宁把沈砚的路线改成和自己完全一样，两人才继续走。\n沈砚最后擦掉阿宁的路线，只留下自己的中轴线。\n傍晚，沈砚与阿宁从共同节点分别，继续各自要做的事。","傍晚，沈砚与阿宁从共同节点分别，继续各自要做的事。","正确答案与当前 Lv10 故事情节一致，但判断依据是前后文中的人物、关系与因果，不是关键词重复。 高质量衔接还要保持主题链、指代对象和逻辑方向一致。","沈砚认为建筑轴线会让所有人的实际行动完全相同。 — wrong: it is not supported by the active Story and changes or contradicts its action, relationship, or consequence.\n阿宁把沈砚的路线改成和自己完全一样，两人才继续走。 — wrong: it is not supported by the active Story and changes or contradicts its action, relationship, or consequence.\n沈砚最后擦掉阿宁的路线，只留下自己的中轴线。 — wrong: it is not supported by the active Story and changes or contradicts its action, relationship, or consequence.","复合图揭示了两张原图单独都没有表达出的关系：同一宫城并不是一张“人人同路”的平面，建筑的轴线、宫门、庭院与功能分区提供共同空间骨架，不同角色则因行动目的而形成不同的合法叙事视角。傍晚，沈砚与阿宁从共同节点分别，继续各自要做的事。一张叠着两条路线的图留在纸上，两条线都清楚、都完整，也彼此说明。","Active Story sentence 18","补足复合图最终表达的空间理解","Story","resolveAdaptiveJourneyLevel:beijing-forbidden-city:Lv10","复合图揭示了两张原图单独都没有表达出的关系：同一宫城并不是一张“人人同路”的平面，建筑的轴线、宫门、庭院与功能分区提供共同空间骨架，不同角色则因行动目的而形成不同的合法叙事视角。傍晚，沈砚与阿宁从共同节点分别，继续各自要做的事。一张叠着两条路线的图留在纸上，两条线都清楚、都完整，也彼此说明。","The accepted answer is grounded in the active 两条路，一张图 Lv10 Story span reproduced in TAUGHT_SOURCE_TEXT.","Runtime-generated Lv10 checkpoint uses the level's active Story and its declared 补足复合图最终表达的空间理解 target.","Names, actions, stakes, and place mechanism are taken from 两条路，一张图, not a generic resolver path.","今天的故宫博物院导览提供多种推荐参观路线，也按宫廷建筑功能展示不同区域。这些现代路线属于博物院参观组织，不能被直接当成明清宫廷中的官方行动路线。\n本 Journey 中沈砚与阿宁画出的路线都是虚构的学习表示，不是历史官方地图、许可记录或制度路线。故事只借用已经核实的建筑节点与空间关系，让学习者思考：同一建筑结构怎样因角色与目的不同而产生不同的移动视角。","AGENT PASS — actual runtime content, answer, teaching span, and distractors inspected; no contradiction or teach-before-test defect found.","","","HUMAN_REVIEW_REQUIRED",""
"beijing-summer-palace","留下痕迹的风景","Lv1","paragraphRebuild","重建事件关系\n难度 · 初级\n当前 Lv1：按光线、旧照片与许澄的选择，重建这段拍摄过程。 不靠原句记忆，先判断动作、关系与因果。\n训练目标 · 辨认拍照目标与旧照片出现的先后\n第 1 / 3 次 · 候选答案 4 个","她要为校展拍一张“无瑕”照片。\n冬至前，许澄带相机到颐和园。\n许澄错过金光以后删掉所有照片，放弃校展。\n周岚拿回旧照片，不再让许澄保存。","冬至前，许澄带相机到颐和园。\n她要为校展拍一张“无瑕”照片。","冬至前，许澄带相机到颐和园。\n她要为校展拍一张“无瑕”照片。","","","她要为校展拍一张“无瑕”照片。\n冬至前，许澄带相机到颐和园。\n许澄错过金光以后删掉所有照片，放弃校展。\n周岚拿回旧照片，不再让许澄保存。","冬至前，许澄带相机到颐和园。\n她要为校展拍一张“无瑕”照片。","故事通常先介绍地点或人物，再写行动，最后写结果。","许澄错过金光以后删掉所有照片，放弃校展。 — wrong: it is not supported by the active Story and changes or contradicts its action, relationship, or consequence.\n周岚拿回旧照片，不再让许澄保存。 — wrong: it is not supported by the active Story and changes or contradicts its action, relationship, or consequence.","","","辨认拍照目标与旧照片出现的先后","Story","resolveAdaptiveJourneyLevel:beijing-summer-palace:Lv1","冬至前，许澄带相机到颐和园。她要为校展拍一张“无瑕”照片。","The accepted answer is grounded in the active 留下痕迹的风景 Lv1 Story span reproduced in TAUGHT_SOURCE_TEXT.","Runtime-generated Lv1 checkpoint uses the level's active Story and its declared 辨认拍照目标与旧照片出现的先后 target.","Names, actions, stakes, and place mechanism are taken from 留下痕迹的风景, not a generic resolver path.","万寿山和昆明湖构成颐和园最基本的山水框架。山与湖不是两个分开的景点，而是理解整座园林的起点。\n颐和园把自然山水与亭台、殿堂、寺庙、桥梁等人工要素组织在同一个皇家园林景观中。它的价值来自这些部分之间的整体关系。","AGENT PASS — actual runtime content, answer, teaching span, and distractors inspected; no contradiction or teach-before-test defect found.","","","HUMAN_REVIEW_REQUIRED",""
"beijing-summer-palace","留下痕迹的风景","Lv1","grammarRepair","修好这句中文\n难度 · 初级\n当前 Lv1 语言目标：“在 + 时间”框架的语序。先定位不自然部分，再选最小且完整的修复。\n训练目标 · 掌握“在 + 时间”框架的语序\n第 1 / 3 次 · 候选答案 4 个","","","在冬至前","许澄专门在冬至前十七孔桥西北侧等光。","许澄专门冬至前在十七孔桥西北侧等光。","在冬至前\n在冬至以前前\n冬至前在\n在冬至的前","在冬至前","时间框架按“在 + 时间 + 动作”组织。","在冬至以前前 — wrong: it does not produce the accepted minimal repair and leaves an incorrect particle, scope, order, or collocation.\n冬至前在 — wrong: it does not produce the accepted minimal repair and leaves an incorrect particle, scope, order, or collocation.\n在冬至的前 — wrong: it does not produce the accepted minimal repair and leaves an incorrect particle, scope, order, or collocation.","","","掌握“在 + 时间”框架的语序","Story","resolveAdaptiveJourneyLevel:beijing-summer-palace:Lv1","冬至前，许澄带相机到颐和园。她要为校展拍一张“无瑕”照片。她想证明不靠外婆周岚选构图。","The accepted answer is grounded in the active 留下痕迹的风景 Lv1 Story span reproduced in TAUGHT_SOURCE_TEXT.","Runtime-generated Lv1 checkpoint uses the level's active Story and its declared 掌握“在 + 时间”框架的语序 target.","Names, actions, stakes, and place mechanism are taken from 留下痕迹的风景, not a generic resolver path.","万寿山和昆明湖构成颐和园最基本的山水框架。山与湖不是两个分开的景点，而是理解整座园林的起点。\n颐和园把自然山水与亭台、殿堂、寺庙、桥梁等人工要素组织在同一个皇家园林景观中。它的价值来自这些部分之间的整体关系。","AGENT PASS — actual runtime content, answer, teaching span, and distractors inspected; no contradiction or teach-before-test defect found.","","","HUMAN_REVIEW_REQUIRED",""
"beijing-summer-palace","留下痕迹的风景","Lv1","missingSentence","补全上下文关系\n难度 · 初级\n当前 Lv1：从前后文判断，哪一句最能接住“放下相机”后的意义。 答案必须同时承接前句并解释后句。\n训练目标 · 补足拍摄目标与外婆出现的连接\n第 1 / 3 次 · 候选答案 4 个","","","她想证明不靠外婆周岚选构图。","","","周岚拿回旧照片，不再让许澄保存。\n许澄错过金光以后删掉所有照片，放弃校展。\n她想证明不靠外婆周岚选构图。\n许澄先按下快门，拍完金光后才慢慢去捡旧照片。","她想证明不靠外婆周岚选构图。","正确句要接住前一句，并让后一句自然发生。","周岚拿回旧照片，不再让许澄保存。 — wrong: it is not supported by the active Story and changes or contradicts its action, relationship, or consequence.\n许澄错过金光以后删掉所有照片，放弃校展。 — wrong: it is not supported by the active Story and changes or contradicts its action, relationship, or consequence.\n许澄先按下快门，拍完金光后才慢慢去捡旧照片。 — wrong: it is not supported by the active Story and changes or contradicts its action, relationship, or consequence.","她要为校展拍一张“无瑕”照片。她想证明不靠外婆周岚选构图。周岚做过园林修复，带着旧照片。","Active Story sentence 3","补足拍摄目标与外婆出现的连接","Story","resolveAdaptiveJourneyLevel:beijing-summer-palace:Lv1","她要为校展拍一张“无瑕”照片。她想证明不靠外婆周岚选构图。周岚做过园林修复，带着旧照片。","The accepted answer is grounded in the active 留下痕迹的风景 Lv1 Story span reproduced in TAUGHT_SOURCE_TEXT.","Runtime-generated Lv1 checkpoint uses the level's active Story and its declared 补足拍摄目标与外婆出现的连接 target.","Names, actions, stakes, and place mechanism are taken from 留下痕迹的风景, not a generic resolver path.","万寿山和昆明湖构成颐和园最基本的山水框架。山与湖不是两个分开的景点，而是理解整座园林的起点。\n颐和园把自然山水与亭台、殿堂、寺庙、桥梁等人工要素组织在同一个皇家园林景观中。它的价值来自这些部分之间的整体关系。","AGENT PASS — actual runtime content, answer, teaching span, and distractors inspected; no contradiction or teach-before-test defect found.","","","HUMAN_REVIEW_REQUIRED",""
"beijing-summer-palace","留下痕迹的风景","Lv5","paragraphRebuild","重建事件关系\n难度 · 标准\n当前 Lv5：按光线、旧照片与许澄的选择，重建这段拍摄过程。 不靠原句记忆，先判断动作、关系与因果。\n训练目标 · 理解失去理想画面是选择的成本\n第 1 / 3 次 · 候选答案 4 个","旧照片被风吹落后，许澄决定让它留在地上直到拍摄结束。\n许澄避开旧痕迹，周岚要她多看一眼。\n走过长廊时，周岚在廊外重新露出昆明湖的地方停了一步，许澄却故意快走，想甩开她的节奏。\n十七孔桥西北侧，桥洞亮起时，旧照片被风吹落。","许澄避开旧痕迹，周岚要她多看一眼。\n走过长廊时，周岚在廊外重新露出昆明湖的地方停了一步，许澄却故意快走，想甩开她的节奏。\n十七孔桥西北侧，桥洞亮起时，旧照片被风吹落。","许澄避开旧痕迹，周岚要她多看一眼。\n走过长廊时，周岚在廊外重新露出昆明湖的地方停了一步，许澄却故意快走，想甩开她的节奏。\n十七孔桥西北侧，桥洞亮起时，旧照片被风吹落。","","","旧照片被风吹落后，许澄决定让它留在地上直到拍摄结束。\n许澄避开旧痕迹，周岚要她多看一眼。\n走过长廊时，周岚在廊外重新露出昆明湖的地方停了一步，许澄却故意快走，想甩开她的节奏。\n十七孔桥西北侧，桥洞亮起时，旧照片被风吹落。","许澄避开旧痕迹，周岚要她多看一眼。\n走过长廊时，周岚在廊外重新露出昆明湖的地方停了一步，许澄却故意快走，想甩开她的节奏。\n十七孔桥西北侧，桥洞亮起时，旧照片被风吹落。","正确排序来自当前 Lv5 故事的事件推进；判断重点是前一动作怎样制造后一结果。","旧照片被风吹落后，许澄决定让它留在地上直到拍摄结束。 — wrong: it is not supported by the active Story and changes or contradicts its action, relationship, or consequence.","","","理解失去理想画面是选择的成本","Story","resolveAdaptiveJourneyLevel:beijing-summer-palace:Lv5","”许澄想把这行字裁掉，周岚把照片翻回正面。许澄避开旧痕迹，周岚要她多看一眼。走过长廊时，周岚在廊外重新露出昆明湖的地方停了一步，许澄却故意快走，想甩开她的节奏。","The accepted answer is grounded in the active 留下痕迹的风景 Lv5 Story span reproduced in TAUGHT_SOURCE_TEXT.","Runtime-generated Lv5 checkpoint uses the level's active Story and its declared 理解失去理想画面是选择的成本 target.","Names, actions, stakes, and place mechanism are taken from 留下痕迹的风景, not a generic resolver path.","北京官方资料把园外的玉泉山和香山称为颐和园“不可或缺的借景”。这说明园林的视觉范围可以超过自身边界。\n借景不是把远处的山“搬进”园内，而是通过园内位置和视线，让园外景物参与眼前的构图。关键是空间关系，而不是新增物体。\n万寿山和昆明湖提供园内的主要山水框架，玉泉山和香山等园外远景又把视线向外延伸。近处园景与远处山体因此形成不同空间层次。","AGENT PASS — actual runtime content, answer, teaching span, and distractors inspected; no contradiction or teach-before-test defect found.","","","HUMAN_REVIEW_REQUIRED",""
"beijing-summer-palace","留下痕迹的风景","Lv5","grammarRepair","修好这句中文\n难度 · 标准\n当前 Lv5 语言目标：因果方向。先定位不自然部分，再选最小且完整的修复。\n训练目标 · 掌握因果方向\n第 1 / 3 次 · 候选答案 4 个","","","所以","许澄先捡照片，所以她再举机时金光已经移动。","许澄先捡照片，因为她再举机时金光已经移动。","但是\n因为\n尽管\n所以","所以","语病修复 · 讲解","但是 — wrong: it does not produce the accepted minimal repair and leaves an incorrect particle, scope, order, or collocation.\n因为 — wrong: it does not produce the accepted minimal repair and leaves an incorrect particle, scope, order, or collocation.\n尽管 — wrong: it does not produce the accepted minimal repair and leaves an incorrect particle, scope, order, or collocation.","","","掌握因果方向","Story","resolveAdaptiveJourneyLevel:beijing-summer-palace:Lv5","冬至前，许澄带相机到颐和园。她专挑晴朗的冬日下午来，因为冬至前后十七孔桥会出现“金光穿洞”。她要为校展拍一张“无瑕”照片。","The accepted answer is grounded in the active 留下痕迹的风景 Lv5 Story span reproduced in TAUGHT_SOURCE_TEXT.","Runtime-generated Lv5 checkpoint uses the level's active Story and its declared 掌握因果方向 target.","Names, actions, stakes, and place mechanism are taken from 留下痕迹的风景, not a generic resolver path.","北京官方资料把园外的玉泉山和香山称为颐和园“不可或缺的借景”。这说明园林的视觉范围可以超过自身边界。\n借景不是把远处的山“搬进”园内，而是通过园内位置和视线，让园外景物参与眼前的构图。关键是空间关系，而不是新增物体。\n万寿山和昆明湖提供园内的主要山水框架，玉泉山和香山等园外远景又把视线向外延伸。近处园景与远处山体因此形成不同空间层次。","AGENT PASS — actual runtime content, answer, teaching span, and distractors inspected; no contradiction or teach-before-test defect found.","","","HUMAN_REVIEW_REQUIRED",""
"beijing-summer-palace","留下痕迹的风景","Lv5","missingSentence","补全上下文关系\n难度 · 标准\n当前 Lv5：从前后文判断，哪一句最能接住“放下相机”后的意义。 答案必须同时承接前句并解释后句。\n训练目标 · 理解成本如何改变作品内容\n第 1 / 3 次 · 候选答案 4 个","","","十七孔桥西北侧，桥洞亮起时，旧照片被风吹落。","","","许澄错过金光以后删掉所有照片，放弃校展。\n许澄把旧照片收起来，作品里只留下没有痕迹的桥。\n许澄先按下快门，拍完金光后才慢慢去捡旧照片。\n十七孔桥西北侧，桥洞亮起时，旧照片被风吹落。","十七孔桥西北侧，桥洞亮起时，旧照片被风吹落。","正确答案与当前 Lv5 故事情节一致，但判断依据是前后文中的人物、关系与因果，不是关键词重复。","许澄错过金光以后删掉所有照片，放弃校展。 — wrong: it is not supported by the active Story and changes or contradicts its action, relationship, or consequence.\n许澄把旧照片收起来，作品里只留下没有痕迹的桥。 — wrong: it is not supported by the active Story and changes or contradicts its action, relationship, or consequence.\n许澄先按下快门，拍完金光后才慢慢去捡旧照片。 — wrong: it is not supported by the active Story and changes or contradicts its action, relationship, or consequence.","走过长廊时，周岚在廊外重新露出昆明湖的地方停了一步，许澄却故意快走，想甩开她的节奏。十七孔桥西北侧，桥洞亮起时，旧照片被风吹落。十七孔桥东接东堤、西连南湖岛。","Active Story sentence 10","理解成本如何改变作品内容","Story","resolveAdaptiveJourneyLevel:beijing-summer-palace:Lv5","走过长廊时，周岚在廊外重新露出昆明湖的地方停了一步，许澄却故意快走，想甩开她的节奏。十七孔桥西北侧，桥洞亮起时，旧照片被风吹落。十七孔桥东接东堤、西连南湖岛。","The accepted answer is grounded in the active 留下痕迹的风景 Lv5 Story span reproduced in TAUGHT_SOURCE_TEXT.","Runtime-generated Lv5 checkpoint uses the level's active Story and its declared 理解成本如何改变作品内容 target.","Names, actions, stakes, and place mechanism are taken from 留下痕迹的风景, not a generic resolver path.","北京官方资料把园外的玉泉山和香山称为颐和园“不可或缺的借景”。这说明园林的视觉范围可以超过自身边界。\n借景不是把远处的山“搬进”园内，而是通过园内位置和视线，让园外景物参与眼前的构图。关键是空间关系，而不是新增物体。\n万寿山和昆明湖提供园内的主要山水框架，玉泉山和香山等园外远景又把视线向外延伸。近处园景与远处山体因此形成不同空间层次。","AGENT PASS — actual runtime content, answer, teaching span, and distractors inspected; no contradiction or teach-before-test defect found.","","","HUMAN_REVIEW_REQUIRED",""
"beijing-summer-palace","留下痕迹的风景","Lv10","paragraphRebuild","重建事件关系\n难度 · 高级\n当前 Lv10：按光线、旧照片与许澄的选择，重建这段拍摄过程。 不靠原句记忆，先判断动作、关系与因果。\n训练目标 · 解释“无瑕”被打上问号后的完整意义\n第 1 / 3 次 · 候选答案 4 个","她没有删掉“无瑕”这个词，只在旁边画了一道问号。\n许澄先按下快门，拍完金光后才慢慢去捡旧照片。\n周岚把旧照片装进透明袋，再放进许澄手里：“这张也归你保管。”\n许澄把新旧照片放进相机包。","周岚把旧照片装进透明袋，再放进许澄手里：“这张也归你保管。”\n许澄把新旧照片放进相机包。\n她没有删掉“无瑕”这个词，只在旁边画了一道问号。","周岚把旧照片装进透明袋，再放进许澄手里：“这张也归你保管。”\n许澄把新旧照片放进相机包。\n她没有删掉“无瑕”这个词，只在旁边画了一道问号。","","","她没有删掉“无瑕”这个词，只在旁边画了一道问号。\n许澄先按下快门，拍完金光后才慢慢去捡旧照片。\n周岚把旧照片装进透明袋，再放进许澄手里：“这张也归你保管。”\n许澄把新旧照片放进相机包。","周岚把旧照片装进透明袋，再放进许澄手里：“这张也归你保管。”\n许澄把新旧照片放进相机包。\n她没有删掉“无瑕”这个词，只在旁边画了一道问号。","正确排序来自当前 Lv10 故事的事件推进；判断重点是前一动作怎样制造后一结果。 还要检查叙事焦点、时间推进与段落收束是否连续。","许澄先按下快门，拍完金光后才慢慢去捡旧照片。 — wrong: it is not supported by the active Story and changes or contradicts its action, relationship, or consequence.","","","解释“无瑕”被打上问号后的完整意义","Story","resolveAdaptiveJourneyLevel:beijing-summer-palace:Lv10","她把旧照片交给许澄保存。周岚把旧照片装进透明袋，再放进许澄手里：“这张也归你保管。”许澄把新旧照片放进相机包。","The accepted answer is grounded in the active 留下痕迹的风景 Lv10 Story span reproduced in TAUGHT_SOURCE_TEXT.","Runtime-generated Lv10 checkpoint uses the level's active Story and its declared 解释“无瑕”被打上问号后的完整意义 target.","Names, actions, stakes, and place mechanism are taken from 留下痕迹的风景, not a generic resolver path.","颐和园于一九九八年列入《世界遗产名录》。UNESCO强调自然山水与人工建筑形成的和谐整体，因此遗产价值不是只属于一座著名建筑。\nUNESCO对颐和园完整性的评价不仅看单个建筑是否存在，也关注原有设计、规划、景观以及遗产与周围环境之间的关系是否仍然清楚。\nUNESCO指出，颐和园保护会参考历史档案，并使用传统技法和适当材料，以维持真实性并保存历史信息。保护因此既关心物质，也关心可核对的历史依据。","AGENT PASS — actual runtime content, answer, teaching span, and distractors inspected; no contradiction or teach-before-test defect found.","","","HUMAN_REVIEW_REQUIRED",""
"beijing-summer-palace","留下痕迹的风景","Lv10","grammarRepair","修好这句中文\n难度 · 高级\n当前 Lv10 语言目标：能愿动词与“才”的语序。先定位不自然部分，再选最小且完整的修复。\n训练目标 · 掌握能愿动词与“才”的语序\n第 1 / 3 次 · 候选答案 4 个","","","先把来源和旧痕迹看清楚，才能","许澄先把来源和旧痕迹看清楚，才能说明为什么保留它们。","许澄先把来源和旧痕迹看清楚以后，就能才说明为什么保留它们。","先把来源和旧痕迹看清楚以后，就能才\n先把来源看清楚，就才可以\n先把来源和旧痕迹看清楚，才能\n把来源看清楚，才可以能","先把来源和旧痕迹看清楚，才能","语病修复 · 讲解","先把来源和旧痕迹看清楚以后，就能才 — wrong: it does not produce the accepted minimal repair and leaves an incorrect particle, scope, order, or collocation.\n先把来源看清楚，就才可以 — wrong: it does not produce the accepted minimal repair and leaves an incorrect particle, scope, order, or collocation.\n把来源看清楚，才可以能 — wrong: it does not produce the accepted minimal repair and leaves an incorrect particle, scope, order, or collocation.","","","掌握能愿动词与“才”的语序","Story","resolveAdaptiveJourneyLevel:beijing-summer-palace:Lv10","冬至前，许澄带相机到颐和园。她专挑晴朗的冬日下午来，因为冬至前后十七孔桥会出现“金光穿洞”。她要为校展拍一张“无瑕”照片。","The accepted answer is grounded in the active 留下痕迹的风景 Lv10 Story span reproduced in TAUGHT_SOURCE_TEXT.","Runtime-generated Lv10 checkpoint uses the level's active Story and its declared 掌握能愿动词与“才”的语序 target.","Names, actions, stakes, and place mechanism are taken from 留下痕迹的风景, not a generic resolver path.","颐和园于一九九八年列入《世界遗产名录》。UNESCO强调自然山水与人工建筑形成的和谐整体，因此遗产价值不是只属于一座著名建筑。\nUNESCO对颐和园完整性的评价不仅看单个建筑是否存在，也关注原有设计、规划、景观以及遗产与周围环境之间的关系是否仍然清楚。\nUNESCO指出，颐和园保护会参考历史档案，并使用传统技法和适当材料，以维持真实性并保存历史信息。保护因此既关心物质，也关心可核对的历史依据。","AGENT PASS — actual runtime content, answer, teaching span, and distractors inspected; no contradiction or teach-before-test defect found.","","","HUMAN_REVIEW_REQUIRED",""
"beijing-summer-palace","留下痕迹的风景","Lv10","missingSentence","补全上下文关系\n难度 · 高级\n当前 Lv10：从前后文判断，哪一句最能接住“放下相机”后的意义。 答案必须同时承接前句并解释后句。\n训练目标 · 根据结尾推断许澄对“无瑕”的重新理解\n第 1 / 3 次 · 候选答案 4 个","","","许澄把新旧照片放进相机包。","","","许澄错过金光以后删掉所有照片，放弃校展。\n周岚拿回旧照片，不再让许澄保存。\n许澄先按下快门，拍完金光后才慢慢去捡旧照片。\n许澄把新旧照片放进相机包。","许澄把新旧照片放进相机包。","正确答案与当前 Lv10 故事情节一致，但判断依据是前后文中的人物、关系与因果，不是关键词重复。 高质量衔接还要保持主题链、指代对象和逻辑方向一致。","许澄错过金光以后删掉所有照片，放弃校展。 — wrong: it is not supported by the active Story and changes or contradicts its action, relationship, or consequence.\n周岚拿回旧照片，不再让许澄保存。 — wrong: it is not supported by the active Story and changes or contradicts its action, relationship, or consequence.\n许澄先按下快门，拍完金光后才慢慢去捡旧照片。 — wrong: it is not supported by the active Story and changes or contradicts its action, relationship, or consequence.","周岚把旧照片装进透明袋，再放进许澄手里：“这张也归你保管。”许澄把新旧照片放进相机包。她没有删掉“无瑕”这个词，只在旁边画了一道问号。","Active Story sentence 30","根据结尾推断许澄对“无瑕”的重新理解","Story","resolveAdaptiveJourneyLevel:beijing-summer-palace:Lv10","周岚把旧照片装进透明袋，再放进许澄手里：“这张也归你保管。”许澄把新旧照片放进相机包。她没有删掉“无瑕”这个词，只在旁边画了一道问号。","The accepted answer is grounded in the active 留下痕迹的风景 Lv10 Story span reproduced in TAUGHT_SOURCE_TEXT.","Runtime-generated Lv10 checkpoint uses the level's active Story and its declared 根据结尾推断许澄对“无瑕”的重新理解 target.","Names, actions, stakes, and place mechanism are taken from 留下痕迹的风景, not a generic resolver path.","颐和园于一九九八年列入《世界遗产名录》。UNESCO强调自然山水与人工建筑形成的和谐整体，因此遗产价值不是只属于一座著名建筑。\nUNESCO对颐和园完整性的评价不仅看单个建筑是否存在，也关注原有设计、规划、景观以及遗产与周围环境之间的关系是否仍然清楚。\nUNESCO指出，颐和园保护会参考历史档案，并使用传统技法和适当材料，以维持真实性并保存历史信息。保护因此既关心物质，也关心可核对的历史依据。","AGENT PASS — actual runtime content, answer, teaching span, and distractors inspected; no contradiction or teach-before-test defect found.","","","HUMAN_REVIEW_REQUIRED",""
"chengdu-kuanzhai-alley","一把没有固定位置的竹椅","Lv1","paragraphRebuild","重建事件关系\n难度 · 初级\n当前 Lv1：按竹椅怎样让路、归位又被别人接手，重建院落共享使用的节奏。 不靠原句记忆，先判断动作、关系与因果。\n训练目标 · 辨认竹椅第一次挡路与被挪开的顺序\n第 1 / 3 次 · 候选答案 4 个","林夏二十四岁，负责照看院里的座位和进出。\n林夏把一把竹椅挪到宽窄巷子一间院落茶馆的门口，刚想请常来的周叔坐下，端茶的同事就要从这里进院。\n林夏给竹椅划出永久位置，并要求所有人绕开它通行。\n林夏认定门槛只能服务一种用途，坐茶与通行不能轮换。","林夏把一把竹椅挪到宽窄巷子一间院落茶馆的门口，刚想请常来的周叔坐下，端茶的同事就要从这里进院。\n林夏二十四岁，负责照看院里的座位和进出。","林夏把一把竹椅挪到宽窄巷子一间院落茶馆的门口，刚想请常来的周叔坐下，端茶的同事就要从这里进院。\n林夏二十四岁，负责照看院里的座位和进出。","","","林夏二十四岁，负责照看院里的座位和进出。\n林夏把一把竹椅挪到宽窄巷子一间院落茶馆的门口，刚想请常来的周叔坐下，端茶的同事就要从这里进院。\n林夏给竹椅划出永久位置，并要求所有人绕开它通行。\n林夏认定门槛只能服务一种用途，坐茶与通行不能轮换。","林夏把一把竹椅挪到宽窄巷子一间院落茶馆的门口，刚想请常来的周叔坐下，端茶的同事就要从这里进院。\n林夏二十四岁，负责照看院里的座位和进出。","故事通常先介绍地点或人物，再写行动，最后写结果。","林夏给竹椅划出永久位置，并要求所有人绕开它通行。 — wrong: it is not supported by the active Story and changes or contradicts its action, relationship, or consequence.\n林夏认定门槛只能服务一种用途，坐茶与通行不能轮换。 — wrong: it is not supported by the active Story and changes or contradicts its action, relationship, or consequence.","","","辨认竹椅第一次挡路与被挪开的顺序","Story","resolveAdaptiveJourneyLevel:chengdu-kuanzhai-alley:Lv1","林夏把一把竹椅挪到宽窄巷子一间院落茶馆的门口，刚想请常来的周叔坐下，端茶的同事就要从这里进院。林夏二十四岁，负责照看院里的座位和进出。","The accepted answer is grounded in the active 一把没有固定位置的竹椅 Lv1 Story span reproduced in TAUGHT_SOURCE_TEXT.","Runtime-generated Lv1 checkpoint uses the level's active Story and its declared 辨认竹椅第一次挡路与被挪开的顺序 target.","Names, actions, stakes, and place mechanism are taken from 一把没有固定位置的竹椅, not a generic resolver path.","宽窄巷子街区由宽巷子、窄巷子和井巷子三条核心街巷及沿线院落共同构成。","AGENT PASS — actual runtime content, answer, teaching span, and distractors inspected; no contradiction or teach-before-test defect found.","","","HUMAN_REVIEW_REQUIRED",""
"chengdu-kuanzhai-alley","一把没有固定位置的竹椅","Lv1","grammarRepair","修好这句中文\n难度 · 初级\n当前 Lv1 语言目标：把字句语序与地点定语。先定位不自然部分，再选最小且完整的修复。\n训练目标 · 掌握把字句语序与地点定语\n第 1 / 3 次 · 候选答案 4 个","","","先把门口的竹椅","林夏先把门口的竹椅挪开。","林夏先门口把竹椅挪开。","先把门口的竹椅\n把门口的竹椅先\n先门口把竹椅\n先把竹椅的门口","先把门口的竹椅","按“先 + 把 + 地点定语 + 宾语 + 动作”组织。","把门口的竹椅先 — wrong: it does not produce the accepted minimal repair and leaves an incorrect particle, scope, order, or collocation.\n先门口把竹椅 — wrong: it does not produce the accepted minimal repair and leaves an incorrect particle, scope, order, or collocation.\n先把竹椅的门口 — wrong: it does not produce the accepted minimal repair and leaves an incorrect particle, scope, order, or collocation.","","","掌握把字句语序与地点定语","Story","resolveAdaptiveJourneyLevel:chengdu-kuanzhai-alley:Lv1","林夏把一把竹椅挪到宽窄巷子一间院落茶馆的门口，刚想请常来的周叔坐下，端茶的同事就要从这里进院。林夏二十四岁，负责照看院里的座位和进出。她把竹椅挪开，让人通过，再把椅子还到茶桌边。","The accepted answer is grounded in the active 一把没有固定位置的竹椅 Lv1 Story span reproduced in TAUGHT_SOURCE_TEXT.","Runtime-generated Lv1 checkpoint uses the level's active Story and its declared 掌握把字句语序与地点定语 target.","Names, actions, stakes, and place mechanism are taken from 一把没有固定位置的竹椅, not a generic resolver path.","宽窄巷子街区由宽巷子、窄巷子和井巷子三条核心街巷及沿线院落共同构成。","AGENT PASS — actual runtime content, answer, teaching span, and distractors inspected; no contradiction or teach-before-test defect found.","","","HUMAN_REVIEW_REQUIRED",""
"chengdu-kuanzhai-alley","一把没有固定位置的竹椅","Lv1","missingSentence","补全上下文关系\n难度 · 初级\n当前 Lv1：结合前后文，选出最能解释竹椅为什么不能有“永久位置”的一句。 答案必须同时承接前句并解释后句。\n训练目标 · 补足竹椅与通行冲突的直接联系\n第 1 / 3 次 · 候选答案 4 个","","","林夏二十四岁，负责照看院里的座位和进出。","","","周叔主动挪椅子后，林夏马上把它抢回原位。\n竹椅挪开以后就一直收起来，再也不回到茶桌旁。\n林夏二十四岁，负责照看院里的座位和进出。\n林夏给竹椅划出永久位置，并要求所有人绕开它通行。","林夏二十四岁，负责照看院里的座位和进出。","正确句要接住前一句，并让后一句自然发生。","周叔主动挪椅子后，林夏马上把它抢回原位。 — wrong: it is not supported by the active Story and changes or contradicts its action, relationship, or consequence.\n竹椅挪开以后就一直收起来，再也不回到茶桌旁。 — wrong: it is not supported by the active Story and changes or contradicts its action, relationship, or consequence.\n林夏给竹椅划出永久位置，并要求所有人绕开它通行。 — wrong: it is not supported by the active Story and changes or contradicts its action, relationship, or consequence.","林夏把一把竹椅挪到宽窄巷子一间院落茶馆的门口，刚想请常来的周叔坐下，端茶的同事就要从这里进院。林夏二十四岁，负责照看院里的座位和进出。她把竹椅挪开，让人通过，再把椅子还到茶桌边。","Active Story sentence 2","补足竹椅与通行冲突的直接联系","Story","resolveAdaptiveJourneyLevel:chengdu-kuanzhai-alley:Lv1","林夏把一把竹椅挪到宽窄巷子一间院落茶馆的门口，刚想请常来的周叔坐下，端茶的同事就要从这里进院。林夏二十四岁，负责照看院里的座位和进出。她把竹椅挪开，让人通过，再把椅子还到茶桌边。","The accepted answer is grounded in the active 一把没有固定位置的竹椅 Lv1 Story span reproduced in TAUGHT_SOURCE_TEXT.","Runtime-generated Lv1 checkpoint uses the level's active Story and its declared 补足竹椅与通行冲突的直接联系 target.","Names, actions, stakes, and place mechanism are taken from 一把没有固定位置的竹椅, not a generic resolver path.","宽窄巷子街区由宽巷子、窄巷子和井巷子三条核心街巷及沿线院落共同构成。","AGENT PASS — actual runtime content, answer, teaching span, and distractors inspected; no contradiction or teach-before-test defect found.","","","HUMAN_REVIEW_REQUIRED",""
"chengdu-kuanzhai-alley","一把没有固定位置的竹椅","Lv5","paragraphRebuild","重建事件关系\n难度 · 标准\n当前 Lv5：按竹椅怎样让路、归位又被别人接手，重建院落共享使用的节奏。 不靠原句记忆，先判断动作、关系与因果。\n训练目标 · 理解共享不是平均占有而是按时序让渡\n第 1 / 3 次 · 候选答案 4 个","林夏认定门槛只能服务一种用途，坐茶与通行不能轮换。\n她熟悉这个院子，原以为只要把桌椅摆得足够准确，就能让茶客停留和服务通行同时顺畅。\n几分钟后，两位新客人从窄巷子方向进来，同一个入口又要让路。\n林夏把竹椅靠墙，想给它确定一个“正确位置”，但服务人员转身仍不方便，周叔也离茶桌太远。","她熟悉这个院子，原以为只要把桌椅摆得足够准确，就能让茶客停留和服务通行同时顺畅。\n几分钟后，两位新客人从窄巷子方向进来，同一个入口又要让路。\n林夏把竹椅靠墙，想给它确定一个“正确位置”，但服务人员转身仍不方便，周叔也离茶桌太远。","她熟悉这个院子，原以为只要把桌椅摆得足够准确，就能让茶客停留和服务通行同时顺畅。\n几分钟后，两位新客人从窄巷子方向进来，同一个入口又要让路。\n林夏把竹椅靠墙，想给它确定一个“正确位置”，但服务人员转身仍不方便，周叔也离茶桌太远。","","","林夏认定门槛只能服务一种用途，坐茶与通行不能轮换。\n她熟悉这个院子，原以为只要把桌椅摆得足够准确，就能让茶客停留和服务通行同时顺畅。\n几分钟后，两位新客人从窄巷子方向进来，同一个入口又要让路。\n林夏把竹椅靠墙，想给它确定一个“正确位置”，但服务人员转身仍不方便，周叔也离茶桌太远。","她熟悉这个院子，原以为只要把桌椅摆得足够准确，就能让茶客停留和服务通行同时顺畅。\n几分钟后，两位新客人从窄巷子方向进来，同一个入口又要让路。\n林夏把竹椅靠墙，想给它确定一个“正确位置”，但服务人员转身仍不方便，周叔也离茶桌太远。","正确排序来自当前 Lv5 故事的事件推进；判断重点是前一动作怎样制造后一结果。","林夏认定门槛只能服务一种用途，坐茶与通行不能轮换。 — wrong: it is not supported by the active Story and changes or contradicts its action, relationship, or consequence.","","","理解共享不是平均占有而是按时序让渡","Story","resolveAdaptiveJourneyLevel:chengdu-kuanzhai-alley:Lv5","她把竹椅移开，让茶盘通过，再把椅子交还给周叔。她熟悉这个院子，原以为只要把桌椅摆得足够准确，就能让茶客停留和服务通行同时顺畅。几分钟后，两位新客人从窄巷子方向进来，同一个入口又要让路。","The accepted answer is grounded in the active 一把没有固定位置的竹椅 Lv5 Story span reproduced in TAUGHT_SOURCE_TEXT.","Runtime-generated Lv5 checkpoint uses the level's active Story and its declared 理解共享不是平均占有而是按时序让渡 target.","Names, actions, stakes, and place mechanism are taken from 一把没有固定位置的竹椅, not a generic resolver path.","宽窄巷子的现实经营包含茶饮、餐饮等功能；在院落中，桌椅、服务与通行会共同影响空间怎样被使用。","AGENT PASS — actual runtime content, answer, teaching span, and distractors inspected; no contradiction or teach-before-test defect found.","","","HUMAN_REVIEW_REQUIRED",""
"chengdu-kuanzhai-alley","一把没有固定位置的竹椅","Lv5","grammarRepair","修好这句中文\n难度 · 标准\n当前 Lv5 语言目标：一会儿…一会儿…：轮换用途。先定位不自然部分，再选最小且完整的修复。\n训练目标 · 掌握一会儿…一会儿…：轮换用途\n第 1 / 3 次 · 候选答案 4 个","","","一会儿服务坐茶，一会儿","这把竹椅一会儿服务坐茶，一会儿要给经过的人让路。","这把竹椅一会儿服务坐茶，而且一会儿又要给经过的人让路。","一会儿服务坐茶，所以一会儿\n一会儿服务坐茶，而且一会儿又\n一会儿服务坐茶，但是一会儿\n一会儿服务坐茶，一会儿","一会儿服务坐茶，一会儿","语病修复 · 讲解","一会儿服务坐茶，所以一会儿 — wrong: it does not produce the accepted minimal repair and leaves an incorrect particle, scope, order, or collocation.\n一会儿服务坐茶，而且一会儿又 — wrong: it does not produce the accepted minimal repair and leaves an incorrect particle, scope, order, or collocation.\n一会儿服务坐茶，但是一会儿 — wrong: it does not produce the accepted minimal repair and leaves an incorrect particle, scope, order, or collocation.","","","掌握一会儿…一会儿…：轮换用途","Story","resolveAdaptiveJourneyLevel:chengdu-kuanzhai-alley:Lv5","林夏午后把一把竹椅放到宽窄巷子一间院落茶馆的入口旁。常来的周叔喜欢坐在靠门的茶桌边，看得到巷子，也方便和熟人打招呼。可他刚坐下，端着茶盘的同事就要跨过门槛，椅背挡住了从巷子进入院落的通道。","The accepted answer is grounded in the active 一把没有固定位置的竹椅 Lv5 Story span reproduced in TAUGHT_SOURCE_TEXT.","Runtime-generated Lv5 checkpoint uses the level's active Story and its declared 掌握一会儿…一会儿…：轮换用途 target.","Names, actions, stakes, and place mechanism are taken from 一把没有固定位置的竹椅, not a generic resolver path.","宽窄巷子的现实经营包含茶饮、餐饮等功能；在院落中，桌椅、服务与通行会共同影响空间怎样被使用。","AGENT PASS — actual runtime content, answer, teaching span, and distractors inspected; no contradiction or teach-before-test defect found.","","","HUMAN_REVIEW_REQUIRED",""
"chengdu-kuanzhai-alley","一把没有固定位置的竹椅","Lv5","missingSentence","补全上下文关系\n难度 · 标准\n当前 Lv5：结合前后文，选出最能解释竹椅为什么不能有“永久位置”的一句。 答案必须同时承接前句并解释后句。\n训练目标 · 理解“有人经过就让路”的使用逻辑\n第 1 / 3 次 · 候选答案 4 个","","","林夏把竹椅靠墙，想给它确定一个“正确位置”，但服务人员转身仍不方便，周叔也离茶桌太远。","","","林夏要求每次都必须由她亲自移动竹椅，别人不能动。\n林夏给竹椅划出永久位置，并要求所有人绕开它通行。\n林夏认定门槛只能服务一种用途，坐茶与通行不能轮换。\n林夏把竹椅靠墙，想给它确定一个“正确位置”，但服务人员转身仍不方便，周叔也离茶桌太远。","林夏把竹椅靠墙，想给它确定一个“正确位置”，但服务人员转身仍不方便，周叔也离茶桌太远。","正确答案与当前 Lv5 故事情节一致，但判断依据是前后文中的人物、关系与因果，不是关键词重复。","林夏要求每次都必须由她亲自移动竹椅，别人不能动。 — wrong: it is not supported by the active Story and changes or contradicts its action, relationship, or consequence.\n林夏给竹椅划出永久位置，并要求所有人绕开它通行。 — wrong: it is not supported by the active Story and changes or contradicts its action, relationship, or consequence.\n林夏认定门槛只能服务一种用途，坐茶与通行不能轮换。 — wrong: it is not supported by the active Story and changes or contradicts its action, relationship, or consequence.","几分钟后，两位新客人从窄巷子方向进来，同一个入口又要让路。林夏把竹椅靠墙，想给它确定一个“正确位置”，但服务人员转身仍不方便，周叔也离茶桌太远。第二次失败让林夏不再追求永久布局。","Active Story sentence 8","理解“有人经过就让路”的使用逻辑","Story","resolveAdaptiveJourneyLevel:chengdu-kuanzhai-alley:Lv5","几分钟后，两位新客人从窄巷子方向进来，同一个入口又要让路。林夏把竹椅靠墙，想给它确定一个“正确位置”，但服务人员转身仍不方便，周叔也离茶桌太远。第二次失败让林夏不再追求永久布局。","The accepted answer is grounded in the active 一把没有固定位置的竹椅 Lv5 Story span reproduced in TAUGHT_SOURCE_TEXT.","Runtime-generated Lv5 checkpoint uses the level's active Story and its declared 理解“有人经过就让路”的使用逻辑 target.","Names, actions, stakes, and place mechanism are taken from 一把没有固定位置的竹椅, not a generic resolver path.","宽窄巷子的现实经营包含茶饮、餐饮等功能；在院落中，桌椅、服务与通行会共同影响空间怎样被使用。","AGENT PASS — actual runtime content, answer, teaching span, and distractors inspected; no contradiction or teach-before-test defect found.","","","HUMAN_REVIEW_REQUIRED",""
"chengdu-kuanzhai-alley","一把没有固定位置的竹椅","Lv10","paragraphRebuild","重建事件关系\n难度 · 高级\n当前 Lv10：按竹椅怎样让路、归位又被别人接手，重建院落共享使用的节奏。 不靠原句记忆，先判断动作、关系与因果。\n训练目标 · 解释最后林夏不再伸手的关系与空间意义\n第 1 / 3 次 · 候选答案 4 个","林夏看着那只手完成动作，没有出声。\n林夏认定门槛只能服务一种用途，坐茶与通行不能轮换。\n茶客继续停留，服务人员继续穿行，院落在一轮轮临时交接中保持可用。\n最后，一位离桌的客人顺手又为经过的人移开同一把竹椅。","茶客继续停留，服务人员继续穿行，院落在一轮轮临时交接中保持可用。\n最后，一位离桌的客人顺手又为经过的人移开同一把竹椅。\n林夏看着那只手完成动作，没有出声。","茶客继续停留，服务人员继续穿行，院落在一轮轮临时交接中保持可用。\n最后，一位离桌的客人顺手又为经过的人移开同一把竹椅。\n林夏看着那只手完成动作，没有出声。","","","林夏看着那只手完成动作，没有出声。\n林夏认定门槛只能服务一种用途，坐茶与通行不能轮换。\n茶客继续停留，服务人员继续穿行，院落在一轮轮临时交接中保持可用。\n最后，一位离桌的客人顺手又为经过的人移开同一把竹椅。","茶客继续停留，服务人员继续穿行，院落在一轮轮临时交接中保持可用。\n最后，一位离桌的客人顺手又为经过的人移开同一把竹椅。\n林夏看着那只手完成动作，没有出声。","正确排序来自当前 Lv10 故事的事件推进；判断重点是前一动作怎样制造后一结果。 还要检查叙事焦点、时间推进与段落收束是否连续。","林夏认定门槛只能服务一种用途，坐茶与通行不能轮换。 — wrong: it is not supported by the active Story and changes or contradicts its action, relationship, or consequence.","","","解释最后林夏不再伸手的关系与空间意义","Story","resolveAdaptiveJourneyLevel:chengdu-kuanzhai-alley:Lv10","她没有再伸手，也没有把椅子校正到某个标准点。茶客继续停留，服务人员继续穿行，院落在一轮轮临时交接中保持可用。最后，一位离桌的客人顺手又为经过的人移开同一把竹椅。","The accepted answer is grounded in the active 一把没有固定位置的竹椅 Lv10 Story span reproduced in TAUGHT_SOURCE_TEXT.","Runtime-generated Lv10 checkpoint uses the level's active Story and its declared 解释最后林夏不再伸手的关系与空间意义 target.","Names, actions, stakes, and place mechanism are taken from 一把没有固定位置的竹椅, not a generic resolver path.","宽窄巷子的保护利用实践说明，历史街区可以在保留街巷、院落和建筑特征的同时承担现实功能；保护与利用需要持续协调。","AGENT PASS — actual runtime content, answer, teaching span, and distractors inspected; no contradiction or teach-before-test defect found.","","","HUMAN_REVIEW_REQUIRED",""
"chengdu-kuanzhai-alley","一把没有固定位置的竹椅","Lv10","grammarRepair","修好这句中文\n难度 · 高级\n当前 Lv10 语言目标：之所以…是因为…：原因解释。先定位不自然部分，再选最小且完整的修复。\n训练目标 · 掌握之所以…是因为…：原因解释\n第 1 / 3 次 · 候选答案 4 个","","","是因为","院落入口之所以需要不断交接，是因为同一处空间要同时服务停留、送茶和通行。","院落入口之所以需要不断交接，是所以同一处空间要同时服务停留、送茶和通行。","是所以\n是因为所以\n是因为\n所以是因为","是因为","语病修复 · 讲解","是所以 — wrong: it does not produce the accepted minimal repair and leaves an incorrect particle, scope, order, or collocation.\n是因为所以 — wrong: it does not produce the accepted minimal repair and leaves an incorrect particle, scope, order, or collocation.\n所以是因为 — wrong: it does not produce the accepted minimal repair and leaves an incorrect particle, scope, order, or collocation.","","","掌握之所以…是因为…：原因解释","Story","resolveAdaptiveJourneyLevel:chengdu-kuanzhai-alley:Lv10","午后，宽窄巷子的街巷人流不断变化。宽巷子、窄巷子与井巷子构成历史街区的核心街巷，沿巷院落把街面的流动收进更小的入口、门槛和内部停留空间。林夏工作的茶馆就在这样一处院落里。","The accepted answer is grounded in the active 一把没有固定位置的竹椅 Lv10 Story span reproduced in TAUGHT_SOURCE_TEXT.","Runtime-generated Lv10 checkpoint uses the level's active Story and its declared 掌握之所以…是因为…：原因解释 target.","Names, actions, stakes, and place mechanism are taken from 一把没有固定位置的竹椅, not a generic resolver path.","宽窄巷子的保护利用实践说明，历史街区可以在保留街巷、院落和建筑特征的同时承担现实功能；保护与利用需要持续协调。","AGENT PASS — actual runtime content, answer, teaching span, and distractors inspected; no contradiction or teach-before-test defect found.","","","HUMAN_REVIEW_REQUIRED",""
"chengdu-kuanzhai-alley","一把没有固定位置的竹椅","Lv10","missingSentence","补全上下文关系\n难度 · 高级\n当前 Lv10：结合前后文，选出最能解释竹椅为什么不能有“永久位置”的一句。 答案必须同时承接前句并解释后句。\n训练目标 · 根据结尾推断空间规则如何离开单一管理者\n第 1 / 3 次 · 候选答案 4 个","","","林夏看着那只手完成动作，没有出声。","","","竹椅挪开以后就一直收起来，再也不回到茶桌旁。\n周叔主动挪椅子后，林夏马上把它抢回原位。\n林夏给竹椅划出永久位置，并要求所有人绕开它通行。\n林夏看着那只手完成动作，没有出声。","林夏看着那只手完成动作，没有出声。","正确答案与当前 Lv10 故事情节一致，但判断依据是前后文中的人物、关系与因果，不是关键词重复。 高质量衔接还要保持主题链、指代对象和逻辑方向一致。","竹椅挪开以后就一直收起来，再也不回到茶桌旁。 — wrong: it is not supported by the active Story and changes or contradicts its action, relationship, or consequence.\n周叔主动挪椅子后，林夏马上把它抢回原位。 — wrong: it is not supported by the active Story and changes or contradicts its action, relationship, or consequence.\n林夏给竹椅划出永久位置，并要求所有人绕开它通行。 — wrong: it is not supported by the active Story and changes or contradicts its action, relationship, or consequence.","最后，一位离桌的客人顺手又为经过的人移开同一把竹椅。林夏看着那只手完成动作，没有出声。一把没有固定位置的竹椅，已经把共享空间的节奏交给了下一位使用者。","Active Story sentence 25","根据结尾推断空间规则如何离开单一管理者","Story","resolveAdaptiveJourneyLevel:chengdu-kuanzhai-alley:Lv10","最后，一位离桌的客人顺手又为经过的人移开同一把竹椅。林夏看着那只手完成动作，没有出声。一把没有固定位置的竹椅，已经把共享空间的节奏交给了下一位使用者。","The accepted answer is grounded in the active 一把没有固定位置的竹椅 Lv10 Story span reproduced in TAUGHT_SOURCE_TEXT.","Runtime-generated Lv10 checkpoint uses the level's active Story and its declared 根据结尾推断空间规则如何离开单一管理者 target.","Names, actions, stakes, and place mechanism are taken from 一把没有固定位置的竹椅, not a generic resolver path.","宽窄巷子的保护利用实践说明，历史街区可以在保留街巷、院落和建筑特征的同时承担现实功能；保护与利用需要持续协调。","AGENT PASS — actual runtime content, answer, teaching span, and distractors inspected; no contradiction or teach-before-test defect found.","","","HUMAN_REVIEW_REQUIRED",""
"datong-yungang-grottoes","三段墨绳","Lv1","paragraphRebuild","把散开的故事拼回来\n难度 · 初级\n按当前 Lv1 已学故事的事件、时间与因果推进，复原这组句子。\n训练目标 · 辨认地点、行动与结果顺序\n第 1 / 3 次 · 候选答案 4 个","石工魏岚的父亲准备南行，要她带走那根量巨像的长墨绳。\n北魏迁都洛阳后，云冈不再营造巨像。\n魏朔第一次弹线时，魏岚立刻替他收回绳子并改掉黑线。\n父亲在崖路转弯处叫魏岚追上去，她带着整根墨绳离开。","北魏迁都洛阳后，云冈不再营造巨像。\n石工魏岚的父亲准备南行，要她带走那根量巨像的长墨绳。","北魏迁都洛阳后，云冈不再营造巨像。\n石工魏岚的父亲准备南行，要她带走那根量巨像的长墨绳。","","","石工魏岚的父亲准备南行，要她带走那根量巨像的长墨绳。\n北魏迁都洛阳后，云冈不再营造巨像。\n魏朔第一次弹线时，魏岚立刻替他收回绳子并改掉黑线。\n父亲在崖路转弯处叫魏岚追上去，她带着整根墨绳离开。","北魏迁都洛阳后，云冈不再营造巨像。\n石工魏岚的父亲准备南行，要她带走那根量巨像的长墨绳。","故事通常先介绍地点或人物，再写行动，最后写结果。","魏朔第一次弹线时，魏岚立刻替他收回绳子并改掉黑线。 — wrong: it is not supported by the active Story and changes or contradicts its action, relationship, or consequence.\n父亲在崖路转弯处叫魏岚追上去，她带着整根墨绳离开。 — wrong: it is not supported by the active Story and changes or contradicts its action, relationship, or consequence.","","","辨认地点、行动与结果顺序","Story","resolveAdaptiveJourneyLevel:datong-yungang-grottoes:Lv1","北魏迁都洛阳后，云冈不再营造巨像。石工魏岚的父亲准备南行，要她带走那根量巨像的长墨绳。","The accepted answer is grounded in the active 三段墨绳 Lv1 Story span reproduced in TAUGHT_SOURCE_TEXT.","Runtime-generated Lv1 checkpoint uses the level's active Story and its declared 辨认地点、行动与结果顺序 target.","Names, actions, stakes, and place mechanism are taken from 三段墨绳, not a generic resolver path.","云冈石窟位于今天的大同，主要营造于北魏以平城为都城的五至六世纪。它既是皇室支持的佛教石窟工程，也是观察北魏政治、宗教与艺术交流的重要遗存。\n398年北魏定都平城，也就是今天的大同一带。云冈靠近这个政治中心，后来才有条件集中资源进行大规模开凿。","AGENT PASS — actual runtime content, answer, teaching span, and distractors inspected; no contradiction or teach-before-test defect found.","","","HUMAN_REVIEW_REQUIRED",""
"datong-yungang-grottoes","三段墨绳","Lv1","grammarRepair","修好这句不自然的话\n难度 · 初级\n先点击病句位置，再从四个长度接近的修改方案中选出最自然的一项。\n训练目标 · 找出主语和明显的不自然词语\n第 1 / 3 次 · 候选答案 4 个","","","云冈后来有条件集中资源进行大规模开凿","北魏定都平城后，云冈后来有条件集中资源进行大规模开凿。","北魏定都平城后，云冈大规模后来有条件集中资源进行开凿。","云冈后来有条件集中资源进行大规模开凿\n云冈后来大规模有条件集中资源进行开凿\n云冈大规模后来有条件集中资源进行开凿\n云冈后来有大规模条件集中资源进行开凿","云冈后来有条件集中资源进行大规模开凿","先放时间，再放条件，把方式或规模修饰语放到它修饰的动作前。","云冈后来大规模有条件集中资源进行开凿 — wrong: it does not produce the accepted minimal repair and leaves an incorrect particle, scope, order, or collocation.\n云冈大规模后来有条件集中资源进行开凿 — wrong: it does not produce the accepted minimal repair and leaves an incorrect particle, scope, order, or collocation.\n云冈后来有大规模条件集中资源进行开凿 — wrong: it does not produce the accepted minimal repair and leaves an incorrect particle, scope, order, or collocation.","","","找出主语和明显的不自然词语","Story","resolveAdaptiveJourneyLevel:datong-yungang-grottoes:Lv1","北魏迁都洛阳后，云冈不再营造巨像。石工魏岚的父亲准备南行，要她带走那根量巨像的长墨绳。父亲只肯把手艺交给一个人；留下的弟弟魏朔和同伴阿砾便要继续替她扶绳，或者散伙。","The accepted answer is grounded in the active 三段墨绳 Lv1 Story span reproduced in TAUGHT_SOURCE_TEXT.","Runtime-generated Lv1 checkpoint uses the level's active Story and its declared 找出主语和明显的不自然词语 target.","Names, actions, stakes, and place mechanism are taken from 三段墨绳, not a generic resolver path.","云冈石窟位于今天的大同，主要营造于北魏以平城为都城的五至六世纪。它既是皇室支持的佛教石窟工程，也是观察北魏政治、宗教与艺术交流的重要遗存。\n398年北魏定都平城，也就是今天的大同一带。云冈靠近这个政治中心，后来才有条件集中资源进行大规模开凿。","AGENT PASS — actual runtime content, answer, teaching span, and distractors inspected; no contradiction or teach-before-test defect found.","","","HUMAN_REVIEW_REQUIRED",""
"datong-yungang-grottoes","三段墨绳","Lv1","missingSentence","补回故事中消失的一句\n难度 · 初级\n阅读前后文，从四个长度接近的答案中选出最能连接上下文的一句。\n训练目标 · 连接前文人物与后文结果\n第 1 / 3 次 · 候选答案 4 个","","","石工魏岚的父亲准备南行，要她带走那根量巨像的长墨绳。","","","父亲把三段墨绳重新接回一根，三个人继续等他发号施令。\n父亲在崖路转弯处叫魏岚追上去，她带着整根墨绳离开。\n石工魏岚的父亲准备南行，要她带走那根量巨像的长墨绳。\n魏岚保住了唯一传人的位置，也没有把墨绳分给魏朔和阿砾。","石工魏岚的父亲准备南行，要她带走那根量巨像的长墨绳。","正确句要接住前一句，并让后一句自然发生。","父亲把三段墨绳重新接回一根，三个人继续等他发号施令。 — wrong: it is not supported by the active Story and changes or contradicts its action, relationship, or consequence.\n父亲在崖路转弯处叫魏岚追上去，她带着整根墨绳离开。 — wrong: it is not supported by the active Story and changes or contradicts its action, relationship, or consequence.\n魏岚保住了唯一传人的位置，也没有把墨绳分给魏朔和阿砾。 — wrong: it is not supported by the active Story and changes or contradicts its action, relationship, or consequence.","北魏迁都洛阳后，云冈不再营造巨像。石工魏岚的父亲准备南行，要她带走那根量巨像的长墨绳。父亲只肯把手艺交给一个人；留下的弟弟魏朔和同伴阿砾便要继续替她扶绳，或者散伙。","Active Story sentence 2","连接前文人物与后文结果","Story","resolveAdaptiveJourneyLevel:datong-yungang-grottoes:Lv1","北魏迁都洛阳后，云冈不再营造巨像。石工魏岚的父亲准备南行，要她带走那根量巨像的长墨绳。父亲只肯把手艺交给一个人；留下的弟弟魏朔和同伴阿砾便要继续替她扶绳，或者散伙。","The accepted answer is grounded in the active 三段墨绳 Lv1 Story span reproduced in TAUGHT_SOURCE_TEXT.","Runtime-generated Lv1 checkpoint uses the level's active Story and its declared 连接前文人物与后文结果 target.","Names, actions, stakes, and place mechanism are taken from 三段墨绳, not a generic resolver path.","云冈石窟位于今天的大同，主要营造于北魏以平城为都城的五至六世纪。它既是皇室支持的佛教石窟工程，也是观察北魏政治、宗教与艺术交流的重要遗存。\n398年北魏定都平城，也就是今天的大同一带。云冈靠近这个政治中心，后来才有条件集中资源进行大规模开凿。","AGENT PASS — actual runtime content, answer, teaching span, and distractors inspected; no contradiction or teach-before-test defect found.","","","HUMAN_REVIEW_REQUIRED",""
"datong-yungang-grottoes","三段墨绳","Lv5","paragraphRebuild","把散开的故事拼回来\n难度 · 标准\n按当前 Lv5 已学故事的事件、时间与因果推进，复原这组句子。\n训练目标 · 建立背景、行动与转折结构\n第 1 / 3 次 · 候选答案 4 个","魏朔第一次弹线时，魏岚立刻替他收回绳子并改掉黑线。\n父亲背起行囊，没有替她把断口重新接上。\n三个人不再等同一双手发号施令。\n魏朔第一次自己弹出墨线，黑印落在一块只够开小龛的石面上。","父亲背起行囊，没有替她把断口重新接上。\n三个人不再等同一双手发号施令。\n魏朔第一次自己弹出墨线，黑印落在一块只够开小龛的石面上。","父亲背起行囊，没有替她把断口重新接上。\n三个人不再等同一双手发号施令。\n魏朔第一次自己弹出墨线，黑印落在一块只够开小龛的石面上。","","","魏朔第一次弹线时，魏岚立刻替他收回绳子并改掉黑线。\n父亲背起行囊，没有替她把断口重新接上。\n三个人不再等同一双手发号施令。\n魏朔第一次自己弹出墨线，黑印落在一块只够开小龛的石面上。","父亲背起行囊，没有替她把断口重新接上。\n三个人不再等同一双手发号施令。\n魏朔第一次自己弹出墨线，黑印落在一块只够开小龛的石面上。","正确顺序来自当前等级已学 Story，并随等级逐步移向选择、代价、关系变化与结果。","魏朔第一次弹线时，魏岚立刻替他收回绳子并改掉黑线。 — wrong: it is not supported by the active Story and changes or contradicts its action, relationship, or consequence.","","","建立背景、行动与转折结构","Story","resolveAdaptiveJourneyLevel:datong-yungang-grottoes:Lv5","她失去了父亲许诺的唯一位置。父亲背起行囊，没有替她把断口重新接上。三个人不再等同一双手发号施令。","The accepted answer is grounded in the active 三段墨绳 Lv5 Story span reproduced in TAUGHT_SOURCE_TEXT.","Runtime-generated Lv5 checkpoint uses the level's active Story and its declared 建立背景、行动与转折结构 target.","Names, actions, stakes, and place mechanism are taken from 三段墨绳, not a generic resolver path.","云冈石窟位于今天的大同，主要营造于北魏以平城为都城的五至六世纪。它既是皇室支持的佛教石窟工程，也是观察北魏政治、宗教与艺术交流的重要遗存。\n按洞窟形制、造像内容和艺术样式，云冈通常分为早、中、晚三个主要阶段：早期以昙曜五窟为代表，中期进入大规模营造高峰，494年迁都洛阳以后转入以中小型窟龛为主的晚期。\n云冈中期在孝文帝时期达到营造高峰。洞窟布局与雕饰更加复杂，也出现更多中国宫殿建筑式样和本土化表达，显示佛教石窟艺术正在北魏社会中继续转化。","AGENT PASS — actual runtime content, answer, teaching span, and distractors inspected; no contradiction or teach-before-test defect found.","","","HUMAN_REVIEW_REQUIRED",""
"datong-yungang-grottoes","三段墨绳","Lv5","grammarRepair","修好这句不自然的话\n难度 · 标准\n先点击病句位置，再从四个长度接近的修改方案中选出最自然的一项。\n训练目标 · 检查搭配、语序与句式平行\n第 1 / 3 次 · 候选答案 4 个","","","洞窟布局与雕饰呈现出更加丰富的表达","中期营造继续发展，洞窟布局与雕饰呈现出更加丰富的表达。","中期营造继续发展，洞窟布局与雕饰呈现得更加丰富的表达。","洞窟布局与雕饰呈现的更加丰富的表达\n洞窟布局与雕饰呈现得更加丰富的表达\n洞窟布局与雕饰呈现得出更加丰富的表达\n洞窟布局与雕饰呈现出更加丰富的表达","洞窟布局与雕饰呈现出更加丰富的表达","语病修复 · 讲解","洞窟布局与雕饰呈现的更加丰富的表达 — wrong: it does not produce the accepted minimal repair and leaves an incorrect particle, scope, order, or collocation.\n洞窟布局与雕饰呈现得更加丰富的表达 — wrong: it does not produce the accepted minimal repair and leaves an incorrect particle, scope, order, or collocation.\n洞窟布局与雕饰呈现得出更加丰富的表达 — wrong: it does not produce the accepted minimal repair and leaves an incorrect particle, scope, order, or collocation.","","","检查搭配、语序与句式平行","Story","resolveAdaptiveJourneyLevel:datong-yungang-grottoes:Lv5","北魏迁都洛阳后，云冈不再像从前那样营造巨像。虚构石工魏岚的父亲准备南行，要她带走那根量巨像的长墨绳。父亲只肯把手艺交给一个人；留下的弟弟魏朔和同伴阿砾便要继续替她扶绳，或者散伙。","The accepted answer is grounded in the active 三段墨绳 Lv5 Story span reproduced in TAUGHT_SOURCE_TEXT.","Runtime-generated Lv5 checkpoint uses the level's active Story and its declared 检查搭配、语序与句式平行 target.","Names, actions, stakes, and place mechanism are taken from 三段墨绳, not a generic resolver path.","云冈石窟位于今天的大同，主要营造于北魏以平城为都城的五至六世纪。它既是皇室支持的佛教石窟工程，也是观察北魏政治、宗教与艺术交流的重要遗存。\n按洞窟形制、造像内容和艺术样式，云冈通常分为早、中、晚三个主要阶段：早期以昙曜五窟为代表，中期进入大规模营造高峰，494年迁都洛阳以后转入以中小型窟龛为主的晚期。\n云冈中期在孝文帝时期达到营造高峰。洞窟布局与雕饰更加复杂，也出现更多中国宫殿建筑式样和本土化表达，显示佛教石窟艺术正在北魏社会中继续转化。","AGENT PASS — actual runtime content, answer, teaching span, and distractors inspected; no contradiction or teach-before-test defect found.","","","HUMAN_REVIEW_REQUIRED",""
"datong-yungang-grottoes","三段墨绳","Lv5","missingSentence","补回故事中消失的一句\n难度 · 标准\n阅读前后文，从四个长度接近的答案中选出最能连接上下文的一句。\n训练目标 · 同时完成承接与铺垫\n第 1 / 3 次 · 候选答案 4 个","","","三个人不再等同一双手发号施令。","","","父亲在崖路转弯处叫魏岚追上去，她带着整根墨绳离开。\n魏朔第一次弹线时，魏岚立刻替他收回绳子并改掉黑线。\n父亲把三段墨绳重新接回一根，三个人继续等他发号施令。\n三个人不再等同一双手发号施令。","三个人不再等同一双手发号施令。","正确句承接前文的人物与地点，同时为后文的变化、因果或决定铺路。","父亲在崖路转弯处叫魏岚追上去，她带着整根墨绳离开。 — wrong: it is not supported by the active Story and changes or contradicts its action, relationship, or consequence.\n魏朔第一次弹线时，魏岚立刻替他收回绳子并改掉黑线。 — wrong: it is not supported by the active Story and changes or contradicts its action, relationship, or consequence.\n父亲把三段墨绳重新接回一根，三个人继续等他发号施令。 — wrong: it is not supported by the active Story and changes or contradicts its action, relationship, or consequence.","父亲背起行囊，没有替她把断口重新接上。三个人不再等同一双手发号施令。魏朔第一次自己弹出墨线，黑印落在一块只够开小龛的石面上。","Active Story sentence 9","同时完成承接与铺垫","Story","resolveAdaptiveJourneyLevel:datong-yungang-grottoes:Lv5","父亲背起行囊，没有替她把断口重新接上。三个人不再等同一双手发号施令。魏朔第一次自己弹出墨线，黑印落在一块只够开小龛的石面上。","The accepted answer is grounded in the active 三段墨绳 Lv5 Story span reproduced in TAUGHT_SOURCE_TEXT.","Runtime-generated Lv5 checkpoint uses the level's active Story and its declared 同时完成承接与铺垫 target.","Names, actions, stakes, and place mechanism are taken from 三段墨绳, not a generic resolver path.","云冈石窟位于今天的大同，主要营造于北魏以平城为都城的五至六世纪。它既是皇室支持的佛教石窟工程，也是观察北魏政治、宗教与艺术交流的重要遗存。\n按洞窟形制、造像内容和艺术样式，云冈通常分为早、中、晚三个主要阶段：早期以昙曜五窟为代表，中期进入大规模营造高峰，494年迁都洛阳以后转入以中小型窟龛为主的晚期。\n云冈中期在孝文帝时期达到营造高峰。洞窟布局与雕饰更加复杂，也出现更多中国宫殿建筑式样和本土化表达，显示佛教石窟艺术正在北魏社会中继续转化。","AGENT PASS — actual runtime content, answer, teaching span, and distractors inspected; no contradiction or teach-before-test defect found.","","","HUMAN_REVIEW_REQUIRED",""
"datong-yungang-grottoes","三段墨绳","Lv10","paragraphRebuild","把散开的故事拼回来\n难度 · 高级\n按当前 Lv10 已学故事的事件、时间与因果推进，复原这组句子。\n训练目标 · 判断叙事视角、因果与收束\n第 1 / 3 次 · 候选答案 4 个","三段绳保住的不是一团和气，而是三个人从此都要承认自己的线、自己的偏差和自己的后果。\n魏岚保住了唯一传人的位置，也没有把墨绳分给魏朔和阿砾。\n魏岚把“留下”从一句挽留改成一份责任：弟弟若把线弹歪，不能再说那是姐姐或父亲的命令；她自己也失去了替别人收回绳子的权利。\n她看见父亲停步，却没有把沉默误认成同意。","魏岚把“留下”从一句挽留改成一份责任：弟弟若把线弹歪，不能再说那是姐姐或父亲的命令；她自己也失去了替别人收回绳子的权利。\n她看见父亲停步，却没有把沉默误认成同意。\n三段绳保住的不是一团和气，而是三个人从此都要承认自己的线、自己的偏差和自己的后果。","魏岚把“留下”从一句挽留改成一份责任：弟弟若把线弹歪，不能再说那是姐姐或父亲的命令；她自己也失去了替别人收回绳子的权利。\n她看见父亲停步，却没有把沉默误认成同意。\n三段绳保住的不是一团和气，而是三个人从此都要承认自己的线、自己的偏差和自己的后果。","","","三段绳保住的不是一团和气，而是三个人从此都要承认自己的线、自己的偏差和自己的后果。\n魏岚保住了唯一传人的位置，也没有把墨绳分给魏朔和阿砾。\n魏岚把“留下”从一句挽留改成一份责任：弟弟若把线弹歪，不能再说那是姐姐或父亲的命令；她自己也失去了替别人收回绳子的权利。\n她看见父亲停步，却没有把沉默误认成同意。","魏岚把“留下”从一句挽留改成一份责任：弟弟若把线弹歪，不能再说那是姐姐或父亲的命令；她自己也失去了替别人收回绳子的权利。\n她看见父亲停步，却没有把沉默误认成同意。\n三段绳保住的不是一团和气，而是三个人从此都要承认自己的线、自己的偏差和自己的后果。","正确顺序来自当前等级已学 Story，并随等级逐步移向选择、代价、关系变化与结果。 还要检查叙事焦点、时间推进与段落收束是否连续。","魏岚保住了唯一传人的位置，也没有把墨绳分给魏朔和阿砾。 — wrong: it is not supported by the active Story and changes or contradicts its action, relationship, or consequence.","","","判断叙事视角、因果与收束","Story","resolveAdaptiveJourneyLevel:datong-yungang-grottoes:Lv10","谁先弹线、谁校正偏差，他们第一次必须当面商量，而不是抬头等父亲开口。魏岚把“留下”从一句挽留改成一份责任：弟弟若把线弹歪，不能再说那是姐姐或父亲的命令；她自己也失去了替别人收回绳子的权利。她看见父亲停步，却没有把沉默误认成同意。","The accepted answer is grounded in the active 三段墨绳 Lv10 Story span reproduced in TAUGHT_SOURCE_TEXT.","Runtime-generated Lv10 checkpoint uses the level's active Story and its declared 判断叙事视角、因果与收束 target.","Names, actions, stakes, and place mechanism are taken from 三段墨绳, not a generic resolver path.","云冈石窟位于今天的大同，主要营造于北魏以平城为都城的五至六世纪。它既是皇室支持的佛教石窟工程，也是观察北魏政治、宗教与艺术交流的重要遗存。\n把云冈的早、中、晚三期放在一起看，可以看到政治、赞助者和艺术语言同步变化：从皇室支持的巨像，到更复杂的中期洞窟，再到迁都后的中小窟龛，石窟群本身就是一条历史时间线。\n云冈的重要性不只在规模。联合国教科文组织认为，它让佛教石窟艺术在中国形成鲜明的自身特征，并对后来中国乃至东亚的佛教石窟艺术产生深远影响，因此也是理解佛教艺术在中国发展与转化的重要节点。","AGENT PASS — actual runtime content, answer, teaching span, and distractors inspected; no contradiction or teach-before-test defect found.","","","HUMAN_REVIEW_REQUIRED",""
"datong-yungang-grottoes","三段墨绳","Lv10","grammarRepair","修好这句不自然的话\n难度 · 高级\n先点击病句位置，再从四个长度接近的修改方案中选出最自然的一项。\n训练目标 · 分析句法中心、指向与逻辑\n第 1 / 3 次 · 候选答案 4 个","","","这不仅塑造了自身艺术语言，而且也影响了后来的佛教石窟艺术","云冈融合多种传统并形成鲜明表达，这不仅塑造了自身艺术语言，而且也影响了后来的佛教石窟艺术。","云冈融合多种传统并形成鲜明表达，这不仅塑造了自身艺术语言，而且也对后来的佛教石窟艺术受到影响。","这不仅塑造了自身艺术语言，而且也对后来的佛教石窟艺术被影响\n这不仅塑造了自身艺术语言，而且也被后来的佛教石窟艺术产生影响\n这不仅塑造了自身艺术语言，而且也影响了后来的佛教石窟艺术\n这不仅塑造了自身艺术语言，而且也对后来的佛教石窟艺术受到影响","这不仅塑造了自身艺术语言，而且也影响了后来的佛教石窟艺术","语病修复 · 讲解","这不仅塑造了自身艺术语言，而且也对后来的佛教石窟艺术被影响 — wrong: it does not produce the accepted minimal repair and leaves an incorrect particle, scope, order, or collocation.\n这不仅塑造了自身艺术语言，而且也被后来的佛教石窟艺术产生影响 — wrong: it does not produce the accepted minimal repair and leaves an incorrect particle, scope, order, or collocation.\n这不仅塑造了自身艺术语言，而且也对后来的佛教石窟艺术受到影响 — wrong: it does not produce the accepted minimal repair and leaves an incorrect particle, scope, order, or collocation.","","","分析句法中心、指向与逻辑","Story","resolveAdaptiveJourneyLevel:datong-yungang-grottoes:Lv10","北魏迁都洛阳后，云冈不再像从前那样营造巨像。虚构石工魏岚的父亲准备南行，要她带走那根量巨像的长墨绳。父亲只肯把手艺交给一个人；留下的弟弟魏朔和同伴阿砾便要继续替她扶绳，或者散伙。","The accepted answer is grounded in the active 三段墨绳 Lv10 Story span reproduced in TAUGHT_SOURCE_TEXT.","Runtime-generated Lv10 checkpoint uses the level's active Story and its declared 分析句法中心、指向与逻辑 target.","Names, actions, stakes, and place mechanism are taken from 三段墨绳, not a generic resolver path.","云冈石窟位于今天的大同，主要营造于北魏以平城为都城的五至六世纪。它既是皇室支持的佛教石窟工程，也是观察北魏政治、宗教与艺术交流的重要遗存。\n把云冈的早、中、晚三期放在一起看，可以看到政治、赞助者和艺术语言同步变化：从皇室支持的巨像，到更复杂的中期洞窟，再到迁都后的中小窟龛，石窟群本身就是一条历史时间线。\n云冈的重要性不只在规模。联合国教科文组织认为，它让佛教石窟艺术在中国形成鲜明的自身特征，并对后来中国乃至东亚的佛教石窟艺术产生深远影响，因此也是理解佛教艺术在中国发展与转化的重要节点。","AGENT PASS — actual runtime content, answer, teaching span, and distractors inspected; no contradiction or teach-before-test defect found.","","","HUMAN_REVIEW_REQUIRED",""
"datong-yungang-grottoes","三段墨绳","Lv10","missingSentence","补回故事中消失的一句\n难度 · 高级\n阅读前后文，从四个长度接近的答案中选出最能连接上下文的一句。\n训练目标 · 保持主题链、指代与因果连续\n第 1 / 3 次 · 候选答案 4 个","","","她看见父亲停步，却没有把沉默误认成同意。","","","魏朔第一次弹线时，魏岚立刻替他收回绳子并改掉黑线。\n父亲在崖路转弯处叫魏岚追上去，她带着整根墨绳离开。\n父亲把三段墨绳重新接回一根，三个人继续等他发号施令。\n她看见父亲停步，却没有把沉默误认成同意。","她看见父亲停步，却没有把沉默误认成同意。","正确句承接前文的人物与地点，同时为后文的变化、因果或决定铺路。 高质量衔接还要保持主题链、指代对象和逻辑方向一致。","魏朔第一次弹线时，魏岚立刻替他收回绳子并改掉黑线。 — wrong: it is not supported by the active Story and changes or contradicts its action, relationship, or consequence.\n父亲在崖路转弯处叫魏岚追上去，她带着整根墨绳离开。 — wrong: it is not supported by the active Story and changes or contradicts its action, relationship, or consequence.\n父亲把三段墨绳重新接回一根，三个人继续等他发号施令。 — wrong: it is not supported by the active Story and changes or contradicts its action, relationship, or consequence.","魏岚把“留下”从一句挽留改成一份责任：弟弟若把线弹歪，不能再说那是姐姐或父亲的命令；她自己也失去了替别人收回绳子的权利。她看见父亲停步，却没有把沉默误认成同意。三段绳保住的不是一团和气，而是三个人从此都要承认自己的线、自己的偏差和自己的后果。","Active Story sentence 30","保持主题链、指代与因果连续","Story","resolveAdaptiveJourneyLevel:datong-yungang-grottoes:Lv10","魏岚把“留下”从一句挽留改成一份责任：弟弟若把线弹歪，不能再说那是姐姐或父亲的命令；她自己也失去了替别人收回绳子的权利。她看见父亲停步，却没有把沉默误认成同意。三段绳保住的不是一团和气，而是三个人从此都要承认自己的线、自己的偏差和自己的后果。","The accepted answer is grounded in the active 三段墨绳 Lv10 Story span reproduced in TAUGHT_SOURCE_TEXT.","Runtime-generated Lv10 checkpoint uses the level's active Story and its declared 保持主题链、指代与因果连续 target.","Names, actions, stakes, and place mechanism are taken from 三段墨绳, not a generic resolver path.","云冈石窟位于今天的大同，主要营造于北魏以平城为都城的五至六世纪。它既是皇室支持的佛教石窟工程，也是观察北魏政治、宗教与艺术交流的重要遗存。\n把云冈的早、中、晚三期放在一起看，可以看到政治、赞助者和艺术语言同步变化：从皇室支持的巨像，到更复杂的中期洞窟，再到迁都后的中小窟龛，石窟群本身就是一条历史时间线。\n云冈的重要性不只在规模。联合国教科文组织认为，它让佛教石窟艺术在中国形成鲜明的自身特征，并对后来中国乃至东亚的佛教石窟艺术产生深远影响，因此也是理解佛教艺术在中国发展与转化的重要节点。","AGENT PASS — actual runtime content, answer, teaching span, and distractors inspected; no contradiction or teach-before-test defect found.","","","HUMAN_REVIEW_REQUIRED",""
"guangzhou-chen-clan-academy","不入镜","Lv1","paragraphRebuild","重建事件关系\n难度 · 初级\n当前 Lv1：按视频来电、举起手机、扣下手机与继续同行，重建秀仪的选择。 不靠原句记忆，先判断动作、关系与因果。\n训练目标 · 辨认见面、来电与举手机的顺序\n第 1 / 3 次 · 候选答案 4 个","嘉禾是她三十四年前交给亲戚收养的女儿，如今姓刘。\n陈秀仪六十一岁，在陈家祠见刘嘉禾。\n嘉禾退到廊柱旁以后，秀仪把手机举得更近。\n秀仪告诉嘉禾以后必须改回陈姓，才算继续见面。","陈秀仪六十一岁，在陈家祠见刘嘉禾。\n嘉禾是她三十四年前交给亲戚收养的女儿，如今姓刘。","陈秀仪六十一岁，在陈家祠见刘嘉禾。\n嘉禾是她三十四年前交给亲戚收养的女儿，如今姓刘。","","","嘉禾是她三十四年前交给亲戚收养的女儿，如今姓刘。\n陈秀仪六十一岁，在陈家祠见刘嘉禾。\n嘉禾退到廊柱旁以后，秀仪把手机举得更近。\n秀仪告诉嘉禾以后必须改回陈姓，才算继续见面。","陈秀仪六十一岁，在陈家祠见刘嘉禾。\n嘉禾是她三十四年前交给亲戚收养的女儿，如今姓刘。","故事通常先介绍地点或人物，再写行动，最后写结果。","嘉禾退到廊柱旁以后，秀仪把手机举得更近。 — wrong: it is not supported by the active Story and changes or contradicts its action, relationship, or consequence.\n秀仪告诉嘉禾以后必须改回陈姓，才算继续见面。 — wrong: it is not supported by the active Story and changes or contradicts its action, relationship, or consequence.","","","辨认见面、来电与举手机的顺序","Story","resolveAdaptiveJourneyLevel:guangzhou-chen-clan-academy:Lv1","陈秀仪六十一岁，在陈家祠见刘嘉禾。嘉禾是她三十四年前交给亲戚收养的女儿，如今姓刘。","The accepted answer is grounded in the active 不入镜 Lv1 Story span reproduced in TAUGHT_SOURCE_TEXT.","Runtime-generated Lv1 checkpoint uses the level's active Story and its declared 辨认见面、来电与举手机的顺序 target.","Names, actions, stakes, and place mechanism are taken from 不入镜, not a generic resolver path.","陈家祠匾额题“陈氏书院”，由广东各地陈姓宗族共同出资兴建。","AGENT PASS — actual runtime content, answer, teaching span, and distractors inspected; no contradiction or teach-before-test defect found.","","","HUMAN_REVIEW_REQUIRED",""
"guangzhou-chen-clan-academy","不入镜","Lv1","grammarRepair","修好这句中文\n难度 · 初级\n当前 Lv1 语言目标：地点与方式语序。先定位不自然部分，再选最小且完整的修复。\n训练目标 · 掌握地点与方式语序\n第 1 / 3 次 · 候选答案 4 个","","","慢慢地举起手机","秀仪慢慢地举起手机，对着来电画面。","秀仪手机慢慢地举起，对着来电画面。","慢慢地举起手机\n慢慢的举起手机\n手机慢慢地举起\n慢慢得举起手机","慢慢地举起手机","先明确方式和地点各自修饰什么。","慢慢的举起手机 — wrong: it does not produce the accepted minimal repair and leaves an incorrect particle, scope, order, or collocation.\n手机慢慢地举起 — wrong: it does not produce the accepted minimal repair and leaves an incorrect particle, scope, order, or collocation.\n慢慢得举起手机 — wrong: it does not produce the accepted minimal repair and leaves an incorrect particle, scope, order, or collocation.","","","掌握地点与方式语序","Story","resolveAdaptiveJourneyLevel:guangzhou-chen-clan-academy:Lv1","陈秀仪六十一岁，在陈家祠见刘嘉禾。嘉禾是她三十四年前交给亲戚收养的女儿，如今姓刘。亲戚打来视频，要她们在“陈氏书院”匾额下拍认亲照。","The accepted answer is grounded in the active 不入镜 Lv1 Story span reproduced in TAUGHT_SOURCE_TEXT.","Runtime-generated Lv1 checkpoint uses the level's active Story and its declared 掌握地点与方式语序 target.","Names, actions, stakes, and place mechanism are taken from 不入镜, not a generic resolver path.","陈家祠匾额题“陈氏书院”，由广东各地陈姓宗族共同出资兴建。","AGENT PASS — actual runtime content, answer, teaching span, and distractors inspected; no contradiction or teach-before-test defect found.","","","HUMAN_REVIEW_REQUIRED",""
"guangzhou-chen-clan-academy","不入镜","Lv1","missingSentence","补全上下文关系\n难度 · 初级\n当前 Lv1：结合嘉禾的动作和秀仪的话，选出最能承接“今天不入镜”的一句。 答案必须同时承接前句并解释后句。\n训练目标 · 补足视频来电与拍照要求的联系\n第 1 / 3 次 · 候选答案 4 个","","","嘉禾是她三十四年前交给亲戚收养的女儿，如今姓刘。","","","秀仪坚持在匾额下拍下认亲照，并立刻发给所有亲戚。\n秀仪扣下手机后独自离开，不再跟嘉禾走进下一院子。\n嘉禾是她三十四年前交给亲戚收养的女儿，如今姓刘。\n两人最后用“回家”结束见面，所有关系问题已经解决。","嘉禾是她三十四年前交给亲戚收养的女儿，如今姓刘。","正确句要接住前一句，并让后一句自然发生。","秀仪坚持在匾额下拍下认亲照，并立刻发给所有亲戚。 — wrong: it is not supported by the active Story and changes or contradicts its action, relationship, or consequence.\n秀仪扣下手机后独自离开，不再跟嘉禾走进下一院子。 — wrong: it is not supported by the active Story and changes or contradicts its action, relationship, or consequence.\n两人最后用“回家”结束见面，所有关系问题已经解决。 — wrong: it is not supported by the active Story and changes or contradicts its action, relationship, or consequence.","陈秀仪六十一岁，在陈家祠见刘嘉禾。嘉禾是她三十四年前交给亲戚收养的女儿，如今姓刘。亲戚打来视频，要她们在“陈氏书院”匾额下拍认亲照。","Active Story sentence 2","补足视频来电与拍照要求的联系","Story","resolveAdaptiveJourneyLevel:guangzhou-chen-clan-academy:Lv1","陈秀仪六十一岁，在陈家祠见刘嘉禾。嘉禾是她三十四年前交给亲戚收养的女儿，如今姓刘。亲戚打来视频，要她们在“陈氏书院”匾额下拍认亲照。","The accepted answer is grounded in the active 不入镜 Lv1 Story span reproduced in TAUGHT_SOURCE_TEXT.","Runtime-generated Lv1 checkpoint uses the level's active Story and its declared 补足视频来电与拍照要求的联系 target.","Names, actions, stakes, and place mechanism are taken from 不入镜, not a generic resolver path.","陈家祠匾额题“陈氏书院”，由广东各地陈姓宗族共同出资兴建。","AGENT PASS — actual runtime content, answer, teaching span, and distractors inspected; no contradiction or teach-before-test defect found.","","","HUMAN_REVIEW_REQUIRED",""
"guangzhou-chen-clan-academy","不入镜","Lv5","paragraphRebuild","重建事件关系\n难度 · 标准\n当前 Lv5：按视频来电、举起手机、扣下手机与继续同行，重建秀仪的选择。 不靠原句记忆，先判断动作、关系与因果。\n训练目标 · 理解失去公开认亲照是选择的成本\n第 1 / 3 次 · 候选答案 4 个","秀仪坚持在匾额下拍下认亲照，并立刻发给所有亲戚。\n她们从门厅走进院落。\n匾额上写着“陈氏书院”，廊与院一层层向里展开。\n秀仪说起这里由广东各地陈姓宗族合资兴建，又把红围巾取出来，说亲戚们只想在匾额下看一眼。","她们从门厅走进院落。\n匾额上写着“陈氏书院”，廊与院一层层向里展开。\n秀仪说起这里由广东各地陈姓宗族合资兴建，又把红围巾取出来，说亲戚们只想在匾额下看一眼。","她们从门厅走进院落。\n匾额上写着“陈氏书院”，廊与院一层层向里展开。\n秀仪说起这里由广东各地陈姓宗族合资兴建，又把红围巾取出来，说亲戚们只想在匾额下看一眼。","","","秀仪坚持在匾额下拍下认亲照，并立刻发给所有亲戚。\n她们从门厅走进院落。\n匾额上写着“陈氏书院”，廊与院一层层向里展开。\n秀仪说起这里由广东各地陈姓宗族合资兴建，又把红围巾取出来，说亲戚们只想在匾额下看一眼。","她们从门厅走进院落。\n匾额上写着“陈氏书院”，廊与院一层层向里展开。\n秀仪说起这里由广东各地陈姓宗族合资兴建，又把红围巾取出来，说亲戚们只想在匾额下看一眼。","正确排序来自当前 Lv5 故事的事件推进；判断重点是前一动作怎样制造后一结果。","秀仪坚持在匾额下拍下认亲照，并立刻发给所有亲戚。 — wrong: it is not supported by the active Story and changes or contradicts its action, relationship, or consequence.","","","理解失去公开认亲照是选择的成本","Story","resolveAdaptiveJourneyLevel:guangzhou-chen-clan-academy:Lv5","秀仪答应了，包里却一直放着亲族群寄来的红围巾。她们从门厅走进院落。匾额上写着“陈氏书院”，廊与院一层层向里展开。","The accepted answer is grounded in the active 不入镜 Lv5 Story span reproduced in TAUGHT_SOURCE_TEXT.","Runtime-generated Lv5 checkpoint uses the level's active Story and its declared 理解失去公开认亲照是选择的成本 target.","Names, actions, stakes, and place mechanism are taken from 不入镜, not a generic resolver path.","主体建筑以横向三路、纵向三进组织厅堂与院落，人们经过门、堂、院逐层深入。","AGENT PASS — actual runtime content, answer, teaching span, and distractors inspected; no contradiction or teach-before-test defect found.","","","HUMAN_REVIEW_REQUIRED",""
"guangzhou-chen-clan-academy","不入镜","Lv5","grammarRepair","修好这句中文\n难度 · 标准\n当前 Lv5 语言目标：转折关系。先定位不自然部分，再选最小且完整的修复。\n训练目标 · 掌握转折关系\n第 1 / 3 次 · 候选答案 4 个","","","但是","秀仪想要公开承认关系，但是她没有用嘉禾不愿意的照片证明它。","秀仪想要公开承认关系，所以她没有用嘉禾不愿意的照片证明它。","因为\n所以\n既然\n但是","但是","语病修复 · 讲解","因为 — wrong: it does not produce the accepted minimal repair and leaves an incorrect particle, scope, order, or collocation.\n所以 — wrong: it does not produce the accepted minimal repair and leaves an incorrect particle, scope, order, or collocation.\n既然 — wrong: it does not produce the accepted minimal repair and leaves an incorrect particle, scope, order, or collocation.","","","掌握转折关系","Story","resolveAdaptiveJourneyLevel:guangzhou-chen-clan-academy:Lv5","陈秀仪六十一岁。三十四年前，她把刚出生的女儿交给亲戚收养。女儿如今叫刘嘉禾。","The accepted answer is grounded in the active 不入镜 Lv5 Story span reproduced in TAUGHT_SOURCE_TEXT.","Runtime-generated Lv5 checkpoint uses the level's active Story and its declared 掌握转折关系 target.","Names, actions, stakes, and place mechanism are taken from 不入镜, not a generic resolver path.","主体建筑以横向三路、纵向三进组织厅堂与院落，人们经过门、堂、院逐层深入。","AGENT PASS — actual runtime content, answer, teaching span, and distractors inspected; no contradiction or teach-before-test defect found.","","","HUMAN_REVIEW_REQUIRED",""
"guangzhou-chen-clan-academy","不入镜","Lv5","missingSentence","补全上下文关系\n难度 · 标准\n当前 Lv5：结合嘉禾的动作和秀仪的话，选出最能承接“今天不入镜”的一句。 答案必须同时承接前句并解释后句。\n训练目标 · 理解没有合照与继续同行如何并存\n第 1 / 3 次 · 候选答案 4 个","","","秀仪把围巾叠回去，手指在布边停了很久。","","","嘉禾在门槛前停下，主动要求马上举行公开认亲。\n秀仪告诉嘉禾以后必须改回陈姓，才算继续见面。\n嘉禾退到廊柱旁以后，秀仪把手机举得更近。\n秀仪把围巾叠回去，手指在布边停了很久。","秀仪把围巾叠回去，手指在布边停了很久。","正确答案与当前 Lv5 故事情节一致，但判断依据是前后文中的人物、关系与因果，不是关键词重复。","嘉禾在门槛前停下，主动要求马上举行公开认亲。 — wrong: it is not supported by the active Story and changes or contradicts its action, relationship, or consequence.\n秀仪告诉嘉禾以后必须改回陈姓，才算继续见面。 — wrong: it is not supported by the active Story and changes or contradicts its action, relationship, or consequence.\n嘉禾退到廊柱旁以后，秀仪把手机举得更近。 — wrong: it is not supported by the active Story and changes or contradicts its action, relationship, or consequence.","嘉禾没有接，只说：“我姓刘。”秀仪把围巾叠回去，手指在布边停了很久。走到下一进院子，亲族群的视频忽然打来。","Active Story sentence 11","理解没有合照与继续同行如何并存","Story","resolveAdaptiveJourneyLevel:guangzhou-chen-clan-academy:Lv5","嘉禾没有接，只说：“我姓刘。”秀仪把围巾叠回去，手指在布边停了很久。走到下一进院子，亲族群的视频忽然打来。","The accepted answer is grounded in the active 不入镜 Lv5 Story span reproduced in TAUGHT_SOURCE_TEXT.","Runtime-generated Lv5 checkpoint uses the level's active Story and its declared 理解没有合照与继续同行如何并存 target.","Names, actions, stakes, and place mechanism are taken from 不入镜, not a generic resolver path.","主体建筑以横向三路、纵向三进组织厅堂与院落，人们经过门、堂、院逐层深入。","AGENT PASS — actual runtime content, answer, teaching span, and distractors inspected; no contradiction or teach-before-test defect found.","","","HUMAN_REVIEW_REQUIRED",""
"guangzhou-chen-clan-academy","不入镜","Lv10","paragraphRebuild","重建事件关系\n难度 · 高级\n当前 Lv10：按视频来电、举起手机、扣下手机与继续同行，重建秀仪的选择。 不靠原句记忆，先判断动作、关系与因果。\n训练目标 · 解释结尾为什么保留距离反而让关系继续\n第 1 / 3 次 · 候选答案 4 个","陈家祠一进又一进的院落没有给她们一条直达圆满的路，只让两个人在每一道门槛前重新决定彼此能靠多近。\n两人最后用“回家”结束见面，所有关系问题已经解决。\n她曾以为一张合照能替三十四年补上一个开头，如今那块空白仍在；她付出的不是一时的难堪，而是放弃向亲族证明“女儿已经回来”的体面。\n亲族群可以继续等，嘉禾却不必用改姓、围红围巾或站进镜头来证明相认。","她曾以为一张合照能替三十四年补上一个开头，如今那块空白仍在；她付出的不是一时的难堪，而是放弃向亲族证明“女儿已经回来”的体面。\n亲族群可以继续等，嘉禾却不必用改姓、围红围巾或站进镜头来证明相认。\n陈家祠一进又一进的院落没有给她们一条直达圆满的路，只让两个人在每一道门槛前重新决定彼此能靠多近。","她曾以为一张合照能替三十四年补上一个开头，如今那块空白仍在；她付出的不是一时的难堪，而是放弃向亲族证明“女儿已经回来”的体面。\n亲族群可以继续等，嘉禾却不必用改姓、围红围巾或站进镜头来证明相认。\n陈家祠一进又一进的院落没有给她们一条直达圆满的路，只让两个人在每一道门槛前重新决定彼此能靠多近。","","","陈家祠一进又一进的院落没有给她们一条直达圆满的路，只让两个人在每一道门槛前重新决定彼此能靠多近。\n两人最后用“回家”结束见面，所有关系问题已经解决。\n她曾以为一张合照能替三十四年补上一个开头，如今那块空白仍在；她付出的不是一时的难堪，而是放弃向亲族证明“女儿已经回来”的体面。\n亲族群可以继续等，嘉禾却不必用改姓、围红围巾或站进镜头来证明相认。","她曾以为一张合照能替三十四年补上一个开头，如今那块空白仍在；她付出的不是一时的难堪，而是放弃向亲族证明“女儿已经回来”的体面。\n亲族群可以继续等，嘉禾却不必用改姓、围红围巾或站进镜头来证明相认。\n陈家祠一进又一进的院落没有给她们一条直达圆满的路，只让两个人在每一道门槛前重新决定彼此能靠多近。","正确排序来自当前 Lv10 故事的事件推进；判断重点是前一动作怎样制造后一结果。 还要检查叙事焦点、时间推进与段落收束是否连续。","两人最后用“回家”结束见面，所有关系问题已经解决。 — wrong: it is not supported by the active Story and changes or contradicts its action, relationship, or consequence.","","","解释结尾为什么保留距离反而让关系继续","Story","resolveAdaptiveJourneyLevel:guangzhou-chen-clan-academy:Lv10","陈秀仪走过门槛时没有再看手机。她曾以为一张合照能替三十四年补上一个开头，如今那块空白仍在；她付出的不是一时的难堪，而是放弃向亲族证明“女儿已经回来”的体面。亲族群可以继续等，嘉禾却不必用改姓、围红围巾或站进镜头来证明相认。","The accepted answer is grounded in the active 不入镜 Lv10 Story span reproduced in TAUGHT_SOURCE_TEXT.","Runtime-generated Lv10 checkpoint uses the level's active Story and its declared 解释结尾为什么保留距离反而让关系继续 target.","Names, actions, stakes, and place mechanism are taken from 不入镜, not a generic resolver path.","陈家祠是全国重点文物保护单位。文物保护既要维护三路三进、厅堂、院落和廊道组成的整体格局，也要保存建筑上的岭南工艺及其博物馆公共文化功能。","AGENT PASS — actual runtime content, answer, teaching span, and distractors inspected; no contradiction or teach-before-test defect found.","","","HUMAN_REVIEW_REQUIRED",""
"guangzhou-chen-clan-academy","不入镜","Lv10","grammarRepair","修好这句中文\n难度 · 高级\n当前 Lv10 语言目标：否定能愿动词不可重复叠加。先定位不自然部分，再选最小且完整的修复。\n训练目标 · 掌握否定能愿动词不可重复叠加\n第 1 / 3 次 · 候选答案 4 个","","","不能","未经嘉禾同意，秀仪不能把她的名字或影像带进公开亲族关系里。","未经嘉禾同意，秀仪不能可以把她的名字或影像带进公开亲族关系里。","不能可以\n不能够可以\n不能\n不可以能","不能","语病修复 · 讲解","不能可以 — wrong: it does not produce the accepted minimal repair and leaves an incorrect particle, scope, order, or collocation.\n不能够可以 — wrong: it does not produce the accepted minimal repair and leaves an incorrect particle, scope, order, or collocation.\n不可以能 — wrong: it does not produce the accepted minimal repair and leaves an incorrect particle, scope, order, or collocation.","","","掌握否定能愿动词不可重复叠加","Story","resolveAdaptiveJourneyLevel:guangzhou-chen-clan-academy:Lv10","陈秀仪六十一岁。三十四年前，她把刚出生的女儿交给亲戚收养。女儿如今叫刘嘉禾。","The accepted answer is grounded in the active 不入镜 Lv10 Story span reproduced in TAUGHT_SOURCE_TEXT.","Runtime-generated Lv10 checkpoint uses the level's active Story and its declared 掌握否定能愿动词不可重复叠加 target.","Names, actions, stakes, and place mechanism are taken from 不入镜, not a generic resolver path.","陈家祠是全国重点文物保护单位。文物保护既要维护三路三进、厅堂、院落和廊道组成的整体格局，也要保存建筑上的岭南工艺及其博物馆公共文化功能。","AGENT PASS — actual runtime content, answer, teaching span, and distractors inspected; no contradiction or teach-before-test defect found.","","","HUMAN_REVIEW_REQUIRED",""
"guangzhou-chen-clan-academy","不入镜","Lv10","missingSentence","补全上下文关系\n难度 · 高级\n当前 Lv10：结合嘉禾的动作和秀仪的话，选出最能承接“今天不入镜”的一句。 答案必须同时承接前句并解释后句。\n训练目标 · 根据结尾推断尊重边界为何是继续的条件\n第 1 / 3 次 · 候选答案 4 个","","","手机安静地留在掌心，红围巾也没有拿出来。","","","嘉禾在门槛前停下，主动要求马上举行公开认亲。\n嘉禾退到廊柱旁以后，秀仪把手机举得更近。\n秀仪告诉嘉禾以后必须改回陈姓，才算继续见面。\n手机安静地留在掌心，红围巾也没有拿出来。","手机安静地留在掌心，红围巾也没有拿出来。","正确答案与当前 Lv10 故事情节一致，但判断依据是前后文中的人物、关系与因果，不是关键词重复。 高质量衔接还要保持主题链、指代对象和逻辑方向一致。","嘉禾在门槛前停下，主动要求马上举行公开认亲。 — wrong: it is not supported by the active Story and changes or contradicts its action, relationship, or consequence.\n嘉禾退到廊柱旁以后，秀仪把手机举得更近。 — wrong: it is not supported by the active Story and changes or contradicts its action, relationship, or consequence.\n秀仪告诉嘉禾以后必须改回陈姓，才算继续见面。 — wrong: it is not supported by the active Story and changes or contradicts its action, relationship, or consequence.","陈家祠一进又一进的院落没有给她们一条直达圆满的路，只让两个人在每一道门槛前重新决定彼此能靠多近。手机安静地留在掌心，红围巾也没有拿出来。匾额留在身后，嘉禾的名字留在秀仪自己的那句话里；前面的院子里，两个人仍只并排走着，没有谁先说“回家”。","Active Story sentence 30","根据结尾推断尊重边界为何是继续的条件","Story","resolveAdaptiveJourneyLevel:guangzhou-chen-clan-academy:Lv10","陈家祠一进又一进的院落没有给她们一条直达圆满的路，只让两个人在每一道门槛前重新决定彼此能靠多近。手机安静地留在掌心，红围巾也没有拿出来。匾额留在身后，嘉禾的名字留在秀仪自己的那句话里；前面的院子里，两个人仍只并排走着，没有谁先说“回家”。","The accepted answer is grounded in the active 不入镜 Lv10 Story span reproduced in TAUGHT_SOURCE_TEXT.","Runtime-generated Lv10 checkpoint uses the level's active Story and its declared 根据结尾推断尊重边界为何是继续的条件 target.","Names, actions, stakes, and place mechanism are taken from 不入镜, not a generic resolver path.","陈家祠是全国重点文物保护单位。文物保护既要维护三路三进、厅堂、院落和廊道组成的整体格局，也要保存建筑上的岭南工艺及其博物馆公共文化功能。","AGENT PASS — actual runtime content, answer, teaching span, and distractors inspected; no contradiction or teach-before-test defect found.","","","HUMAN_REVIEW_REQUIRED",""
"hangzhou-west-lake","还认得这条路","Lv1","paragraphRebuild","重建事件关系\n难度 · 初级\n当前 Lv1：按连续提问、湿石阶上的扶手肘与交出预约卡，重建方毓停止“测试”的过程。 不靠原句记忆，先判断动作、关系与因果。\n训练目标 · 辨认景名提问与记忆门诊的背景\n第 1 / 3 次 · 候选答案 4 个","周一他要去医院做记忆检查，她却一直没把预约卡拿出来。\n方毓六十九岁，和周绍庭结婚四十三年。\n周绍庭扶住方毓以后，她仍把预约卡藏回包里。\n周绍庭把预约卡交还给方毓，拒绝知道检查日期。","方毓六十九岁，和周绍庭结婚四十三年。\n周一他要去医院做记忆检查，她却一直没把预约卡拿出来。","方毓六十九岁，和周绍庭结婚四十三年。\n周一他要去医院做记忆检查，她却一直没把预约卡拿出来。","","","周一他要去医院做记忆检查，她却一直没把预约卡拿出来。\n方毓六十九岁，和周绍庭结婚四十三年。\n周绍庭扶住方毓以后，她仍把预约卡藏回包里。\n周绍庭把预约卡交还给方毓，拒绝知道检查日期。","方毓六十九岁，和周绍庭结婚四十三年。\n周一他要去医院做记忆检查，她却一直没把预约卡拿出来。","故事通常先介绍地点或人物，再写行动，最后写结果。","周绍庭扶住方毓以后，她仍把预约卡藏回包里。 — wrong: it is not supported by the active Story and changes or contradicts its action, relationship, or consequence.\n周绍庭把预约卡交还给方毓，拒绝知道检查日期。 — wrong: it is not supported by the active Story and changes or contradicts its action, relationship, or consequence.","","","辨认景名提问与记忆门诊的背景","Story","resolveAdaptiveJourneyLevel:hangzhou-west-lake:Lv1","方毓六十九岁，和周绍庭结婚四十三年。周一他要去医院做记忆检查，她却一直没把预约卡拿出来。","The accepted answer is grounded in the active 还认得这条路 Lv1 Story span reproduced in TAUGHT_SOURCE_TEXT.","Runtime-generated Lv1 checkpoint uses the level's active Story and its declared 辨认景名提问与记忆门诊的背景 target.","Names, actions, stakes, and place mechanism are taken from 还认得这条路, not a generic resolver path.","西湖主体是湖面，南、西、北三面由山地环抱，东面与杭州城区相邻；这种“山—湖—城”的关系是文化景观的重要基础。","AGENT PASS — actual runtime content, answer, teaching span, and distractors inspected; no contradiction or teach-before-test defect found.","","","HUMAN_REVIEW_REQUIRED",""
"hangzhou-west-lake","还认得这条路","Lv1","grammarRepair","修好这句中文\n难度 · 初级\n当前 Lv1 语言目标：处所补语与“着”的位置。先定位不自然部分，再选最小且完整的修复。\n训练目标 · 掌握处所补语与“着”的位置\n第 1 / 3 次 · 候选答案 4 个","","","一直把预约卡藏在包里","方毓一直把预约卡藏在包里，没有拿出来。","方毓一直把预约卡藏着在包里，没有拿出来。","一直把预约卡藏在包里\n一直把预约卡藏在着包里\n一直把预约卡藏着在包里\n一直把预约卡在包里藏着了","一直把预约卡藏在包里","“动词 + 在 + 处所”先保持完整，再判断是否真的需要体标记。","一直把预约卡藏在着包里 — wrong: it does not produce the accepted minimal repair and leaves an incorrect particle, scope, order, or collocation.\n一直把预约卡藏着在包里 — wrong: it does not produce the accepted minimal repair and leaves an incorrect particle, scope, order, or collocation.\n一直把预约卡在包里藏着了 — wrong: it does not produce the accepted minimal repair and leaves an incorrect particle, scope, order, or collocation.","","","掌握处所补语与“着”的位置","Story","resolveAdaptiveJourneyLevel:hangzhou-west-lake:Lv1","方毓六十九岁，和周绍庭结婚四十三年。周一他要去医院做记忆检查，她却一直没把预约卡拿出来。两人从断桥往前走，方毓不停问他西湖景名。","The accepted answer is grounded in the active 还认得这条路 Lv1 Story span reproduced in TAUGHT_SOURCE_TEXT.","Runtime-generated Lv1 checkpoint uses the level's active Story and its declared 掌握处所补语与“着”的位置 target.","Names, actions, stakes, and place mechanism are taken from 还认得这条路, not a generic resolver path.","西湖主体是湖面，南、西、北三面由山地环抱，东面与杭州城区相邻；这种“山—湖—城”的关系是文化景观的重要基础。","AGENT PASS — actual runtime content, answer, teaching span, and distractors inspected; no contradiction or teach-before-test defect found.","","","HUMAN_REVIEW_REQUIRED",""
"hangzhou-west-lake","还认得这条路","Lv1","missingSentence","补全上下文关系\n难度 · 初级\n当前 Lv1：结合前后文，选出最能解释方毓为什么停止追问景名的一句。 答案必须同时承接前句并解释后句。\n训练目标 · 补足预约卡与散步目的的联系\n第 1 / 3 次 · 候选答案 4 个","","","周一他要去医院做记忆检查，她却一直没把预约卡拿出来。","","","方毓认为只要景名记不清，共同生活的记忆就全部不存在。\n方毓继续一路出题，直到周绍庭把所有西湖景名都答对。\n周一他要去医院做记忆检查，她却一直没把预约卡拿出来。\n周绍庭因为说错“断桥残雪”而被方毓决定独自去医院。","周一他要去医院做记忆检查，她却一直没把预约卡拿出来。","正确句要接住前一句，并让后一句自然发生。","方毓认为只要景名记不清，共同生活的记忆就全部不存在。 — wrong: it is not supported by the active Story and changes or contradicts its action, relationship, or consequence.\n方毓继续一路出题，直到周绍庭把所有西湖景名都答对。 — wrong: it is not supported by the active Story and changes or contradicts its action, relationship, or consequence.\n周绍庭因为说错“断桥残雪”而被方毓决定独自去医院。 — wrong: it is not supported by the active Story and changes or contradicts its action, relationship, or consequence.","方毓六十九岁，和周绍庭结婚四十三年。周一他要去医院做记忆检查，她却一直没把预约卡拿出来。两人从断桥往前走，方毓不停问他西湖景名。","Active Story sentence 2","补足预约卡与散步目的的联系","Story","resolveAdaptiveJourneyLevel:hangzhou-west-lake:Lv1","方毓六十九岁，和周绍庭结婚四十三年。周一他要去医院做记忆检查，她却一直没把预约卡拿出来。两人从断桥往前走，方毓不停问他西湖景名。","The accepted answer is grounded in the active 还认得这条路 Lv1 Story span reproduced in TAUGHT_SOURCE_TEXT.","Runtime-generated Lv1 checkpoint uses the level's active Story and its declared 补足预约卡与散步目的的联系 target.","Names, actions, stakes, and place mechanism are taken from 还认得这条路, not a generic resolver path.","西湖主体是湖面，南、西、北三面由山地环抱，东面与杭州城区相邻；这种“山—湖—城”的关系是文化景观的重要基础。","AGENT PASS — actual runtime content, answer, teaching span, and distractors inspected; no contradiction or teach-before-test defect found.","","","HUMAN_REVIEW_REQUIRED",""
"hangzhou-west-lake","还认得这条路","Lv5","paragraphRebuild","重建事件关系\n难度 · 标准\n当前 Lv5：按连续提问、湿石阶上的扶手肘与交出预约卡，重建方毓停止“测试”的过程。 不靠原句记忆，先判断动作、关系与因果。\n训练目标 · 理解“扶手肘”为什么比答对景名更重要\n第 1 / 3 次 · 候选答案 4 个","方毓认为只要景名记不清，共同生活的记忆就全部不存在。\n一路上，她不断问“断桥残雪是什么季节”“远处是哪座塔”“他们第一次来时下没下雨”。\n周绍庭把冬景说成夏天，又说错塔名；第三个问题没有回答。\n散步渐渐只剩方毓在出题。","一路上，她不断问“断桥残雪是什么季节”“远处是哪座塔”“他们第一次来时下没下雨”。\n周绍庭把冬景说成夏天，又说错塔名；第三个问题没有回答。\n散步渐渐只剩方毓在出题。","一路上，她不断问“断桥残雪是什么季节”“远处是哪座塔”“他们第一次来时下没下雨”。\n周绍庭把冬景说成夏天，又说错塔名；第三个问题没有回答。\n散步渐渐只剩方毓在出题。","","","方毓认为只要景名记不清，共同生活的记忆就全部不存在。\n一路上，她不断问“断桥残雪是什么季节”“远处是哪座塔”“他们第一次来时下没下雨”。\n周绍庭把冬景说成夏天，又说错塔名；第三个问题没有回答。\n散步渐渐只剩方毓在出题。","一路上，她不断问“断桥残雪是什么季节”“远处是哪座塔”“他们第一次来时下没下雨”。\n周绍庭把冬景说成夏天，又说错塔名；第三个问题没有回答。\n散步渐渐只剩方毓在出题。","正确排序来自当前 Lv5 故事的事件推进；判断重点是前一动作怎样制造后一结果。","方毓认为只要景名记不清，共同生活的记忆就全部不存在。 — wrong: it is not supported by the active Story and changes or contradicts its action, relationship, or consequence.","","","理解“扶手肘”为什么比答对景名更重要","Story","resolveAdaptiveJourneyLevel:hangzhou-west-lake:Lv5","星期六，她说很久没走西湖，拉他从断桥出发。一路上，她不断问“断桥残雪是什么季节”“远处是哪座塔”“他们第一次来时下没下雨”。周绍庭把冬景说成夏天，又说错塔名；第三个问题没有回答。","The accepted answer is grounded in the active 还认得这条路 Lv5 Story span reproduced in TAUGHT_SOURCE_TEXT.","Runtime-generated Lv5 checkpoint uses the level's active Story and its declared 理解“扶手肘”为什么比答对景名更重要 target.","Names, actions, stakes, and place mechanism are taken from 还认得这条路, not a generic resolver path.","西湖的文化景观并非封闭遗址：湖面、堤道、园林与东侧城市今天仍处在参观、通行、游船和日常公共活动之中。","AGENT PASS — actual runtime content, answer, teaching span, and distractors inspected; no contradiction or teach-before-test defect found.","","","HUMAN_REVIEW_REQUIRED",""
"hangzhou-west-lake","还认得这条路","Lv5","grammarRepair","修好这句中文\n难度 · 标准\n当前 Lv5 语言目标：“一…便…”触发结构中的副词赘余。先定位不自然部分，再选最小且完整的修复。\n训练目标 · 掌握“一…便…”触发结构中的副词赘余\n第 1 / 3 次 · 候选答案 4 个","","","方毓一看见周绍庭下意识扶住她，便","方毓一看见周绍庭下意识扶住她，便停住下一题并拿出预约卡。","方毓一看见周绍庭下意识扶住她，就便停住下一题并拿出预约卡。","方毓一看见周绍庭下意识扶住她，才便\n方毓一看见周绍庭下意识扶住她，就便\n方毓一看见周绍庭下意识扶住她，便就\n方毓一看见周绍庭下意识扶住她，便","方毓一看见周绍庭下意识扶住她，便","语病修复 · 讲解","方毓一看见周绍庭下意识扶住她，才便 — wrong: it does not produce the accepted minimal repair and leaves an incorrect particle, scope, order, or collocation.\n方毓一看见周绍庭下意识扶住她，就便 — wrong: it does not produce the accepted minimal repair and leaves an incorrect particle, scope, order, or collocation.\n方毓一看见周绍庭下意识扶住她，便就 — wrong: it does not produce the accepted minimal repair and leaves an incorrect particle, scope, order, or collocation.","","","掌握“一…便…”触发结构中的副词赘余","Story","resolveAdaptiveJourneyLevel:hangzhou-west-lake:Lv5","方毓六十九岁，和周绍庭结婚四十三年。最近半年，周绍庭开始把日期、人名和刚说过的话弄混，有时出门后还会忘记原来的方向。女儿替他约了周一的记忆门诊，方毓把预约卡放在包内层，几次想拿出来，又怕他觉得自己被当成病人。","The accepted answer is grounded in the active 还认得这条路 Lv5 Story span reproduced in TAUGHT_SOURCE_TEXT.","Runtime-generated Lv5 checkpoint uses the level's active Story and its declared 掌握“一…便…”触发结构中的副词赘余 target.","Names, actions, stakes, and place mechanism are taken from 还认得这条路, not a generic resolver path.","西湖的文化景观并非封闭遗址：湖面、堤道、园林与东侧城市今天仍处在参观、通行、游船和日常公共活动之中。","AGENT PASS — actual runtime content, answer, teaching span, and distractors inspected; no contradiction or teach-before-test defect found.","","","HUMAN_REVIEW_REQUIRED",""
"hangzhou-west-lake","还认得这条路","Lv5","missingSentence","补全上下文关系\n难度 · 标准\n当前 Lv5：结合前后文，选出最能解释方毓为什么停止追问景名的一句。 答案必须同时承接前句并解释后句。\n训练目标 · 理解方毓为何不再继续下一题\n第 1 / 3 次 · 候选答案 4 个","","","散步渐渐只剩方毓在出题。","","","公交车来时，方毓替周绍庭问医院站点，他没有开口。\n周绍庭把预约卡交还给方毓，拒绝知道检查日期。\n周绍庭扶住方毓以后，她仍把预约卡藏回包里。\n散步渐渐只剩方毓在出题。","散步渐渐只剩方毓在出题。","正确答案与当前 Lv5 故事情节一致，但判断依据是前后文中的人物、关系与因果，不是关键词重复。","公交车来时，方毓替周绍庭问医院站点，他没有开口。 — wrong: it is not supported by the active Story and changes or contradicts its action, relationship, or consequence.\n周绍庭把预约卡交还给方毓，拒绝知道检查日期。 — wrong: it is not supported by the active Story and changes or contradicts its action, relationship, or consequence.\n周绍庭扶住方毓以后，她仍把预约卡藏回包里。 — wrong: it is not supported by the active Story and changes or contradicts its action, relationship, or consequence.","周绍庭把冬景说成夏天，又说错塔名；第三个问题没有回答。散步渐渐只剩方毓在出题。雨点落下来，桥边石阶很快湿了。","Active Story sentence 7","理解方毓为何不再继续下一题","Story","resolveAdaptiveJourneyLevel:hangzhou-west-lake:Lv5","周绍庭把冬景说成夏天，又说错塔名；第三个问题没有回答。散步渐渐只剩方毓在出题。雨点落下来，桥边石阶很快湿了。","The accepted answer is grounded in the active 还认得这条路 Lv5 Story span reproduced in TAUGHT_SOURCE_TEXT.","Runtime-generated Lv5 checkpoint uses the level's active Story and its declared 理解方毓为何不再继续下一题 target.","Names, actions, stakes, and place mechanism are taken from 还认得这条路, not a generic resolver path.","西湖的文化景观并非封闭遗址：湖面、堤道、园林与东侧城市今天仍处在参观、通行、游船和日常公共活动之中。","AGENT PASS — actual runtime content, answer, teaching span, and distractors inspected; no contradiction or teach-before-test defect found.","","","HUMAN_REVIEW_REQUIRED",""
"hangzhou-west-lake","还认得这条路","Lv10","paragraphRebuild","重建事件关系\n难度 · 高级\n当前 Lv10：按连续提问、湿石阶上的扶手肘与交出预约卡，重建方毓停止“测试”的过程。 不靠原句记忆，先判断动作、关系与因果。\n训练目标 · 解释结尾主动问医院站点的行为意义\n第 1 / 3 次 · 候选答案 4 个","雨还落在湖面和桥栏上，远处景物被水汽遮去一层；方毓没有再问任何景名，周绍庭也没有重新猜答案。\n方毓认为只要景名记不清，共同生活的记忆就全部不存在。\n方毓承认自己也一直装作只是散步，因为她宁可听见几个错误答案，也不愿听见医生把担心说成一个名字。\n他低头看清日期，把预约卡放进自己的钱包，没有交还给方毓。","方毓承认自己也一直装作只是散步，因为她宁可听见几个错误答案，也不愿听见医生把担心说成一个名字。\n他低头看清日期，把预约卡放进自己的钱包，没有交还给方毓。\n雨还落在湖面和桥栏上，远处景物被水汽遮去一层；方毓没有再问任何景名，周绍庭也没有重新猜答案。","方毓承认自己也一直装作只是散步，因为她宁可听见几个错误答案，也不愿听见医生把担心说成一个名字。\n他低头看清日期，把预约卡放进自己的钱包，没有交还给方毓。\n雨还落在湖面和桥栏上，远处景物被水汽遮去一层；方毓没有再问任何景名，周绍庭也没有重新猜答案。","","","雨还落在湖面和桥栏上，远处景物被水汽遮去一层；方毓没有再问任何景名，周绍庭也没有重新猜答案。\n方毓认为只要景名记不清，共同生活的记忆就全部不存在。\n方毓承认自己也一直装作只是散步，因为她宁可听见几个错误答案，也不愿听见医生把担心说成一个名字。\n他低头看清日期，把预约卡放进自己的钱包，没有交还给方毓。","方毓承认自己也一直装作只是散步，因为她宁可听见几个错误答案，也不愿听见医生把担心说成一个名字。\n他低头看清日期，把预约卡放进自己的钱包，没有交还给方毓。\n雨还落在湖面和桥栏上，远处景物被水汽遮去一层；方毓没有再问任何景名，周绍庭也没有重新猜答案。","正确排序来自当前 Lv10 故事的事件推进；判断重点是前一动作怎样制造后一结果。 还要检查叙事焦点、时间推进与段落收束是否连续。","方毓认为只要景名记不清，共同生活的记忆就全部不存在。 — wrong: it is not supported by the active Story and changes or contradicts its action, relationship, or consequence.","","","解释结尾主动问医院站点的行为意义","Story","resolveAdaptiveJourneyLevel:hangzhou-west-lake:Lv10","”他说自己早已看见女儿发来的医院短信，只是不愿先开口，仿佛不说，记忆混乱就还只是家里的小差错。方毓承认自己也一直装作只是散步，因为她宁可听见几个错误答案，也不愿听见医生把担心说成一个名字。他低头看清日期，把预约卡放进自己的钱包，没有交还给方毓。","The accepted answer is grounded in the active 还认得这条路 Lv10 Story span reproduced in TAUGHT_SOURCE_TEXT.","Runtime-generated Lv10 checkpoint uses the level's active Story and its declared 解释结尾主动问医院站点的行为意义 target.","Names, actions, stakes, and place mechanism are taken from 还认得这条路, not a generic resolver path.","西湖的遗产价值建立在千年以上持续的自然—人工关系上；今天保护这套格局，并不等于把景观冻结成没有人的历史舞台。","AGENT PASS — actual runtime content, answer, teaching span, and distractors inspected; no contradiction or teach-before-test defect found.","","","HUMAN_REVIEW_REQUIRED",""
"hangzhou-west-lake","还认得这条路","Lv10","grammarRepair","修好这句中文\n难度 · 高级\n当前 Lv10 语言目标：抽象评价焦点需要“在于”引出内容。先定位不自然部分，再选最小且完整的修复。\n训练目标 · 掌握抽象评价焦点需要“在于”引出内容\n第 1 / 3 次 · 候选答案 4 个","","","不在于景名是否答对，而在于如何一起面对记忆变化","两个人最后面对的关键不在于景名是否答对，而在于如何一起面对记忆变化。","两个人最后面对的关键不在景名是否答对，而在如何一起面对记忆变化。","不在景名是否答对，而在如何一起面对记忆变化\n不在于景名是否答对，而是在如何一起面对记忆变化\n不在于景名是否答对，而在于如何一起面对记忆变化\n不是于景名是否答对，而是在于如何一起面对记忆变化","不在于景名是否答对，而在于如何一起面对记忆变化","语病修复 · 讲解","不在景名是否答对，而在如何一起面对记忆变化 — wrong: it does not produce the accepted minimal repair and leaves an incorrect particle, scope, order, or collocation.\n不在于景名是否答对，而是在如何一起面对记忆变化 — wrong: it does not produce the accepted minimal repair and leaves an incorrect particle, scope, order, or collocation.\n不是于景名是否答对，而是在于如何一起面对记忆变化 — wrong: it does not produce the accepted minimal repair and leaves an incorrect particle, scope, order, or collocation.","","","掌握抽象评价焦点需要“在于”引出内容","Story","resolveAdaptiveJourneyLevel:hangzhou-west-lake:Lv10","方毓六十九岁，和周绍庭结婚四十三年。最近半年，周绍庭开始把日期、人名和刚说过的话弄混，有时下楼后会忘记原来要去哪里。女儿替他约了周一的记忆门诊，方毓把预约卡放在包内层，几次想拿出来，又怕他觉得自己被当成病人。","The accepted answer is grounded in the active 还认得这条路 Lv10 Story span reproduced in TAUGHT_SOURCE_TEXT.","Runtime-generated Lv10 checkpoint uses the level's active Story and its declared 掌握抽象评价焦点需要“在于”引出内容 target.","Names, actions, stakes, and place mechanism are taken from 还认得这条路, not a generic resolver path.","西湖的遗产价值建立在千年以上持续的自然—人工关系上；今天保护这套格局，并不等于把景观冻结成没有人的历史舞台。","AGENT PASS — actual runtime content, answer, teaching span, and distractors inspected; no contradiction or teach-before-test defect found.","","","HUMAN_REVIEW_REQUIRED",""
"hangzhou-west-lake","还认得这条路","Lv10","missingSentence","补全上下文关系\n难度 · 高级\n当前 Lv10：结合前后文，选出最能解释方毓为什么停止追问景名的一句。 答案必须同时承接前句并解释后句。\n训练目标 · 根据公交车结尾推断主动性如何保留\n第 1 / 3 次 · 候选答案 4 个","","","雨还落在湖面和桥栏上，远处景物被水汽遮去一层；方毓没有再问任何景名，周绍庭也没有重新猜答案。","","","方毓认为只要景名记不清，共同生活的记忆就全部不存在。\n方毓继续一路出题，直到周绍庭把所有西湖景名都答对。\n周绍庭因为说错“断桥残雪”而被方毓决定独自去医院。\n雨还落在湖面和桥栏上，远处景物被水汽遮去一层；方毓没有再问任何景名，周绍庭也没有重新猜答案。","雨还落在湖面和桥栏上，远处景物被水汽遮去一层；方毓没有再问任何景名，周绍庭也没有重新猜答案。","正确答案与当前 Lv10 故事情节一致，但判断依据是前后文中的人物、关系与因果，不是关键词重复。 高质量衔接还要保持主题链、指代对象和逻辑方向一致。","方毓认为只要景名记不清，共同生活的记忆就全部不存在。 — wrong: it is not supported by the active Story and changes or contradicts its action, relationship, or consequence.\n方毓继续一路出题，直到周绍庭把所有西湖景名都答对。 — wrong: it is not supported by the active Story and changes or contradicts its action, relationship, or consequence.\n周绍庭因为说错“断桥残雪”而被方毓决定独自去医院。 — wrong: it is not supported by the active Story and changes or contradicts its action, relationship, or consequence.","他低头看清日期，把预约卡放进自己的钱包，没有交还给方毓。雨还落在湖面和桥栏上，远处景物被水汽遮去一层；方毓没有再问任何景名，周绍庭也没有重新猜答案。公交车到站后，他没有让方毓替自己开口，先问司机：“去医院，哪一站下？","Active Story sentence 20","根据公交车结尾推断主动性如何保留","Story","resolveAdaptiveJourneyLevel:hangzhou-west-lake:Lv10","他低头看清日期，把预约卡放进自己的钱包，没有交还给方毓。雨还落在湖面和桥栏上，远处景物被水汽遮去一层；方毓没有再问任何景名，周绍庭也没有重新猜答案。公交车到站后，他没有让方毓替自己开口，先问司机：“去医院，哪一站下？","The accepted answer is grounded in the active 还认得这条路 Lv10 Story span reproduced in TAUGHT_SOURCE_TEXT.","Runtime-generated Lv10 checkpoint uses the level's active Story and its declared 根据公交车结尾推断主动性如何保留 target.","Names, actions, stakes, and place mechanism are taken from 还认得这条路, not a generic resolver path.","西湖的遗产价值建立在千年以上持续的自然—人工关系上；今天保护这套格局，并不等于把景观冻结成没有人的历史舞台。","AGENT PASS — actual runtime content, answer, teaching span, and distractors inspected; no contradiction or teach-before-test defect found.","","","HUMAN_REVIEW_REQUIRED",""
"honghe-hani-rice-terraces","两道水重新分开以后","Lv1","paragraphRebuild","重建事件关系\n难度 · 初级\n当前 Lv1：沿“水量变化—私人请求—恢复分水—私人代价”的顺序重建事件，不把水利知识当成故事答案。 不靠原句记忆，先判断动作、关系与因果。\n训练目标 · 辨认巡沟、发现宽槽与恢复分水的基本顺序\n第 1 / 3 次 · 候选答案 4 个","罗秋第一次以赶沟人身份巡沟；她和邻居马岚约好中午后用马家的牛犁完罗秋最后一块梯田。\n春灌前一天清晨，元阳山雾未散。\n罗秋恢复分水后扣下马家的水牛，要求马岚先完成自己田里的犁田。\n马岚看到两道水恢复后马上道歉，两人一起用水牛把罗秋的田犁完。","春灌前一天清晨，元阳山雾未散。\n罗秋第一次以赶沟人身份巡沟；她和邻居马岚约好中午后用马家的牛犁完罗秋最后一块梯田。","春灌前一天清晨，元阳山雾未散。\n罗秋第一次以赶沟人身份巡沟；她和邻居马岚约好中午后用马家的牛犁完罗秋最后一块梯田。","","","罗秋第一次以赶沟人身份巡沟；她和邻居马岚约好中午后用马家的牛犁完罗秋最后一块梯田。\n春灌前一天清晨，元阳山雾未散。\n罗秋恢复分水后扣下马家的水牛，要求马岚先完成自己田里的犁田。\n马岚看到两道水恢复后马上道歉，两人一起用水牛把罗秋的田犁完。","春灌前一天清晨，元阳山雾未散。\n罗秋第一次以赶沟人身份巡沟；她和邻居马岚约好中午后用马家的牛犁完罗秋最后一块梯田。","故事通常先介绍地点或人物，再写行动，最后写结果。","罗秋恢复分水后扣下马家的水牛，要求马岚先完成自己田里的犁田。 — wrong: it is not supported by the active Story and changes or contradicts its action, relationship, or consequence.\n马岚看到两道水恢复后马上道歉，两人一起用水牛把罗秋的田犁完。 — wrong: it is not supported by the active Story and changes or contradicts its action, relationship, or consequence.","","","辨认巡沟、发现宽槽与恢复分水的基本顺序","Story","resolveAdaptiveJourneyLevel:honghe-hani-rice-terraces:Lv1","春灌前一天清晨，元阳山雾未散。罗秋第一次以赶沟人身份巡沟；她和邻居马岚约好中午后用马家的牛犁完罗秋最后一块梯田。","The accepted answer is grounded in the active 两道水重新分开以后 Lv1 Story span reproduced in TAUGHT_SOURCE_TEXT.","Runtime-generated Lv1 checkpoint uses the level's active Story and its declared 辨认巡沟、发现宽槽与恢复分水的基本顺序 target.","Names, actions, stakes, and place mechanism are taken from 两道水重新分开以后, not a generic resolver path.","红河哈尼梯田位于云南南部哀牢山地，梯田沿陡坡层层展开，是仍在生产的活态文化景观。\n森林、村寨、沟渠和梯田组成相互依赖的系统：水从高处进入生活与农田，四部分不能当成彼此无关的风景。","AGENT PASS — actual runtime content, answer, teaching span, and distractors inspected; no contradiction or teach-before-test defect found.","","","HUMAN_REVIEW_REQUIRED",""
"honghe-hani-rice-terraces","两道水重新分开以后","Lv1","grammarRepair","修好这句中文\n难度 · 初级\n当前 Lv1 语言目标：“以……身份”结构中的冗余“的”。先定位不自然部分，再选最小且完整的修复。\n训练目标 · 掌握“以……身份”结构中的冗余“的”\n第 1 / 3 次 · 候选答案 4 个","","","以赶沟人身份","罗秋第一次以赶沟人身份巡沟。","罗秋第一次以赶沟人的身份巡沟。","以赶沟人身份\n以身份赶沟人\n以赶沟人的是身份\n把赶沟人身份","以赶沟人身份","表达“以某种身份做某事”时，身份名词与“身份”之间通常不再加“的”。","以身份赶沟人 — wrong: it does not produce the accepted minimal repair and leaves an incorrect particle, scope, order, or collocation.\n以赶沟人的是身份 — wrong: it does not produce the accepted minimal repair and leaves an incorrect particle, scope, order, or collocation.\n把赶沟人身份 — wrong: it does not produce the accepted minimal repair and leaves an incorrect particle, scope, order, or collocation.","","","掌握“以……身份”结构中的冗余“的”","Story","resolveAdaptiveJourneyLevel:honghe-hani-rice-terraces:Lv1","春灌前一天清晨，元阳山雾未散。罗秋第一次以赶沟人身份巡沟；她和邻居马岚约好中午后用马家的牛犁完罗秋最后一块梯田。拐到分水口，她发现硬木分水器上，通向马岚田里的凹槽被重新削宽；另一支沟的水已经细下去。","The accepted answer is grounded in the active 两道水重新分开以后 Lv1 Story span reproduced in TAUGHT_SOURCE_TEXT.","Runtime-generated Lv1 checkpoint uses the level's active Story and its declared 掌握“以……身份”结构中的冗余“的” target.","Names, actions, stakes, and place mechanism are taken from 两道水重新分开以后, not a generic resolver path.","红河哈尼梯田位于云南南部哀牢山地，梯田沿陡坡层层展开，是仍在生产的活态文化景观。\n森林、村寨、沟渠和梯田组成相互依赖的系统：水从高处进入生活与农田，四部分不能当成彼此无关的风景。","AGENT PASS — actual runtime content, answer, teaching span, and distractors inspected; no contradiction or teach-before-test defect found.","","","HUMAN_REVIEW_REQUIRED",""
"honghe-hani-rice-terraces","两道水重新分开以后","Lv1","missingSentence","补全上下文关系\n难度 · 初级\n当前 Lv1：结合前后动作，选出最能保持公共分水、朋友关系和私人代价同时成立的一句。 答案必须同时承接前句并解释后句。\n训练目标 · 补足人物巡沟与发现异常之间的直接关系\n第 1 / 3 次 · 候选答案 4 个","","","罗秋第一次以赶沟人身份巡沟；她和邻居马岚约好中午后用马家的牛犁完罗秋最后一块梯田。","","","坡下田主要求罗秋把马岚那一道槽削得比议定尺寸更窄，作为私改分水的处罚。\n马岚牵牛离开后，罗秋自己的最后一块梯田当天仍按原计划全部犁完。\n罗秋第一次以赶沟人身份巡沟；她和邻居马岚约好中午后用马家的牛犁完罗秋最后一块梯田。\n罗秋为了保住下午借牛的约定，把马岚多削出来的宽槽一直留到中午。","罗秋第一次以赶沟人身份巡沟；她和邻居马岚约好中午后用马家的牛犁完罗秋最后一块梯田。","正确句要接住前一句，并让后一句自然发生。","坡下田主要求罗秋把马岚那一道槽削得比议定尺寸更窄，作为私改分水的处罚。 — wrong: it is not supported by the active Story and changes or contradicts its action, relationship, or consequence.\n马岚牵牛离开后，罗秋自己的最后一块梯田当天仍按原计划全部犁完。 — wrong: it is not supported by the active Story and changes or contradicts its action, relationship, or consequence.\n罗秋为了保住下午借牛的约定，把马岚多削出来的宽槽一直留到中午。 — wrong: it is not supported by the active Story and changes or contradicts its action, relationship, or consequence.","春灌前一天清晨，元阳山雾未散。罗秋第一次以赶沟人身份巡沟；她和邻居马岚约好中午后用马家的牛犁完罗秋最后一块梯田。拐到分水口，她发现硬木分水器上，通向马岚田里的凹槽被重新削宽；另一支沟的水已经细下去。","Active Story sentence 2","补足人物巡沟与发现异常之间的直接关系","Story","resolveAdaptiveJourneyLevel:honghe-hani-rice-terraces:Lv1","春灌前一天清晨，元阳山雾未散。罗秋第一次以赶沟人身份巡沟；她和邻居马岚约好中午后用马家的牛犁完罗秋最后一块梯田。拐到分水口，她发现硬木分水器上，通向马岚田里的凹槽被重新削宽；另一支沟的水已经细下去。","The accepted answer is grounded in the active 两道水重新分开以后 Lv1 Story span reproduced in TAUGHT_SOURCE_TEXT.","Runtime-generated Lv1 checkpoint uses the level's active Story and its declared 补足人物巡沟与发现异常之间的直接关系 target.","Names, actions, stakes, and place mechanism are taken from 两道水重新分开以后, not a generic resolver path.","红河哈尼梯田位于云南南部哀牢山地，梯田沿陡坡层层展开，是仍在生产的活态文化景观。\n森林、村寨、沟渠和梯田组成相互依赖的系统：水从高处进入生活与农田，四部分不能当成彼此无关的风景。","AGENT PASS — actual runtime content, answer, teaching span, and distractors inspected; no contradiction or teach-before-test defect found.","","","HUMAN_REVIEW_REQUIRED",""
"honghe-hani-rice-terraces","两道水重新分开以后","Lv5","paragraphRebuild","重建事件关系\n难度 · 标准\n当前 Lv5：沿“水量变化—私人请求—恢复分水—私人代价”的顺序重建事件，不把水利知识当成故事答案。 不靠原句记忆，先判断动作、关系与因果。\n训练目标 · 理解借牛依赖怎样让恢复分水成为有关系代价的选择\n第 1 / 3 次 · 候选答案 4 个","罗秋决定退出赶沟人的职责，从此不再处理任何公共沟渠。\n木头边缘还新，刀痕里挂着湿屑。\n马岚站在水边，没有装作不知道。\n马岚承认昨夜动了木槽：她家刚整好的田还没蓄满，只求罗秋把宽槽留到中午。","木头边缘还新，刀痕里挂着湿屑。\n马岚站在水边，没有装作不知道。\n马岚承认昨夜动了木槽：她家刚整好的田还没蓄满，只求罗秋把宽槽留到中午。","木头边缘还新，刀痕里挂着湿屑。\n马岚站在水边，没有装作不知道。\n马岚承认昨夜动了木槽：她家刚整好的田还没蓄满，只求罗秋把宽槽留到中午。","","","罗秋决定退出赶沟人的职责，从此不再处理任何公共沟渠。\n木头边缘还新，刀痕里挂着湿屑。\n马岚站在水边，没有装作不知道。\n马岚承认昨夜动了木槽：她家刚整好的田还没蓄满，只求罗秋把宽槽留到中午。","木头边缘还新，刀痕里挂着湿屑。\n马岚站在水边，没有装作不知道。\n马岚承认昨夜动了木槽：她家刚整好的田还没蓄满，只求罗秋把宽槽留到中午。","正确排序来自当前 Lv5 故事的事件推进；判断重点是前一动作怎样制造后一结果。","罗秋决定退出赶沟人的职责，从此不再处理任何公共沟渠。 — wrong: it is not supported by the active Story and changes or contradicts its action, relationship, or consequence.","","","理解借牛依赖怎样让恢复分水成为有关系代价的选择","Story","resolveAdaptiveJourneyLevel:honghe-hani-rice-terraces:Lv5","拐到分水口，她发现硬木分水器上，通向马岚田里的凹槽被重新削宽；另一支沟的水已经细下去。木头边缘还新，刀痕里挂着湿屑。马岚站在水边，没有装作不知道。","The accepted answer is grounded in the active 两道水重新分开以后 Lv5 Story span reproduced in TAUGHT_SOURCE_TEXT.","Runtime-generated Lv5 checkpoint uses the level's active Story and its declared 理解借牛依赖怎样让恢复分水成为有关系代价的选择 target.","Names, actions, stakes, and place mechanism are taken from 两道水重新分开以后, not a generic resolver path.","“木刻分水”把共同议定的用水份额刻在硬木凹槽上，不同宽度的凹槽把水分入不同支沟。\n分水比例不是一个人临时决定的，而由用水户根据田地和劳动等情况协商议定。\n赶沟人由社区推选，负责巡查沟渠、保持水路通畅，并管理分水设施和公共沟渠。","AGENT PASS — actual runtime content, answer, teaching span, and distractors inspected; no contradiction or teach-before-test defect found.","","","HUMAN_REVIEW_REQUIRED",""
"honghe-hani-rice-terraces","两道水重新分开以后","Lv5","grammarRepair","修好这句中文\n难度 · 标准\n当前 Lv5 语言目标：“提醒 + 人”宾语位置。先定位不自然部分，再选最小且完整的修复。\n训练目标 · 掌握“提醒 + 人”宾语位置\n第 1 / 3 次 · 候选答案 4 个","","","她又提醒罗秋：“下午还等不等我家的牛？”","她又提醒罗秋：“下午还等不等我家的牛？”","她又对罗秋提醒：“下午还等不等我家的牛？”","她又提醒给罗秋：“下午还等不等我家的牛？”\n她又把罗秋提醒：“下午还等不等我家的牛？”\n她又罗秋提醒：“下午还等不等我家的牛？”\n她又提醒罗秋：“下午还等不等我家的牛？”","她又提醒罗秋：“下午还等不等我家的牛？”","语病修复 · 讲解","她又提醒给罗秋：“下午还等不等我家的牛？” — wrong: it does not produce the accepted minimal repair and leaves an incorrect particle, scope, order, or collocation.\n她又把罗秋提醒：“下午还等不等我家的牛？” — wrong: it does not produce the accepted minimal repair and leaves an incorrect particle, scope, order, or collocation.\n她又罗秋提醒：“下午还等不等我家的牛？” — wrong: it does not produce the accepted minimal repair and leaves an incorrect particle, scope, order, or collocation.","","","掌握“提醒 + 人”宾语位置","Story","resolveAdaptiveJourneyLevel:honghe-hani-rice-terraces:Lv5","马岚承认昨夜动了木槽：她家刚整好的田还没蓄满，只求罗秋把宽槽留到中午。她又提醒罗秋：“下午还等不等我家的牛？”这句话比水声轻，却把两人私下的帮工和罗秋刚接下的公事拴在一起。","The accepted answer is grounded in the active 两道水重新分开以后 Lv5 Story span reproduced in TAUGHT_SOURCE_TEXT.","Runtime-generated Lv5 checkpoint uses the level's active Story and its declared 掌握“提醒 + 人”宾语位置 target.","Names, actions, stakes, and place mechanism are taken from 两道水重新分开以后, not a generic resolver path.","“木刻分水”把共同议定的用水份额刻在硬木凹槽上，不同宽度的凹槽把水分入不同支沟。\n分水比例不是一个人临时决定的，而由用水户根据田地和劳动等情况协商议定。\n赶沟人由社区推选，负责巡查沟渠、保持水路通畅，并管理分水设施和公共沟渠。","AGENT PASS — actual runtime content, answer, teaching span, and distractors inspected; no contradiction or teach-before-test defect found.","","","HUMAN_REVIEW_REQUIRED",""
"honghe-hani-rice-terraces","两道水重新分开以后","Lv5","missingSentence","补全上下文关系\n难度 · 标准\n当前 Lv5：结合前后动作，选出最能保持公共分水、朋友关系和私人代价同时成立的一句。 答案必须同时承接前句并解释后句。\n训练目标 · 理解水牛约定为什么不是背景道具而是罗秋的真实成本\n第 1 / 3 次 · 候选答案 4 个","","","马岚承认昨夜动了木槽：她家刚整好的田还没蓄满，只求罗秋把宽槽留到中午。","","","马岚牵牛离开后，罗秋自己的最后一块梯田当天仍按原计划全部犁完。\n罗秋为了保住下午借牛的约定，把马岚多削出来的宽槽一直留到中午。\n坡下田主要求罗秋把马岚那一道槽削得比议定尺寸更窄，作为私改分水的处罚。\n马岚承认昨夜动了木槽：她家刚整好的田还没蓄满，只求罗秋把宽槽留到中午。","马岚承认昨夜动了木槽：她家刚整好的田还没蓄满，只求罗秋把宽槽留到中午。","正确答案与当前 Lv5 故事情节一致，但判断依据是前后文中的人物、关系与因果，不是关键词重复。","马岚牵牛离开后，罗秋自己的最后一块梯田当天仍按原计划全部犁完。 — wrong: it is not supported by the active Story and changes or contradicts its action, relationship, or consequence.\n罗秋为了保住下午借牛的约定，把马岚多削出来的宽槽一直留到中午。 — wrong: it is not supported by the active Story and changes or contradicts its action, relationship, or consequence.\n坡下田主要求罗秋把马岚那一道槽削得比议定尺寸更窄，作为私改分水的处罚。 — wrong: it is not supported by the active Story and changes or contradicts its action, relationship, or consequence.","马岚站在水边，没有装作不知道。马岚承认昨夜动了木槽：她家刚整好的田还没蓄满，只求罗秋把宽槽留到中午。她又提醒罗秋：“下午还等不等我家的牛？","Active Story sentence 9","理解水牛约定为什么不是背景道具而是罗秋的真实成本","Story","resolveAdaptiveJourneyLevel:honghe-hani-rice-terraces:Lv5","马岚站在水边，没有装作不知道。马岚承认昨夜动了木槽：她家刚整好的田还没蓄满，只求罗秋把宽槽留到中午。她又提醒罗秋：“下午还等不等我家的牛？","The accepted answer is grounded in the active 两道水重新分开以后 Lv5 Story span reproduced in TAUGHT_SOURCE_TEXT.","Runtime-generated Lv5 checkpoint uses the level's active Story and its declared 理解水牛约定为什么不是背景道具而是罗秋的真实成本 target.","Names, actions, stakes, and place mechanism are taken from 两道水重新分开以后, not a generic resolver path.","“木刻分水”把共同议定的用水份额刻在硬木凹槽上，不同宽度的凹槽把水分入不同支沟。\n分水比例不是一个人临时决定的，而由用水户根据田地和劳动等情况协商议定。\n赶沟人由社区推选，负责巡查沟渠、保持水路通畅，并管理分水设施和公共沟渠。","AGENT PASS — actual runtime content, answer, teaching span, and distractors inspected; no contradiction or teach-before-test defect found.","","","HUMAN_REVIEW_REQUIRED",""
"honghe-hani-rice-terraces","两道水重新分开以后","Lv10","paragraphRebuild","重建事件关系\n难度 · 高级\n当前 Lv10：沿“水量变化—私人请求—恢复分水—私人代价”的顺序重建事件，不把水利知识当成故事答案。 不靠原句记忆，先判断动作、关系与因果。\n训练目标 · 解释结尾未和解、未犁田与两道水继续流动为何必须同时保留\n第 1 / 3 次 · 候选答案 4 个","罗秋把鞋放在田埂上，踩进泥里。\n罗秋决定退出赶沟人的职责，从此不再处理任何公共沟渠。\n能赶上的活先赶，犁田只能另找一天。\n天快黑时，她从自己田里抬头，看见分水口上那块新凿过的硬木只露出一条湿亮的边。","能赶上的活先赶，犁田只能另找一天。\n天快黑时，她从自己田里抬头，看见分水口上那块新凿过的硬木只露出一条湿亮的边。\n罗秋把鞋放在田埂上，踩进泥里。","能赶上的活先赶，犁田只能另找一天。\n天快黑时，她从自己田里抬头，看见分水口上那块新凿过的硬木只露出一条湿亮的边。\n罗秋把鞋放在田埂上，踩进泥里。","","","罗秋把鞋放在田埂上，踩进泥里。\n罗秋决定退出赶沟人的职责，从此不再处理任何公共沟渠。\n能赶上的活先赶，犁田只能另找一天。\n天快黑时，她从自己田里抬头，看见分水口上那块新凿过的硬木只露出一条湿亮的边。","能赶上的活先赶，犁田只能另找一天。\n天快黑时，她从自己田里抬头，看见分水口上那块新凿过的硬木只露出一条湿亮的边。\n罗秋把鞋放在田埂上，踩进泥里。","正确排序来自当前 Lv10 故事的事件推进；判断重点是前一动作怎样制造后一结果。 还要检查叙事焦点、时间推进与段落收束是否连续。","罗秋决定退出赶沟人的职责，从此不再处理任何公共沟渠。 — wrong: it is not supported by the active Story and changes or contradicts its action, relationship, or consequence.","","","解释结尾未和解、未犁田与两道水继续流动为何必须同时保留","Story","resolveAdaptiveJourneyLevel:honghe-hani-rice-terraces:Lv10","她没有去马岚家借牛，也没有托人解释。能赶上的活先赶，犁田只能另找一天。天快黑时，她从自己田里抬头，看见分水口上那块新凿过的硬木只露出一条湿亮的边。","The accepted answer is grounded in the active 两道水重新分开以后 Lv10 Story span reproduced in TAUGHT_SOURCE_TEXT.","Runtime-generated Lv10 checkpoint uses the level's active Story and its declared 解释结尾未和解、未犁田与两道水继续流动为何必须同时保留 target.","Names, actions, stakes, and place mechanism are taken from 两道水重新分开以后, not a generic resolver path.","当前保护仍强调森林、村寨、梯田和水系的四素同构，不能只把最漂亮的水田当作保护对象。\n现代水利工程可以补充水源和灌溉，但传统赶沟人、木刻分水、沟渠共同维护与森林涵养仍被列为需要延续的实践。\n活态保护的目标不是把梯田冻结成布景，而是让社区、红米生产、水资源管理和传统知识继续共同运作。","AGENT PASS — actual runtime content, answer, teaching span, and distractors inspected; no contradiction or teach-before-test defect found.","","","HUMAN_REVIEW_REQUIRED",""
"honghe-hani-rice-terraces","两道水重新分开以后","Lv10","grammarRepair","修好这句中文\n难度 · 高级\n当前 Lv10 语言目标：避免把并置画面强写成虚假因果。先定位不自然部分，再选最小且完整的修复。\n训练目标 · 掌握避免把并置画面强写成虚假因果\n第 1 / 3 次 · 候选答案 4 个","","","两道水从村寨下分开，水声不同，她没回头","两道水从村寨下分开，水声不同，她没回头。","两道水从村寨下分开，由于水声不同，她没回头。","两道水从村寨下分开，既然水声不同，她没回头\n两道水从村寨下分开，因而水声不同，她没回头\n两道水从村寨下分开，水声不同，她没回头\n两道水从村寨下分开，凭着水声不同，她没回头","两道水从村寨下分开，水声不同，她没回头","语病修复 · 讲解","两道水从村寨下分开，既然水声不同，她没回头 — wrong: it does not produce the accepted minimal repair and leaves an incorrect particle, scope, order, or collocation.\n两道水从村寨下分开，因而水声不同，她没回头 — wrong: it does not produce the accepted minimal repair and leaves an incorrect particle, scope, order, or collocation.\n两道水从村寨下分开，凭着水声不同，她没回头 — wrong: it does not produce the accepted minimal repair and leaves an incorrect particle, scope, order, or collocation.","","","掌握避免把并置画面强写成虚假因果","Story","resolveAdaptiveJourneyLevel:honghe-hani-rice-terraces:Lv10","罗秋把鞋放在田埂上，踩进泥里。两道水从村寨下分开，水声不同，她没回头。","The accepted answer is grounded in the active 两道水重新分开以后 Lv10 Story span reproduced in TAUGHT_SOURCE_TEXT.","Runtime-generated Lv10 checkpoint uses the level's active Story and its declared 掌握避免把并置画面强写成虚假因果 target.","Names, actions, stakes, and place mechanism are taken from 两道水重新分开以后, not a generic resolver path.","当前保护仍强调森林、村寨、梯田和水系的四素同构，不能只把最漂亮的水田当作保护对象。\n现代水利工程可以补充水源和灌溉，但传统赶沟人、木刻分水、沟渠共同维护与森林涵养仍被列为需要延续的实践。\n活态保护的目标不是把梯田冻结成布景，而是让社区、红米生产、水资源管理和传统知识继续共同运作。","AGENT PASS — actual runtime content, answer, teaching span, and distractors inspected; no contradiction or teach-before-test defect found.","","","HUMAN_REVIEW_REQUIRED",""
"honghe-hani-rice-terraces","两道水重新分开以后","Lv10","missingSentence","补全上下文关系\n难度 · 高级\n当前 Lv10：结合前后动作，选出最能保持公共分水、朋友关系和私人代价同时成立的一句。 答案必须同时承接前句并解释后句。\n训练目标 · 补足结尾中公共分水已经恢复而私人关系没有被解释性和解的含义\n第 1 / 3 次 · 候选答案 4 个","","","天快黑时，她从自己田里抬头，看见分水口上那块新凿过的硬木只露出一条湿亮的边。","","","马岚牵牛离开后，罗秋自己的最后一块梯田当天仍按原计划全部犁完。\n坡下田主要求罗秋把马岚那一道槽削得比议定尺寸更窄，作为私改分水的处罚。\n罗秋为了保住下午借牛的约定，把马岚多削出来的宽槽一直留到中午。\n天快黑时，她从自己田里抬头，看见分水口上那块新凿过的硬木只露出一条湿亮的边。","天快黑时，她从自己田里抬头，看见分水口上那块新凿过的硬木只露出一条湿亮的边。","正确答案与当前 Lv10 故事情节一致，但判断依据是前后文中的人物、关系与因果，不是关键词重复。 高质量衔接还要保持主题链、指代对象和逻辑方向一致。","马岚牵牛离开后，罗秋自己的最后一块梯田当天仍按原计划全部犁完。 — wrong: it is not supported by the active Story and changes or contradicts its action, relationship, or consequence.\n坡下田主要求罗秋把马岚那一道槽削得比议定尺寸更窄，作为私改分水的处罚。 — wrong: it is not supported by the active Story and changes or contradicts its action, relationship, or consequence.\n罗秋为了保住下午借牛的约定，把马岚多削出来的宽槽一直留到中午。 — wrong: it is not supported by the active Story and changes or contradicts its action, relationship, or consequence.","能赶上的活先赶，犁田只能另找一天。天快黑时，她从自己田里抬头，看见分水口上那块新凿过的硬木只露出一条湿亮的边。罗秋把鞋放在田埂上，踩进泥里。","Active Story sentence 37","补足结尾中公共分水已经恢复而私人关系没有被解释性和解的含义","Story","resolveAdaptiveJourneyLevel:honghe-hani-rice-terraces:Lv10","能赶上的活先赶，犁田只能另找一天。天快黑时，她从自己田里抬头，看见分水口上那块新凿过的硬木只露出一条湿亮的边。罗秋把鞋放在田埂上，踩进泥里。","The accepted answer is grounded in the active 两道水重新分开以后 Lv10 Story span reproduced in TAUGHT_SOURCE_TEXT.","Runtime-generated Lv10 checkpoint uses the level's active Story and its declared 补足结尾中公共分水已经恢复而私人关系没有被解释性和解的含义 target.","Names, actions, stakes, and place mechanism are taken from 两道水重新分开以后, not a generic resolver path.","当前保护仍强调森林、村寨、梯田和水系的四素同构，不能只把最漂亮的水田当作保护对象。\n现代水利工程可以补充水源和灌溉，但传统赶沟人、木刻分水、沟渠共同维护与森林涵养仍被列为需要延续的实践。\n活态保护的目标不是把梯田冻结成布景，而是让社区、红米生产、水资源管理和传统知识继续共同运作。","AGENT PASS — actual runtime content, answer, teaching span, and distractors inspected; no contradiction or teach-before-test defect found.","","","HUMAN_REVIEW_REQUIRED",""
"jiangmen-kaiping-diaolou","回来，不等于照搬","Lv1","paragraphRebuild","重建事件关系\n难度 · 初级\n当前 Lv1：按私家独楼图、众楼需要与兄弟回信改写，重建梁川怎样重新分配责任。 不靠原句记忆，先判断动作、关系与因果。\n训练目标 · 辨认哥哥来图与村里合建众楼的背景\n第 1 / 3 次 · 候选答案 4 个","虚构青年梁川留在家乡，哥哥梁海在海外谋生，寄回带拱券和柱廊的建筑图样。\n20世纪20年代，开平。\n哥哥回信坚持“我家的楼”不许改，要求退出众楼合建。\n梁川照着哥哥寄来的图样建成只供自家使用的独楼。","20世纪20年代，开平。\n虚构青年梁川留在家乡，哥哥梁海在海外谋生，寄回带拱券和柱廊的建筑图样。","20世纪20年代，开平。\n虚构青年梁川留在家乡，哥哥梁海在海外谋生，寄回带拱券和柱廊的建筑图样。","","","虚构青年梁川留在家乡，哥哥梁海在海外谋生，寄回带拱券和柱廊的建筑图样。\n20世纪20年代，开平。\n哥哥回信坚持“我家的楼”不许改，要求退出众楼合建。\n梁川照着哥哥寄来的图样建成只供自家使用的独楼。","20世纪20年代，开平。\n虚构青年梁川留在家乡，哥哥梁海在海外谋生，寄回带拱券和柱廊的建筑图样。","故事通常先介绍地点或人物，再写行动，最后写结果。","哥哥回信坚持“我家的楼”不许改，要求退出众楼合建。 — wrong: it is not supported by the active Story and changes or contradicts its action, relationship, or consequence.\n梁川照着哥哥寄来的图样建成只供自家使用的独楼。 — wrong: it is not supported by the active Story and changes or contradicts its action, relationship, or consequence.","","","辨认哥哥来图与村里合建众楼的背景","Story","resolveAdaptiveJourneyLevel:jiangmen-kaiping-diaolou:Lv1","20世纪20年代，开平。虚构青年梁川留在家乡，哥哥梁海在海外谋生，寄回带拱券和柱廊的建筑图样。","The accepted answer is grounded in the active 回来，不等于照搬 Lv1 Story span reproduced in TAUGHT_SOURCE_TEXT.","Runtime-generated Lv1 checkpoint uses the level's active Story and its declared 辨认哥哥来图与村里合建众楼的背景 target.","Names, actions, stakes, and place mechanism are taken from 回来，不等于照搬, not a generic resolver path.","开平碉楼按主要功能可分为众楼、居楼和更楼。众楼由多户共同兴建作临时避难；居楼是设防住宅；更楼主要承担守望和联防预警。\nUNESCO 把开平碉楼的重要价值概括为中国与西方结构、装饰形式的复杂融合；这种融合发生在开平乡村传统与海外文化接触的共同背景中。","AGENT PASS — actual runtime content, answer, teaching span, and distractors inspected; no contradiction or teach-before-test defect found.","","","HUMAN_REVIEW_REQUIRED",""
"jiangmen-kaiping-diaolou","回来，不等于照搬","Lv1","grammarRepair","修好这句中文\n难度 · 初级\n当前 Lv1 语言目标：数量与状语语序。先定位不自然部分，再选最小且完整的修复。\n训练目标 · 掌握数量与状语语序\n第 1 / 3 次 · 候选答案 4 个","","","从海外寄回一份","梁海从海外寄回一份带拱券和柱廊的图样。","梁海寄回从海外一份带拱券和柱廊的图样。","从海外寄回一份\n从海外一份寄回\n寄回从海外一份\n从海外寄了一份回","从海外寄回一份","动作来源与数量短语分开。","从海外一份寄回 — wrong: it does not produce the accepted minimal repair and leaves an incorrect particle, scope, order, or collocation.\n寄回从海外一份 — wrong: it does not produce the accepted minimal repair and leaves an incorrect particle, scope, order, or collocation.\n从海外寄了一份回 — wrong: it does not produce the accepted minimal repair and leaves an incorrect particle, scope, order, or collocation.","","","掌握数量与状语语序","Story","resolveAdaptiveJourneyLevel:jiangmen-kaiping-diaolou:Lv1","20世纪20年代，开平。虚构青年梁川留在家乡，哥哥梁海在海外谋生，寄回带拱券和柱廊的建筑图样。他在信里说，这份投入只用于家里的独楼；若要改作别用，就寄还给他。","The accepted answer is grounded in the active 回来，不等于照搬 Lv1 Story span reproduced in TAUGHT_SOURCE_TEXT.","Runtime-generated Lv1 checkpoint uses the level's active Story and its declared 掌握数量与状语语序 target.","Names, actions, stakes, and place mechanism are taken from 回来，不等于照搬, not a generic resolver path.","开平碉楼按主要功能可分为众楼、居楼和更楼。众楼由多户共同兴建作临时避难；居楼是设防住宅；更楼主要承担守望和联防预警。\nUNESCO 把开平碉楼的重要价值概括为中国与西方结构、装饰形式的复杂融合；这种融合发生在开平乡村传统与海外文化接触的共同背景中。","AGENT PASS — actual runtime content, answer, teaching span, and distractors inspected; no contradiction or teach-before-test defect found.","","","HUMAN_REVIEW_REQUIRED",""
"jiangmen-kaiping-diaolou","回来，不等于照搬","Lv1","missingSentence","补全上下文关系\n难度 · 初级\n当前 Lv1：结合哥哥来信与众楼用途，选出最能说明梁川为什么放弃独建的一句。 答案必须同时承接前句并解释后句。\n训练目标 · 补足哥哥条件与梁川原先打算的联系\n第 1 / 3 次 · 候选答案 4 个","","","虚构青年梁川留在家乡，哥哥梁海在海外谋生，寄回带拱券和柱廊的建筑图样。","","","梁川把海外图样全部原样复制，柱廊和所有细节都不作取舍。\n梁川未经哥哥同意直接把专门投入挪给众楼，也不承诺退还。\n虚构青年梁川留在家乡，哥哥梁海在海外谋生，寄回带拱券和柱廊的建筑图样。\n众楼建成后只允许梁川一家临时避难，其他家庭不能使用。","虚构青年梁川留在家乡，哥哥梁海在海外谋生，寄回带拱券和柱廊的建筑图样。","正确句要接住前一句，并让后一句自然发生。","梁川把海外图样全部原样复制，柱廊和所有细节都不作取舍。 — wrong: it is not supported by the active Story and changes or contradicts its action, relationship, or consequence.\n梁川未经哥哥同意直接把专门投入挪给众楼，也不承诺退还。 — wrong: it is not supported by the active Story and changes or contradicts its action, relationship, or consequence.\n众楼建成后只允许梁川一家临时避难，其他家庭不能使用。 — wrong: it is not supported by the active Story and changes or contradicts its action, relationship, or consequence.","20世纪20年代，开平。虚构青年梁川留在家乡，哥哥梁海在海外谋生，寄回带拱券和柱廊的建筑图样。他在信里说，这份投入只用于家里的独楼；若要改作别用，就寄还给他。","Active Story sentence 2","补足哥哥条件与梁川原先打算的联系","Story","resolveAdaptiveJourneyLevel:jiangmen-kaiping-diaolou:Lv1","20世纪20年代，开平。虚构青年梁川留在家乡，哥哥梁海在海外谋生，寄回带拱券和柱廊的建筑图样。他在信里说，这份投入只用于家里的独楼；若要改作别用，就寄还给他。","The accepted answer is grounded in the active 回来，不等于照搬 Lv1 Story span reproduced in TAUGHT_SOURCE_TEXT.","Runtime-generated Lv1 checkpoint uses the level's active Story and its declared 补足哥哥条件与梁川原先打算的联系 target.","Names, actions, stakes, and place mechanism are taken from 回来，不等于照搬, not a generic resolver path.","开平碉楼按主要功能可分为众楼、居楼和更楼。众楼由多户共同兴建作临时避难；居楼是设防住宅；更楼主要承担守望和联防预警。\nUNESCO 把开平碉楼的重要价值概括为中国与西方结构、装饰形式的复杂融合；这种融合发生在开平乡村传统与海外文化接触的共同背景中。","AGENT PASS — actual runtime content, answer, teaching span, and distractors inspected; no contradiction or teach-before-test defect found.","","","HUMAN_REVIEW_REQUIRED",""
"jiangmen-kaiping-diaolou","回来，不等于照搬","Lv5","paragraphRebuild","重建事件关系\n难度 · 标准\n当前 Lv5：按私家独楼图、众楼需要与兄弟回信改写，重建梁川怎样重新分配责任。 不靠原句记忆，先判断动作、关系与因果。\n训练目标 · 理解失去私家方案是选择成本\n第 1 / 3 次 · 候选答案 4 个","梁川未经哥哥同意直接把专门投入挪给众楼，也不承诺退还。\n村里几户人家正合建一座众楼，遇到危险时可临时避难。\n梁川原想守住哥哥的私家方案，却发现合建还缺一份投入。\n他第一次认真分清众楼、居楼和更楼：共同避难、兼顾居住、联防预警，并不是同一种用途。","村里几户人家正合建一座众楼，遇到危险时可临时避难。\n梁川原想守住哥哥的私家方案，却发现合建还缺一份投入。\n他第一次认真分清众楼、居楼和更楼：共同避难、兼顾居住、联防预警，并不是同一种用途。","村里几户人家正合建一座众楼，遇到危险时可临时避难。\n梁川原想守住哥哥的私家方案，却发现合建还缺一份投入。\n他第一次认真分清众楼、居楼和更楼：共同避难、兼顾居住、联防预警，并不是同一种用途。","","","梁川未经哥哥同意直接把专门投入挪给众楼，也不承诺退还。\n村里几户人家正合建一座众楼，遇到危险时可临时避难。\n梁川原想守住哥哥的私家方案，却发现合建还缺一份投入。\n他第一次认真分清众楼、居楼和更楼：共同避难、兼顾居住、联防预警，并不是同一种用途。","村里几户人家正合建一座众楼，遇到危险时可临时避难。\n梁川原想守住哥哥的私家方案，却发现合建还缺一份投入。\n他第一次认真分清众楼、居楼和更楼：共同避难、兼顾居住、联防预警，并不是同一种用途。","正确排序来自当前 Lv5 故事的事件推进；判断重点是前一动作怎样制造后一结果。","梁川未经哥哥同意直接把专门投入挪给众楼，也不承诺退还。 — wrong: it is not supported by the active Story and changes or contradicts its action, relationship, or consequence.","","","理解失去私家方案是选择成本","Story","resolveAdaptiveJourneyLevel:jiangmen-kaiping-diaolou:Lv5","梁川明白，改图也可能让哥哥觉得自己的经历被否定。村里几户人家正合建一座众楼，遇到危险时可临时避难。梁川原想守住哥哥的私家方案，却发现合建还缺一份投入。","The accepted answer is grounded in the active 回来，不等于照搬 Lv5 Story span reproduced in TAUGHT_SOURCE_TEXT.","Runtime-generated Lv5 checkpoint uses the level's active Story and its declared 理解失去私家方案是选择成本 target.","Names, actions, stakes, and place mechanism are taken from 回来，不等于照搬, not a generic resolver path.","开平碉楼按主要功能可分为众楼、居楼和更楼。众楼由多户共同兴建作临时避难；居楼是设防住宅；更楼主要承担守望和联防预警。\n十九世纪末至二十世纪初，大量海外开平人与故乡保持联系。世界遗产评价特别强调这种跨国联系及其带回的建筑影响，但并不意味着每个侨户拥有同样的迁移经历。\n官方开平资料记录，碉楼可见灰塑、壁画、柱廊、拱券、山花等多种元素，很多建筑由民间工匠完成。外来形式进入乡村后仍要经过本地建造者的选择和组合。","AGENT PASS — actual runtime content, answer, teaching span, and distractors inspected; no contradiction or teach-before-test defect found.","","","HUMAN_REVIEW_REQUIRED",""
"jiangmen-kaiping-diaolou","回来，不等于照搬","Lv5","grammarRepair","修好这句中文\n难度 · 标准\n当前 Lv5 语言目标：这让…：前句事实作为触发原因。先定位不自然部分，再选最小且完整的修复。\n训练目标 · 掌握这让…：前句事实作为触发原因\n第 1 / 3 次 · 候选答案 4 个","","","这让","众楼合建还缺一份投入，这让梁川重新考虑只建自家独楼的打算。","众楼合建还缺一份投入，这个所以让梁川重新考虑只建自家独楼的打算。","这所以让\n这个所以让\n因为这让\n这让","这让","语病修复 · 讲解","这所以让 — wrong: it does not produce the accepted minimal repair and leaves an incorrect particle, scope, order, or collocation.\n这个所以让 — wrong: it does not produce the accepted minimal repair and leaves an incorrect particle, scope, order, or collocation.\n因为这让 — wrong: it does not produce the accepted minimal repair and leaves an incorrect particle, scope, order, or collocation.","","","掌握这让…：前句事实作为触发原因","Story","resolveAdaptiveJourneyLevel:jiangmen-kaiping-diaolou:Lv5","20世纪20年代，开平。虚构青年梁川留在家乡，哥哥梁海在海外谋生，寄回带拱券和柱廊的建筑图样。他在信里说，这份投入只用于家里的独楼；若要改作别用，就寄还给他。","The accepted answer is grounded in the active 回来，不等于照搬 Lv5 Story span reproduced in TAUGHT_SOURCE_TEXT.","Runtime-generated Lv5 checkpoint uses the level's active Story and its declared 掌握这让…：前句事实作为触发原因 target.","Names, actions, stakes, and place mechanism are taken from 回来，不等于照搬, not a generic resolver path.","开平碉楼按主要功能可分为众楼、居楼和更楼。众楼由多户共同兴建作临时避难；居楼是设防住宅；更楼主要承担守望和联防预警。\n十九世纪末至二十世纪初，大量海外开平人与故乡保持联系。世界遗产评价特别强调这种跨国联系及其带回的建筑影响，但并不意味着每个侨户拥有同样的迁移经历。\n官方开平资料记录，碉楼可见灰塑、壁画、柱廊、拱券、山花等多种元素，很多建筑由民间工匠完成。外来形式进入乡村后仍要经过本地建造者的选择和组合。","AGENT PASS — actual runtime content, answer, teaching span, and distractors inspected; no contradiction or teach-before-test defect found.","","","HUMAN_REVIEW_REQUIRED",""
"jiangmen-kaiping-diaolou","回来，不等于照搬","Lv5","missingSentence","补全上下文关系\n难度 · 标准\n当前 Lv5：结合哥哥来信与众楼用途，选出最能说明梁川为什么放弃独建的一句。 答案必须同时承接前句并解释后句。\n训练目标 · 理解哥哥回信为何不是简单批准\n第 1 / 3 次 · 候选答案 4 个","","","他第一次认真分清众楼、居楼和更楼：共同避难、兼顾居住、联防预警，并不是同一种用途。","","","梁川把海外图样全部原样复制，柱廊和所有细节都不作取舍。\n众楼建成后只允许梁川一家临时避难，其他家庭不能使用。\n梁川未经哥哥同意直接把专门投入挪给众楼，也不承诺退还。\n他第一次认真分清众楼、居楼和更楼：共同避难、兼顾居住、联防预警，并不是同一种用途。","他第一次认真分清众楼、居楼和更楼：共同避难、兼顾居住、联防预警，并不是同一种用途。","正确答案与当前 Lv5 故事情节一致，但判断依据是前后文中的人物、关系与因果，不是关键词重复。","梁川把海外图样全部原样复制，柱廊和所有细节都不作取舍。 — wrong: it is not supported by the active Story and changes or contradicts its action, relationship, or consequence.\n众楼建成后只允许梁川一家临时避难，其他家庭不能使用。 — wrong: it is not supported by the active Story and changes or contradicts its action, relationship, or consequence.\n梁川未经哥哥同意直接把专门投入挪给众楼，也不承诺退还。 — wrong: it is not supported by the active Story and changes or contradicts its action, relationship, or consequence.","梁川原想守住哥哥的私家方案，却发现合建还缺一份投入。他第一次认真分清众楼、居楼和更楼：共同避难、兼顾居住、联防预警，并不是同一种用途。他也明白，开平碉楼的外来元素并非整套建筑照搬回来，而是在本地传统、生活需要和新审美之间重新组合。","Active Story sentence 8","理解哥哥回信为何不是简单批准","Story","resolveAdaptiveJourneyLevel:jiangmen-kaiping-diaolou:Lv5","梁川原想守住哥哥的私家方案，却发现合建还缺一份投入。他第一次认真分清众楼、居楼和更楼：共同避难、兼顾居住、联防预警，并不是同一种用途。他也明白，开平碉楼的外来元素并非整套建筑照搬回来，而是在本地传统、生活需要和新审美之间重新组合。","The accepted answer is grounded in the active 回来，不等于照搬 Lv5 Story span reproduced in TAUGHT_SOURCE_TEXT.","Runtime-generated Lv5 checkpoint uses the level's active Story and its declared 理解哥哥回信为何不是简单批准 target.","Names, actions, stakes, and place mechanism are taken from 回来，不等于照搬, not a generic resolver path.","开平碉楼按主要功能可分为众楼、居楼和更楼。众楼由多户共同兴建作临时避难；居楼是设防住宅；更楼主要承担守望和联防预警。\n十九世纪末至二十世纪初，大量海外开平人与故乡保持联系。世界遗产评价特别强调这种跨国联系及其带回的建筑影响，但并不意味着每个侨户拥有同样的迁移经历。\n官方开平资料记录，碉楼可见灰塑、壁画、柱廊、拱券、山花等多种元素，很多建筑由民间工匠完成。外来形式进入乡村后仍要经过本地建造者的选择和组合。","AGENT PASS — actual runtime content, answer, teaching span, and distractors inspected; no contradiction or teach-before-test defect found.","","","HUMAN_REVIEW_REQUIRED",""
"jiangmen-kaiping-diaolou","回来，不等于照搬","Lv10","paragraphRebuild","重建事件关系\n难度 · 高级\n当前 Lv10：按私家独楼图、众楼需要与兄弟回信改写，重建梁川怎样重新分配责任。 不靠原句记忆，先判断动作、关系与因果。\n训练目标 · 解释未建成柱廊与褪色改字留下的责任变化\n第 1 / 3 次 · 候选答案 4 个","纸上的柱廊没有盖成，入口那道拱券却通向多户共同使用的空间；梁海改过的那行字已经褪色。\n梁川把海外图样全部原样复制，柱廊和所有细节都不作取舍。\n梁海下一封信问的不是“像不像原图”，而是哪一层给老人和孩子临时避难。\n多年后，梁川仍把原图和两封回信收在一起。","梁海下一封信问的不是“像不像原图”，而是哪一层给老人和孩子临时避难。\n多年后，梁川仍把原图和两封回信收在一起。\n纸上的柱廊没有盖成，入口那道拱券却通向多户共同使用的空间；梁海改过的那行字已经褪色。","梁海下一封信问的不是“像不像原图”，而是哪一层给老人和孩子临时避难。\n多年后，梁川仍把原图和两封回信收在一起。\n纸上的柱廊没有盖成，入口那道拱券却通向多户共同使用的空间；梁海改过的那行字已经褪色。","","","纸上的柱廊没有盖成，入口那道拱券却通向多户共同使用的空间；梁海改过的那行字已经褪色。\n梁川把海外图样全部原样复制，柱廊和所有细节都不作取舍。\n梁海下一封信问的不是“像不像原图”，而是哪一层给老人和孩子临时避难。\n多年后，梁川仍把原图和两封回信收在一起。","梁海下一封信问的不是“像不像原图”，而是哪一层给老人和孩子临时避难。\n多年后，梁川仍把原图和两封回信收在一起。\n纸上的柱廊没有盖成，入口那道拱券却通向多户共同使用的空间；梁海改过的那行字已经褪色。","正确排序来自当前 Lv10 故事的事件推进；判断重点是前一动作怎样制造后一结果。 还要检查叙事焦点、时间推进与段落收束是否连续。","梁川把海外图样全部原样复制，柱廊和所有细节都不作取舍。 — wrong: it is not supported by the active Story and changes or contradicts its action, relationship, or consequence.","","","解释未建成柱廊与褪色改字留下的责任变化","Story","resolveAdaptiveJourneyLevel:jiangmen-kaiping-diaolou:Lv10","第一道拱券砌好时，梁川把照片寄给哥哥，背面只写了各户共同使用的位置。梁海下一封信问的不是“像不像原图”，而是哪一层给老人和孩子临时避难。多年后，梁川仍把原图和两封回信收在一起。","The accepted answer is grounded in the active 回来，不等于照搬 Lv10 Story span reproduced in TAUGHT_SOURCE_TEXT.","Runtime-generated Lv10 checkpoint uses the level's active Story and its declared 解释未建成柱廊与褪色改字留下的责任变化 target.","Names, actions, stakes, and place mechanism are taken from 回来，不等于照搬, not a generic resolver path.","十九世纪末至二十世纪初，大量海外开平人与故乡保持联系。世界遗产评价特别强调这种跨国联系及其带回的建筑影响，但并不意味着每个侨户拥有同样的迁移经历。\n世界遗产价值不仅在碉楼本身，也包括周边民居和农业景观。理解开平碉楼，需要同时看塔楼怎样与村落、田地和道路共同存在。\n“开平碉楼与村落”于2007年列入《世界遗产名录》。遗产保护要求保留碉楼、村屋及其环境的真实性和完整性，并通过持续管理保护这些关系。","AGENT PASS — actual runtime content, answer, teaching span, and distractors inspected; no contradiction or teach-before-test defect found.","","","HUMAN_REVIEW_REQUIRED",""
"jiangmen-kaiping-diaolou","回来，不等于照搬","Lv10","grammarRepair","修好这句中文\n难度 · 高级\n当前 Lv10 语言目标：围绕：以某核心组织安排。先定位不自然部分，再选最小且完整的修复。\n训练目标 · 掌握围绕：以某核心组织安排\n第 1 / 3 次 · 候选答案 4 个","","","围绕","家庭投入的去向围绕众楼的共同避难功能重新安排。","家庭投入的去向围绕到众楼的共同避难功能重新安排。","围绕到\n围绕着到\n围绕\n围绕在","围绕","语病修复 · 讲解","围绕到 — wrong: it does not produce the accepted minimal repair and leaves an incorrect particle, scope, order, or collocation.\n围绕着到 — wrong: it does not produce the accepted minimal repair and leaves an incorrect particle, scope, order, or collocation.\n围绕在 — wrong: it does not produce the accepted minimal repair and leaves an incorrect particle, scope, order, or collocation.","","","掌握围绕：以某核心组织安排","Story","resolveAdaptiveJourneyLevel:jiangmen-kaiping-diaolou:Lv10","20世纪20年代，开平。虚构青年梁川留在家乡，哥哥梁海在海外谋生，寄回带拱券和柱廊的建筑图样。他在信里说，这份投入只用于家里的独楼；若要改作别用，就寄还给他。","The accepted answer is grounded in the active 回来，不等于照搬 Lv10 Story span reproduced in TAUGHT_SOURCE_TEXT.","Runtime-generated Lv10 checkpoint uses the level's active Story and its declared 掌握围绕：以某核心组织安排 target.","Names, actions, stakes, and place mechanism are taken from 回来，不等于照搬, not a generic resolver path.","十九世纪末至二十世纪初，大量海外开平人与故乡保持联系。世界遗产评价特别强调这种跨国联系及其带回的建筑影响，但并不意味着每个侨户拥有同样的迁移经历。\n世界遗产价值不仅在碉楼本身，也包括周边民居和农业景观。理解开平碉楼，需要同时看塔楼怎样与村落、田地和道路共同存在。\n“开平碉楼与村落”于2007年列入《世界遗产名录》。遗产保护要求保留碉楼、村屋及其环境的真实性和完整性，并通过持续管理保护这些关系。","AGENT PASS — actual runtime content, answer, teaching span, and distractors inspected; no contradiction or teach-before-test defect found.","","","HUMAN_REVIEW_REQUIRED",""
"jiangmen-kaiping-diaolou","回来，不等于照搬","Lv10","missingSentence","补全上下文关系\n难度 · 高级\n当前 Lv10：结合哥哥来信与众楼用途，选出最能说明梁川为什么放弃独建的一句。 答案必须同时承接前句并解释后句。\n训练目标 · 根据结尾解释“没盖成的部分”为什么同样重要\n第 1 / 3 次 · 候选答案 4 个","","","多年后，梁川仍把原图和两封回信收在一起。","","","梁川照着哥哥寄来的图样建成只供自家使用的独楼。\n最后原图被烧掉，两封信也没有留下任何改写痕迹。\n哥哥回信坚持“我家的楼”不许改，要求退出众楼合建。\n多年后，梁川仍把原图和两封回信收在一起。","多年后，梁川仍把原图和两封回信收在一起。","正确答案与当前 Lv10 故事情节一致，但判断依据是前后文中的人物、关系与因果，不是关键词重复。 高质量衔接还要保持主题链、指代对象和逻辑方向一致。","梁川照着哥哥寄来的图样建成只供自家使用的独楼。 — wrong: it is not supported by the active Story and changes or contradicts its action, relationship, or consequence.\n最后原图被烧掉，两封信也没有留下任何改写痕迹。 — wrong: it is not supported by the active Story and changes or contradicts its action, relationship, or consequence.\n哥哥回信坚持“我家的楼”不许改，要求退出众楼合建。 — wrong: it is not supported by the active Story and changes or contradicts its action, relationship, or consequence.","梁海下一封信问的不是“像不像原图”，而是哪一层给老人和孩子临时避难。多年后，梁川仍把原图和两封回信收在一起。纸上的柱廊没有盖成，入口那道拱券却通向多户共同使用的空间；梁海改过的那行字已经褪色。","Active Story sentence 24","根据结尾解释“没盖成的部分”为什么同样重要","Story","resolveAdaptiveJourneyLevel:jiangmen-kaiping-diaolou:Lv10","梁海下一封信问的不是“像不像原图”，而是哪一层给老人和孩子临时避难。多年后，梁川仍把原图和两封回信收在一起。纸上的柱廊没有盖成，入口那道拱券却通向多户共同使用的空间；梁海改过的那行字已经褪色。","The accepted answer is grounded in the active 回来，不等于照搬 Lv10 Story span reproduced in TAUGHT_SOURCE_TEXT.","Runtime-generated Lv10 checkpoint uses the level's active Story and its declared 根据结尾解释“没盖成的部分”为什么同样重要 target.","Names, actions, stakes, and place mechanism are taken from 回来，不等于照搬, not a generic resolver path.","十九世纪末至二十世纪初，大量海外开平人与故乡保持联系。世界遗产评价特别强调这种跨国联系及其带回的建筑影响，但并不意味着每个侨户拥有同样的迁移经历。\n世界遗产价值不仅在碉楼本身，也包括周边民居和农业景观。理解开平碉楼，需要同时看塔楼怎样与村落、田地和道路共同存在。\n“开平碉楼与村落”于2007年列入《世界遗产名录》。遗产保护要求保留碉楼、村屋及其环境的真实性和完整性，并通过持续管理保护这些关系。","AGENT PASS — actual runtime content, answer, teaching span, and distractors inspected; no contradiction or teach-before-test defect found.","","","HUMAN_REVIEW_REQUIRED",""
"lijiang-old-town","桥空出来以后","Lv1","paragraphRebuild","重建事件关系\n难度 · 初级\n当前 Lv1：按共同债务、堵桥、割绳、传水与湿茶收尾，重建“桥空出来”为什么必须付出代价。 不靠原句记忆，先判断动作、关系与因果。\n训练目标 · 辨认姐弟共同债务、起火与割绳后的直接顺序\n第 1 / 3 次 · 候选答案 4 个","商贩和清与姐姐和素守着一驮茶叶；明早买家离城，这笔钱要还两人共同的债。\n清末黄昏，四方街刚散市。\n桥一直空着，茶包从未占住通道；割绳只是为了显得果断。\n和清割绳后独自离开，姐姐拒绝处理任何剩余货物。","清末黄昏，四方街刚散市。\n商贩和清与姐姐和素守着一驮茶叶；明早买家离城，这笔钱要还两人共同的债。","清末黄昏，四方街刚散市。\n商贩和清与姐姐和素守着一驮茶叶；明早买家离城，这笔钱要还两人共同的债。","","","商贩和清与姐姐和素守着一驮茶叶；明早买家离城，这笔钱要还两人共同的债。\n清末黄昏，四方街刚散市。\n桥一直空着，茶包从未占住通道；割绳只是为了显得果断。\n和清割绳后独自离开，姐姐拒绝处理任何剩余货物。","清末黄昏，四方街刚散市。\n商贩和清与姐姐和素守着一驮茶叶；明早买家离城，这笔钱要还两人共同的债。","故事通常先介绍地点或人物，再写行动，最后写结果。","桥一直空着，茶包从未占住通道；割绳只是为了显得果断。 — wrong: it is not supported by the active Story and changes or contradicts its action, relationship, or consequence.\n和清割绳后独自离开，姐姐拒绝处理任何剩余货物。 — wrong: it is not supported by the active Story and changes or contradicts its action, relationship, or consequence.","","","辨认姐弟共同债务、起火与割绳后的直接顺序","Story","resolveAdaptiveJourneyLevel:lijiang-old-town:Lv1","清末黄昏，四方街刚散市。商贩和清与姐姐和素守着一驮茶叶；明早买家离城，这笔钱要还两人共同的债。","The accepted answer is grounded in the active 桥空出来以后 Lv1 Story span reproduced in TAUGHT_SOURCE_TEXT.","Runtime-generated Lv1 checkpoint uses the level's active Story and its declared 辨认姐弟共同债务、起火与割绳后的直接顺序 target.","Names, actions, stakes, and place mechanism are taken from 桥空出来以后, not a generic resolver path.","世界遗产“丽江古城”由大研古城、白沙民居建筑群和束河民居建筑群组成，大研是其中的主要城镇空间。\n玉龙雪山一带的河流与泉水补给丽江坝子，黑龙潭再把水送入沟渠网络，古城因此拥有持续运行的古老供水系统。","AGENT PASS — actual runtime content, answer, teaching span, and distractors inspected; no contradiction or teach-before-test defect found.","","","HUMAN_REVIEW_REQUIRED",""
"lijiang-old-town","桥空出来以后","Lv1","grammarRepair","修好这句中文\n难度 · 初级\n当前 Lv1 语言目标：先…再…：动作顺承。先定位不自然部分，再选最小且完整的修复。\n训练目标 · 掌握先…再…：动作顺承\n第 1 / 3 次 · 候选答案 4 个","","","先割断捆绳，再","和清先割断捆绳，再把茶包推开。","和清先割断捆绳，但是再把茶包推开。","先割断捆绳，再\n虽然割断捆绳，再\n先割断捆绳，但是再\n先割断捆绳，所以再","先割断捆绳，再","连续步骤用“先A，再B”。","虽然割断捆绳，再 — wrong: it does not produce the accepted minimal repair and leaves an incorrect particle, scope, order, or collocation.\n先割断捆绳，但是再 — wrong: it does not produce the accepted minimal repair and leaves an incorrect particle, scope, order, or collocation.\n先割断捆绳，所以再 — wrong: it does not produce the accepted minimal repair and leaves an incorrect particle, scope, order, or collocation.","","","掌握先…再…：动作顺承","Story","resolveAdaptiveJourneyLevel:lijiang-old-town:Lv1","清末黄昏，四方街刚散市。商贩和清与姐姐和素守着一驮茶叶；明早买家离城，这笔钱要还两人共同的债。邻院突然起火。","The accepted answer is grounded in the active 桥空出来以后 Lv1 Story span reproduced in TAUGHT_SOURCE_TEXT.","Runtime-generated Lv1 checkpoint uses the level's active Story and its declared 掌握先…再…：动作顺承 target.","Names, actions, stakes, and place mechanism are taken from 桥空出来以后, not a generic resolver path.","世界遗产“丽江古城”由大研古城、白沙民居建筑群和束河民居建筑群组成，大研是其中的主要城镇空间。\n玉龙雪山一带的河流与泉水补给丽江坝子，黑龙潭再把水送入沟渠网络，古城因此拥有持续运行的古老供水系统。","AGENT PASS — actual runtime content, answer, teaching span, and distractors inspected; no contradiction or teach-before-test defect found.","","","HUMAN_REVIEW_REQUIRED",""
"lijiang-old-town","桥空出来以后","Lv1","missingSentence","补全上下文关系\n难度 · 初级\n当前 Lv1：结合姐弟共同所有权和桥下水渠，选出最能让前后行动真正相接的一句。 答案必须同时承接前句并解释后句。\n训练目标 · 补足“货堵桥”与“水就在桥下”的直接关系\n第 1 / 3 次 · 候选答案 4 个","","","商贩和清与姐姐和素守着一驮茶叶；明早买家离城，这笔钱要还两人共同的债。","","","和素同意弟弟先毁掉两人的货，因此割绳前不存在共同所有权冲突。\n丽江水渠在故事里只负责倒映灯光，与取水和桥面行动没有关系。\n商贩和清与姐姐和素守着一驮茶叶；明早买家离城，这笔钱要还两人共同的债。\n火被控制后，湿茶恢复原样，姐弟当天就把共同债全部还清。","商贩和清与姐姐和素守着一驮茶叶；明早买家离城，这笔钱要还两人共同的债。","正确句要接住前一句，并让后一句自然发生。","和素同意弟弟先毁掉两人的货，因此割绳前不存在共同所有权冲突。 — wrong: it is not supported by the active Story and changes or contradicts its action, relationship, or consequence.\n丽江水渠在故事里只负责倒映灯光，与取水和桥面行动没有关系。 — wrong: it is not supported by the active Story and changes or contradicts its action, relationship, or consequence.\n火被控制后，湿茶恢复原样，姐弟当天就把共同债全部还清。 — wrong: it is not supported by the active Story and changes or contradicts its action, relationship, or consequence.","清末黄昏，四方街刚散市。商贩和清与姐姐和素守着一驮茶叶；明早买家离城，这笔钱要还两人共同的债。邻院突然起火。","Active Story sentence 2","补足“货堵桥”与“水就在桥下”的直接关系","Story","resolveAdaptiveJourneyLevel:lijiang-old-town:Lv1","清末黄昏，四方街刚散市。商贩和清与姐姐和素守着一驮茶叶；明早买家离城，这笔钱要还两人共同的债。邻院突然起火。","The accepted answer is grounded in the active 桥空出来以后 Lv1 Story span reproduced in TAUGHT_SOURCE_TEXT.","Runtime-generated Lv1 checkpoint uses the level's active Story and its declared 补足“货堵桥”与“水就在桥下”的直接关系 target.","Names, actions, stakes, and place mechanism are taken from 桥空出来以后, not a generic resolver path.","世界遗产“丽江古城”由大研古城、白沙民居建筑群和束河民居建筑群组成，大研是其中的主要城镇空间。\n玉龙雪山一带的河流与泉水补给丽江坝子，黑龙潭再把水送入沟渠网络，古城因此拥有持续运行的古老供水系统。","AGENT PASS — actual runtime content, answer, teaching span, and distractors inspected; no contradiction or teach-before-test defect found.","","","HUMAN_REVIEW_REQUIRED",""
"lijiang-old-town","桥空出来以后","Lv5","paragraphRebuild","重建事件关系\n难度 · 标准\n当前 Lv5：按共同债务、堵桥、割绳、传水与湿茶收尾，重建“桥空出来”为什么必须付出代价。 不靠原句记忆，先判断动作、关系与因果。\n训练目标 · 连接共同所有权与割绳前的犹豫\n第 1 / 3 次 · 候选答案 4 个","和清割绳后独自离开，姐姐拒绝处理任何剩余货物。\n散市后，人和牲口都在往不同方向退。\n烟贴着屋檐压下来。\n桥窄，满载的骡子不肯倒退；要绕到另一处过水，得穿过刚散去的人群。","散市后，人和牲口都在往不同方向退。\n烟贴着屋檐压下来。\n桥窄，满载的骡子不肯倒退；要绕到另一处过水，得穿过刚散去的人群。","散市后，人和牲口都在往不同方向退。\n烟贴着屋檐压下来。\n桥窄，满载的骡子不肯倒退；要绕到另一处过水，得穿过刚散去的人群。","","","和清割绳后独自离开，姐姐拒绝处理任何剩余货物。\n散市后，人和牲口都在往不同方向退。\n烟贴着屋檐压下来。\n桥窄，满载的骡子不肯倒退；要绕到另一处过水，得穿过刚散去的人群。","散市后，人和牲口都在往不同方向退。\n烟贴着屋檐压下来。\n桥窄，满载的骡子不肯倒退；要绕到另一处过水，得穿过刚散去的人群。","正确排序来自当前 Lv5 故事的事件推进；判断重点是前一动作怎样制造后一结果。","和清割绳后独自离开，姐姐拒绝处理任何剩余货物。 — wrong: it is not supported by the active Story and changes or contradicts its action, relationship, or consequence.","","","连接共同所有权与割绳前的犹豫","Story","resolveAdaptiveJourneyLevel:lijiang-old-town:Lv5","四方街周围的巷子顺着地势和水道展开，桥把两边的铺面连在一起。散市后，人和牲口都在往不同方向退。烟贴着屋檐压下来。","The accepted answer is grounded in the active 桥空出来以后 Lv5 Story span reproduced in TAUGHT_SOURCE_TEXT.","Runtime-generated Lv5 checkpoint uses the level's active Story and its declared 连接共同所有权与割绳前的犹豫 target.","Names, actions, stakes, and place mechanism are taken from 桥空出来以后, not a generic resolver path.","从12世纪起，丽江成为四川、云南和西藏之间重要的货物集散地，南方丝绸之路与茶马古道网络在这里发生联系。\n国家文物资料记载，马匹、羊毛、皮革、药材以及茶叶、铁器、盐、糖、粮食等货物曾在丽江集散。\n四方街处于商业中心而不是单纯的观景广场；商贸活动把来自不同方向的人长期带入同一城市空间。","AGENT PASS — actual runtime content, answer, teaching span, and distractors inspected; no contradiction or teach-before-test defect found.","","","HUMAN_REVIEW_REQUIRED",""
"lijiang-old-town","桥空出来以后","Lv5","grammarRepair","修好这句中文\n难度 · 标准\n当前 Lv5 语言目标：递进与语义承接。先定位不自然部分，再选最小且完整的修复。\n训练目标 · 掌握递进与语义承接\n第 1 / 3 次 · 候选答案 4 个","","","不只是毁掉自己的货，还等于替姐姐决定她的一半也受损","割绳不只是毁掉自己的货，还等于替姐姐决定她的一半也受损。","割绳不只是毁掉自己的货，而且替姐姐决定她的一半也受损。","因为毁掉自己的货，所以替姐姐决定她的一半也受损\n不只是毁掉自己的货，而且替姐姐决定她的一半也受损\n虽然毁掉自己的货，但是替姐姐决定她的一半也受损\n不只是毁掉自己的货，还等于替姐姐决定她的一半也受损","不只是毁掉自己的货，还等于替姐姐决定她的一半也受损","语病修复 · 讲解","因为毁掉自己的货，所以替姐姐决定她的一半也受损 — wrong: it does not produce the accepted minimal repair and leaves an incorrect particle, scope, order, or collocation.\n不只是毁掉自己的货，而且替姐姐决定她的一半也受损 — wrong: it does not produce the accepted minimal repair and leaves an incorrect particle, scope, order, or collocation.\n虽然毁掉自己的货，但是替姐姐决定她的一半也受损 — wrong: it does not produce the accepted minimal repair and leaves an incorrect particle, scope, order, or collocation.","","","掌握递进与语义承接","Story","resolveAdaptiveJourneyLevel:lijiang-old-town:Lv5","清末黄昏，四方街刚散市。商贩和清与姐姐和素守着一驮茶叶；明早买家离城，这笔钱要还两人共同的债。这驮茶是姐弟俩合钱收下的；和素已经把买家的时辰记在心里，错过这一趟，他们又要多背一季债。","The accepted answer is grounded in the active 桥空出来以后 Lv5 Story span reproduced in TAUGHT_SOURCE_TEXT.","Runtime-generated Lv5 checkpoint uses the level's active Story and its declared 掌握递进与语义承接 target.","Names, actions, stakes, and place mechanism are taken from 桥空出来以后, not a generic resolver path.","从12世纪起，丽江成为四川、云南和西藏之间重要的货物集散地，南方丝绸之路与茶马古道网络在这里发生联系。\n国家文物资料记载，马匹、羊毛、皮革、药材以及茶叶、铁器、盐、糖、粮食等货物曾在丽江集散。\n四方街处于商业中心而不是单纯的观景广场；商贸活动把来自不同方向的人长期带入同一城市空间。","AGENT PASS — actual runtime content, answer, teaching span, and distractors inspected; no contradiction or teach-before-test defect found.","","","HUMAN_REVIEW_REQUIRED",""
"lijiang-old-town","桥空出来以后","Lv5","missingSentence","补全上下文关系\n难度 · 标准\n当前 Lv5：结合姐弟共同所有权和桥下水渠，选出最能让前后行动真正相接的一句。 答案必须同时承接前句并解释后句。\n训练目标 · 理解和清的犹豫不是怕刀，而是怕替姐姐决定损失\n第 1 / 3 次 · 候选答案 4 个","","","桥窄，满载的骡子不肯倒退；要绕到另一处过水，得穿过刚散去的人群。","","","四方街是一处与商贸无关的封闭庭院，马帮不会在这里集散。\n丽江水渠在故事里只负责倒映灯光，与取水和桥面行动没有关系。\n和素同意弟弟先毁掉两人的货，因此割绳前不存在共同所有权冲突。\n桥窄，满载的骡子不肯倒退；要绕到另一处过水，得穿过刚散去的人群。","桥窄，满载的骡子不肯倒退；要绕到另一处过水，得穿过刚散去的人群。","正确答案与当前 Lv5 故事情节一致，但判断依据是前后文中的人物、关系与因果，不是关键词重复。","四方街是一处与商贸无关的封闭庭院，马帮不会在这里集散。 — wrong: it is not supported by the active Story and changes or contradicts its action, relationship, or consequence.\n丽江水渠在故事里只负责倒映灯光，与取水和桥面行动没有关系。 — wrong: it is not supported by the active Story and changes or contradicts its action, relationship, or consequence.\n和素同意弟弟先毁掉两人的货，因此割绳前不存在共同所有权冲突。 — wrong: it is not supported by the active Story and changes or contradicts its action, relationship, or consequence.","烟贴着屋檐压下来。桥窄，满载的骡子不肯倒退；要绕到另一处过水，得穿过刚散去的人群。和素要他先保住货。","Active Story sentence 9","理解和清的犹豫不是怕刀，而是怕替姐姐决定损失","Story","resolveAdaptiveJourneyLevel:lijiang-old-town:Lv5","烟贴着屋檐压下来。桥窄，满载的骡子不肯倒退；要绕到另一处过水，得穿过刚散去的人群。和素要他先保住货。","The accepted answer is grounded in the active 桥空出来以后 Lv5 Story span reproduced in TAUGHT_SOURCE_TEXT.","Runtime-generated Lv5 checkpoint uses the level's active Story and its declared 理解和清的犹豫不是怕刀，而是怕替姐姐决定损失 target.","Names, actions, stakes, and place mechanism are taken from 桥空出来以后, not a generic resolver path.","从12世纪起，丽江成为四川、云南和西藏之间重要的货物集散地，南方丝绸之路与茶马古道网络在这里发生联系。\n国家文物资料记载，马匹、羊毛、皮革、药材以及茶叶、铁器、盐、糖、粮食等货物曾在丽江集散。\n四方街处于商业中心而不是单纯的观景广场；商贸活动把来自不同方向的人长期带入同一城市空间。","AGENT PASS — actual runtime content, answer, teaching span, and distractors inspected; no contradiction or teach-before-test defect found.","","","HUMAN_REVIEW_REQUIRED",""
"lijiang-old-town","桥空出来以后","Lv10","paragraphRebuild","重建事件关系\n难度 · 高级\n当前 Lv10：按共同债务、堵桥、割绳、传水与湿茶收尾，重建“桥空出来”为什么必须付出代价。 不靠原句记忆，先判断动作、关系与因果。\n训练目标 · 解释桥、水、市场、木屋与共同本钱怎样共同制造不可逆选择\n第 1 / 3 次 · 候选答案 4 个","姐弟俩把没进水的茶搬到墙边。\n和清割绳后独自离开，姐姐拒绝处理任何剩余货物。\n她没有看和清，只问：“还能剩几包？”\n和清说不知道。","她没有看和清，只问：“还能剩几包？”\n和清说不知道。\n姐弟俩把没进水的茶搬到墙边。","她没有看和清，只问：“还能剩几包？”\n和清说不知道。\n姐弟俩把没进水的茶搬到墙边。","","","姐弟俩把没进水的茶搬到墙边。\n和清割绳后独自离开，姐姐拒绝处理任何剩余货物。\n她没有看和清，只问：“还能剩几包？”\n和清说不知道。","她没有看和清，只问：“还能剩几包？”\n和清说不知道。\n姐弟俩把没进水的茶搬到墙边。","正确排序来自当前 Lv10 故事的事件推进；判断重点是前一动作怎样制造后一结果。 还要检查叙事焦点、时间推进与段落收束是否连续。","和清割绳后独自离开，姐姐拒绝处理任何剩余货物。 — wrong: it is not supported by the active Story and changes or contradicts its action, relationship, or consequence.","","","解释桥、水、市场、木屋与共同本钱怎样共同制造不可逆选择","Story","resolveAdaptiveJourneyLevel:lijiang-old-town:Lv10","火势压下去以后，和素蹲在水边摸了一把茶包。她没有看和清，只问：“还能剩几包？”和清说不知道。","The accepted answer is grounded in the active 桥空出来以后 Lv10 Story span reproduced in TAUGHT_SOURCE_TEXT.","Runtime-generated Lv10 checkpoint uses the level's active Story and its declared 解释桥、水、市场、木屋与共同本钱怎样共同制造不可逆选择 target.","Names, actions, stakes, and place mechanism are taken from 桥空出来以后, not a generic resolver path.","世界遗产保护不仅修房子，还需要持续维护水系、整体城镇格局、居民生活与非物质文化之间的关系。\nUNESCO的管理要求特别提到旅游与商业发展的控制，说明丽江面临的现代问题不是“要不要有人来”，而是如何让发展不损害遗产的突出普遍价值。\n判断丽江古城是否被真正理解，可以问一个综合问题：如果水渠不再运行、街桥关系被切断、生活传统只剩表演，即使单栋建筑还在，城市遗产是否仍完整？","AGENT PASS — actual runtime content, answer, teaching span, and distractors inspected; no contradiction or teach-before-test defect found.","","","HUMAN_REVIEW_REQUIRED",""
"lijiang-old-town","桥空出来以后","Lv10","grammarRepair","修好这句中文\n难度 · 高级\n当前 Lv10 语言目标：虽然…却…：未解决成本与共同承担。先定位不自然部分，再选最小且完整的修复。\n训练目标 · 掌握虽然…却…：未解决成本与共同承担\n第 1 / 3 次 · 候选答案 4 个","","","虽然还背着共同的债，却一起扛起了","火被控制后，姐弟虽然还背着共同的债，却一起扛起了湿茶。","火被控制后，姐弟虽然还背着共同的债，所以一起扛起了湿茶。","虽然还背着共同的债，所以一起扛起了\n虽然还背着共同的债，因此一起扛起了\n虽然还背着共同的债，却一起扛起了\n因为还背着共同的债，却一起扛起了","虽然还背着共同的债，却一起扛起了","语病修复 · 讲解","虽然还背着共同的债，所以一起扛起了 — wrong: it does not produce the accepted minimal repair and leaves an incorrect particle, scope, order, or collocation.\n虽然还背着共同的债，因此一起扛起了 — wrong: it does not produce the accepted minimal repair and leaves an incorrect particle, scope, order, or collocation.\n因为还背着共同的债，却一起扛起了 — wrong: it does not produce the accepted minimal repair and leaves an incorrect particle, scope, order, or collocation.","","","掌握虽然…却…：未解决成本与共同承担","Story","resolveAdaptiveJourneyLevel:lijiang-old-town:Lv10","清末黄昏，四方街刚散市。商贩和清与姐姐和素守着一驮茶叶；明早买家离城，这笔钱要还两人共同的债。这驮茶是姐弟俩合钱收下的；和素已经把买家的时辰记在心里，错过这一趟，他们又要多背一季债。","The accepted answer is grounded in the active 桥空出来以后 Lv10 Story span reproduced in TAUGHT_SOURCE_TEXT.","Runtime-generated Lv10 checkpoint uses the level's active Story and its declared 掌握虽然…却…：未解决成本与共同承担 target.","Names, actions, stakes, and place mechanism are taken from 桥空出来以后, not a generic resolver path.","世界遗产保护不仅修房子，还需要持续维护水系、整体城镇格局、居民生活与非物质文化之间的关系。\nUNESCO的管理要求特别提到旅游与商业发展的控制，说明丽江面临的现代问题不是“要不要有人来”，而是如何让发展不损害遗产的突出普遍价值。\n判断丽江古城是否被真正理解，可以问一个综合问题：如果水渠不再运行、街桥关系被切断、生活传统只剩表演，即使单栋建筑还在，城市遗产是否仍完整？","AGENT PASS — actual runtime content, answer, teaching span, and distractors inspected; no contradiction or teach-before-test defect found.","","","HUMAN_REVIEW_REQUIRED",""
"lijiang-old-town","桥空出来以后","Lv10","missingSentence","补全上下文关系\n难度 · 高级\n当前 Lv10：结合姐弟共同所有权和桥下水渠，选出最能让前后行动真正相接的一句。 答案必须同时承接前句并解释后句。\n训练目标 · 根据扁担结尾解释共同承担为何不同于一句“和好了”\n第 1 / 3 次 · 候选答案 4 个","","","和素数到第五包时停了一下，把还能卖的那一包推到两人中间。","","","火被控制后，湿茶恢复原样，姐弟当天就把共同债全部还清。\n和清把茶完整牵出桥面，既没有损失货物，也没有耽误取水。\n四方街是一处与商贸无关的封闭庭院，马帮不会在这里集散。\n和素数到第五包时停了一下，把还能卖的那一包推到两人中间。","和素数到第五包时停了一下，把还能卖的那一包推到两人中间。","正确答案与当前 Lv10 故事情节一致，但判断依据是前后文中的人物、关系与因果，不是关键词重复。 高质量衔接还要保持主题链、指代对象和逻辑方向一致。","火被控制后，湿茶恢复原样，姐弟当天就把共同债全部还清。 — wrong: it is not supported by the active Story and changes or contradicts its action, relationship, or consequence.\n和清把茶完整牵出桥面，既没有损失货物，也没有耽误取水。 — wrong: it is not supported by the active Story and changes or contradicts its action, relationship, or consequence.\n四方街是一处与商贸无关的封闭庭院，马帮不会在这里集散。 — wrong: it is not supported by the active Story and changes or contradicts its action, relationship, or consequence.","姐弟俩把没进水的茶搬到墙边。和素数到第五包时停了一下，把还能卖的那一包推到两人中间。天色发白，买家会不会等仍没答案。","Active Story sentence 43","根据扁担结尾解释共同承担为何不同于一句“和好了”","Story","resolveAdaptiveJourneyLevel:lijiang-old-town:Lv10","姐弟俩把没进水的茶搬到墙边。和素数到第五包时停了一下，把还能卖的那一包推到两人中间。天色发白，买家会不会等仍没答案。","The accepted answer is grounded in the active 桥空出来以后 Lv10 Story span reproduced in TAUGHT_SOURCE_TEXT.","Runtime-generated Lv10 checkpoint uses the level's active Story and its declared 根据扁担结尾解释共同承担为何不同于一句“和好了” target.","Names, actions, stakes, and place mechanism are taken from 桥空出来以后, not a generic resolver path.","世界遗产保护不仅修房子，还需要持续维护水系、整体城镇格局、居民生活与非物质文化之间的关系。\nUNESCO的管理要求特别提到旅游与商业发展的控制，说明丽江面临的现代问题不是“要不要有人来”，而是如何让发展不损害遗产的突出普遍价值。\n判断丽江古城是否被真正理解，可以问一个综合问题：如果水渠不再运行、街桥关系被切断、生活传统只剩表演，即使单栋建筑还在，城市遗产是否仍完整？","AGENT PASS — actual runtime content, answer, teaching span, and distractors inspected; no contradiction or teach-before-test defect found.","","","HUMAN_REVIEW_REQUIRED",""
"luoyang-longmen-grottoes","证据到这里","Lv1","paragraphRebuild","重建事件关系\n难度 · 初级\n当前 Lv1：按“补全模型—证据质疑—关掉模型—保留来源”，重建林砚的证据选择。 不靠原句记忆，先判断动作、关系与因果。\n训练目标 · 辨认建模、质疑与关闭模型的顺序\n第 1 / 3 次 · 候选答案 4 个","镜头停在万佛洞前室南壁的一处观音像龛：题记留下发愿造像者和完成时间，像的脸部却已残损。\n林砚和周澄合做龙门石窟数字短片，约定并列署名，共同为复原依据负责。\n下一处缺口前，林砚不再询问周澄，直接继续按风格补全。\n林砚保留自己想象补全的面部模型，并把它标成“有据复原”。","林砚和周澄合做龙门石窟数字短片，约定并列署名，共同为复原依据负责。\n镜头停在万佛洞前室南壁的一处观音像龛：题记留下发愿造像者和完成时间，像的脸部却已残损。","林砚和周澄合做龙门石窟数字短片，约定并列署名，共同为复原依据负责。\n镜头停在万佛洞前室南壁的一处观音像龛：题记留下发愿造像者和完成时间，像的脸部却已残损。","","","镜头停在万佛洞前室南壁的一处观音像龛：题记留下发愿造像者和完成时间，像的脸部却已残损。\n林砚和周澄合做龙门石窟数字短片，约定并列署名，共同为复原依据负责。\n下一处缺口前，林砚不再询问周澄，直接继续按风格补全。\n林砚保留自己想象补全的面部模型，并把它标成“有据复原”。","林砚和周澄合做龙门石窟数字短片，约定并列署名，共同为复原依据负责。\n镜头停在万佛洞前室南壁的一处观音像龛：题记留下发愿造像者和完成时间，像的脸部却已残损。","故事通常先介绍地点或人物，再写行动，最后写结果。","下一处缺口前，林砚不再询问周澄，直接继续按风格补全。 — wrong: it is not supported by the active Story and changes or contradicts its action, relationship, or consequence.\n林砚保留自己想象补全的面部模型，并把它标成“有据复原”。 — wrong: it is not supported by the active Story and changes or contradicts its action, relationship, or consequence.","","","辨认建模、质疑与关闭模型的顺序","Story","resolveAdaptiveJourneyLevel:luoyang-longmen-grottoes:Lv1","林砚和周澄合做龙门石窟数字短片，约定并列署名，共同为复原依据负责。镜头停在万佛洞前室南壁的一处观音像龛：题记留下发愿造像者和完成时间，像的脸部却已残损。","The accepted answer is grounded in the active 证据到这里 Lv1 Story span reproduced in TAUGHT_SOURCE_TEXT.","Runtime-generated Lv1 checkpoint uses the level's active Story and its declared 辨认建模、质疑与关闭模型的顺序 target.","Names, actions, stakes, and place mechanism are taken from 证据到这里, not a generic resolver path.","龙门石窟分布在洛阳南部伊河两岸的石灰岩崖壁上，两千三百余个洞窟和佛龛沿约一公里河段展开。\n龙门还保存两千八百余块碑刻题记。它们让石窟不仅有造像，也留下发愿、造像和题名等人的记录。","AGENT PASS — actual runtime content, answer, teaching span, and distractors inspected; no contradiction or teach-before-test defect found.","","","HUMAN_REVIEW_REQUIRED",""
"luoyang-longmen-grottoes","证据到这里","Lv1","grammarRepair","修好这句中文\n难度 · 初级\n当前 Lv1 语言目标：状语语序。先定位不自然部分，再选最小且完整的修复。\n训练目标 · 掌握状语语序\n第 1 / 3 次 · 候选答案 4 个","","","先按自己的想象","林砚先按自己的想象补全了残损面部。","林砚先自己按想象补全了残损面部。","先按自己的想象\n先自己的想象按\n先自己按想象\n先按自己想象的","先按自己的想象","顺序副词与依据状语要各自清楚。","先自己的想象按 — wrong: it does not produce the accepted minimal repair and leaves an incorrect particle, scope, order, or collocation.\n先自己按想象 — wrong: it does not produce the accepted minimal repair and leaves an incorrect particle, scope, order, or collocation.\n先按自己想象的 — wrong: it does not produce the accepted minimal repair and leaves an incorrect particle, scope, order, or collocation.","","","掌握状语语序","Story","resolveAdaptiveJourneyLevel:luoyang-longmen-grottoes:Lv1","林砚和周澄合做龙门石窟数字短片，约定并列署名，共同为复原依据负责。镜头停在万佛洞前室南壁的一处观音像龛：题记留下发愿造像者和完成时间，像的脸部却已残损。林砚为转场做了“补全脸部”模型。","The accepted answer is grounded in the active 证据到这里 Lv1 Story span reproduced in TAUGHT_SOURCE_TEXT.","Runtime-generated Lv1 checkpoint uses the level's active Story and its declared 掌握状语语序 target.","Names, actions, stakes, and place mechanism are taken from 证据到这里, not a generic resolver path.","龙门石窟分布在洛阳南部伊河两岸的石灰岩崖壁上，两千三百余个洞窟和佛龛沿约一公里河段展开。\n龙门还保存两千八百余块碑刻题记。它们让石窟不仅有造像，也留下发愿、造像和题名等人的记录。","AGENT PASS — actual runtime content, answer, teaching span, and distractors inspected; no contradiction or teach-before-test defect found.","","","HUMAN_REVIEW_REQUIRED",""
"luoyang-longmen-grottoes","证据到这里","Lv1","missingSentence","补全上下文关系\n难度 · 初级\n当前 Lv1：结合来源清单与残损石面，选出最能解释“无依据，不使用”的一句。 答案必须同时承接前句并解释后句。\n训练目标 · 补足题记与残损像龛之间的事实关系\n第 1 / 3 次 · 候选答案 4 个","","","镜头停在万佛洞前室南壁的一处观音像龛：题记留下发愿造像者和完成时间，像的脸部却已残损。","","","林砚保留自己想象补全的面部模型，并把它标成“有据复原”。\n下一处缺口前，林砚不再询问周澄，直接继续按风格补全。\n镜头停在万佛洞前室南壁的一处观音像龛：题记留下发愿造像者和完成时间，像的脸部却已残损。\n林砚删掉模型后也删除来源清单，让观众看不出资料层级。","镜头停在万佛洞前室南壁的一处观音像龛：题记留下发愿造像者和完成时间，像的脸部却已残损。","正确句要接住前一句，并让后一句自然发生。","林砚保留自己想象补全的面部模型，并把它标成“有据复原”。 — wrong: it is not supported by the active Story and changes or contradicts its action, relationship, or consequence.\n下一处缺口前，林砚不再询问周澄，直接继续按风格补全。 — wrong: it is not supported by the active Story and changes or contradicts its action, relationship, or consequence.\n林砚删掉模型后也删除来源清单，让观众看不出资料层级。 — wrong: it is not supported by the active Story and changes or contradicts its action, relationship, or consequence.","林砚和周澄合做龙门石窟数字短片，约定并列署名，共同为复原依据负责。镜头停在万佛洞前室南壁的一处观音像龛：题记留下发愿造像者和完成时间，像的脸部却已残损。林砚为转场做了“补全脸部”模型。","Active Story sentence 2","补足题记与残损像龛之间的事实关系","Story","resolveAdaptiveJourneyLevel:luoyang-longmen-grottoes:Lv1","林砚和周澄合做龙门石窟数字短片，约定并列署名，共同为复原依据负责。镜头停在万佛洞前室南壁的一处观音像龛：题记留下发愿造像者和完成时间，像的脸部却已残损。林砚为转场做了“补全脸部”模型。","The accepted answer is grounded in the active 证据到这里 Lv1 Story span reproduced in TAUGHT_SOURCE_TEXT.","Runtime-generated Lv1 checkpoint uses the level's active Story and its declared 补足题记与残损像龛之间的事实关系 target.","Names, actions, stakes, and place mechanism are taken from 证据到这里, not a generic resolver path.","龙门石窟分布在洛阳南部伊河两岸的石灰岩崖壁上，两千三百余个洞窟和佛龛沿约一公里河段展开。\n龙门还保存两千八百余块碑刻题记。它们让石窟不仅有造像，也留下发愿、造像和题名等人的记录。","AGENT PASS — actual runtime content, answer, teaching span, and distractors inspected; no contradiction or teach-before-test defect found.","","","HUMAN_REVIEW_REQUIRED",""
"luoyang-longmen-grottoes","证据到这里","Lv5","paragraphRebuild","重建事件关系\n难度 · 标准\n当前 Lv5：按“补全模型—证据质疑—关掉模型—保留来源”，重建林砚的证据选择。 不靠原句记忆，先判断动作、关系与因果。\n训练目标 · 理解三天渲染被放弃的选择成本\n第 1 / 3 次 · 候选答案 4 个","周澄为了让转场更顺，删除老照片，只留下补全模型。\n林砚答不出来。\n官方复原以历史老照片为基础，她这一层却只是按自己理解的唐代造像风格补的。\n她看了三天渲染和片尾两个名字，亲手关掉那层。","林砚答不出来。\n官方复原以历史老照片为基础，她这一层却只是按自己理解的唐代造像风格补的。\n她看了三天渲染和片尾两个名字，亲手关掉那层。","林砚答不出来。\n官方复原以历史老照片为基础，她这一层却只是按自己理解的唐代造像风格补的。\n她看了三天渲染和片尾两个名字，亲手关掉那层。","","","周澄为了让转场更顺，删除老照片，只留下补全模型。\n林砚答不出来。\n官方复原以历史老照片为基础，她这一层却只是按自己理解的唐代造像风格补的。\n她看了三天渲染和片尾两个名字，亲手关掉那层。","林砚答不出来。\n官方复原以历史老照片为基础，她这一层却只是按自己理解的唐代造像风格补的。\n她看了三天渲染和片尾两个名字，亲手关掉那层。","正确排序来自当前 Lv5 故事的事件推进；判断重点是前一动作怎样制造后一结果。","周澄为了让转场更顺，删除老照片，只留下补全模型。 — wrong: it is not supported by the active Story and changes or contradicts its action, relationship, or consequence.","","","理解三天渲染被放弃的选择成本","Story","resolveAdaptiveJourneyLevel:luoyang-longmen-grottoes:Lv5","周澄摆出老照片：“没依据，不能放在我们两人的名字下。”\n林砚答不出来。官方复原以历史老照片为基础，她这一层却只是按自己理解的唐代造像风格补的。","The accepted answer is grounded in the active 证据到这里 Lv5 Story span reproduced in TAUGHT_SOURCE_TEXT.","Runtime-generated Lv5 checkpoint uses the level's active Story and its declared 理解三天渲染被放弃的选择成本 target.","Names, actions, stakes, and place mechanism are taken from 证据到这里, not a generic resolver path.","龙门石窟分布在洛阳南部伊河两岸的石灰岩崖壁上，两千三百余个洞窟和佛龛沿约一公里河段展开。\n龙门石窟研究院以历史老照片为重要依据，结合三维数字化等研究，对这处残损观音像进行了虚拟复原。虚拟复原是有来源的研究展示，不等于所有缺失细节都已被证明。\n同一处造像可以有“现存石面”“历史照片”“有据虚拟复原”等不同资料层。把它们分别标注，能让观看者知道哪些是今天仍在的，哪些是依据资料重建的。","AGENT PASS — actual runtime content, answer, teaching span, and distractors inspected; no contradiction or teach-before-test defect found.","","","HUMAN_REVIEW_REQUIRED",""
"luoyang-longmen-grottoes","证据到这里","Lv5","grammarRepair","修好这句中文\n难度 · 标准\n当前 Lv5 语言目标：转折/对照。先定位不自然部分，再选最小且完整的修复。\n训练目标 · 掌握转折/对照\n第 1 / 3 次 · 候选答案 4 个","","","但是","模型视觉上更完整，但是它的证据强度更弱。","模型视觉上更完整，所以它的证据强度更弱。","因为\n所以\n因此\n但是","但是","语病修复 · 讲解","因为 — wrong: it does not produce the accepted minimal repair and leaves an incorrect particle, scope, order, or collocation.\n所以 — wrong: it does not produce the accepted minimal repair and leaves an incorrect particle, scope, order, or collocation.\n因此 — wrong: it does not produce the accepted minimal repair and leaves an incorrect particle, scope, order, or collocation.","","","掌握转折/对照","Story","resolveAdaptiveJourneyLevel:luoyang-longmen-grottoes:Lv5","林砚和周澄合做龙门石窟数字短片，约定并列署名，共同为复原依据负责。镜头停在万佛洞前室南壁的一处观音像龛：题记留下发愿造像者和完成时间，像的脸部却已残损。林砚为转场做了“补全脸部”模型。","The accepted answer is grounded in the active 证据到这里 Lv5 Story span reproduced in TAUGHT_SOURCE_TEXT.","Runtime-generated Lv5 checkpoint uses the level's active Story and its declared 掌握转折/对照 target.","Names, actions, stakes, and place mechanism are taken from 证据到这里, not a generic resolver path.","龙门石窟分布在洛阳南部伊河两岸的石灰岩崖壁上，两千三百余个洞窟和佛龛沿约一公里河段展开。\n龙门石窟研究院以历史老照片为重要依据，结合三维数字化等研究，对这处残损观音像进行了虚拟复原。虚拟复原是有来源的研究展示，不等于所有缺失细节都已被证明。\n同一处造像可以有“现存石面”“历史照片”“有据虚拟复原”等不同资料层。把它们分别标注，能让观看者知道哪些是今天仍在的，哪些是依据资料重建的。","AGENT PASS — actual runtime content, answer, teaching span, and distractors inspected; no contradiction or teach-before-test defect found.","","","HUMAN_REVIEW_REQUIRED",""
"luoyang-longmen-grottoes","证据到这里","Lv5","missingSentence","补全上下文关系\n难度 · 标准\n当前 Lv5：结合来源清单与残损石面，选出最能解释“无依据，不使用”的一句。 答案必须同时承接前句并解释后句。\n训练目标 · 理解来源清单为何不是附加手续\n第 1 / 3 次 · 候选答案 4 个","","","官方复原以历史老照片为基础，她这一层却只是按自己理解的唐代造像风格补的。","","","林砚删掉模型后也删除来源清单，让观众看不出资料层级。\n下一处缺口前，林砚不再询问周澄，直接继续按风格补全。\n林砚保留自己想象补全的面部模型，并把它标成“有据复原”。\n官方复原以历史老照片为基础，她这一层却只是按自己理解的唐代造像风格补的。","官方复原以历史老照片为基础，她这一层却只是按自己理解的唐代造像风格补的。","正确答案与当前 Lv5 故事情节一致，但判断依据是前后文中的人物、关系与因果，不是关键词重复。","林砚删掉模型后也删除来源清单，让观众看不出资料层级。 — wrong: it is not supported by the active Story and changes or contradicts its action, relationship, or consequence.\n下一处缺口前，林砚不再询问周澄，直接继续按风格补全。 — wrong: it is not supported by the active Story and changes or contradicts its action, relationship, or consequence.\n林砚保留自己想象补全的面部模型，并把它标成“有据复原”。 — wrong: it is not supported by the active Story and changes or contradicts its action, relationship, or consequence.","”\n林砚答不出来。官方复原以历史老照片为基础，她这一层却只是按自己理解的唐代造像风格补的。她看了三天渲染和片尾两个名字，亲手关掉那层。","Active Story sentence 6","理解来源清单为何不是附加手续","Story","resolveAdaptiveJourneyLevel:luoyang-longmen-grottoes:Lv5","”\n林砚答不出来。官方复原以历史老照片为基础，她这一层却只是按自己理解的唐代造像风格补的。她看了三天渲染和片尾两个名字，亲手关掉那层。","The accepted answer is grounded in the active 证据到这里 Lv5 Story span reproduced in TAUGHT_SOURCE_TEXT.","Runtime-generated Lv5 checkpoint uses the level's active Story and its declared 理解来源清单为何不是附加手续 target.","Names, actions, stakes, and place mechanism are taken from 证据到这里, not a generic resolver path.","龙门石窟分布在洛阳南部伊河两岸的石灰岩崖壁上，两千三百余个洞窟和佛龛沿约一公里河段展开。\n龙门石窟研究院以历史老照片为重要依据，结合三维数字化等研究，对这处残损观音像进行了虚拟复原。虚拟复原是有来源的研究展示，不等于所有缺失细节都已被证明。\n同一处造像可以有“现存石面”“历史照片”“有据虚拟复原”等不同资料层。把它们分别标注，能让观看者知道哪些是今天仍在的，哪些是依据资料重建的。","AGENT PASS — actual runtime content, answer, teaching span, and distractors inspected; no contradiction or teach-before-test defect found.","","","HUMAN_REVIEW_REQUIRED",""
"luoyang-longmen-grottoes","证据到这里","Lv10","paragraphRebuild","重建事件关系\n难度 · 高级\n当前 Lv10：按“补全模型—证据质疑—关掉模型—保留来源”，重建林砚的证据选择。 不靠原句记忆，先判断动作、关系与因果。\n训练目标 · 解释为什么不补满反而更接近真实性要求\n第 1 / 3 次 · 候选答案 4 个","成片只留下三层：今天的石面、历史照片和有据复原。\n下一处缺口前，林砚不再询问周澄，直接继续按风格补全。\n周澄把资料摊在两人之间；说不清时，林砚不再催她往下剪。\n下一处缺口前，林砚先把鼠标让给周澄，等她推回能找到的照片。","周澄把资料摊在两人之间；说不清时，林砚不再催她往下剪。\n下一处缺口前，林砚先把鼠标让给周澄，等她推回能找到的照片。\n成片只留下三层：今天的石面、历史照片和有据复原。","周澄把资料摊在两人之间；说不清时，林砚不再催她往下剪。\n下一处缺口前，林砚先把鼠标让给周澄，等她推回能找到的照片。\n成片只留下三层：今天的石面、历史照片和有据复原。","","","成片只留下三层：今天的石面、历史照片和有据复原。\n下一处缺口前，林砚不再询问周澄，直接继续按风格补全。\n周澄把资料摊在两人之间；说不清时，林砚不再催她往下剪。\n下一处缺口前，林砚先把鼠标让给周澄，等她推回能找到的照片。","周澄把资料摊在两人之间；说不清时，林砚不再催她往下剪。\n下一处缺口前，林砚先把鼠标让给周澄，等她推回能找到的照片。\n成片只留下三层：今天的石面、历史照片和有据复原。","正确排序来自当前 Lv10 故事的事件推进；判断重点是前一动作怎样制造后一结果。 还要检查叙事焦点、时间推进与段落收束是否连续。","下一处缺口前，林砚不再询问周澄，直接继续按风格补全。 — wrong: it is not supported by the active Story and changes or contradicts its action, relationship, or consequence.","","","解释为什么不补满反而更接近真实性要求","Story","resolveAdaptiveJourneyLevel:luoyang-longmen-grottoes:Lv10","最后一帧回到今天的石面，没有替过去补上更方便的答案；“无依据，不使用”仍留在工程文件里。周澄把资料摊在两人之间；说不清时，林砚不再催她往下剪。下一处缺口前，林砚先把鼠标让给周澄，等她推回能找到的照片。","The accepted answer is grounded in the active 证据到这里 Lv10 Story span reproduced in TAUGHT_SOURCE_TEXT.","Runtime-generated Lv10 checkpoint uses the level's active Story and its declared 解释为什么不补满反而更接近真实性要求 target.","Names, actions, stakes, and place mechanism are taken from 证据到这里, not a generic resolver path.","龙门石窟分布在洛阳南部伊河两岸的石灰岩崖壁上，两千三百余个洞窟和佛龛沿约一公里河段展开。\nUNESCO 对龙门真实性的评价强调保存历史状态并持续以研究、监测支持保护。真实性不是把所有残损补成“最完整”的样子，而是让来源和现存状态保持可辨。\n龙门的真实性也包括遗址、崖壁、伊河环境与长期历史变化形成的整体关系。保护不是把时间擦掉，而是在真实性依据下继续识别和管理变化。","AGENT PASS — actual runtime content, answer, teaching span, and distractors inspected; no contradiction or teach-before-test defect found.","","","HUMAN_REVIEW_REQUIRED",""
"luoyang-longmen-grottoes","证据到这里","Lv10","grammarRepair","修好这句中文\n难度 · 高级\n当前 Lv10 语言目标：只能…不能…：证据边界。先定位不自然部分，再选最小且完整的修复。\n训练目标 · 掌握只能…不能…：证据边界\n第 1 / 3 次 · 候选答案 4 个","","","只能支持有限判断，不能","历史照片和题记只能支持有限判断，不能为凭风格补满提供依据。","历史照片和题记足以只支持有限判断，而且能为凭风格补满提供依据。","足以只支持有限判断，而且能\n只支持有限判断，所以足以\n只能支持有限判断，不能\n只能支持有限判断，却能","只能支持有限判断，不能","语病修复 · 讲解","足以只支持有限判断，而且能 — wrong: it does not produce the accepted minimal repair and leaves an incorrect particle, scope, order, or collocation.\n只支持有限判断，所以足以 — wrong: it does not produce the accepted minimal repair and leaves an incorrect particle, scope, order, or collocation.\n只能支持有限判断，却能 — wrong: it does not produce the accepted minimal repair and leaves an incorrect particle, scope, order, or collocation.","","","掌握只能…不能…：证据边界","Story","resolveAdaptiveJourneyLevel:luoyang-longmen-grottoes:Lv10","林砚和周澄合做龙门石窟数字短片，约定并列署名，共同为复原依据负责。镜头停在万佛洞前室南壁的一处观音像龛：题记留下发愿造像者和完成时间，像的脸部却已残损。林砚为转场做了“补全脸部”模型。","The accepted answer is grounded in the active 证据到这里 Lv10 Story span reproduced in TAUGHT_SOURCE_TEXT.","Runtime-generated Lv10 checkpoint uses the level's active Story and its declared 掌握只能…不能…：证据边界 target.","Names, actions, stakes, and place mechanism are taken from 证据到这里, not a generic resolver path.","龙门石窟分布在洛阳南部伊河两岸的石灰岩崖壁上，两千三百余个洞窟和佛龛沿约一公里河段展开。\nUNESCO 对龙门真实性的评价强调保存历史状态并持续以研究、监测支持保护。真实性不是把所有残损补成“最完整”的样子，而是让来源和现存状态保持可辨。\n龙门的真实性也包括遗址、崖壁、伊河环境与长期历史变化形成的整体关系。保护不是把时间擦掉，而是在真实性依据下继续识别和管理变化。","AGENT PASS — actual runtime content, answer, teaching span, and distractors inspected; no contradiction or teach-before-test defect found.","","","HUMAN_REVIEW_REQUIRED",""
"luoyang-longmen-grottoes","证据到这里","Lv10","missingSentence","补全上下文关系\n难度 · 高级\n当前 Lv10：结合来源清单与残损石面，选出最能解释“无依据，不使用”的一句。 答案必须同时承接前句并解释后句。\n训练目标 · 根据结尾解释“鼠标让给周澄”的关系变化\n第 1 / 3 次 · 候选答案 4 个","","","成片只留下三层：今天的石面、历史照片和有据复原。","","","残损石面只被当成等待补满的空白，没有保留现存状态。\n周澄为了让转场更顺，删除老照片，只留下补全模型。\n两人最后取消并列署名，由林砚独自决定所有复原内容。\n成片只留下三层：今天的石面、历史照片和有据复原。","成片只留下三层：今天的石面、历史照片和有据复原。","正确答案与当前 Lv10 故事情节一致，但判断依据是前后文中的人物、关系与因果，不是关键词重复。 高质量衔接还要保持主题链、指代对象和逻辑方向一致。","残损石面只被当成等待补满的空白，没有保留现存状态。 — wrong: it is not supported by the active Story and changes or contradicts its action, relationship, or consequence.\n周澄为了让转场更顺，删除老照片，只留下补全模型。 — wrong: it is not supported by the active Story and changes or contradicts its action, relationship, or consequence.\n两人最后取消并列署名，由林砚独自决定所有复原内容。 — wrong: it is not supported by the active Story and changes or contradicts its action, relationship, or consequence.","下一处缺口前，林砚先把鼠标让给周澄，等她推回能找到的照片。成片只留下三层：今天的石面、历史照片和有据复原。导出后，那一层和周澄的来源清单被放进下一次模板。","Active Story sentence 22","根据结尾解释“鼠标让给周澄”的关系变化","Story","resolveAdaptiveJourneyLevel:luoyang-longmen-grottoes:Lv10","下一处缺口前，林砚先把鼠标让给周澄，等她推回能找到的照片。成片只留下三层：今天的石面、历史照片和有据复原。导出后，那一层和周澄的来源清单被放进下一次模板。","The accepted answer is grounded in the active 证据到这里 Lv10 Story span reproduced in TAUGHT_SOURCE_TEXT.","Runtime-generated Lv10 checkpoint uses the level's active Story and its declared 根据结尾解释“鼠标让给周澄”的关系变化 target.","Names, actions, stakes, and place mechanism are taken from 证据到这里, not a generic resolver path.","龙门石窟分布在洛阳南部伊河两岸的石灰岩崖壁上，两千三百余个洞窟和佛龛沿约一公里河段展开。\nUNESCO 对龙门真实性的评价强调保存历史状态并持续以研究、监测支持保护。真实性不是把所有残损补成“最完整”的样子，而是让来源和现存状态保持可辨。\n龙门的真实性也包括遗址、崖壁、伊河环境与长期历史变化形成的整体关系。保护不是把时间擦掉，而是在真实性依据下继续识别和管理变化。","AGENT PASS — actual runtime content, answer, teaching span, and distractors inspected; no contradiction or teach-before-test defect found.","","","HUMAN_REVIEW_REQUIRED",""
"nanjing-qinhuai-river","亮灯以后留下的暗段","Lv1","paragraphRebuild","重建事件关系\n难度 · 初级\n当前 Lv1：按故障、放下工具与保留通行照明，重建魏舟的现场取舍。 不靠原句记忆，先判断动作、关系与因果。\n训练目标 · 辨认故障与倒计时的基本顺序\n第 1 / 3 次 · 候选答案 4 个","周工正在另一段处理问题，不能马上回来。\n离秦淮灯会亮灯还有七分钟，魏舟负责的秦淮河古桥附近一段灯突然不亮了。\n魏舟认为只要灯会好看，既定设施安排可以临时随意改变。\n魏舟直接使用未经确认的临时改线，让所有装饰灯都亮起来。","离秦淮灯会亮灯还有七分钟，魏舟负责的秦淮河古桥附近一段灯突然不亮了。\n周工正在另一段处理问题，不能马上回来。","离秦淮灯会亮灯还有七分钟，魏舟负责的秦淮河古桥附近一段灯突然不亮了。\n周工正在另一段处理问题，不能马上回来。","","","周工正在另一段处理问题，不能马上回来。\n离秦淮灯会亮灯还有七分钟，魏舟负责的秦淮河古桥附近一段灯突然不亮了。\n魏舟认为只要灯会好看，既定设施安排可以临时随意改变。\n魏舟直接使用未经确认的临时改线，让所有装饰灯都亮起来。","离秦淮灯会亮灯还有七分钟，魏舟负责的秦淮河古桥附近一段灯突然不亮了。\n周工正在另一段处理问题，不能马上回来。","故事通常先介绍地点或人物，再写行动，最后写结果。","魏舟认为只要灯会好看，既定设施安排可以临时随意改变。 — wrong: it is not supported by the active Story and changes or contradicts its action, relationship, or consequence.\n魏舟直接使用未经确认的临时改线，让所有装饰灯都亮起来。 — wrong: it is not supported by the active Story and changes or contradicts its action, relationship, or consequence.","","","辨认故障与倒计时的基本顺序","Story","resolveAdaptiveJourneyLevel:nanjing-qinhuai-river:Lv1","离秦淮灯会亮灯还有七分钟，魏舟负责的秦淮河古桥附近一段灯突然不亮了。周工正在另一段处理问题，不能马上回来。","The accepted answer is grounded in the active 亮灯以后留下的暗段 Lv1 Story span reproduced in TAUGHT_SOURCE_TEXT.","Runtime-generated Lv1 checkpoint uses the level's active Story and its declared 辨认故障与倒计时的基本顺序 target.","Names, actions, stakes, and place mechanism are taken from 亮灯以后留下的暗段, not a generic resolver path.","官方条例把秦淮河以及河道两岸的历史风貌列入需要重点保护的风景名胜资源。","AGENT PASS — actual runtime content, answer, teaching span, and distractors inspected; no contradiction or teach-before-test defect found.","","","HUMAN_REVIEW_REQUIRED",""
"nanjing-qinhuai-river","亮灯以后留下的暗段","Lv1","grammarRepair","修好这句中文\n难度 · 初级\n当前 Lv1 语言目标：能愿动词与顺序副词的语序。先定位不自然部分，再选最小且完整的修复。\n训练目标 · 掌握能愿动词与顺序副词的语序\n第 1 / 3 次 · 候选答案 4 个","","","必须先把安全条件判断清楚","距离亮灯只剩七分钟，魏舟必须先把安全条件判断清楚。","距离亮灯只剩七分钟，魏舟先必须把安全条件判断清楚。","必须先把安全条件判断清楚\n必须把先安全条件判断清楚\n先必须把安全条件判断清楚\n必须先安全条件把判断清楚","必须先把安全条件判断清楚","能愿动词通常放在表示动作顺序的“先”之前。","必须把先安全条件判断清楚 — wrong: it does not produce the accepted minimal repair and leaves an incorrect particle, scope, order, or collocation.\n先必须把安全条件判断清楚 — wrong: it does not produce the accepted minimal repair and leaves an incorrect particle, scope, order, or collocation.\n必须先安全条件把判断清楚 — wrong: it does not produce the accepted minimal repair and leaves an incorrect particle, scope, order, or collocation.","","","掌握能愿动词与顺序副词的语序","Story","resolveAdaptiveJourneyLevel:nanjing-qinhuai-river:Lv1","离秦淮灯会亮灯还有七分钟，魏舟负责的秦淮河古桥附近一段灯突然不亮了。周工正在另一段处理问题，不能马上回来。魏舟发现，最快的办法是临时改动原来的照明线路，但这项改动没有经过确认，也来不及重新检查安全。","The accepted answer is grounded in the active 亮灯以后留下的暗段 Lv1 Story span reproduced in TAUGHT_SOURCE_TEXT.","Runtime-generated Lv1 checkpoint uses the level's active Story and its declared 掌握能愿动词与顺序副词的语序 target.","Names, actions, stakes, and place mechanism are taken from 亮灯以后留下的暗段, not a generic resolver path.","官方条例把秦淮河以及河道两岸的历史风貌列入需要重点保护的风景名胜资源。","AGENT PASS — actual runtime content, answer, teaching span, and distractors inspected; no contradiction or teach-before-test defect found.","","","HUMAN_REVIEW_REQUIRED",""
"nanjing-qinhuai-river","亮灯以后留下的暗段","Lv1","missingSentence","补全上下文关系\n难度 · 初级\n当前 Lv1：结合前后结果，选出最能解释为什么装饰灯可以留暗的一句。 答案必须同时承接前句并解释后句。\n训练目标 · 补足周工缺席与魏舟独立判断的联系\n第 1 / 3 次 · 候选答案 4 个","","","周工正在另一段处理问题，不能马上回来。","","","古桥旁的暗段说明主要路线没有安全开放。\n倒计时结束后，魏舟看到暗段又偷偷改线补亮。\n周工正在另一段处理问题，不能马上回来。\n魏舟因为周工不在，就停掉全部照明，取消沿河通行。","周工正在另一段处理问题，不能马上回来。","正确句要接住前一句，并让后一句自然发生。","古桥旁的暗段说明主要路线没有安全开放。 — wrong: it is not supported by the active Story and changes or contradicts its action, relationship, or consequence.\n倒计时结束后，魏舟看到暗段又偷偷改线补亮。 — wrong: it is not supported by the active Story and changes or contradicts its action, relationship, or consequence.\n魏舟因为周工不在，就停掉全部照明，取消沿河通行。 — wrong: it is not supported by the active Story and changes or contradicts its action, relationship, or consequence.","离秦淮灯会亮灯还有七分钟，魏舟负责的秦淮河古桥附近一段灯突然不亮了。周工正在另一段处理问题，不能马上回来。魏舟发现，最快的办法是临时改动原来的照明线路，但这项改动没有经过确认，也来不及重新检查安全。","Active Story sentence 2","补足周工缺席与魏舟独立判断的联系","Story","resolveAdaptiveJourneyLevel:nanjing-qinhuai-river:Lv1","离秦淮灯会亮灯还有七分钟，魏舟负责的秦淮河古桥附近一段灯突然不亮了。周工正在另一段处理问题，不能马上回来。魏舟发现，最快的办法是临时改动原来的照明线路，但这项改动没有经过确认，也来不及重新检查安全。","The accepted answer is grounded in the active 亮灯以后留下的暗段 Lv1 Story span reproduced in TAUGHT_SOURCE_TEXT.","Runtime-generated Lv1 checkpoint uses the level's active Story and its declared 补足周工缺席与魏舟独立判断的联系 target.","Names, actions, stakes, and place mechanism are taken from 亮灯以后留下的暗段, not a generic resolver path.","官方条例把秦淮河以及河道两岸的历史风貌列入需要重点保护的风景名胜资源。","AGENT PASS — actual runtime content, answer, teaching span, and distractors inspected; no contradiction or teach-before-test defect found.","","","HUMAN_REVIEW_REQUIRED",""
"nanjing-qinhuai-river","亮灯以后留下的暗段","Lv5","paragraphRebuild","重建事件关系\n难度 · 标准\n当前 Lv5：按故障、放下工具与保留通行照明，重建魏舟的现场取舍。 不靠原句记忆，先判断动作、关系与因果。\n训练目标 · 理解留下一段黑暗是选择的成本\n第 1 / 3 次 · 候选答案 4 个","魏舟直接使用未经确认的临时改线，让所有装饰灯都亮起来。\n他今晚尤其想证明自己已经能把整段灯光完整交出去。\n故障点旁有一个诱人的快捷办法：临时改变已经确认的照明走向，把仍可使用的供电安排转向装饰灯。\n技术上动作不复杂，但它会改变既定设施安排；这里又是秦淮历史风貌敏感的河岸和古桥段，剩下的几分钟不足以完成必要的确认与安全复核。","他今晚尤其想证明自己已经能把整段灯光完整交出去。\n故障点旁有一个诱人的快捷办法：临时改变已经确认的照明走向，把仍可使用的供电安排转向装饰灯。\n技术上动作不复杂，但它会改变既定设施安排；这里又是秦淮历史风貌敏感的河岸和古桥段，剩下的几分钟不足以完成必要的确认与安全复核。","他今晚尤其想证明自己已经能把整段灯光完整交出去。\n故障点旁有一个诱人的快捷办法：临时改变已经确认的照明走向，把仍可使用的供电安排转向装饰灯。\n技术上动作不复杂，但它会改变既定设施安排；这里又是秦淮历史风貌敏感的河岸和古桥段，剩下的几分钟不足以完成必要的确认与安全复核。","","","魏舟直接使用未经确认的临时改线，让所有装饰灯都亮起来。\n他今晚尤其想证明自己已经能把整段灯光完整交出去。\n故障点旁有一个诱人的快捷办法：临时改变已经确认的照明走向，把仍可使用的供电安排转向装饰灯。\n技术上动作不复杂，但它会改变既定设施安排；这里又是秦淮历史风貌敏感的河岸和古桥段，剩下的几分钟不足以完成必要的确认与安全复核。","他今晚尤其想证明自己已经能把整段灯光完整交出去。\n故障点旁有一个诱人的快捷办法：临时改变已经确认的照明走向，把仍可使用的供电安排转向装饰灯。\n技术上动作不复杂，但它会改变既定设施安排；这里又是秦淮历史风貌敏感的河岸和古桥段，剩下的几分钟不足以完成必要的确认与安全复核。","正确排序来自当前 Lv5 故事的事件推进；判断重点是前一动作怎样制造后一结果。","魏舟直接使用未经确认的临时改线，让所有装饰灯都亮起来。 — wrong: it is not supported by the active Story and changes or contradicts its action, relationship, or consequence.","","","理解留下一段黑暗是选择的成本","Story","resolveAdaptiveJourneyLevel:nanjing-qinhuai-river:Lv5","魏舟跟随周工做了一年多安装与测试，能完成任务，却很少独自决定“少亮一部分”这样的结果。他今晚尤其想证明自己已经能把整段灯光完整交出去。故障点旁有一个诱人的快捷办法：临时改变已经确认的照明走向，把仍可使用的供电安排转向装饰灯。","The accepted answer is grounded in the active 亮灯以后留下的暗段 Lv5 Story span reproduced in TAUGHT_SOURCE_TEXT.","Runtime-generated Lv5 checkpoint uses the level's active Story and its declared 理解留下一段黑暗是选择的成本 target.","Names, actions, stakes, and place mechanism are taken from 亮灯以后留下的暗段, not a generic resolver path.","条例要求供电、照明等公用设施符合规划和景观要求，并做好维护。","AGENT PASS — actual runtime content, answer, teaching span, and distractors inspected; no contradiction or teach-before-test defect found.","","","HUMAN_REVIEW_REQUIRED",""
"nanjing-qinhuai-river","亮灯以后留下的暗段","Lv5","grammarRepair","修好这句中文\n难度 · 标准\n当前 Lv5 语言目标：“只得/只好/不得不”同层情态不可叠加。先定位不自然部分，再选最小且完整的修复。\n训练目标 · 掌握“只得/只好/不得不”同层情态不可叠加\n第 1 / 3 次 · 候选答案 4 个","","","只得放弃","来不及重新确认改线，魏舟只得放弃最快方案。","来不及重新确认改线，魏舟只得只好放弃最快方案。","只好只得放弃\n只得只好放弃\n只得不得不放弃\n只得放弃","只得放弃","语病修复 · 讲解","只好只得放弃 — wrong: it does not produce the accepted minimal repair and leaves an incorrect particle, scope, order, or collocation.\n只得只好放弃 — wrong: it does not produce the accepted minimal repair and leaves an incorrect particle, scope, order, or collocation.\n只得不得不放弃 — wrong: it does not produce the accepted minimal repair and leaves an incorrect particle, scope, order, or collocation.","","","掌握“只得/只好/不得不”同层情态不可叠加","Story","resolveAdaptiveJourneyLevel:nanjing-qinhuai-river:Lv5","距离秦淮灯会试亮只剩七分钟，魏舟负责的秦淮河河岸段突然出现故障：古桥附近一组装饰灯失去响应。人群已经在外围等待，沿河路线必须在规定时间前具备安全开放条件。周工正在上游处理另一处异常，只通过对讲机让魏舟先判断现场。","The accepted answer is grounded in the active 亮灯以后留下的暗段 Lv5 Story span reproduced in TAUGHT_SOURCE_TEXT.","Runtime-generated Lv5 checkpoint uses the level's active Story and its declared 掌握“只得/只好/不得不”同层情态不可叠加 target.","Names, actions, stakes, and place mechanism are taken from 亮灯以后留下的暗段, not a generic resolver path.","条例要求供电、照明等公用设施符合规划和景观要求，并做好维护。","AGENT PASS — actual runtime content, answer, teaching span, and distractors inspected; no contradiction or teach-before-test defect found.","","","HUMAN_REVIEW_REQUIRED",""
"nanjing-qinhuai-river","亮灯以后留下的暗段","Lv5","missingSentence","补全上下文关系\n难度 · 标准\n当前 Lv5：结合前后结果，选出最能解释为什么装饰灯可以留暗的一句。 答案必须同时承接前句并解释后句。\n训练目标 · 理解暗段为何不是“失败忘了修”\n第 1 / 3 次 · 候选答案 4 个","","","技术上动作不复杂，但它会改变既定设施安排；这里又是秦淮历史风貌敏感的河岸和古桥段，剩下的几分钟不足以完成必要的确认与安全复核。","","","魏舟因为周工不在，就停掉全部照明，取消沿河通行。\n魏舟直接使用未经确认的临时改线，让所有装饰灯都亮起来。\n魏舟认为只要灯会好看，既定设施安排可以临时随意改变。\n技术上动作不复杂，但它会改变既定设施安排；这里又是秦淮历史风貌敏感的河岸和古桥段，剩下的几分钟不足以完成必要的确认与安全复核。","技术上动作不复杂，但它会改变既定设施安排；这里又是秦淮历史风貌敏感的河岸和古桥段，剩下的几分钟不足以完成必要的确认与安全复核。","正确答案与当前 Lv5 故事情节一致，但判断依据是前后文中的人物、关系与因果，不是关键词重复。","魏舟因为周工不在，就停掉全部照明，取消沿河通行。 — wrong: it is not supported by the active Story and changes or contradicts its action, relationship, or consequence.\n魏舟直接使用未经确认的临时改线，让所有装饰灯都亮起来。 — wrong: it is not supported by the active Story and changes or contradicts its action, relationship, or consequence.\n魏舟认为只要灯会好看，既定设施安排可以临时随意改变。 — wrong: it is not supported by the active Story and changes or contradicts its action, relationship, or consequence.","故障点旁有一个诱人的快捷办法：临时改变已经确认的照明走向，把仍可使用的供电安排转向装饰灯。技术上动作不复杂，但它会改变既定设施安排；这里又是秦淮历史风貌敏感的河岸和古桥段，剩下的几分钟不足以完成必要的确认与安全复核。魏舟把准备动手的工具放下。","Active Story sentence 7","理解暗段为何不是“失败忘了修”","Story","resolveAdaptiveJourneyLevel:nanjing-qinhuai-river:Lv5","故障点旁有一个诱人的快捷办法：临时改变已经确认的照明走向，把仍可使用的供电安排转向装饰灯。技术上动作不复杂，但它会改变既定设施安排；这里又是秦淮历史风貌敏感的河岸和古桥段，剩下的几分钟不足以完成必要的确认与安全复核。魏舟把准备动手的工具放下。","The accepted answer is grounded in the active 亮灯以后留下的暗段 Lv5 Story span reproduced in TAUGHT_SOURCE_TEXT.","Runtime-generated Lv5 checkpoint uses the level's active Story and its declared 理解暗段为何不是“失败忘了修” target.","Names, actions, stakes, and place mechanism are taken from 亮灯以后留下的暗段, not a generic resolver path.","条例要求供电、照明等公用设施符合规划和景观要求，并做好维护。","AGENT PASS — actual runtime content, answer, teaching span, and distractors inspected; no contradiction or teach-before-test defect found.","","","HUMAN_REVIEW_REQUIRED",""
"nanjing-qinhuai-river","亮灯以后留下的暗段","Lv10","paragraphRebuild","重建事件关系\n难度 · 高级\n当前 Lv10：按故障、放下工具与保留通行照明，重建魏舟的现场取舍。 不靠原句记忆，先判断动作、关系与因果。\n训练目标 · 解释为什么“不全亮”仍可能是更负责任的完成\n第 1 / 3 次 · 候选答案 4 个","听完，他没有接管控制台，也没有替魏舟重写结果，只把最终灯光状态记录交给他，让他签写故障、缩减范围、开放状态和后续安排，并由他完成本段汇报。\n魏舟直接使用未经确认的临时改线，让所有装饰灯都亮起来。\n开场按缩减配置继续，魏舟看见暗段后没有再尝试任何未经确认的补救。\n周工赶回来，先检查通行区域，再看那处没有亮的装饰段，随后要求魏舟说明为什么保留这个缺口。","开场按缩减配置继续，魏舟看见暗段后没有再尝试任何未经确认的补救。\n周工赶回来，先检查通行区域，再看那处没有亮的装饰段，随后要求魏舟说明为什么保留这个缺口。\n听完，他没有接管控制台，也没有替魏舟重写结果，只把最终灯光状态记录交给他，让他签写故障、缩减范围、开放状态和后续安排，并由他完成本段汇报。","开场按缩减配置继续，魏舟看见暗段后没有再尝试任何未经确认的补救。\n周工赶回来，先检查通行区域，再看那处没有亮的装饰段，随后要求魏舟说明为什么保留这个缺口。\n听完，他没有接管控制台，也没有替魏舟重写结果，只把最终灯光状态记录交给他，让他签写故障、缩减范围、开放状态和后续安排，并由他完成本段汇报。","","","听完，他没有接管控制台，也没有替魏舟重写结果，只把最终灯光状态记录交给他，让他签写故障、缩减范围、开放状态和后续安排，并由他完成本段汇报。\n魏舟直接使用未经确认的临时改线，让所有装饰灯都亮起来。\n开场按缩减配置继续，魏舟看见暗段后没有再尝试任何未经确认的补救。\n周工赶回来，先检查通行区域，再看那处没有亮的装饰段，随后要求魏舟说明为什么保留这个缺口。","开场按缩减配置继续，魏舟看见暗段后没有再尝试任何未经确认的补救。\n周工赶回来，先检查通行区域，再看那处没有亮的装饰段，随后要求魏舟说明为什么保留这个缺口。\n听完，他没有接管控制台，也没有替魏舟重写结果，只把最终灯光状态记录交给他，让他签写故障、缩减范围、开放状态和后续安排，并由他完成本段汇报。","正确排序来自当前 Lv10 故事的事件推进；判断重点是前一动作怎样制造后一结果。 还要检查叙事焦点、时间推进与段落收束是否连续。","魏舟直接使用未经确认的临时改线，让所有装饰灯都亮起来。 — wrong: it is not supported by the active Story and changes or contradicts its action, relationship, or consequence.","","","解释为什么“不全亮”仍可能是更负责任的完成","Story","resolveAdaptiveJourneyLevel:nanjing-qinhuai-river:Lv10","光落到秦淮河面，水流和移动的人影都能被看见；古桥旁却没有出现完整的灯带，那一截黑暗始终留在夜景里。开场按缩减配置继续，魏舟看见暗段后没有再尝试任何未经确认的补救。周工赶回来，先检查通行区域，再看那处没有亮的装饰段，随后要求魏舟说明为什么保留这个缺口。","The accepted answer is grounded in the active 亮灯以后留下的暗段 Lv10 Story span reproduced in TAUGHT_SOURCE_TEXT.","Runtime-generated Lv10 checkpoint uses the level's active Story and its declared 解释为什么“不全亮”仍可能是更负责任的完成 target.","Names, actions, stakes, and place mechanism are taken from 亮灯以后留下的暗段, not a generic resolver path.","条例界定的夫子庙秦淮风光带以夫子庙和“十里秦淮”等区域为重要组成，保护对象同时包含水体、两岸风貌、历史街巷和古桥等资源。","AGENT PASS — actual runtime content, answer, teaching span, and distractors inspected; no contradiction or teach-before-test defect found.","","","HUMAN_REVIEW_REQUIRED",""
"nanjing-qinhuai-river","亮灯以后留下的暗段","Lv10","grammarRepair","修好这句中文\n难度 · 高级\n当前 Lv10 语言目标：必要条件：只有…才…。先定位不自然部分，再选最小且完整的修复。\n训练目标 · 掌握必要条件：只有…才…\n第 1 / 3 次 · 候选答案 4 个","","","才能","只有完成必要确认和安全复核，临时改线才能进入实际照明方案。","只有完成必要确认和安全复核，临时改线就能进入实际照明方案。","就能\n因此能\n才能\n仍能","才能","语病修复 · 讲解","就能 — wrong: it does not produce the accepted minimal repair and leaves an incorrect particle, scope, order, or collocation.\n因此能 — wrong: it does not produce the accepted minimal repair and leaves an incorrect particle, scope, order, or collocation.\n仍能 — wrong: it does not produce the accepted minimal repair and leaves an incorrect particle, scope, order, or collocation.","","","掌握必要条件：只有…才…","Story","resolveAdaptiveJourneyLevel:nanjing-qinhuai-river:Lv10","秦淮灯会的正式亮灯序列进入最后七分钟，魏舟负责的秦淮河沿岸控制段突然发出故障告警：古桥附近一组装饰灯失去响应。外围已经进入开场准备，数分钟后人群将沿河移动，因此现场真正不可缺少的是连续、清晰并保持安全状态的通行照明。周工正被上游另一处异常牵住，无法返回，只通过对讲机让魏舟先作决定。","The accepted answer is grounded in the active 亮灯以后留下的暗段 Lv10 Story span reproduced in TAUGHT_SOURCE_TEXT.","Runtime-generated Lv10 checkpoint uses the level's active Story and its declared 掌握必要条件：只有…才… target.","Names, actions, stakes, and place mechanism are taken from 亮灯以后留下的暗段, not a generic resolver path.","条例界定的夫子庙秦淮风光带以夫子庙和“十里秦淮”等区域为重要组成，保护对象同时包含水体、两岸风貌、历史街巷和古桥等资源。","AGENT PASS — actual runtime content, answer, teaching span, and distractors inspected; no contradiction or teach-before-test defect found.","","","HUMAN_REVIEW_REQUIRED",""
"nanjing-qinhuai-river","亮灯以后留下的暗段","Lv10","missingSentence","补全上下文关系\n难度 · 高级\n当前 Lv10：结合前后结果，选出最能解释为什么装饰灯可以留暗的一句。 答案必须同时承接前句并解释后句。\n训练目标 · 根据结尾推断魏舟成长不等于追求全亮\n第 1 / 3 次 · 候选答案 4 个","","","听完，他没有接管控制台，也没有替魏舟重写结果，只把最终灯光状态记录交给他，让他签写故障、缩减范围、开放状态和后续安排，并由他完成本段汇报。","","","魏舟认为只要灯会好看，既定设施安排可以临时随意改变。\n魏舟直接使用未经确认的临时改线，让所有装饰灯都亮起来。\n周工回来后接管控制台，并替魏舟填写所有最终记录。\n听完，他没有接管控制台，也没有替魏舟重写结果，只把最终灯光状态记录交给他，让他签写故障、缩减范围、开放状态和后续安排，并由他完成本段汇报。","听完，他没有接管控制台，也没有替魏舟重写结果，只把最终灯光状态记录交给他，让他签写故障、缩减范围、开放状态和后续安排，并由他完成本段汇报。","正确答案与当前 Lv10 故事情节一致，但判断依据是前后文中的人物、关系与因果，不是关键词重复。 高质量衔接还要保持主题链、指代对象和逻辑方向一致。","魏舟认为只要灯会好看，既定设施安排可以临时随意改变。 — wrong: it is not supported by the active Story and changes or contradicts its action, relationship, or consequence.\n魏舟直接使用未经确认的临时改线，让所有装饰灯都亮起来。 — wrong: it is not supported by the active Story and changes or contradicts its action, relationship, or consequence.\n周工回来后接管控制台，并替魏舟填写所有最终记录。 — wrong: it is not supported by the active Story and changes or contradicts its action, relationship, or consequence.","周工赶回来，先检查通行区域，再看那处没有亮的装饰段，随后要求魏舟说明为什么保留这个缺口。听完，他没有接管控制台，也没有替魏舟重写结果，只把最终灯光状态记录交给他，让他签写故障、缩减范围、开放状态和后续安排，并由他完成本段汇报。魏舟接过记录，开始填写第一行。","Active Story sentence 14","根据结尾推断魏舟成长不等于追求全亮","Story","resolveAdaptiveJourneyLevel:nanjing-qinhuai-river:Lv10","周工赶回来，先检查通行区域，再看那处没有亮的装饰段，随后要求魏舟说明为什么保留这个缺口。听完，他没有接管控制台，也没有替魏舟重写结果，只把最终灯光状态记录交给他，让他签写故障、缩减范围、开放状态和后续安排，并由他完成本段汇报。魏舟接过记录，开始填写第一行。","The accepted answer is grounded in the active 亮灯以后留下的暗段 Lv10 Story span reproduced in TAUGHT_SOURCE_TEXT.","Runtime-generated Lv10 checkpoint uses the level's active Story and its declared 根据结尾推断魏舟成长不等于追求全亮 target.","Names, actions, stakes, and place mechanism are taken from 亮灯以后留下的暗段, not a generic resolver path.","条例界定的夫子庙秦淮风光带以夫子庙和“十里秦淮”等区域为重要组成，保护对象同时包含水体、两岸风貌、历史街巷和古桥等资源。","AGENT PASS — actual runtime content, answer, teaching span, and distractors inspected; no contradiction or teach-before-test defect found.","","","HUMAN_REVIEW_REQUIRED",""
"shanghai-bund","旧提单过江","Lv1","paragraphRebuild","重建事件关系\n难度 · 初级\n当前 Lv1：沿旧提单、轮渡与新工作的变化，重建林岸过江前后的叙事。 不靠原句记忆，先判断动作、关系与因果。\n训练目标 · 辨认旧提单与新工作出现的先后\n第 1 / 3 次 · 候选答案 4 个","这个晚上，他要去浦东陆家嘴，为第二天的新工作做准备。\n林岸二十四岁，在外滩长大，也常帮家里整理货运和报关单。\n林岸在轮渡站把旧提单还给母亲，空着包去了陆家嘴。\n轮渡过江后，林岸认定外滩只属于过去，陆家嘴只属于未来。","林岸二十四岁，在外滩长大，也常帮家里整理货运和报关单。\n这个晚上，他要去浦东陆家嘴，为第二天的新工作做准备。","林岸二十四岁，在外滩长大，也常帮家里整理货运和报关单。\n这个晚上，他要去浦东陆家嘴，为第二天的新工作做准备。","","","这个晚上，他要去浦东陆家嘴，为第二天的新工作做准备。\n林岸二十四岁，在外滩长大，也常帮家里整理货运和报关单。\n林岸在轮渡站把旧提单还给母亲，空着包去了陆家嘴。\n轮渡过江后，林岸认定外滩只属于过去，陆家嘴只属于未来。","林岸二十四岁，在外滩长大，也常帮家里整理货运和报关单。\n这个晚上，他要去浦东陆家嘴，为第二天的新工作做准备。","故事通常先介绍地点或人物，再写行动，最后写结果。","林岸在轮渡站把旧提单还给母亲，空着包去了陆家嘴。 — wrong: it is not supported by the active Story and changes or contradicts its action, relationship, or consequence.\n轮渡过江后，林岸认定外滩只属于过去，陆家嘴只属于未来。 — wrong: it is not supported by the active Story and changes or contradicts its action, relationship, or consequence.","","","辨认旧提单与新工作出现的先后","Story","resolveAdaptiveJourneyLevel:shanghai-bund:Lv1","林岸二十四岁，在外滩长大，也常帮家里整理货运和报关单。这个晚上，他要去浦东陆家嘴，为第二天的新工作做准备。","The accepted answer is grounded in the active 旧提单过江 Lv1 Story span reproduced in TAUGHT_SOURCE_TEXT.","Runtime-generated Lv1 checkpoint uses the level's active Story and its declared 辨认旧提单与新工作出现的先后 target.","Names, actions, stakes, and place mechanism are taken from 旧提单过江, not a generic resolver path.","外滩位于黄浦江西岸，是上海重要的历史滨水地区；历史建筑群与浦东天际线形成独特的两岸景观。","AGENT PASS — actual runtime content, answer, teaching span, and distractors inspected; no contradiction or teach-before-test defect found.","","","HUMAN_REVIEW_REQUIRED",""
"shanghai-bund","旧提单过江","Lv1","grammarRepair","修好这句中文\n难度 · 初级\n当前 Lv1 语言目标：时间副词与处所介词短语语序。先定位不自然部分，再选最小且完整的修复。\n训练目标 · 掌握时间副词与处所介词短语语序\n第 1 / 3 次 · 候选答案 4 个","","","从小在外滩","林岸从小在外滩接触家里的货运单据。","林岸从小外滩在接触家里的货运单据。","从小在外滩\n在从小外滩\n从小外滩在\n从小于外滩","从小在外滩","长期时间背景后接“在 + 地点”，再进入动作。","在从小外滩 — wrong: it does not produce the accepted minimal repair and leaves an incorrect particle, scope, order, or collocation.\n从小外滩在 — wrong: it does not produce the accepted minimal repair and leaves an incorrect particle, scope, order, or collocation.\n从小于外滩 — wrong: it does not produce the accepted minimal repair and leaves an incorrect particle, scope, order, or collocation.","","","掌握时间副词与处所介词短语语序","Story","resolveAdaptiveJourneyLevel:shanghai-bund:Lv1","林岸二十四岁，在外滩长大，也常帮家里整理货运和报关单。这个晚上，他要去浦东陆家嘴，为第二天的新工作做准备。母亲在海关大楼附近等他，手里夹着一张外祖父留下的旧海运提单副本。","The accepted answer is grounded in the active 旧提单过江 Lv1 Story span reproduced in TAUGHT_SOURCE_TEXT.","Runtime-generated Lv1 checkpoint uses the level's active Story and its declared 掌握时间副词与处所介词短语语序 target.","Names, actions, stakes, and place mechanism are taken from 旧提单过江, not a generic resolver path.","外滩位于黄浦江西岸，是上海重要的历史滨水地区；历史建筑群与浦东天际线形成独特的两岸景观。","AGENT PASS — actual runtime content, answer, teaching span, and distractors inspected; no contradiction or teach-before-test defect found.","","","HUMAN_REVIEW_REQUIRED",""
"shanghai-bund","旧提单过江","Lv1","missingSentence","补全上下文关系\n难度 · 初级\n当前 Lv1：结合两岸与提单的线索，选出最能接住林岸判断变化的一句。 答案必须同时承接前句并解释后句。\n训练目标 · 补足母亲与旧提单的直接承接\n第 1 / 3 次 · 候选答案 4 个","","","这个晚上，他要去浦东陆家嘴，为第二天的新工作做准备。","","","轮渡过江后，林岸认定外滩只属于过去，陆家嘴只属于未来。\n林岸在轮渡站把旧提单还给母亲，空着包去了陆家嘴。\n这个晚上，他要去浦东陆家嘴，为第二天的新工作做准备。\n林岸到了东岸以后立刻折返西岸，不再开始新工作。","这个晚上，他要去浦东陆家嘴，为第二天的新工作做准备。","正确句要接住前一句，并让后一句自然发生。","轮渡过江后，林岸认定外滩只属于过去，陆家嘴只属于未来。 — wrong: it is not supported by the active Story and changes or contradicts its action, relationship, or consequence.\n林岸在轮渡站把旧提单还给母亲，空着包去了陆家嘴。 — wrong: it is not supported by the active Story and changes or contradicts its action, relationship, or consequence.\n林岸到了东岸以后立刻折返西岸，不再开始新工作。 — wrong: it is not supported by the active Story and changes or contradicts its action, relationship, or consequence.","林岸二十四岁，在外滩长大，也常帮家里整理货运和报关单。这个晚上，他要去浦东陆家嘴，为第二天的新工作做准备。母亲在海关大楼附近等他，手里夹着一张外祖父留下的旧海运提单副本。","Active Story sentence 2","补足母亲与旧提单的直接承接","Story","resolveAdaptiveJourneyLevel:shanghai-bund:Lv1","林岸二十四岁，在外滩长大，也常帮家里整理货运和报关单。这个晚上，他要去浦东陆家嘴，为第二天的新工作做准备。母亲在海关大楼附近等他，手里夹着一张外祖父留下的旧海运提单副本。","The accepted answer is grounded in the active 旧提单过江 Lv1 Story span reproduced in TAUGHT_SOURCE_TEXT.","Runtime-generated Lv1 checkpoint uses the level's active Story and its declared 补足母亲与旧提单的直接承接 target.","Names, actions, stakes, and place mechanism are taken from 旧提单过江, not a generic resolver path.","外滩位于黄浦江西岸，是上海重要的历史滨水地区；历史建筑群与浦东天际线形成独特的两岸景观。","AGENT PASS — actual runtime content, answer, teaching span, and distractors inspected; no contradiction or teach-before-test defect found.","","","HUMAN_REVIEW_REQUIRED",""
"shanghai-bund","旧提单过江","Lv5","paragraphRebuild","重建事件关系\n难度 · 标准\n当前 Lv5：沿旧提单、轮渡与新工作的变化，重建林岸过江前后的叙事。 不靠原句记忆，先判断动作、关系与因果。\n训练目标 · 理解把提单带过江的关系意义\n第 1 / 3 次 · 候选答案 4 个","轮渡过江后，林岸认定外滩只属于过去，陆家嘴只属于未来。\n她刚结束文件工作，递给他一张外祖父留下的旧海运提单副本。\n那不是古董，只记录过一票普通货物的承运、交付和责任。\n林岸看着江对岸说：“过了江，我就算离开旧上海了。”","她刚结束文件工作，递给他一张外祖父留下的旧海运提单副本。\n那不是古董，只记录过一票普通货物的承运、交付和责任。\n林岸看着江对岸说：“过了江，我就算离开旧上海了。”","她刚结束文件工作，递给他一张外祖父留下的旧海运提单副本。\n那不是古董，只记录过一票普通货物的承运、交付和责任。\n林岸看着江对岸说：“过了江，我就算离开旧上海了。”","","","轮渡过江后，林岸认定外滩只属于过去，陆家嘴只属于未来。\n她刚结束文件工作，递给他一张外祖父留下的旧海运提单副本。\n那不是古董，只记录过一票普通货物的承运、交付和责任。\n林岸看着江对岸说：“过了江，我就算离开旧上海了。”","她刚结束文件工作，递给他一张外祖父留下的旧海运提单副本。\n那不是古董，只记录过一票普通货物的承运、交付和责任。\n林岸看着江对岸说：“过了江，我就算离开旧上海了。”","正确排序来自当前 Lv5 故事的事件推进；判断重点是前一动作怎样制造后一结果。","轮渡过江后，林岸认定外滩只属于过去，陆家嘴只属于未来。 — wrong: it is not supported by the active Story and changes or contradicts its action, relationship, or consequence.","","","理解把提单带过江的关系意义","Story","resolveAdaptiveJourneyLevel:shanghai-bund:Lv5","傍晚，他在外滩海关大楼附近见母亲。她刚结束文件工作，递给他一张外祖父留下的旧海运提单副本。那不是古董，只记录过一票普通货物的承运、交付和责任。","The accepted answer is grounded in the active 旧提单过江 Lv5 Story span reproduced in TAUGHT_SOURCE_TEXT.","Runtime-generated Lv5 checkpoint uses the level's active Story and its declared 理解把提单带过江的关系意义 target.","Names, actions, stakes, and place mechanism are taken from 旧提单过江, not a generic resolver path.","东金线连接浦西金陵东路轮渡站与浦东东昌路轮渡站，黄浦江轮渡至今仍是两岸交通的一部分。\n陆家嘴形成现代金融核心区，不意味着现代浦东简单替代了外滩的历史金融功能；两岸共同构成上海持续变化的金融与城市空间。","AGENT PASS — actual runtime content, answer, teaching span, and distractors inspected; no contradiction or teach-before-test defect found.","","","HUMAN_REVIEW_REQUIRED",""
"shanghai-bund","旧提单过江","Lv5","grammarRepair","修好这句中文\n难度 · 标准\n当前 Lv5 语言目标：“开始 + 动词”后不机械叠加体标记。先定位不自然部分，再选最小且完整的修复。\n训练目标 · 掌握“开始 + 动词”后不机械叠加体标记\n第 1 / 3 次 · 候选答案 4 个","","","便开始怀疑","轮渡离开西岸、两岸同时进入视野以后，林岸便开始怀疑“过去/未来”的二分。","轮渡离开西岸、两岸同时进入视野以后，林岸便开始了去怀疑“过去/未来”的二分。","便开始着怀疑\n便开始了去怀疑\n便开始怀疑了着\n便开始怀疑","便开始怀疑","语病修复 · 讲解","便开始着怀疑 — wrong: it does not produce the accepted minimal repair and leaves an incorrect particle, scope, order, or collocation.\n便开始了去怀疑 — wrong: it does not produce the accepted minimal repair and leaves an incorrect particle, scope, order, or collocation.\n便开始怀疑了着 — wrong: it does not produce the accepted minimal repair and leaves an incorrect particle, scope, order, or collocation.","","","掌握“开始 + 动词”后不机械叠加体标记","Story","resolveAdaptiveJourneyLevel:shanghai-bund:Lv5","林岸二十四岁，成长在一个与上海港口贸易相连的家庭。家里的货代生意不大，桌上却常有订舱资料、报关文件、提单副本和结算凭证。第二天，他将到浦东陆家嘴一家金融科技公司的结算团队上班。","The accepted answer is grounded in the active 旧提单过江 Lv5 Story span reproduced in TAUGHT_SOURCE_TEXT.","Runtime-generated Lv5 checkpoint uses the level's active Story and its declared 掌握“开始 + 动词”后不机械叠加体标记 target.","Names, actions, stakes, and place mechanism are taken from 旧提单过江, not a generic resolver path.","东金线连接浦西金陵东路轮渡站与浦东东昌路轮渡站，黄浦江轮渡至今仍是两岸交通的一部分。\n陆家嘴形成现代金融核心区，不意味着现代浦东简单替代了外滩的历史金融功能；两岸共同构成上海持续变化的金融与城市空间。","AGENT PASS — actual runtime content, answer, teaching span, and distractors inspected; no contradiction or teach-before-test defect found.","","","HUMAN_REVIEW_REQUIRED",""
"shanghai-bund","旧提单过江","Lv5","missingSentence","补全上下文关系\n难度 · 标准\n当前 Lv5：结合两岸与提单的线索，选出最能接住林岸判断变化的一句。 答案必须同时承接前句并解释后句。\n训练目标 · 理解母亲没有要求他接班的意义\n第 1 / 3 次 · 候选答案 4 个","","","林岸看着江对岸说：“过了江，我就算离开旧上海了。”","","","林岸到了东岸以后立刻折返西岸，不再开始新工作。\n轮渡过江后，林岸认定外滩只属于过去，陆家嘴只属于未来。\n林岸在轮渡站把旧提单还给母亲，空着包去了陆家嘴。\n林岸看着江对岸说：“过了江，我就算离开旧上海了。”","林岸看着江对岸说：“过了江，我就算离开旧上海了。”","正确答案与当前 Lv5 故事情节一致，但判断依据是前后文中的人物、关系与因果，不是关键词重复。","林岸到了东岸以后立刻折返西岸，不再开始新工作。 — wrong: it is not supported by the active Story and changes or contradicts its action, relationship, or consequence.\n轮渡过江后，林岸认定外滩只属于过去，陆家嘴只属于未来。 — wrong: it is not supported by the active Story and changes or contradicts its action, relationship, or consequence.\n林岸在轮渡站把旧提单还给母亲，空着包去了陆家嘴。 — wrong: it is not supported by the active Story and changes or contradicts its action, relationship, or consequence.","那不是古董，只记录过一票普通货物的承运、交付和责任。林岸看着江对岸说：“过了江，我就算离开旧上海了。”母亲没有纠正，只问：“那这张纸呢？","Between the supplied preceding and following context sentences","理解母亲没有要求他接班的意义","Story","resolveAdaptiveJourneyLevel:shanghai-bund:Lv5","那不是古董，只记录过一票普通货物的承运、交付和责任。林岸看着江对岸说：“过了江，我就算离开旧上海了。”母亲没有纠正，只问：“那这张纸呢？","The accepted answer is grounded in the active 旧提单过江 Lv5 Story span reproduced in TAUGHT_SOURCE_TEXT.","Runtime-generated Lv5 checkpoint uses the level's active Story and its declared 理解母亲没有要求他接班的意义 target.","Names, actions, stakes, and place mechanism are taken from 旧提单过江, not a generic resolver path.","东金线连接浦西金陵东路轮渡站与浦东东昌路轮渡站，黄浦江轮渡至今仍是两岸交通的一部分。\n陆家嘴形成现代金融核心区，不意味着现代浦东简单替代了外滩的历史金融功能；两岸共同构成上海持续变化的金融与城市空间。","AGENT PASS — actual runtime content, answer, teaching span, and distractors inspected; no contradiction or teach-before-test defect found.","","","HUMAN_REVIEW_REQUIRED",""
"shanghai-bund","旧提单过江","Lv10","paragraphRebuild","重建事件关系\n难度 · 高级\n当前 Lv10：沿旧提单、轮渡与新工作的变化，重建林岸过江前后的叙事。 不靠原句记忆，先判断动作、关系与因果。\n训练目标 · 解释为什么“过江”最终不再等于告别历史\n第 1 / 3 次 · 候选答案 4 个","回头时，外滩不再是等待被淘汰的旧背景，陆家嘴也不再需要独占“未来”这个词。\n轮渡过江后，林岸认定外滩只属于过去，陆家嘴只属于未来。\n旧提单把货物、信用、责任、信息与付款写在纸上，今天的系统把相似关系变成数据、消息、规则和实时结算；工具、速度和天际线改变了，城市仍在重新组织人、货物、信息与资本如何抵达彼此。\n船到东昌路一侧后，他继续向陆家嘴走，没有回去接手家业，也仍期待新职业。","旧提单把货物、信用、责任、信息与付款写在纸上，今天的系统把相似关系变成数据、消息、规则和实时结算；工具、速度和天际线改变了，城市仍在重新组织人、货物、信息与资本如何抵达彼此。\n船到东昌路一侧后，他继续向陆家嘴走，没有回去接手家业，也仍期待新职业。\n回头时，外滩不再是等待被淘汰的旧背景，陆家嘴也不再需要独占“未来”这个词。","旧提单把货物、信用、责任、信息与付款写在纸上，今天的系统把相似关系变成数据、消息、规则和实时结算；工具、速度和天际线改变了，城市仍在重新组织人、货物、信息与资本如何抵达彼此。\n船到东昌路一侧后，他继续向陆家嘴走，没有回去接手家业，也仍期待新职业。\n回头时，外滩不再是等待被淘汰的旧背景，陆家嘴也不再需要独占“未来”这个词。","","","回头时，外滩不再是等待被淘汰的旧背景，陆家嘴也不再需要独占“未来”这个词。\n轮渡过江后，林岸认定外滩只属于过去，陆家嘴只属于未来。\n旧提单把货物、信用、责任、信息与付款写在纸上，今天的系统把相似关系变成数据、消息、规则和实时结算；工具、速度和天际线改变了，城市仍在重新组织人、货物、信息与资本如何抵达彼此。\n船到东昌路一侧后，他继续向陆家嘴走，没有回去接手家业，也仍期待新职业。","旧提单把货物、信用、责任、信息与付款写在纸上，今天的系统把相似关系变成数据、消息、规则和实时结算；工具、速度和天际线改变了，城市仍在重新组织人、货物、信息与资本如何抵达彼此。\n船到东昌路一侧后，他继续向陆家嘴走，没有回去接手家业，也仍期待新职业。\n回头时，外滩不再是等待被淘汰的旧背景，陆家嘴也不再需要独占“未来”这个词。","正确排序来自当前 Lv10 故事的事件推进；判断重点是前一动作怎样制造后一结果。 还要检查叙事焦点、时间推进与段落收束是否连续。","轮渡过江后，林岸认定外滩只属于过去，陆家嘴只属于未来。 — wrong: it is not supported by the active Story and changes or contradicts its action, relationship, or consequence.","","","解释为什么“过江”最终不再等于告别历史","Story","resolveAdaptiveJourneyLevel:shanghai-bund:Lv10","他忽然觉得，江没有把上海分成过去和未来。旧提单把货物、信用、责任、信息与付款写在纸上，今天的系统把相似关系变成数据、消息、规则和实时结算；工具、速度和天际线改变了，城市仍在重新组织人、货物、信息与资本如何抵达彼此。船到东昌路一侧后，他继续向陆家嘴走，没有回去接手家业，也仍期待新职业。","The accepted answer is grounded in the active 旧提单过江 Lv10 Story span reproduced in TAUGHT_SOURCE_TEXT.","Runtime-generated Lv10 checkpoint uses the level's active Story and its declared 解释为什么“过江”最终不再等于告别历史 target.","Names, actions, stakes, and place mechanism are taken from 旧提单过江, not a generic resolver path.","海运提单等商业文件把货物、承运、交付与责任关系固定下来，是贸易流动中的普通基础工具。\n东金线连接浦西金陵东路轮渡站与浦东东昌路轮渡站，黄浦江轮渡至今仍是两岸交通的一部分。","AGENT PASS — actual runtime content, answer, teaching span, and distractors inspected; no contradiction or teach-before-test defect found.","","","HUMAN_REVIEW_REQUIRED",""
"shanghai-bund","旧提单过江","Lv10","grammarRepair","修好这句中文\n难度 · 高级\n当前 Lv10 语言目标：转向：变化方向与结果词赘余。先定位不自然部分，再选最小且完整的修复。\n训练目标 · 掌握转向：变化方向与结果词赘余\n第 1 / 3 次 · 候选答案 4 个","","","从纸面单据逐渐转向","承载贸易关系的工具从纸面单据逐渐转向数字系统。","承载贸易关系的工具从纸面单据逐渐转向成数字系统。","从纸面单据逐渐转向成\n由纸面单据转向到\n从纸面单据逐渐转向\n从纸面单据转向于","从纸面单据逐渐转向","语病修复 · 讲解","从纸面单据逐渐转向成 — wrong: it does not produce the accepted minimal repair and leaves an incorrect particle, scope, order, or collocation.\n由纸面单据转向到 — wrong: it does not produce the accepted minimal repair and leaves an incorrect particle, scope, order, or collocation.\n从纸面单据转向于 — wrong: it does not produce the accepted minimal repair and leaves an incorrect particle, scope, order, or collocation.","","","掌握转向：变化方向与结果词赘余","Story","resolveAdaptiveJourneyLevel:shanghai-bund:Lv10","林岸二十四岁，成长在一个与上海港口贸易相连的家庭。父母经营的货代与单证业务，日常是临时更改船期、反复核对报关资料、追一份提单副本、确认运费与结算条件。小时候，他嫌文件占满餐桌；读大学后，他更愿意相信“新”意味着摆脱纸面流程。","The accepted answer is grounded in the active 旧提单过江 Lv10 Story span reproduced in TAUGHT_SOURCE_TEXT.","Runtime-generated Lv10 checkpoint uses the level's active Story and its declared 掌握转向：变化方向与结果词赘余 target.","Names, actions, stakes, and place mechanism are taken from 旧提单过江, not a generic resolver path.","海运提单等商业文件把货物、承运、交付与责任关系固定下来，是贸易流动中的普通基础工具。\n东金线连接浦西金陵东路轮渡站与浦东东昌路轮渡站，黄浦江轮渡至今仍是两岸交通的一部分。","AGENT PASS — actual runtime content, answer, teaching span, and distractors inspected; no contradiction or teach-before-test defect found.","","","HUMAN_REVIEW_REQUIRED",""
"shanghai-bund","旧提单过江","Lv10","missingSentence","补全上下文关系\n难度 · 高级\n当前 Lv10：结合两岸与提单的线索，选出最能接住林岸判断变化的一句。 答案必须同时承接前句并解释后句。\n训练目标 · 根据结尾解释“未来”不再只属于东岸\n第 1 / 3 次 · 候选答案 4 个","","","回头时，外滩不再是等待被淘汰的旧背景，陆家嘴也不再需要独占“未来”这个词。","","","林岸在轮渡站把旧提单还给母亲，空着包去了陆家嘴。\n轮渡过江后，林岸认定外滩只属于过去，陆家嘴只属于未来。\n林岸到了东岸以后立刻折返西岸，不再开始新工作。\n回头时，外滩不再是等待被淘汰的旧背景，陆家嘴也不再需要独占“未来”这个词。","回头时，外滩不再是等待被淘汰的旧背景，陆家嘴也不再需要独占“未来”这个词。","正确答案与当前 Lv10 故事情节一致，但判断依据是前后文中的人物、关系与因果，不是关键词重复。 高质量衔接还要保持主题链、指代对象和逻辑方向一致。","林岸在轮渡站把旧提单还给母亲，空着包去了陆家嘴。 — wrong: it is not supported by the active Story and changes or contradicts its action, relationship, or consequence.\n轮渡过江后，林岸认定外滩只属于过去，陆家嘴只属于未来。 — wrong: it is not supported by the active Story and changes or contradicts its action, relationship, or consequence.\n林岸到了东岸以后立刻折返西岸，不再开始新工作。 — wrong: it is not supported by the active Story and changes or contradicts its action, relationship, or consequence.","船到东昌路一侧后，他继续向陆家嘴走，没有回去接手家业，也仍期待新职业。回头时，外滩不再是等待被淘汰的旧背景，陆家嘴也不再需要独占“未来”这个词。那张旧单据已经跟他一起过了江。","Active Story sentence 24","根据结尾解释“未来”不再只属于东岸","Story","resolveAdaptiveJourneyLevel:shanghai-bund:Lv10","船到东昌路一侧后，他继续向陆家嘴走，没有回去接手家业，也仍期待新职业。回头时，外滩不再是等待被淘汰的旧背景，陆家嘴也不再需要独占“未来”这个词。那张旧单据已经跟他一起过了江。","The accepted answer is grounded in the active 旧提单过江 Lv10 Story span reproduced in TAUGHT_SOURCE_TEXT.","Runtime-generated Lv10 checkpoint uses the level's active Story and its declared 根据结尾解释“未来”不再只属于东岸 target.","Names, actions, stakes, and place mechanism are taken from 旧提单过江, not a generic resolver path.","海运提单等商业文件把货物、承运、交付与责任关系固定下来，是贸易流动中的普通基础工具。\n东金线连接浦西金陵东路轮渡站与浦东东昌路轮渡站，黄浦江轮渡至今仍是两岸交通的一部分。","AGENT PASS — actual runtime content, answer, teaching span, and distractors inspected; no contradiction or teach-before-test defect found.","","","HUMAN_REVIEW_REQUIRED",""
"suzhou-humble-administrators-garden","下一处等我","Lv1","paragraphRebuild","重建事件关系\n难度 · 初级\n当前 Lv1：按“看不见—重新出现—继续走前面”的变化，重建外婆如何放松控制。 不靠原句记忆，先判断动作、关系与因果。\n训练目标 · 辨认程朗第一次走前面与被喊回的顺序\n第 1 / 3 次 · 候选答案 4 个","星期天，外婆陈玉兰带他到拙政园。\n下周一，十二岁的程朗要开始自己坐车上学。\n程朗最后只能走在外婆身边，不能再走前面。\n水面重新打开后，程朗已经独自离开园子。","下周一，十二岁的程朗要开始自己坐车上学。\n星期天，外婆陈玉兰带他到拙政园。","下周一，十二岁的程朗要开始自己坐车上学。\n星期天，外婆陈玉兰带他到拙政园。","","","星期天，外婆陈玉兰带他到拙政园。\n下周一，十二岁的程朗要开始自己坐车上学。\n程朗最后只能走在外婆身边，不能再走前面。\n水面重新打开后，程朗已经独自离开园子。","下周一，十二岁的程朗要开始自己坐车上学。\n星期天，外婆陈玉兰带他到拙政园。","故事通常先介绍地点或人物，再写行动，最后写结果。","程朗最后只能走在外婆身边，不能再走前面。 — wrong: it is not supported by the active Story and changes or contradicts its action, relationship, or consequence.\n水面重新打开后，程朗已经独自离开园子。 — wrong: it is not supported by the active Story and changes or contradicts its action, relationship, or consequence.","","","辨认程朗第一次走前面与被喊回的顺序","Story","resolveAdaptiveJourneyLevel:suzhou-humble-administrators-garden:Lv1","下周一，十二岁的程朗要开始自己坐车上学。星期天，外婆陈玉兰带他到拙政园。","The accepted answer is grounded in the active 下一处等我 Lv1 Story span reproduced in TAUGHT_SOURCE_TEXT.","Runtime-generated Lv1 checkpoint uses the level's active Story and its declared 辨认程朗第一次走前面与被喊回的顺序 target.","Names, actions, stakes, and place mechanism are taken from 下一处等我, not a generic resolver path.","拙政园以水面为园林空间的重要中心，建筑、植物和道路沿水展开，让游人边走边看见不同景色。\n拙政园中部以大片池水为主，池广树茂，临水建筑形体不一、高低错落。","AGENT PASS — actual runtime content, answer, teaching span, and distractors inspected; no contradiction or teach-before-test defect found.","","","HUMAN_REVIEW_REQUIRED",""
"suzhou-humble-administrators-garden","下一处等我","Lv1","grammarRepair","修好这句中文\n难度 · 初级\n当前 Lv1 语言目标：方式状语与处所位置语序。先定位不自然部分，再选最小且完整的修复。\n训练目标 · 掌握方式状语与处所位置语序\n第 1 / 3 次 · 候选答案 4 个","","","慢慢地走在前面，","程朗慢慢地走在前面，再转过长廊。","程朗走慢慢地在前面，再转过长廊。","慢慢地走在前面，\n慢慢的走在前面，\n走慢慢地在前面，\n在前面地慢慢走，","慢慢地走在前面，","方式状语贴近动作，再用处所成分说明位置。","慢慢的走在前面， — wrong: it does not produce the accepted minimal repair and leaves an incorrect particle, scope, order, or collocation.\n走慢慢地在前面， — wrong: it does not produce the accepted minimal repair and leaves an incorrect particle, scope, order, or collocation.\n在前面地慢慢走， — wrong: it does not produce the accepted minimal repair and leaves an incorrect particle, scope, order, or collocation.","","","掌握方式状语与处所位置语序","Story","resolveAdaptiveJourneyLevel:suzhou-humble-administrators-garden:Lv1","下周一，十二岁的程朗要开始自己坐车上学。星期天，外婆陈玉兰带他到拙政园。程朗说：“今天让我走前面吧，我在下一处等你。","The accepted answer is grounded in the active 下一处等我 Lv1 Story span reproduced in TAUGHT_SOURCE_TEXT.","Runtime-generated Lv1 checkpoint uses the level's active Story and its declared 掌握方式状语与处所位置语序 target.","Names, actions, stakes, and place mechanism are taken from 下一处等我, not a generic resolver path.","拙政园以水面为园林空间的重要中心，建筑、植物和道路沿水展开，让游人边走边看见不同景色。\n拙政园中部以大片池水为主，池广树茂，临水建筑形体不一、高低错落。","AGENT PASS — actual runtime content, answer, teaching span, and distractors inspected; no contradiction or teach-before-test defect found.","","","HUMAN_REVIEW_REQUIRED",""
"suzhou-humble-administrators-garden","下一处等我","Lv1","missingSentence","补全上下文关系\n难度 · 初级\n当前 Lv1：结合前后视线变化，选出最能说明外婆为什么没有喊程朗的一句。 答案必须同时承接前句并解释后句。\n训练目标 · 补足下周独自上学与园中练习的联系\n第 1 / 3 次 · 候选答案 4 个","","","星期天，外婆陈玉兰带他到拙政园。","","","水面重新打开后，程朗已经独自离开园子。\n程朗最后只能走在外婆身边，不能再走前面。\n星期天，外婆陈玉兰带他到拙政园。\n第二次看不见程朗时，陈玉兰立刻把他喊回身边。","星期天，外婆陈玉兰带他到拙政园。","正确句要接住前一句，并让后一句自然发生。","水面重新打开后，程朗已经独自离开园子。 — wrong: it is not supported by the active Story and changes or contradicts its action, relationship, or consequence.\n程朗最后只能走在外婆身边，不能再走前面。 — wrong: it is not supported by the active Story and changes or contradicts its action, relationship, or consequence.\n第二次看不见程朗时，陈玉兰立刻把他喊回身边。 — wrong: it is not supported by the active Story and changes or contradicts its action, relationship, or consequence.","下周一，十二岁的程朗要开始自己坐车上学。星期天，外婆陈玉兰带他到拙政园。程朗说：“今天让我走前面吧，我在下一处等你。","Active Story sentence 2","补足下周独自上学与园中练习的联系","Story","resolveAdaptiveJourneyLevel:suzhou-humble-administrators-garden:Lv1","下周一，十二岁的程朗要开始自己坐车上学。星期天，外婆陈玉兰带他到拙政园。程朗说：“今天让我走前面吧，我在下一处等你。","The accepted answer is grounded in the active 下一处等我 Lv1 Story span reproduced in TAUGHT_SOURCE_TEXT.","Runtime-generated Lv1 checkpoint uses the level's active Story and its declared 补足下周独自上学与园中练习的联系 target.","Names, actions, stakes, and place mechanism are taken from 下一处等我, not a generic resolver path.","拙政园以水面为园林空间的重要中心，建筑、植物和道路沿水展开，让游人边走边看见不同景色。\n拙政园中部以大片池水为主，池广树茂，临水建筑形体不一、高低错落。","AGENT PASS — actual runtime content, answer, teaching span, and distractors inspected; no contradiction or teach-before-test defect found.","","","HUMAN_REVIEW_REQUIRED",""
"suzhou-humble-administrators-garden","下一处等我","Lv5","paragraphRebuild","重建事件关系\n难度 · 标准\n当前 Lv5：按“看不见—重新出现—继续走前面”的变化，重建外婆如何放松控制。 不靠原句记忆，先判断动作、关系与因果。\n训练目标 · 理解“自己走完那几步”是选择的成本\n第 1 / 3 次 · 候选答案 4 个","陈玉兰说“下一处等我”以后马上追上去并牵住程朗。\n程朗的背影第一次从她眼前消失时，陈玉兰立刻喊了他的名字。\n程朗从转角退回来，没有争辩，只把脚步放慢了一点。\n再往前走，曲桥和屋角又一次截断视线，廊下的人声盖住了程朗的脚步声。","程朗的背影第一次从她眼前消失时，陈玉兰立刻喊了他的名字。\n程朗从转角退回来，没有争辩，只把脚步放慢了一点。\n再往前走，曲桥和屋角又一次截断视线，廊下的人声盖住了程朗的脚步声。","程朗的背影第一次从她眼前消失时，陈玉兰立刻喊了他的名字。\n程朗从转角退回来，没有争辩，只把脚步放慢了一点。\n再往前走，曲桥和屋角又一次截断视线，廊下的人声盖住了程朗的脚步声。","","","陈玉兰说“下一处等我”以后马上追上去并牵住程朗。\n程朗的背影第一次从她眼前消失时，陈玉兰立刻喊了他的名字。\n程朗从转角退回来，没有争辩，只把脚步放慢了一点。\n再往前走，曲桥和屋角又一次截断视线，廊下的人声盖住了程朗的脚步声。","程朗的背影第一次从她眼前消失时，陈玉兰立刻喊了他的名字。\n程朗从转角退回来，没有争辩，只把脚步放慢了一点。\n再往前走，曲桥和屋角又一次截断视线，廊下的人声盖住了程朗的脚步声。","正确排序来自当前 Lv5 故事的事件推进；判断重点是前一动作怎样制造后一结果。","陈玉兰说“下一处等我”以后马上追上去并牵住程朗。 — wrong: it is not supported by the active Story and changes or contradicts its action, relationship, or consequence.","","","理解“自己走完那几步”是选择的成本","Story","resolveAdaptiveJourneyLevel:suzhou-humble-administrators-garden:Lv5","”沿着池水转过长廊，亭子、白墙和树影叠得像一幅被墙角切开的山水画。程朗的背影第一次从她眼前消失时，陈玉兰立刻喊了他的名字。程朗从转角退回来，没有争辩，只把脚步放慢了一点。","The accepted answer is grounded in the active 下一处等我 Lv5 Story span reproduced in TAUGHT_SOURCE_TEXT.","Runtime-generated Lv5 checkpoint uses the level's active Story and its declared 理解“自己走完那几步”是选择的成本 target.","Names, actions, stakes, and place mechanism are taken from 下一处等我, not a generic resolver path.","回廊、建筑、植物和水面不是各自孤立的景物。它们通过前后遮挡、远近对照和水中倒影形成层次，让有限空间显得更深。\n同一片水面从不同观赏点看，会因房屋、桥、竹丛和树木的前后关系呈现不同层次；观看位置本身就是园林设计的一部分。\n拙政园的空间可以暂时挡住视线，却没有切断连续的水面和游线；“看不见”与“走散”在这种园林空间里不是同一件事。","AGENT PASS — actual runtime content, answer, teaching span, and distractors inspected; no contradiction or teach-before-test defect found.","","","HUMAN_REVIEW_REQUIRED",""
"suzhou-humble-administrators-garden","下一处等我","Lv5","grammarRepair","修好这句中文\n难度 · 标准\n当前 Lv5 语言目标：使得/让：使令结构赘余。先定位不自然部分，再选最小且完整的修复。\n训练目标 · 掌握使得/让：使令结构赘余\n第 1 / 3 次 · 候选答案 4 个","","","这才让外婆","程朗在下一处停下等她，这才让外婆开始相信短暂看不见不等于走散。","程朗在下一处停下等她，这才使得让外婆开始相信短暂看不见不等于走散。","这才让得外婆\n这才使得让外婆\n这使得让外婆才\n这才让外婆","这才让外婆","语病修复 · 讲解","这才让得外婆 — wrong: it does not produce the accepted minimal repair and leaves an incorrect particle, scope, order, or collocation.\n这才使得让外婆 — wrong: it does not produce the accepted minimal repair and leaves an incorrect particle, scope, order, or collocation.\n这使得让外婆才 — wrong: it does not produce the accepted minimal repair and leaves an incorrect particle, scope, order, or collocation.","","","掌握使得/让：使令结构赘余","Story","resolveAdaptiveJourneyLevel:suzhou-humble-administrators-garden:Lv5","下周一，十二岁的程朗要开始自己坐车去初中。六年来，外婆陈玉兰几乎每天都去接他放学；这个星期天，她带他来到拙政园，程朗第一次认真提出：“今天让我走前面吧，我在下一处等你。”陈玉兰看了他一眼，只说：“别走太快。","The accepted answer is grounded in the active 下一处等我 Lv5 Story span reproduced in TAUGHT_SOURCE_TEXT.","Runtime-generated Lv5 checkpoint uses the level's active Story and its declared 掌握使得/让：使令结构赘余 target.","Names, actions, stakes, and place mechanism are taken from 下一处等我, not a generic resolver path.","回廊、建筑、植物和水面不是各自孤立的景物。它们通过前后遮挡、远近对照和水中倒影形成层次，让有限空间显得更深。\n同一片水面从不同观赏点看，会因房屋、桥、竹丛和树木的前后关系呈现不同层次；观看位置本身就是园林设计的一部分。\n拙政园的空间可以暂时挡住视线，却没有切断连续的水面和游线；“看不见”与“走散”在这种园林空间里不是同一件事。","AGENT PASS — actual runtime content, answer, teaching span, and distractors inspected; no contradiction or teach-before-test defect found.","","","HUMAN_REVIEW_REQUIRED",""
"suzhou-humble-administrators-garden","下一处等我","Lv5","missingSentence","补全上下文关系\n难度 · 标准\n当前 Lv5：结合前后视线变化，选出最能说明外婆为什么没有喊程朗的一句。 答案必须同时承接前句并解释后句。\n训练目标 · 理解水面重新打开后程朗在做什么\n第 1 / 3 次 · 候选答案 4 个","","","程朗从转角退回来，没有争辩，只把脚步放慢了一点。","","","程朗每次转弯后都继续越走越远，从不等待外婆。\n第二次看不见程朗时，陈玉兰立刻把他喊回身边。\n陈玉兰说“下一处等我”以后马上追上去并牵住程朗。\n程朗从转角退回来，没有争辩，只把脚步放慢了一点。","程朗从转角退回来，没有争辩，只把脚步放慢了一点。","正确答案与当前 Lv5 故事情节一致，但判断依据是前后文中的人物、关系与因果，不是关键词重复。","程朗每次转弯后都继续越走越远，从不等待外婆。 — wrong: it is not supported by the active Story and changes or contradicts its action, relationship, or consequence.\n第二次看不见程朗时，陈玉兰立刻把他喊回身边。 — wrong: it is not supported by the active Story and changes or contradicts its action, relationship, or consequence.\n陈玉兰说“下一处等我”以后马上追上去并牵住程朗。 — wrong: it is not supported by the active Story and changes or contradicts its action, relationship, or consequence.","程朗的背影第一次从她眼前消失时，陈玉兰立刻喊了他的名字。程朗从转角退回来，没有争辩，只把脚步放慢了一点。再往前走，曲桥和屋角又一次截断视线，廊下的人声盖住了程朗的脚步声。","Active Story sentence 6","理解水面重新打开后程朗在做什么","Story","resolveAdaptiveJourneyLevel:suzhou-humble-administrators-garden:Lv5","程朗的背影第一次从她眼前消失时，陈玉兰立刻喊了他的名字。程朗从转角退回来，没有争辩，只把脚步放慢了一点。再往前走，曲桥和屋角又一次截断视线，廊下的人声盖住了程朗的脚步声。","The accepted answer is grounded in the active 下一处等我 Lv5 Story span reproduced in TAUGHT_SOURCE_TEXT.","Runtime-generated Lv5 checkpoint uses the level's active Story and its declared 理解水面重新打开后程朗在做什么 target.","Names, actions, stakes, and place mechanism are taken from 下一处等我, not a generic resolver path.","回廊、建筑、植物和水面不是各自孤立的景物。它们通过前后遮挡、远近对照和水中倒影形成层次，让有限空间显得更深。\n同一片水面从不同观赏点看，会因房屋、桥、竹丛和树木的前后关系呈现不同层次；观看位置本身就是园林设计的一部分。\n拙政园的空间可以暂时挡住视线，却没有切断连续的水面和游线；“看不见”与“走散”在这种园林空间里不是同一件事。","AGENT PASS — actual runtime content, answer, teaching span, and distractors inspected; no contradiction or teach-before-test defect found.","","","HUMAN_REVIEW_REQUIRED",""
"suzhou-humble-administrators-garden","下一处等我","Lv10","paragraphRebuild","重建事件关系\n难度 · 高级\n当前 Lv10：按“看不见—重新出现—继续走前面”的变化，重建外婆如何放松控制。 不靠原句记忆，先判断动作、关系与因果。\n训练目标 · 解释结尾保留几步距离的成熟照护意义\n第 1 / 3 次 · 候选答案 4 个","程朗转过去，背影很快又被房屋挡住。\n水面重新打开后，程朗已经独自离开园子。\n陈玉兰把肩上的水壶带往上提了提，说：“下一处等我。”\n两人之间仍留着刚才那段距离。","陈玉兰把肩上的水壶带往上提了提，说：“下一处等我。”\n两人之间仍留着刚才那段距离。\n程朗转过去，背影很快又被房屋挡住。","陈玉兰把肩上的水壶带往上提了提，说：“下一处等我。”\n两人之间仍留着刚才那段距离。\n程朗转过去，背影很快又被房屋挡住。","","","程朗转过去，背影很快又被房屋挡住。\n水面重新打开后，程朗已经独自离开园子。\n陈玉兰把肩上的水壶带往上提了提，说：“下一处等我。”\n两人之间仍留着刚才那段距离。","陈玉兰把肩上的水壶带往上提了提，说：“下一处等我。”\n两人之间仍留着刚才那段距离。\n程朗转过去，背影很快又被房屋挡住。","正确排序来自当前 Lv10 故事的事件推进；判断重点是前一动作怎样制造后一结果。 还要检查叙事焦点、时间推进与段落收束是否连续。","水面重新打开后，程朗已经独自离开园子。 — wrong: it is not supported by the active Story and changes or contradicts its action, relationship, or consequence.","","","解释结尾保留几步距离的成熟照护意义","Story","resolveAdaptiveJourneyLevel:suzhou-humble-administrators-garden:Lv10","她走近，却没有把“走在前面”重新变成“走在身边”。陈玉兰把肩上的水壶带往上提了提，说：“下一处等我。”两人之间仍留着刚才那段距离。","The accepted answer is grounded in the active 下一处等我 Lv10 Story span reproduced in TAUGHT_SOURCE_TEXT.","Runtime-generated Lv10 checkpoint uses the level's active Story and its declared 解释结尾保留几步距离的成熟照护意义 target.","Names, actions, stakes, and place mechanism are taken from 下一处等我, not a generic resolver path.","拙政园属于“苏州古典园林”世界遗产。世界遗产价值不仅在单座亭子或一片池水，也在整体空间设计和延续至今的造园传统；保护需要维护水体、山石、植物、建筑及其观看关系。\nUNESCO记录显示，苏州园林历代修缮持续使用传统材料和技术，以延续既有的造园观念和地方做法。\n保护工作强调最小干预，并控制周边城市化影响；因此保护判断要维护整体格局、必要要素及其关系，而不是只把单个亭子或池塘处理好。","AGENT PASS — actual runtime content, answer, teaching span, and distractors inspected; no contradiction or teach-before-test defect found.","","","HUMAN_REVIEW_REQUIRED",""
"suzhou-humble-administrators-garden","下一处等我","Lv10","grammarRepair","修好这句中文\n难度 · 高级\n当前 Lv10 语言目标：前提是：条件说明。先定位不自然部分，再选最小且完整的修复。\n训练目标 · 掌握前提是：条件说明\n第 1 / 3 次 · 候选答案 4 个","","","前提是","短暂遮挡能成为这次练习的一部分，前提是程朗会在下一处重新出现并等待。","短暂遮挡能成为这次练习的一部分，前提因为程朗会在下一处重新出现并等待。","前提因为\n因为前提是所以\n前提是\n前提在因为","前提是","语病修复 · 讲解","前提因为 — wrong: it does not produce the accepted minimal repair and leaves an incorrect particle, scope, order, or collocation.\n因为前提是所以 — wrong: it does not produce the accepted minimal repair and leaves an incorrect particle, scope, order, or collocation.\n前提在因为 — wrong: it does not produce the accepted minimal repair and leaves an incorrect particle, scope, order, or collocation.","","","掌握前提是：条件说明","Story","resolveAdaptiveJourneyLevel:suzhou-humble-administrators-garden:Lv10","下周一，十二岁的程朗要开始自己坐车去初中。六年来，外婆陈玉兰几乎每天都去接他放学；这个星期天，她带他来到拙政园，程朗第一次认真提出：“今天让我走前面吧，我在下一处等你。”陈玉兰看了他一眼，只说：“别走太快。","The accepted answer is grounded in the active 下一处等我 Lv10 Story span reproduced in TAUGHT_SOURCE_TEXT.","Runtime-generated Lv10 checkpoint uses the level's active Story and its declared 掌握前提是：条件说明 target.","Names, actions, stakes, and place mechanism are taken from 下一处等我, not a generic resolver path.","拙政园属于“苏州古典园林”世界遗产。世界遗产价值不仅在单座亭子或一片池水，也在整体空间设计和延续至今的造园传统；保护需要维护水体、山石、植物、建筑及其观看关系。\nUNESCO记录显示，苏州园林历代修缮持续使用传统材料和技术，以延续既有的造园观念和地方做法。\n保护工作强调最小干预，并控制周边城市化影响；因此保护判断要维护整体格局、必要要素及其关系，而不是只把单个亭子或池塘处理好。","AGENT PASS — actual runtime content, answer, teaching span, and distractors inspected; no contradiction or teach-before-test defect found.","","","HUMAN_REVIEW_REQUIRED",""
"suzhou-humble-administrators-garden","下一处等我","Lv10","missingSentence","补全上下文关系\n难度 · 高级\n当前 Lv10：结合前后视线变化，选出最能说明外婆为什么没有喊程朗的一句。 答案必须同时承接前句并解释后句。\n训练目标 · 根据结尾解释照护如何从持续看见变成相互等待\n第 1 / 3 次 · 候选答案 4 个","","","程朗转过去，背影很快又被房屋挡住。","","","程朗最后只能走在外婆身边，不能再走前面。\n水面重新打开后，程朗已经独自离开园子。\n程朗每次转弯后都继续越走越远，从不等待外婆。\n程朗转过去，背影很快又被房屋挡住。","程朗转过去，背影很快又被房屋挡住。","正确答案与当前 Lv10 故事情节一致，但判断依据是前后文中的人物、关系与因果，不是关键词重复。 高质量衔接还要保持主题链、指代对象和逻辑方向一致。","程朗最后只能走在外婆身边，不能再走前面。 — wrong: it is not supported by the active Story and changes or contradicts its action, relationship, or consequence.\n水面重新打开后，程朗已经独自离开园子。 — wrong: it is not supported by the active Story and changes or contradicts its action, relationship, or consequence.\n程朗每次转弯后都继续越走越远，从不等待外婆。 — wrong: it is not supported by the active Story and changes or contradicts its action, relationship, or consequence.","”两人之间仍留着刚才那段距离。程朗转过去，背影很快又被房屋挡住。陈玉兰没有追上去。","Active Story sentence 24","根据结尾解释照护如何从持续看见变成相互等待","Story","resolveAdaptiveJourneyLevel:suzhou-humble-administrators-garden:Lv10","”两人之间仍留着刚才那段距离。程朗转过去，背影很快又被房屋挡住。陈玉兰没有追上去。","The accepted answer is grounded in the active 下一处等我 Lv10 Story span reproduced in TAUGHT_SOURCE_TEXT.","Runtime-generated Lv10 checkpoint uses the level's active Story and its declared 根据结尾解释照护如何从持续看见变成相互等待 target.","Names, actions, stakes, and place mechanism are taken from 下一处等我, not a generic resolver path.","拙政园属于“苏州古典园林”世界遗产。世界遗产价值不仅在单座亭子或一片池水，也在整体空间设计和延续至今的造园传统；保护需要维护水体、山石、植物、建筑及其观看关系。\nUNESCO记录显示，苏州园林历代修缮持续使用传统材料和技术，以延续既有的造园观念和地方做法。\n保护工作强调最小干预，并控制周边城市化影响；因此保护判断要维护整体格局、必要要素及其关系，而不是只把单个亭子或池塘处理好。","AGENT PASS — actual runtime content, answer, teaching span, and distractors inspected; no contradiction or teach-before-test defect found.","","","HUMAN_REVIEW_REQUIRED",""
"xian-city-wall","没有按停的一圈","Lv1","paragraphRebuild","重建事件关系\n难度 · 初级\n当前 Lv1：按跑表、完整一圈与继续向南的动作，重建周遥的“告别”怎样改变。 不靠原句记忆，先判断动作、关系与因果。\n训练目标 · 辨认搬家与登城跑步的先后\n第 1 / 3 次 · 候选答案 4 个","这个周末，全家要搬到城外的新家。\n周遥二十二岁，从小住在西安城墙里。\n周遥搬到城外后决定不再进入城门，也不再回老街。\n母亲要求周遥停止跑步，坐车直接离开城墙。","周遥二十二岁，从小住在西安城墙里。\n这个周末，全家要搬到城外的新家。","周遥二十二岁，从小住在西安城墙里。\n这个周末，全家要搬到城外的新家。","","","这个周末，全家要搬到城外的新家。\n周遥二十二岁，从小住在西安城墙里。\n周遥搬到城外后决定不再进入城门，也不再回老街。\n母亲要求周遥停止跑步，坐车直接离开城墙。","周遥二十二岁，从小住在西安城墙里。\n这个周末，全家要搬到城外的新家。","故事通常先介绍地点或人物，再写行动，最后写结果。","周遥搬到城外后决定不再进入城门，也不再回老街。 — wrong: it is not supported by the active Story and changes or contradicts its action, relationship, or consequence.\n母亲要求周遥停止跑步，坐车直接离开城墙。 — wrong: it is not supported by the active Story and changes or contradicts its action, relationship, or consequence.","","","辨认搬家与登城跑步的先后","Story","resolveAdaptiveJourneyLevel:xian-city-wall:Lv1","周遥二十二岁，从小住在西安城墙里。这个周末，全家要搬到城外的新家。","The accepted answer is grounded in the active 没有按停的一圈 Lv1 Story span reproduced in TAUGHT_SOURCE_TEXT.","Runtime-generated Lv1 checkpoint uses the level's active Story and its declared 辨认搬家与登城跑步的先后 target.","Names, actions, stakes, and place mechanism are taken from 没有按停的一圈, not a generic resolver path.","西安城墙周长约13.74公里，今天仍形成封闭的长方形环线。","AGENT PASS — actual runtime content, answer, teaching span, and distractors inspected; no contradiction or teach-before-test defect found.","","","HUMAN_REVIEW_REQUIRED",""
"xian-city-wall","没有按停的一圈","Lv1","grammarRepair","修好这句中文\n难度 · 初级\n当前 Lv1 语言目标：主语与能愿动词语序。先定位不自然部分，再选最小且完整的修复。\n训练目标 · 掌握主语与能愿动词语序\n第 1 / 3 次 · 候选答案 4 个","","","周遥全家要搬","这个周末，周遥全家要搬到城外的新家。","这个周末，周遥要搬家全家到城外的新家。","周遥全家要搬\n全家周遥要搬\n周遥要搬家全家\n周遥全家搬要","周遥全家要搬","先确定完整主语，再放“要/想/会”等能愿成分。","全家周遥要搬 — wrong: it does not produce the accepted minimal repair and leaves an incorrect particle, scope, order, or collocation.\n周遥要搬家全家 — wrong: it does not produce the accepted minimal repair and leaves an incorrect particle, scope, order, or collocation.\n周遥全家搬要 — wrong: it does not produce the accepted minimal repair and leaves an incorrect particle, scope, order, or collocation.","","","掌握主语与能愿动词语序","Story","resolveAdaptiveJourneyLevel:xian-city-wall:Lv1","周遥二十二岁，从小住在西安城墙里。这个周末，全家要搬到城外的新家。傍晚，他从永宁门登上城墙，给跑表按下开始，想跑完一圈，把这条熟悉的路当成最后一次告别。","The accepted answer is grounded in the active 没有按停的一圈 Lv1 Story span reproduced in TAUGHT_SOURCE_TEXT.","Runtime-generated Lv1 checkpoint uses the level's active Story and its declared 掌握主语与能愿动词语序 target.","Names, actions, stakes, and place mechanism are taken from 没有按停的一圈, not a generic resolver path.","西安城墙周长约13.74公里，今天仍形成封闭的长方形环线。","AGENT PASS — actual runtime content, answer, teaching span, and distractors inspected; no contradiction or teach-before-test defect found.","","","HUMAN_REVIEW_REQUIRED",""
"xian-city-wall","没有按停的一圈","Lv1","missingSentence","补全上下文关系\n难度 · 初级\n当前 Lv1：根据跑表和回家路线，选出最能连接“完成一圈”与“继续跑”的一句。 答案必须同时承接前句并解释后句。\n训练目标 · 补足搬家消息与跑步目标的联系\n第 1 / 3 次 · 候选答案 4 个","","","这个周末，全家要搬到城外的新家。","","","母亲要求周遥停止跑步，坐车直接离开城墙。\n周遥搬到城外后决定不再进入城门，也不再回老街。\n这个周末，全家要搬到城外的新家。\n周遥把跑步记录删除，因为一圈之外的距离不算数。","这个周末，全家要搬到城外的新家。","正确句要接住前一句，并让后一句自然发生。","母亲要求周遥停止跑步，坐车直接离开城墙。 — wrong: it is not supported by the active Story and changes or contradicts its action, relationship, or consequence.\n周遥搬到城外后决定不再进入城门，也不再回老街。 — wrong: it is not supported by the active Story and changes or contradicts its action, relationship, or consequence.\n周遥把跑步记录删除，因为一圈之外的距离不算数。 — wrong: it is not supported by the active Story and changes or contradicts its action, relationship, or consequence.","周遥二十二岁，从小住在西安城墙里。这个周末，全家要搬到城外的新家。傍晚，他从永宁门登上城墙，给跑表按下开始，想跑完一圈，把这条熟悉的路当成最后一次告别。","Active Story sentence 2","补足搬家消息与跑步目标的联系","Story","resolveAdaptiveJourneyLevel:xian-city-wall:Lv1","周遥二十二岁，从小住在西安城墙里。这个周末，全家要搬到城外的新家。傍晚，他从永宁门登上城墙，给跑表按下开始，想跑完一圈，把这条熟悉的路当成最后一次告别。","The accepted answer is grounded in the active 没有按停的一圈 Lv1 Story span reproduced in TAUGHT_SOURCE_TEXT.","Runtime-generated Lv1 checkpoint uses the level's active Story and its declared 补足搬家消息与跑步目标的联系 target.","Names, actions, stakes, and place mechanism are taken from 没有按停的一圈, not a generic resolver path.","西安城墙周长约13.74公里，今天仍形成封闭的长方形环线。","AGENT PASS — actual runtime content, answer, teaching span, and distractors inspected; no contradiction or teach-before-test defect found.","","","HUMAN_REVIEW_REQUIRED",""
"xian-city-wall","没有按停的一圈","Lv5","paragraphRebuild","重建事件关系\n难度 · 标准\n当前 Lv5：按跑表、完整一圈与继续向南的动作，重建周遥的“告别”怎样改变。 不靠原句记忆，先判断动作、关系与因果。\n训练目标 · 理解完整一圈为什么不是最终终点\n第 1 / 3 次 · 候选答案 4 个","周遥搬到城外后决定不再进入城门，也不再回老街。\n向内是熟悉的街巷、院落与钟楼方向，向外是车流、地铁口和不断延伸的现代城区。\n母亲发来语音，说搬家车已到，新家的第一顿饭等他。\n周遥只回了一个“好”。","向内是熟悉的街巷、院落与钟楼方向，向外是车流、地铁口和不断延伸的现代城区。\n母亲发来语音，说搬家车已到，新家的第一顿饭等他。\n周遥只回了一个“好”。","向内是熟悉的街巷、院落与钟楼方向，向外是车流、地铁口和不断延伸的现代城区。\n母亲发来语音，说搬家车已到，新家的第一顿饭等他。\n周遥只回了一个“好”。","","","周遥搬到城外后决定不再进入城门，也不再回老街。\n向内是熟悉的街巷、院落与钟楼方向，向外是车流、地铁口和不断延伸的现代城区。\n母亲发来语音，说搬家车已到，新家的第一顿饭等他。\n周遥只回了一个“好”。","向内是熟悉的街巷、院落与钟楼方向，向外是车流、地铁口和不断延伸的现代城区。\n母亲发来语音，说搬家车已到，新家的第一顿饭等他。\n周遥只回了一个“好”。","正确排序来自当前 Lv5 故事的事件推进；判断重点是前一动作怎样制造后一结果。","周遥搬到城外后决定不再进入城门，也不再回老街。 — wrong: it is not supported by the active Story and changes or contradicts its action, relationship, or consequence.","","","理解完整一圈为什么不是最终终点","Story","resolveAdaptiveJourneyLevel:xian-city-wall:Lv5","夕阳从南墙斜过去，砖石、垛口和城楼留下长影。向内是熟悉的街巷、院落与钟楼方向，向外是车流、地铁口和不断延伸的现代城区。母亲发来语音，说搬家车已到，新家的第一顿饭等他。","The accepted answer is grounded in the active 没有按停的一圈 Lv5 Story span reproduced in TAUGHT_SOURCE_TEXT.","Runtime-generated Lv5 checkpoint uses the level's active Story and its declared 理解完整一圈为什么不是最终终点 target.","Names, actions, stakes, and place mechanism are taken from 没有按停的一圈, not a generic resolver path.","《西安城墙保护条例》把明代城墙墙体、城门、附属建筑、护城河及其遗址遗迹作为西安城墙保护对象。","AGENT PASS — actual runtime content, answer, teaching span, and distractors inspected; no contradiction or teach-before-test defect found.","","","HUMAN_REVIEW_REQUIRED",""
"xian-city-wall","没有按停的一圈","Lv5","grammarRepair","修好这句中文\n难度 · 标准\n当前 Lv5 语言目标：“等于”和判断词“是”不可重复套用。先定位不自然部分，再选最小且完整的修复。\n训练目标 · 掌握“等于”和判断词“是”不可重复套用\n第 1 / 3 次 · 候选答案 4 个","","","并不等于","周遥后来明白，搬出城墙并不等于离开自己的旧生活。","周遥后来明白，搬出城墙并不等于就是离开自己的旧生活。","并不就是等于\n并不等于就是\n并不等于是\n并不等于","并不等于","语病修复 · 讲解","并不就是等于 — wrong: it does not produce the accepted minimal repair and leaves an incorrect particle, scope, order, or collocation.\n并不等于就是 — wrong: it does not produce the accepted minimal repair and leaves an incorrect particle, scope, order, or collocation.\n并不等于是 — wrong: it does not produce the accepted minimal repair and leaves an incorrect particle, scope, order, or collocation.","","","掌握“等于”和判断词“是”不可重复套用","Story","resolveAdaptiveJourneyLevel:xian-city-wall:Lv5","周遥二十二岁，从小跟父母住在西安城墙内的老街。这个周末，全家要搬到南边城外的新家。傍晚，他从永宁门登上西安城墙，给跑表按下开始，决定完整跑一圈。","The accepted answer is grounded in the active 没有按停的一圈 Lv5 Story span reproduced in TAUGHT_SOURCE_TEXT.","Runtime-generated Lv5 checkpoint uses the level's active Story and its declared 掌握“等于”和判断词“是”不可重复套用 target.","Names, actions, stakes, and place mechanism are taken from 没有按停的一圈, not a generic resolver path.","《西安城墙保护条例》把明代城墙墙体、城门、附属建筑、护城河及其遗址遗迹作为西安城墙保护对象。","AGENT PASS — actual runtime content, answer, teaching span, and distractors inspected; no contradiction or teach-before-test defect found.","","","HUMAN_REVIEW_REQUIRED",""
"xian-city-wall","没有按停的一圈","Lv5","missingSentence","补全上下文关系\n难度 · 标准\n当前 Lv5：根据跑表和回家路线，选出最能连接“完成一圈”与“继续跑”的一句。 答案必须同时承接前句并解释后句。\n训练目标 · 理解继续向南是选择而非迷路\n第 1 / 3 次 · 候选答案 4 个","","","他继续跑，却反复想：住址一旦越过城墙，自己和老城的关系是不是也会在城门处结束。","","","周遥最后把路线命名为“告别”，强调与旧城彻底分开。\n他认定城墙的物理边界决定了谁才算真正的“城里人”。\n跑表完成一整圈后，周遥立刻按停，把永宁门当成永久终点。\n他继续跑，却反复想：住址一旦越过城墙，自己和老城的关系是不是也会在城门处结束。","他继续跑，却反复想：住址一旦越过城墙，自己和老城的关系是不是也会在城门处结束。","正确答案与当前 Lv5 故事情节一致，但判断依据是前后文中的人物、关系与因果，不是关键词重复。","周遥最后把路线命名为“告别”，强调与旧城彻底分开。 — wrong: it is not supported by the active Story and changes or contradicts its action, relationship, or consequence.\n他认定城墙的物理边界决定了谁才算真正的“城里人”。 — wrong: it is not supported by the active Story and changes or contradicts its action, relationship, or consequence.\n跑表完成一整圈后，周遥立刻按停，把永宁门当成永久终点。 — wrong: it is not supported by the active Story and changes or contradicts its action, relationship, or consequence.","周遥只回了一个“好”。他继续跑，却反复想：住址一旦越过城墙，自己和老城的关系是不是也会在城门处结束。天色由金黄转成深蓝，他沿封闭的长方形城墙经过转角与城门。","Active Story sentence 9","理解继续向南是选择而非迷路","Story","resolveAdaptiveJourneyLevel:xian-city-wall:Lv5","周遥只回了一个“好”。他继续跑，却反复想：住址一旦越过城墙，自己和老城的关系是不是也会在城门处结束。天色由金黄转成深蓝，他沿封闭的长方形城墙经过转角与城门。","The accepted answer is grounded in the active 没有按停的一圈 Lv5 Story span reproduced in TAUGHT_SOURCE_TEXT.","Runtime-generated Lv5 checkpoint uses the level's active Story and its declared 理解继续向南是选择而非迷路 target.","Names, actions, stakes, and place mechanism are taken from 没有按停的一圈, not a generic resolver path.","《西安城墙保护条例》把明代城墙墙体、城门、附属建筑、护城河及其遗址遗迹作为西安城墙保护对象。","AGENT PASS — actual runtime content, answer, teaching span, and distractors inspected; no contradiction or teach-before-test defect found.","","","HUMAN_REVIEW_REQUIRED",""
"xian-city-wall","没有按停的一圈","Lv10","paragraphRebuild","重建事件关系\n难度 · 高级\n当前 Lv10：按跑表、完整一圈与继续向南的动作，重建周遥的“告别”怎样改变。 不靠原句记忆，先判断动作、关系与因果。\n训练目标 · 解释“回家”命名怎样完成新的归属理解\n第 1 / 3 次 · 候选答案 4 个","图上，城墙是闭合长方形，轨迹却从永宁门伸到新住址。\n母亲要求周遥停止跑步，坐车直接离开城墙。\n跑表越过十三点七四公里继续增加。\n到新家楼下，他才按停并保存路线。","跑表越过十三点七四公里继续增加。\n到新家楼下，他才按停并保存路线。\n图上，城墙是闭合长方形，轨迹却从永宁门伸到新住址。","跑表越过十三点七四公里继续增加。\n到新家楼下，他才按停并保存路线。\n图上，城墙是闭合长方形，轨迹却从永宁门伸到新住址。","","","图上，城墙是闭合长方形，轨迹却从永宁门伸到新住址。\n母亲要求周遥停止跑步，坐车直接离开城墙。\n跑表越过十三点七四公里继续增加。\n到新家楼下，他才按停并保存路线。","跑表越过十三点七四公里继续增加。\n到新家楼下，他才按停并保存路线。\n图上，城墙是闭合长方形，轨迹却从永宁门伸到新住址。","正确排序来自当前 Lv10 故事的事件推进；判断重点是前一动作怎样制造后一结果。 还要检查叙事焦点、时间推进与段落收束是否连续。","母亲要求周遥停止跑步，坐车直接离开城墙。 — wrong: it is not supported by the active Story and changes or contradicts its action, relationship, or consequence.","","","解释“回家”命名怎样完成新的归属理解","Story","resolveAdaptiveJourneyLevel:xian-city-wall:Lv10","他直接下城，沿南边街道继续跑。跑表越过十三点七四公里继续增加。到新家楼下，他才按停并保存路线。","The accepted answer is grounded in the active 没有按停的一圈 Lv10 Story span reproduced in TAUGHT_SOURCE_TEXT.","Runtime-generated Lv10 checkpoint uses the level's active Story and its declared 解释“回家”命名怎样完成新的归属理解 target.","Names, actions, stakes, and place mechanism are taken from 没有按停的一圈, not a generic resolver path.","城墙内仍是西安历史城区，包含历史文化街区和大量各级文物资源；城墙与当代交通、居住、工作和公共生活并存。","AGENT PASS — actual runtime content, answer, teaching span, and distractors inspected; no contradiction or teach-before-test defect found.","","","HUMAN_REVIEW_REQUIRED",""
"xian-city-wall","没有按停的一圈","Lv10","grammarRepair","修好这句中文\n难度 · 高级\n当前 Lv10 语言目标：必须先：认知步骤的必要顺序。先定位不自然部分，再选最小且完整的修复。\n训练目标 · 掌握必须先：认知步骤的必要顺序\n第 1 / 3 次 · 候选答案 4 个","","","必须先","要理解路线为什么能越过城墙，周遥必须先把住址变化和归属感分开。","要理解路线为什么能越过城墙，周遥必须就先把住址变化和归属感分开。","必须就先\n必须所以先\n必须先\n先必须","必须先","语病修复 · 讲解","必须就先 — wrong: it does not produce the accepted minimal repair and leaves an incorrect particle, scope, order, or collocation.\n必须所以先 — wrong: it does not produce the accepted minimal repair and leaves an incorrect particle, scope, order, or collocation.\n先必须 — wrong: it does not produce the accepted minimal repair and leaves an incorrect particle, scope, order, or collocation.","","","掌握必须先：认知步骤的必要顺序","Story","resolveAdaptiveJourneyLevel:xian-city-wall:Lv10","周遥二十二岁，从小跟父母住在西安城墙内的老街。这个周末，全家要搬到南边城外的新家。傍晚，他从永宁门登上西安城墙，给跑表按下开始，决定完整跑一圈。","The accepted answer is grounded in the active 没有按停的一圈 Lv10 Story span reproduced in TAUGHT_SOURCE_TEXT.","Runtime-generated Lv10 checkpoint uses the level's active Story and its declared 掌握必须先：认知步骤的必要顺序 target.","Names, actions, stakes, and place mechanism are taken from 没有按停的一圈, not a generic resolver path.","城墙内仍是西安历史城区，包含历史文化街区和大量各级文物资源；城墙与当代交通、居住、工作和公共生活并存。","AGENT PASS — actual runtime content, answer, teaching span, and distractors inspected; no contradiction or teach-before-test defect found.","","","HUMAN_REVIEW_REQUIRED",""
"xian-city-wall","没有按停的一圈","Lv10","missingSentence","补全上下文关系\n难度 · 高级\n当前 Lv10：根据跑表和回家路线，选出最能连接“完成一圈”与“继续跑”的一句。 答案必须同时承接前句并解释后句。\n训练目标 · 根据结尾推断“回家”如何重写告别\n第 1 / 3 次 · 候选答案 4 个","","","图上，城墙是闭合长方形，轨迹却从永宁门伸到新住址。","","","周遥最后把路线命名为“告别”，强调与旧城彻底分开。\n他认定城墙的物理边界决定了谁才算真正的“城里人”。\n周遥搬到城外后决定不再进入城门，也不再回老街。\n图上，城墙是闭合长方形，轨迹却从永宁门伸到新住址。","图上，城墙是闭合长方形，轨迹却从永宁门伸到新住址。","正确答案与当前 Lv10 故事情节一致，但判断依据是前后文中的人物、关系与因果，不是关键词重复。 高质量衔接还要保持主题链、指代对象和逻辑方向一致。","周遥最后把路线命名为“告别”，强调与旧城彻底分开。 — wrong: it is not supported by the active Story and changes or contradicts its action, relationship, or consequence.\n他认定城墙的物理边界决定了谁才算真正的“城里人”。 — wrong: it is not supported by the active Story and changes or contradicts its action, relationship, or consequence.\n周遥搬到城外后决定不再进入城门，也不再回老街。 — wrong: it is not supported by the active Story and changes or contradicts its action, relationship, or consequence.","到新家楼下，他才按停并保存路线。图上，城墙是闭合长方形，轨迹却从永宁门伸到新住址。第二天，他把这条记录命名为“回家”。","Active Story sentence 22","根据结尾推断“回家”如何重写告别","Story","resolveAdaptiveJourneyLevel:xian-city-wall:Lv10","到新家楼下，他才按停并保存路线。图上，城墙是闭合长方形，轨迹却从永宁门伸到新住址。第二天，他把这条记录命名为“回家”。","The accepted answer is grounded in the active 没有按停的一圈 Lv10 Story span reproduced in TAUGHT_SOURCE_TEXT.","Runtime-generated Lv10 checkpoint uses the level's active Story and its declared 根据结尾推断“回家”如何重写告别 target.","Names, actions, stakes, and place mechanism are taken from 没有按停的一圈, not a generic resolver path.","城墙内仍是西安历史城区，包含历史文化街区和大量各级文物资源；城墙与当代交通、居住、工作和公共生活并存。","AGENT PASS — actual runtime content, answer, teaching span, and distractors inspected; no contradiction or teach-before-test defect found.","","","HUMAN_REVIEW_REQUIRED",""
