JOURNEY ID,LEVEL,MODE,PRIMARY LEARNING INTENT,SECONDARY INTENT,ACTIVE SOURCE,SOURCE PROVENANCE,TAUGHT BEFORE TESTED,CORRECT ANSWER,WHY CORRECT,ALTERNATIVE ANSWER AMBIGUITY,ONE DEFENSIBLE ANSWER,DISTRACTOR QUALITY,DISTRACTOR MISCONCEPTION,HISTORICAL TRUTH,LANGUAGE VALUE,STORY CONNECTION,DISCOVERY CONNECTION,STORY/DISCOVERY CLOSED LOOP,LEVEL APPROPRIATENESS,COGNITIVE BAND,COGNITIVE PROGRESSION,LEGACY CONTAMINATION,CROSS-JOURNEY CONTAMINATION,TEMPLATE COLLISION,DEFECT CODES,RESULT
beijing-forbidden-city,Lv1,paragraphRebuild,STORY,LANGUAGE,JourneyChallengePanel,ACTIVE STORY,PASS,”两人把两条线放到同一张纸上，对准乾清门。 / 两条线在这里相遇，又向不同方向分开。 / 沈砚没有擦掉任何一条，而是把两条都描清楚。 / 最后，他们从同一个门前继续走向各自要去的方向。,active Story sequence,NONE FOUND,PASS,PASS,verbatim Story recall dominates mode,PASS,PASS,PASS,PASS/NOT PRIMARY,PASS,PASS,Recognition / Basic comprehension,PASS,PASS,PASS,PASS,MODE,REPAIR REQUIRED
beijing-forbidden-city,Lv1,grammarRepair,LANGUAGE,STORY,JourneyChallengePanel,EXPLICIT LANGUAGE OBJECTIVE + JOURNEY CONTEXT,PASS,两条线在这里相遇，又向不同方向分开。,natural Chinese structural repair,NONE FOUND,PASS,FAIL,"weak/mechanical, false-world, or filler distractor",PASS,PASS,PASS,PASS/NOT PRIMARY,PASS,PASS,Recognition / Basic comprehension,PASS,PASS,PASS,PASS,DST,REPAIR REQUIRED
beijing-forbidden-city,Lv1,missingSentence,STORY,LANGUAGE,JourneyChallengePanel,ACTIVE STORY,PASS,沈砚没有擦掉任何一条，而是把两条都描清楚。,best bridge for active Story context,NONE FOUND,PASS,PASS,verbatim Story recall dominates mode,PASS,PASS,PASS,PASS/NOT PRIMARY,PASS,PASS,Recognition / Basic comprehension,PASS,PASS,PASS,PASS,MODE,REPAIR REQUIRED
beijing-forbidden-city,Lv2,paragraphRebuild,STORY,LANGUAGE,JourneyChallengePanel,ACTIVE STORY,PASS,两人把两条线叠到同一张图上，用乾清门作共同位置。 / 两条线短暂重合，又向不同方向分开。 / 沈砚决定不删掉任何一条，而是用两种线把它们都保留下来。 / 图不再只回答“哪条路才对”，而开始说明“谁为什么这样走”。,active Story sequence,NONE FOUND,PASS,PASS,verbatim Story recall dominates mode,PASS,PASS,PASS,PASS/NOT PRIMARY,PASS,PASS,Recognition / Basic comprehension,PASS,PASS,PASS,PASS,MODE,REPAIR REQUIRED
beijing-forbidden-city,Lv2,grammarRepair,LANGUAGE,STORY,JourneyChallengePanel,EXPLICIT LANGUAGE OBJECTIVE + JOURNEY CONTEXT,PASS,两条线短暂重合，又向不同方向分开。,natural Chinese structural repair,NONE FOUND,PASS,FAIL,"weak/mechanical, false-world, or filler distractor",PASS,PASS,PASS,PASS/NOT PRIMARY,PASS,PASS,Recognition / Basic comprehension,PASS,PASS,PASS,PASS,DST,REPAIR REQUIRED
beijing-forbidden-city,Lv2,missingSentence,STORY,LANGUAGE,JourneyChallengePanel,ACTIVE STORY,PASS,沈砚决定不删掉任何一条，而是用两种线把它们都保留下来。,best bridge for active Story context,NONE FOUND,PASS,PASS,verbatim Story recall dominates mode,PASS,PASS,PASS,PASS/NOT PRIMARY,PASS,PASS,Recognition / Basic comprehension,PASS,PASS,PASS,PASS,MODE,REPAIR REQUIRED
beijing-forbidden-city,Lv3,paragraphRebuild,CAUSAL REASONING,LANGUAGE,JourneyChallengePanel,ACTIVE STORY,PASS,两条路线在那里相遇，随后因为两人的事情不同而分开。 / 沈砚这才发现，两张图各自只说明了一种移动关系，任何一张单独留下都会少掉另一种信息。 / 他选择把两条线叠在同一张图上，并用不同线型保留它们。 / 新的图没有判定谁错，而让“同一空间、不同角色、不同走法”同时变得可见。,active Story sequence,NONE FOUND,PASS,PASS,verbatim Story recall dominates mode,PASS,PASS,PASS,PASS/NOT PRIMARY,PASS,PASS,Sequence / Simple causality,PASS,PASS,PASS,PASS,MODE,REPAIR REQUIRED
beijing-forbidden-city,Lv3,grammarRepair,LANGUAGE,STORY,JourneyChallengePanel,EXPLICIT LANGUAGE OBJECTIVE + JOURNEY CONTEXT,PASS,两条路线在那里相遇，随后因为两人的事情不同而分开。,natural Chinese structural repair,NONE FOUND,PASS,FAIL,"weak/mechanical, false-world, or filler distractor",PASS,PASS,PASS,PASS/NOT PRIMARY,PASS,PASS,Sequence / Simple causality,PASS,PASS,PASS,PASS,DST,REPAIR REQUIRED
beijing-forbidden-city,Lv3,missingSentence,CAUSAL REASONING,LANGUAGE,JourneyChallengePanel,ACTIVE STORY,PASS,他选择把两条线叠在同一张图上，并用不同线型保留它们。,best bridge for active Story context,NONE FOUND,PASS,PASS,verbatim Story recall dominates mode,PASS,PASS,PASS,PASS/NOT PRIMARY,PASS,PASS,Sequence / Simple causality,PASS,PASS,PASS,PASS,MODE,REPAIR REQUIRED
beijing-forbidden-city,Lv4,paragraphRebuild,CAUSAL REASONING,LANGUAGE,JourneyChallengePanel,ACTIVE STORY,PASS,沈砚发现，午门和中轴让自己的学习路线容易组织；阿宁的路线则由他要去的地方和所做的事情决定。 / 到了乾清门前，两条线终于对齐，随后又分向不同方向。 / 沈砚作出决定：不选一条覆盖另一条，而在同一张纸上用实线和点线保留两种走法。 / 重叠后的图比任何一张原图都多出一种关系：建筑相同，角色与目的不同，路线也可以不同。,active Story sequence,NONE FOUND,PASS,PASS,verbatim Story recall dominates mode,PASS,PASS,PASS,PASS/NOT PRIMARY,PASS,PASS,Sequence / Simple causality,PASS,PASS,PASS,PASS,MODE,REPAIR REQUIRED
beijing-forbidden-city,Lv4,grammarRepair,LANGUAGE,STORY,JourneyChallengePanel,EXPLICIT LANGUAGE OBJECTIVE + JOURNEY CONTEXT,PASS,到了乾清门前，两条线终于对齐，随后又分向不同方向。,natural Chinese structural repair,NONE FOUND,PASS,FAIL,"weak/mechanical, false-world, or filler distractor",PASS,PASS,PASS,PASS/NOT PRIMARY,PASS,PASS,Sequence / Simple causality,PASS,PASS,PASS,PASS,DST,REPAIR REQUIRED
beijing-forbidden-city,Lv4,missingSentence,CAUSAL REASONING,LANGUAGE,JourneyChallengePanel,ACTIVE STORY,PASS,沈砚作出决定：不选一条覆盖另一条，而在同一张纸上用实线和点线保留两种走法。,best bridge for active Story context,NONE FOUND,PASS,PASS,verbatim Story recall dominates mode,PASS,PASS,PASS,PASS/NOT PRIMARY,PASS,PASS,Sequence / Simple causality,PASS,PASS,PASS,PASS,MODE,REPAIR REQUIRED
beijing-forbidden-city,Lv5,paragraphRebuild,CAUSAL REASONING,LANGUAGE,JourneyChallengePanel,ACTIVE STORY,PASS,到乾清门前，两条线短暂重合；再往后，一条继续服务沈砚的学习观察，另一条随阿宁的事情转向别处。 / 沈砚没有删掉阿宁的线，也没有让自己的线变成标准答案。 / 他把两种线型叠在一张图上，并在交会处标出共同节点。 / 新的图显示的不是“谁走对了”，而是同一组宫门、庭院和连接关系怎样因角色与目的产生不同路径。,active Story sequence,NONE FOUND,PASS,PASS,verbatim Story recall dominates mode,PASS,PASS,PASS,PASS/NOT PRIMARY,PASS,PASS,Relationship / Choice / Historical cause,PASS,PASS,PASS,PASS,MODE,REPAIR REQUIRED
beijing-forbidden-city,Lv5,grammarRepair,LANGUAGE,STORY,JourneyChallengePanel,EXPLICIT LANGUAGE OBJECTIVE + JOURNEY CONTEXT,PASS,两条线短暂重合；再往后，一条继续服务沈砚的学习观察，另一条随阿宁的事情转向别处。,natural Chinese structural repair,NONE FOUND,PASS,FAIL,"weak/mechanical, false-world, or filler distractor",PASS,PASS,PASS,PASS/NOT PRIMARY,PASS,PASS,Relationship / Choice / Historical cause,PASS,PASS,PASS,PASS,DST,REPAIR REQUIRED
beijing-forbidden-city,Lv5,missingSentence,CAUSAL REASONING,LANGUAGE,JourneyChallengePanel,ACTIVE STORY,PASS,他把两种线型叠在一张图上，并在交会处标出共同节点。,best bridge for active Story context,NONE FOUND,PASS,PASS,verbatim Story recall dominates mode,PASS,PASS,PASS,PASS/NOT PRIMARY,PASS,PASS,Relationship / Choice / Historical cause,PASS,PASS,PASS,PASS,MODE,REPAIR REQUIRED
beijing-forbidden-city,Lv6,paragraphRebuild,CAUSAL REASONING,LANGUAGE,JourneyChallengePanel,ACTIVE STORY,PASS,两人在乾清门前把两张图对齐时，路线短暂合在一起，随后再次分开。 / 这个交会点让沈砚看清：矛盾并不一定意味着一真一假，有时是两种局部视角同时成立。 / 他选择把两条路线叠进同一张图，用不同线型保存各自的完整路径，而不是删掉一条。 / 复合图因此多出任何单张图都没有的信息：同一建筑系统能组织不同角色的移动关系。,active Story sequence,NONE FOUND,PASS,PASS,verbatim Story recall dominates mode,PASS,PASS,PASS,PASS/NOT PRIMARY,PASS,PASS,Relationship / Choice / Historical cause,PASS,PASS,PASS,PASS,MODE,REPAIR REQUIRED
beijing-forbidden-city,Lv6,grammarRepair,LANGUAGE,STORY,JourneyChallengePanel,EXPLICIT LANGUAGE OBJECTIVE + JOURNEY CONTEXT,PASS,两人在乾清门前把两张图对齐时，路线短暂合在一起，随后再次分开。,natural Chinese structural repair,NONE FOUND,PASS,FAIL,"weak/mechanical, false-world, or filler distractor",PASS,PASS,PASS,PASS/NOT PRIMARY,PASS,PASS,Relationship / Choice / Historical cause,PASS,PASS,PASS,PASS,DST,REPAIR REQUIRED
beijing-forbidden-city,Lv6,missingSentence,CAUSAL REASONING,LANGUAGE,JourneyChallengePanel,ACTIVE STORY,PASS,他选择把两条路线叠进同一张图，用不同线型保存各自的完整路径，而不是删掉一条。,best bridge for active Story context,NONE FOUND,PASS,PASS,verbatim Story recall dominates mode,PASS,PASS,PASS,PASS/NOT PRIMARY,PASS,PASS,Relationship / Choice / Historical cause,PASS,PASS,PASS,PASS,MODE,REPAIR REQUIRED
beijing-forbidden-city,Lv7,paragraphRebuild,CAUSAL REASONING,LANGUAGE,JourneyChallengePanel,ACTIVE STORY,PASS,乾清门前成为关键：两条路线在这里接近、重合，再向不同方向展开。 / 沈砚终于看到，建筑提供共同的空间骨架，却不会让每个角色拥有相同的目的和移动关系。 / 他作出决定，在同一张图上用实线与点线完整保留两条路线，并把交会处标为共享节点。 / 图的意义因此改变，不是旧图被新证据推翻，而是两个都有效的局部视角经过合成后，显出彼此之间的关系。,active Story sequence,NONE FOUND,PASS,PASS,verbatim Story recall dominates mode,PASS,PASS,PASS,PASS/NOT PRIMARY,PASS,PASS,Causal chain / Implicit meaning,PASS,PASS,PASS,PASS,MODE,REPAIR REQUIRED
beijing-forbidden-city,Lv7,grammarRepair,LANGUAGE,STORY,JourneyChallengePanel,EXPLICIT LANGUAGE OBJECTIVE + JOURNEY CONTEXT,PASS,乾清门前成为关键：两条路线在这里接近、重合，再向不同方向展开。,natural Chinese structural repair,NONE FOUND,PASS,FAIL,"weak/mechanical, false-world, or filler distractor",PASS,PASS,PASS,PASS/NOT PRIMARY,PASS,PASS,Causal chain / Implicit meaning,PASS,PASS,PASS,PASS,DST,REPAIR REQUIRED
beijing-forbidden-city,Lv7,missingSentence,CAUSAL REASONING,LANGUAGE,JourneyChallengePanel,ACTIVE STORY,PASS,他作出决定，在同一张图上用实线与点线完整保留两条路线，并把交会处标为共享节点。,best bridge for active Story context,NONE FOUND,PASS,PASS,verbatim Story recall dominates mode,PASS,PASS,PASS,PASS/NOT PRIMARY,PASS,PASS,Causal chain / Implicit meaning,PASS,PASS,PASS,PASS,MODE,REPAIR REQUIRED
beijing-forbidden-city,Lv8,paragraphRebuild,CAUSAL REASONING,LANGUAGE,JourneyChallengePanel,ACTIVE STORY,PASS,两条路线在共享节点短暂叠合，随后因目的不同而分开。 / 这不是谁被纠正的时刻，而是两张局部图第一次能够彼此说明。 / 沈砚选择保留差异：他用两种线型叠画路线，让共同节点、重合段和分岔同时可见。 / 复合图因此显示出一层新的空间关系：宫门和庭院构成共同结构，而角色、目的与行动使同一结构产生不同但可同时成立的路径。,active Story sequence,NONE FOUND,PASS,PASS,verbatim Story recall dominates mode,PASS,PASS,PASS,PASS/NOT PRIMARY,PASS,PASS,Causal chain / Implicit meaning,PASS,PASS,PASS,PASS,MODE,REPAIR REQUIRED
beijing-forbidden-city,Lv8,grammarRepair,LANGUAGE,STORY,JourneyChallengePanel,EXPLICIT LANGUAGE OBJECTIVE + JOURNEY CONTEXT,PASS,两条路线在共享节点短暂叠合，随后因目的不同而分开。,natural Chinese structural repair,NONE FOUND,PASS,FAIL,"weak/mechanical, false-world, or filler distractor",PASS,PASS,PASS,PASS/NOT PRIMARY,PASS,PASS,Causal chain / Implicit meaning,PASS,PASS,PASS,PASS,DST,REPAIR REQUIRED
beijing-forbidden-city,Lv8,missingSentence,CAUSAL REASONING,LANGUAGE,JourneyChallengePanel,ACTIVE STORY,PASS,沈砚选择保留差异：他用两种线型叠画路线，让共同节点、重合段和分岔同时可见。,best bridge for active Story context,NONE FOUND,PASS,PASS,verbatim Story recall dominates mode,PASS,PASS,PASS,PASS/NOT PRIMARY,PASS,PASS,Causal chain / Implicit meaning,PASS,PASS,PASS,PASS,MODE,REPAIR REQUIRED
beijing-forbidden-city,Lv9,paragraphRebuild,CAUSAL REASONING,LANGUAGE,JourneyChallengePanel,ACTIVE STORY,PASS,沈砚和阿宁把纸并在一起，以共同宫门、院落方向和乾清门前的位置校准。 / 比较后，他们发现两条路线在这个重要连接节点短暂重合，随后因为角色和目的不同而分岔。 / 沈砚没有用阿宁的图替换自己的图，也没有把阿宁的线降成旁注；他主动选择用不同线型完整保存两条路径，再画出共同节点与分岔关系。 / 新的复合表示出现了任何单张路线图都不能单独给出的信息：同一建筑系统提供共同结构，而不同角色的行动目的决定他们怎样使用这些连接。,active Story sequence,NONE FOUND,PASS,PASS,verbatim Story recall dominates mode,PASS,PASS,PASS,PASS/NOT PRIMARY,PASS,PASS,Integrated interpretation,PASS,PASS,PASS,PASS,MODE,REPAIR REQUIRED
beijing-forbidden-city,Lv9,grammarRepair,LANGUAGE,STORY,JourneyChallengePanel,EXPLICIT LANGUAGE OBJECTIVE + JOURNEY CONTEXT,PASS,比较后，他们发现两条路线在这个重要连接节点短暂重合，随后因为角色和目的不同而分岔。,natural Chinese structural repair,NONE FOUND,PASS,FAIL,"weak/mechanical, false-world, or filler distractor",PASS,PASS,PASS,PASS/NOT PRIMARY,PASS,PASS,Integrated interpretation,PASS,PASS,PASS,PASS,DST,REPAIR REQUIRED
beijing-forbidden-city,Lv9,missingSentence,CAUSAL REASONING,LANGUAGE,JourneyChallengePanel,ACTIVE STORY,PASS,沈砚没有用阿宁的图替换自己的图，也没有把阿宁的线降成旁注；他主动选择用不同线型完整保存两条路径，再画出共同节点与分岔关系。,best bridge for active Story context,NONE FOUND,PASS,PASS,verbatim Story recall dominates mode,PASS,PASS,PASS,PASS/NOT PRIMARY,PASS,PASS,Integrated interpretation,PASS,PASS,PASS,PASS,MODE,REPAIR REQUIRED
beijing-forbidden-city,Lv10,paragraphRebuild,CAUSAL REASONING,LANGUAGE,JourneyChallengePanel,ACTIVE STORY,PASS,路线在乾清门前短暂重合，又因角色和目的不同向不同方向延伸。 / 这个重合与分岔同时出现的瞬间成为关键：如果擦掉任何一条，图都会失去真实关系。 / 沈砚于是选择合成，而不是裁决。 / 他用实线与点线在同一张纸上保留两条完整路线，标出共享节点、重合段与分岔，使建筑结构和人的目的同时可读。,active Story sequence,NONE FOUND,PASS,PASS,verbatim Story recall dominates mode,PASS,PASS,PASS,PASS/NOT PRIMARY,PASS,PASS,Integrated interpretation,PASS,PASS,PASS,PASS,MODE,REPAIR REQUIRED
beijing-forbidden-city,Lv10,grammarRepair,LANGUAGE,STORY,JourneyChallengePanel,EXPLICIT LANGUAGE OBJECTIVE + JOURNEY CONTEXT,PASS,路线在乾清门前短暂重合，又因角色和目的不同向不同方向延伸。,natural Chinese structural repair,NONE FOUND,PASS,FAIL,"weak/mechanical, false-world, or filler distractor",PASS,PASS,PASS,PASS/NOT PRIMARY,PASS,PASS,Integrated interpretation,PASS,PASS,PASS,PASS,DST,REPAIR REQUIRED
beijing-forbidden-city,Lv10,missingSentence,CAUSAL REASONING,LANGUAGE,JourneyChallengePanel,ACTIVE STORY,PASS,沈砚于是选择合成，而不是裁决。,best bridge for active Story context,NONE FOUND,PASS,PASS,verbatim Story recall dominates mode,PASS,PASS,PASS,PASS/NOT PRIMARY,PASS,PASS,Integrated interpretation,PASS,PASS,PASS,PASS,MODE,REPAIR REQUIRED
beijing-summer-palace,Lv1,paragraphRebuild,STORY,LANGUAGE,JourneyChallengePanel,ACTIVE STORY,PASS,冬至前，许澄带相机到颐和园。 / 她要为校展拍一张“无瑕”照片。,active Story sequence,NONE FOUND,PASS,PASS,Lv1→Lv10 logic repeats instead of deepening,PASS,PASS,PASS,PASS/NOT PRIMARY,PASS,PASS,Recognition / Basic comprehension,FAIL,PASS,PASS,PASS,PROG,REPAIR REQUIRED
beijing-summer-palace,Lv1,grammarRepair,LANGUAGE,STORY,JourneyChallengePanel,EXPLICIT LANGUAGE OBJECTIVE + JOURNEY CONTEXT,PASS,游客,natural Chinese structural repair,NONE FOUND,PASS,FAIL,"weak/mechanical, false-world, or filler distractor; Lv1→Lv10 logic repeats instead of deepening; cross-Gold grammar skeleton is reused",PASS,PASS,PASS,PASS/NOT PRIMARY,PASS,PASS,Recognition / Basic comprehension,FAIL,PASS,PASS,FAIL,"DST,PROG,TEMPLATE",REPAIR REQUIRED
beijing-summer-palace,Lv1,missingSentence,STORY,LANGUAGE,JourneyChallengePanel,ACTIVE STORY,PASS,她要为校展拍一张“无瑕”照片。,best bridge for active Story context,NONE FOUND,PASS,FAIL,"weak/mechanical, false-world, or filler distractor; Lv1→Lv10 logic repeats instead of deepening",PASS,PASS,PASS,PASS/NOT PRIMARY,PASS,PASS,Recognition / Basic comprehension,FAIL,PASS,PASS,PASS,"DST,PROG",REPAIR REQUIRED
beijing-summer-palace,Lv2,paragraphRebuild,STORY,LANGUAGE,JourneyChallengePanel,ACTIVE STORY,PASS,冬至前，许澄带相机到颐和园。 / 她专挑晴朗的冬日下午来，因为冬至前后十七孔桥会出现“金光穿洞”。,active Story sequence,NONE FOUND,PASS,FAIL,"weak/mechanical, false-world, or filler distractor; Lv1→Lv10 logic repeats instead of deepening; false world claim is used as a cheap distractor",FAIL,PASS,PASS,PASS/NOT PRIMARY,PASS,PASS,Recognition / Basic comprehension,FAIL,PASS,PASS,PASS,"DST,HIST,PROG",REPAIR REQUIRED
beijing-summer-palace,Lv2,grammarRepair,LANGUAGE,STORY,JourneyChallengePanel,EXPLICIT LANGUAGE OBJECTIVE + JOURNEY CONTEXT,PASS,游客,natural Chinese structural repair,NONE FOUND,PASS,FAIL,"weak/mechanical, false-world, or filler distractor; Lv1→Lv10 logic repeats instead of deepening; cross-Gold grammar skeleton is reused",PASS,PASS,PASS,PASS/NOT PRIMARY,PASS,PASS,Recognition / Basic comprehension,FAIL,PASS,PASS,FAIL,"DST,PROG,TEMPLATE",REPAIR REQUIRED
beijing-summer-palace,Lv2,missingSentence,STORY,LANGUAGE,JourneyChallengePanel,ACTIVE STORY,PASS,她专挑晴朗的冬日下午来，因为冬至前后十七孔桥会出现“金光穿洞”。,best bridge for active Story context,NONE FOUND,PASS,FAIL,"weak/mechanical, false-world, or filler distractor; Lv1→Lv10 logic repeats instead of deepening; false world claim is used as a cheap distractor",FAIL,PASS,PASS,PASS/NOT PRIMARY,PASS,PASS,Recognition / Basic comprehension,FAIL,PASS,PASS,PASS,"DST,HIST,PROG",REPAIR REQUIRED
beijing-summer-palace,Lv3,paragraphRebuild,CAUSAL REASONING,LANGUAGE,JourneyChallengePanel,ACTIVE STORY,PASS,冬至前，许澄带相机到颐和园。 / 她专挑晴朗的冬日下午来，因为冬至前后十七孔桥会出现“金光穿洞”。,active Story sequence,NONE FOUND,PASS,FAIL,"weak/mechanical, false-world, or filler distractor; cognitive demand mismatches current band; Lv1→Lv10 logic repeats instead of deepening; false world claim is used as a cheap distractor",FAIL,PASS,PASS,PASS/NOT PRIMARY,PASS,FAIL,Sequence / Simple causality,FAIL,PASS,PASS,PASS,"DST,HIST,LEVEL,PROG",REPAIR REQUIRED
beijing-summer-palace,Lv3,grammarRepair,LANGUAGE,STORY,JourneyChallengePanel,EXPLICIT LANGUAGE OBJECTIVE + JOURNEY CONTEXT,PASS,游客,natural Chinese structural repair,NONE FOUND,PASS,FAIL,"weak/mechanical, false-world, or filler distractor; cognitive demand mismatches current band; Lv1→Lv10 logic repeats instead of deepening; cross-Gold grammar skeleton is reused",PASS,PASS,PASS,PASS/NOT PRIMARY,PASS,FAIL,Sequence / Simple causality,FAIL,PASS,PASS,FAIL,"DST,LEVEL,PROG,TEMPLATE",REPAIR REQUIRED
beijing-summer-palace,Lv3,missingSentence,CAUSAL REASONING,LANGUAGE,JourneyChallengePanel,ACTIVE STORY,PASS,她专挑晴朗的冬日下午来，因为冬至前后十七孔桥会出现“金光穿洞”。,best bridge for active Story context,NONE FOUND,PASS,FAIL,"weak/mechanical, false-world, or filler distractor; cognitive demand mismatches current band; Lv1→Lv10 logic repeats instead of deepening; false world claim is used as a cheap distractor",FAIL,PASS,PASS,PASS/NOT PRIMARY,PASS,FAIL,Sequence / Simple causality,FAIL,PASS,PASS,PASS,"DST,HIST,LEVEL,PROG",REPAIR REQUIRED
beijing-summer-palace,Lv4,paragraphRebuild,CAUSAL REASONING,LANGUAGE,JourneyChallengePanel,ACTIVE STORY,PASS,冬至前，许澄带相机到颐和园。 / 她专挑晴朗的冬日下午来，因为冬至前后十七孔桥会出现“金光穿洞”。,active Story sequence,NONE FOUND,PASS,FAIL,"weak/mechanical, false-world, or filler distractor; cognitive demand mismatches current band; Lv1→Lv10 logic repeats instead of deepening; false world claim is used as a cheap distractor",FAIL,PASS,PASS,PASS/NOT PRIMARY,PASS,FAIL,Sequence / Simple causality,FAIL,PASS,PASS,PASS,"DST,HIST,LEVEL,PROG",REPAIR REQUIRED
beijing-summer-palace,Lv4,grammarRepair,LANGUAGE,STORY,JourneyChallengePanel,EXPLICIT LANGUAGE OBJECTIVE + JOURNEY CONTEXT,PASS,游客,natural Chinese structural repair,NONE FOUND,PASS,FAIL,"weak/mechanical, false-world, or filler distractor; cognitive demand mismatches current band; Lv1→Lv10 logic repeats instead of deepening; cross-Gold grammar skeleton is reused",PASS,PASS,PASS,PASS/NOT PRIMARY,PASS,FAIL,Sequence / Simple causality,FAIL,PASS,PASS,FAIL,"DST,LEVEL,PROG,TEMPLATE",REPAIR REQUIRED
beijing-summer-palace,Lv4,missingSentence,CAUSAL REASONING,LANGUAGE,JourneyChallengePanel,ACTIVE STORY,PASS,她专挑晴朗的冬日下午来，因为冬至前后十七孔桥会出现“金光穿洞”。,best bridge for active Story context,NONE FOUND,PASS,FAIL,"weak/mechanical, false-world, or filler distractor; cognitive demand mismatches current band; Lv1→Lv10 logic repeats instead of deepening; false world claim is used as a cheap distractor",FAIL,PASS,PASS,PASS/NOT PRIMARY,PASS,FAIL,Sequence / Simple causality,FAIL,PASS,PASS,PASS,"DST,HIST,LEVEL,PROG",REPAIR REQUIRED
beijing-summer-palace,Lv5,paragraphRebuild,CAUSAL REASONING,LANGUAGE,JourneyChallengePanel,ACTIVE STORY,PASS,冬至前，许澄带相机到颐和园。 / 她专挑晴朗的冬日下午来，因为冬至前后十七孔桥会出现“金光穿洞”。 / 她要为校展拍一张“无瑕”照片。,active Story sequence,NONE FOUND,PASS,PASS,cognitive demand mismatches current band; Lv1→Lv10 logic repeats instead of deepening,PASS,PASS,PASS,PASS/NOT PRIMARY,PASS,FAIL,Relationship / Choice / Historical cause,FAIL,PASS,PASS,PASS,"LEVEL,PROG",REPAIR REQUIRED
beijing-summer-palace,Lv5,grammarRepair,LANGUAGE,STORY,JourneyChallengePanel,EXPLICIT LANGUAGE OBJECTIVE + JOURNEY CONTEXT,PASS,而且让游客,natural Chinese structural repair,NONE FOUND,PASS,FAIL,"weak/mechanical, false-world, or filler distractor; cognitive demand mismatches current band; Lv1→Lv10 logic repeats instead of deepening; cross-Gold grammar skeleton is reused",PASS,PASS,PASS,PASS/NOT PRIMARY,PASS,FAIL,Relationship / Choice / Historical cause,FAIL,PASS,PASS,FAIL,"DST,LEVEL,PROG,TEMPLATE",REPAIR REQUIRED
beijing-summer-palace,Lv5,missingSentence,CAUSAL REASONING,LANGUAGE,JourneyChallengePanel,ACTIVE STORY,PASS,她专挑晴朗的冬日下午来，因为冬至前后十七孔桥会出现“金光穿洞”。,best bridge for active Story context,NONE FOUND,PASS,FAIL,"weak/mechanical, false-world, or filler distractor; cognitive demand mismatches current band; Lv1→Lv10 logic repeats instead of deepening; false world claim is used as a cheap distractor",FAIL,PASS,PASS,PASS/NOT PRIMARY,PASS,FAIL,Relationship / Choice / Historical cause,FAIL,PASS,PASS,PASS,"DST,HIST,LEVEL,PROG",REPAIR REQUIRED
beijing-summer-palace,Lv6,paragraphRebuild,CAUSAL REASONING,LANGUAGE,JourneyChallengePanel,ACTIVE STORY,PASS,冬至前，许澄带相机到颐和园。 / 她专挑晴朗的冬日下午来，因为冬至前后十七孔桥会出现“金光穿洞”。 / 她要为校展拍一张“无瑕”照片。,active Story sequence,NONE FOUND,PASS,PASS,cognitive demand mismatches current band; Lv1→Lv10 logic repeats instead of deepening,PASS,PASS,PASS,PASS/NOT PRIMARY,PASS,FAIL,Relationship / Choice / Historical cause,FAIL,PASS,PASS,PASS,"LEVEL,PROG",REPAIR REQUIRED
beijing-summer-palace,Lv6,grammarRepair,LANGUAGE,STORY,JourneyChallengePanel,EXPLICIT LANGUAGE OBJECTIVE + JOURNEY CONTEXT,PASS,而且让游客,natural Chinese structural repair,NONE FOUND,PASS,FAIL,"weak/mechanical, false-world, or filler distractor; cognitive demand mismatches current band; Lv1→Lv10 logic repeats instead of deepening; cross-Gold grammar skeleton is reused",PASS,PASS,PASS,PASS/NOT PRIMARY,PASS,FAIL,Relationship / Choice / Historical cause,FAIL,PASS,PASS,FAIL,"DST,LEVEL,PROG,TEMPLATE",REPAIR REQUIRED
beijing-summer-palace,Lv6,missingSentence,CAUSAL REASONING,LANGUAGE,JourneyChallengePanel,ACTIVE STORY,PASS,她专挑晴朗的冬日下午来，因为冬至前后十七孔桥会出现“金光穿洞”。,best bridge for active Story context,NONE FOUND,PASS,FAIL,"weak/mechanical, false-world, or filler distractor; cognitive demand mismatches current band; Lv1→Lv10 logic repeats instead of deepening; false world claim is used as a cheap distractor",FAIL,PASS,PASS,PASS/NOT PRIMARY,PASS,FAIL,Relationship / Choice / Historical cause,FAIL,PASS,PASS,PASS,"DST,HIST,LEVEL,PROG",REPAIR REQUIRED
beijing-summer-palace,Lv7,paragraphRebuild,CAUSAL REASONING,LANGUAGE,JourneyChallengePanel,ACTIVE STORY,PASS,冬至前，许澄带相机到颐和园。 / 她专挑晴朗的冬日下午来，因为冬至前后十七孔桥会出现“金光穿洞”。 / 她要为校展拍一张“无瑕”照片。,active Story sequence,NONE FOUND,PASS,PASS,cognitive demand mismatches current band; Lv1→Lv10 logic repeats instead of deepening,PASS,PASS,PASS,PASS/NOT PRIMARY,PASS,FAIL,Causal chain / Implicit meaning,FAIL,PASS,PASS,PASS,"LEVEL,PROG",REPAIR REQUIRED
beijing-summer-palace,Lv7,grammarRepair,LANGUAGE,STORY,JourneyChallengePanel,EXPLICIT LANGUAGE OBJECTIVE + JOURNEY CONTEXT,PASS,而且让游客,natural Chinese structural repair,NONE FOUND,PASS,FAIL,"weak/mechanical, false-world, or filler distractor; cognitive demand mismatches current band; Lv1→Lv10 logic repeats instead of deepening; cross-Gold grammar skeleton is reused",PASS,PASS,PASS,PASS/NOT PRIMARY,PASS,FAIL,Causal chain / Implicit meaning,FAIL,PASS,PASS,FAIL,"DST,LEVEL,PROG,TEMPLATE",REPAIR REQUIRED
beijing-summer-palace,Lv7,missingSentence,CAUSAL REASONING,LANGUAGE,JourneyChallengePanel,ACTIVE STORY,PASS,她专挑晴朗的冬日下午来，因为冬至前后十七孔桥会出现“金光穿洞”。,best bridge for active Story context,NONE FOUND,PASS,FAIL,"weak/mechanical, false-world, or filler distractor; cognitive demand mismatches current band; Lv1→Lv10 logic repeats instead of deepening; false world claim is used as a cheap distractor",FAIL,PASS,PASS,PASS/NOT PRIMARY,PASS,FAIL,Causal chain / Implicit meaning,FAIL,PASS,PASS,PASS,"DST,HIST,LEVEL,PROG",REPAIR REQUIRED
beijing-summer-palace,Lv8,paragraphRebuild,CAUSAL REASONING,LANGUAGE,JourneyChallengePanel,ACTIVE STORY,PASS,冬至前，许澄带相机到颐和园。 / 她专挑晴朗的冬日下午来，因为冬至前后十七孔桥会出现“金光穿洞”。 / 她要为校展拍一张“无瑕”照片。,active Story sequence,NONE FOUND,PASS,PASS,cognitive demand mismatches current band; Lv1→Lv10 logic repeats instead of deepening,PASS,PASS,PASS,PASS/NOT PRIMARY,PASS,FAIL,Causal chain / Implicit meaning,FAIL,PASS,PASS,PASS,"LEVEL,PROG",REPAIR REQUIRED
beijing-summer-palace,Lv8,grammarRepair,LANGUAGE,STORY,JourneyChallengePanel,EXPLICIT LANGUAGE OBJECTIVE + JOURNEY CONTEXT,PASS,桥洞东侧内壁因此,natural Chinese structural repair,NONE FOUND,PASS,FAIL,"weak/mechanical, false-world, or filler distractor; cognitive demand mismatches current band; Lv1→Lv10 logic repeats instead of deepening; cross-Gold grammar skeleton is reused",PASS,PASS,PASS,PASS/NOT PRIMARY,PASS,FAIL,Causal chain / Implicit meaning,FAIL,PASS,PASS,FAIL,"DST,LEVEL,PROG,TEMPLATE",REPAIR REQUIRED
beijing-summer-palace,Lv8,missingSentence,CAUSAL REASONING,LANGUAGE,JourneyChallengePanel,ACTIVE STORY,PASS,她专挑晴朗的冬日下午来，因为冬至前后十七孔桥会出现“金光穿洞”。,best bridge for active Story context,NONE FOUND,PASS,FAIL,"weak/mechanical, false-world, or filler distractor; cognitive demand mismatches current band; Lv1→Lv10 logic repeats instead of deepening; false world claim is used as a cheap distractor",FAIL,PASS,PASS,PASS/NOT PRIMARY,PASS,FAIL,Causal chain / Implicit meaning,FAIL,PASS,PASS,PASS,"DST,HIST,LEVEL,PROG",REPAIR REQUIRED
beijing-summer-palace,Lv9,paragraphRebuild,CAUSAL REASONING,LANGUAGE,JourneyChallengePanel,ACTIVE STORY,PASS,冬至前，许澄带相机到颐和园。 / 她专挑晴朗的冬日下午来，因为冬至前后十七孔桥会出现“金光穿洞”。 / 她要为校展拍一张“无瑕”照片。,active Story sequence,NONE FOUND,PASS,PASS,cognitive demand mismatches current band; Lv1→Lv10 logic repeats instead of deepening,PASS,PASS,PASS,PASS/NOT PRIMARY,PASS,FAIL,Integrated interpretation,FAIL,PASS,PASS,PASS,"LEVEL,PROG",REPAIR REQUIRED
beijing-summer-palace,Lv9,grammarRepair,LANGUAGE,STORY,JourneyChallengePanel,EXPLICIT LANGUAGE OBJECTIVE + JOURNEY CONTEXT,PASS,桥洞东侧内壁因此,natural Chinese structural repair,NONE FOUND,PASS,FAIL,"weak/mechanical, false-world, or filler distractor; cognitive demand mismatches current band; Lv1→Lv10 logic repeats instead of deepening; cross-Gold grammar skeleton is reused",PASS,PASS,PASS,PASS/NOT PRIMARY,PASS,FAIL,Integrated interpretation,FAIL,PASS,PASS,FAIL,"DST,LEVEL,PROG,TEMPLATE",REPAIR REQUIRED
beijing-summer-palace,Lv9,missingSentence,CAUSAL REASONING,LANGUAGE,JourneyChallengePanel,ACTIVE STORY,PASS,她专挑晴朗的冬日下午来，因为冬至前后十七孔桥会出现“金光穿洞”。,best bridge for active Story context,NONE FOUND,PASS,FAIL,"weak/mechanical, false-world, or filler distractor; cognitive demand mismatches current band; Lv1→Lv10 logic repeats instead of deepening; false world claim is used as a cheap distractor",FAIL,PASS,PASS,PASS/NOT PRIMARY,PASS,FAIL,Integrated interpretation,FAIL,PASS,PASS,PASS,"DST,HIST,LEVEL,PROG",REPAIR REQUIRED
beijing-summer-palace,Lv10,paragraphRebuild,CAUSAL REASONING,LANGUAGE,JourneyChallengePanel,ACTIVE STORY,PASS,冬至前，许澄带相机到颐和园。 / 她专挑晴朗的冬日下午来，因为冬至前后十七孔桥会出现“金光穿洞”。 / 她要为校展拍一张“无瑕”照片。,active Story sequence,NONE FOUND,PASS,PASS,cognitive demand mismatches current band; Lv1→Lv10 logic repeats instead of deepening,PASS,PASS,PASS,PASS/NOT PRIMARY,PASS,FAIL,Integrated interpretation,FAIL,PASS,PASS,PASS,"LEVEL,PROG",REPAIR REQUIRED
beijing-summer-palace,Lv10,grammarRepair,LANGUAGE,STORY,JourneyChallengePanel,EXPLICIT LANGUAGE OBJECTIVE + JOURNEY CONTEXT,PASS,桥洞东侧内壁因此,natural Chinese structural repair,NONE FOUND,PASS,FAIL,"weak/mechanical, false-world, or filler distractor; cognitive demand mismatches current band; Lv1→Lv10 logic repeats instead of deepening; cross-Gold grammar skeleton is reused",PASS,PASS,PASS,PASS/NOT PRIMARY,PASS,FAIL,Integrated interpretation,FAIL,PASS,PASS,FAIL,"DST,LEVEL,PROG,TEMPLATE",REPAIR REQUIRED
beijing-summer-palace,Lv10,missingSentence,CAUSAL REASONING,LANGUAGE,JourneyChallengePanel,ACTIVE STORY,PASS,她专挑晴朗的冬日下午来，因为冬至前后十七孔桥会出现“金光穿洞”。,best bridge for active Story context,NONE FOUND,PASS,FAIL,"weak/mechanical, false-world, or filler distractor; cognitive demand mismatches current band; Lv1→Lv10 logic repeats instead of deepening; false world claim is used as a cheap distractor",FAIL,PASS,PASS,PASS/NOT PRIMARY,PASS,FAIL,Integrated interpretation,FAIL,PASS,PASS,PASS,"DST,HIST,LEVEL,PROG",REPAIR REQUIRED
chengdu-kuanzhai-alley,Lv1,paragraphRebuild,STORY,LANGUAGE,JourneyChallengePanel,ACTIVE STORY,PASS,林夏把一把竹椅挪到宽窄巷子一间院落茶馆的门口，刚想请常来的周叔坐下，端茶的同事就要从这里进院。 / 林夏二十四岁，负责照看院里的座位和进出。,active Story sequence,NONE FOUND,PASS,FAIL,"weak/mechanical, false-world, or filler distractor; Lv1→Lv10 logic repeats instead of deepening; false world claim is used as a cheap distractor",FAIL,PASS,PASS,PASS/NOT PRIMARY,PASS,PASS,Recognition / Basic comprehension,FAIL,PASS,PASS,PASS,"DST,HIST,PROG",REPAIR REQUIRED
chengdu-kuanzhai-alley,Lv1,grammarRepair,LANGUAGE,STORY,JourneyChallengePanel,EXPLICIT LANGUAGE OBJECTIVE + JOURNEY CONTEXT,PASS,游客,natural Chinese structural repair,NONE FOUND,PASS,FAIL,"weak/mechanical, false-world, or filler distractor; Lv1→Lv10 logic repeats instead of deepening; cross-Gold grammar skeleton is reused",PASS,PASS,PASS,PASS/NOT PRIMARY,PASS,PASS,Recognition / Basic comprehension,FAIL,PASS,PASS,FAIL,"DST,PROG,TEMPLATE",REPAIR REQUIRED
chengdu-kuanzhai-alley,Lv1,missingSentence,STORY,LANGUAGE,JourneyChallengePanel,ACTIVE STORY,PASS,林夏二十四岁，负责照看院里的座位和进出。,best bridge for active Story context,NONE FOUND,PASS,FAIL,"weak/mechanical, false-world, or filler distractor; Lv1→Lv10 logic repeats instead of deepening; false world claim is used as a cheap distractor",FAIL,PASS,PASS,PASS/NOT PRIMARY,PASS,PASS,Recognition / Basic comprehension,FAIL,PASS,PASS,PASS,"DST,HIST,PROG",REPAIR REQUIRED
chengdu-kuanzhai-alley,Lv2,paragraphRebuild,STORY,LANGUAGE,JourneyChallengePanel,ACTIVE STORY,PASS,林夏把一把竹椅放到宽窄巷子一间院落茶馆的门口，常来的周叔刚坐下，端着茶盘的同事就需要从门槛进院。 / 二十四岁的林夏负责照看院里的座位和通行，她马上把椅子挪开，等同事过去后又放回茶桌旁。,active Story sequence,NONE FOUND,PASS,FAIL,"weak/mechanical, false-world, or filler distractor; Lv1→Lv10 logic repeats instead of deepening; false world claim is used as a cheap distractor",FAIL,PASS,PASS,PASS/NOT PRIMARY,PASS,PASS,Recognition / Basic comprehension,FAIL,PASS,PASS,PASS,"DST,HIST,PROG",REPAIR REQUIRED
chengdu-kuanzhai-alley,Lv2,grammarRepair,LANGUAGE,STORY,JourneyChallengePanel,EXPLICIT LANGUAGE OBJECTIVE + JOURNEY CONTEXT,PASS,游客,natural Chinese structural repair,NONE FOUND,PASS,FAIL,"weak/mechanical, false-world, or filler distractor; Lv1→Lv10 logic repeats instead of deepening; cross-Gold grammar skeleton is reused",PASS,PASS,PASS,PASS/NOT PRIMARY,PASS,PASS,Recognition / Basic comprehension,FAIL,PASS,PASS,FAIL,"DST,PROG,TEMPLATE",REPAIR REQUIRED
chengdu-kuanzhai-alley,Lv2,missingSentence,STORY,LANGUAGE,JourneyChallengePanel,ACTIVE STORY,PASS,二十四岁的林夏负责照看院里的座位和通行，她马上把椅子挪开，等同事过去后又放回茶桌旁。,best bridge for active Story context,NONE FOUND,PASS,FAIL,"weak/mechanical, false-world, or filler distractor; Lv1→Lv10 logic repeats instead of deepening; false world claim is used as a cheap distractor",FAIL,PASS,PASS,PASS/NOT PRIMARY,PASS,PASS,Recognition / Basic comprehension,FAIL,PASS,PASS,PASS,"DST,HIST,PROG",REPAIR REQUIRED
chengdu-kuanzhai-alley,Lv3,paragraphRebuild,CAUSAL REASONING,LANGUAGE,JourneyChallengePanel,ACTIVE STORY,PASS,林夏把一把竹椅挪到宽窄巷子一间院落茶馆的入口，准备让常来的周叔坐在茶桌旁。 / 周叔刚落座，端着茶盘的同事就从门口进来，椅背挡住了通行。,active Story sequence,NONE FOUND,PASS,FAIL,"weak/mechanical, false-world, or filler distractor; cognitive demand mismatches current band; Lv1→Lv10 logic repeats instead of deepening; false world claim is used as a cheap distractor",FAIL,PASS,PASS,PASS/NOT PRIMARY,PASS,FAIL,Sequence / Simple causality,FAIL,PASS,PASS,PASS,"DST,HIST,LEVEL,PROG",REPAIR REQUIRED
chengdu-kuanzhai-alley,Lv3,grammarRepair,LANGUAGE,STORY,JourneyChallengePanel,EXPLICIT LANGUAGE OBJECTIVE + JOURNEY CONTEXT,PASS,游客,natural Chinese structural repair,NONE FOUND,PASS,FAIL,"weak/mechanical, false-world, or filler distractor; cognitive demand mismatches current band; Lv1→Lv10 logic repeats instead of deepening; cross-Gold grammar skeleton is reused",PASS,PASS,PASS,PASS/NOT PRIMARY,PASS,FAIL,Sequence / Simple causality,FAIL,PASS,PASS,FAIL,"DST,LEVEL,PROG,TEMPLATE",REPAIR REQUIRED
chengdu-kuanzhai-alley,Lv3,missingSentence,CAUSAL REASONING,LANGUAGE,JourneyChallengePanel,ACTIVE STORY,PASS,周叔刚落座，端着茶盘的同事就从门口进来，椅背挡住了通行。,best bridge for active Story context,NONE FOUND,PASS,FAIL,"weak/mechanical, false-world, or filler distractor; cognitive demand mismatches current band; Lv1→Lv10 logic repeats instead of deepening; false world claim is used as a cheap distractor",FAIL,PASS,PASS,PASS/NOT PRIMARY,PASS,FAIL,Sequence / Simple causality,FAIL,PASS,PASS,PASS,"DST,HIST,LEVEL,PROG",REPAIR REQUIRED
chengdu-kuanzhai-alley,Lv4,paragraphRebuild,CAUSAL REASONING,LANGUAGE,JourneyChallengePanel,ACTIVE STORY,PASS,林夏把一把竹椅放到宽窄巷子一间院落茶馆的入口旁，常来的周叔刚坐下，端茶的同事便从门外进来。 / 门槛和茶桌之间的通道不宽，椅背一横，茶盘就不好通过。,active Story sequence,NONE FOUND,PASS,FAIL,"weak/mechanical, false-world, or filler distractor; cognitive demand mismatches current band; Lv1→Lv10 logic repeats instead of deepening; false world claim is used as a cheap distractor",FAIL,PASS,PASS,PASS/NOT PRIMARY,PASS,FAIL,Sequence / Simple causality,FAIL,PASS,PASS,PASS,"DST,HIST,LEVEL,PROG",REPAIR REQUIRED
chengdu-kuanzhai-alley,Lv4,grammarRepair,LANGUAGE,STORY,JourneyChallengePanel,EXPLICIT LANGUAGE OBJECTIVE + JOURNEY CONTEXT,PASS,游客,natural Chinese structural repair,NONE FOUND,PASS,FAIL,"weak/mechanical, false-world, or filler distractor; cognitive demand mismatches current band; Lv1→Lv10 logic repeats instead of deepening; cross-Gold grammar skeleton is reused",PASS,PASS,PASS,PASS/NOT PRIMARY,PASS,FAIL,Sequence / Simple causality,FAIL,PASS,PASS,FAIL,"DST,LEVEL,PROG,TEMPLATE",REPAIR REQUIRED
chengdu-kuanzhai-alley,Lv4,missingSentence,CAUSAL REASONING,LANGUAGE,JourneyChallengePanel,ACTIVE STORY,PASS,门槛和茶桌之间的通道不宽，椅背一横，茶盘就不好通过。,best bridge for active Story context,NONE FOUND,PASS,FAIL,"weak/mechanical, false-world, or filler distractor; cognitive demand mismatches current band; Lv1→Lv10 logic repeats instead of deepening; false world claim is used as a cheap distractor",FAIL,PASS,PASS,PASS/NOT PRIMARY,PASS,FAIL,Sequence / Simple causality,FAIL,PASS,PASS,PASS,"DST,HIST,LEVEL,PROG",REPAIR REQUIRED
chengdu-kuanzhai-alley,Lv5,paragraphRebuild,CAUSAL REASONING,LANGUAGE,JourneyChallengePanel,ACTIVE STORY,PASS,林夏午后把一把竹椅放到宽窄巷子一间院落茶馆的入口旁。 / 常来的周叔喜欢坐在靠门的茶桌边，看得到巷子，也方便和熟人打招呼。 / 可他刚坐下，端着茶盘的同事就要跨过门槛，椅背挡住了从巷子进入院落的通道。,active Story sequence,NONE FOUND,PASS,FAIL,"weak/mechanical, false-world, or filler distractor; cognitive demand mismatches current band; Lv1→Lv10 logic repeats instead of deepening; false world claim is used as a cheap distractor",FAIL,PASS,PASS,PASS/NOT PRIMARY,PASS,FAIL,Relationship / Choice / Historical cause,FAIL,PASS,PASS,PASS,"DST,HIST,LEVEL,PROG",REPAIR REQUIRED
chengdu-kuanzhai-alley,Lv5,grammarRepair,LANGUAGE,STORY,JourneyChallengePanel,EXPLICIT LANGUAGE OBJECTIVE + JOURNEY CONTEXT,PASS,而且让游客,natural Chinese structural repair,NONE FOUND,PASS,FAIL,"weak/mechanical, false-world, or filler distractor; cognitive demand mismatches current band; Lv1→Lv10 logic repeats instead of deepening; cross-Gold grammar skeleton is reused",PASS,PASS,PASS,PASS/NOT PRIMARY,PASS,FAIL,Relationship / Choice / Historical cause,FAIL,PASS,PASS,FAIL,"DST,LEVEL,PROG,TEMPLATE",REPAIR REQUIRED
chengdu-kuanzhai-alley,Lv5,missingSentence,CAUSAL REASONING,LANGUAGE,JourneyChallengePanel,ACTIVE STORY,PASS,常来的周叔喜欢坐在靠门的茶桌边，看得到巷子，也方便和熟人打招呼。,best bridge for active Story context,NONE FOUND,PASS,FAIL,"weak/mechanical, false-world, or filler distractor; cognitive demand mismatches current band; Lv1→Lv10 logic repeats instead of deepening; false world claim is used as a cheap distractor",FAIL,PASS,PASS,PASS/NOT PRIMARY,PASS,FAIL,Relationship / Choice / Historical cause,FAIL,PASS,PASS,PASS,"DST,HIST,LEVEL,PROG",REPAIR REQUIRED
chengdu-kuanzhai-alley,Lv6,paragraphRebuild,CAUSAL REASONING,LANGUAGE,JourneyChallengePanel,ACTIVE STORY,PASS,午后的宽窄巷子人流不断。 / 林夏把一把普通竹椅放到一间院落茶馆的入口旁，常来的周叔坐下喝茶。 / 这个位置对茶客很方便，却也贴近从巷子跨过门槛、进入院落的通道。,active Story sequence,NONE FOUND,PASS,FAIL,"weak/mechanical, false-world, or filler distractor; cognitive demand mismatches current band; Lv1→Lv10 logic repeats instead of deepening; false world claim is used as a cheap distractor",FAIL,PASS,PASS,PASS/NOT PRIMARY,PASS,FAIL,Relationship / Choice / Historical cause,FAIL,PASS,PASS,PASS,"DST,HIST,LEVEL,PROG",REPAIR REQUIRED
chengdu-kuanzhai-alley,Lv6,grammarRepair,LANGUAGE,STORY,JourneyChallengePanel,EXPLICIT LANGUAGE OBJECTIVE + JOURNEY CONTEXT,PASS,而且让游客,natural Chinese structural repair,NONE FOUND,PASS,FAIL,"weak/mechanical, false-world, or filler distractor; cognitive demand mismatches current band; Lv1→Lv10 logic repeats instead of deepening; cross-Gold grammar skeleton is reused",PASS,PASS,PASS,PASS/NOT PRIMARY,PASS,FAIL,Relationship / Choice / Historical cause,FAIL,PASS,PASS,FAIL,"DST,LEVEL,PROG,TEMPLATE",REPAIR REQUIRED
chengdu-kuanzhai-alley,Lv6,missingSentence,CAUSAL REASONING,LANGUAGE,JourneyChallengePanel,ACTIVE STORY,PASS,林夏把一把普通竹椅放到一间院落茶馆的入口旁，常来的周叔坐下喝茶。,best bridge for active Story context,NONE FOUND,PASS,FAIL,"weak/mechanical, false-world, or filler distractor; cognitive demand mismatches current band; Lv1→Lv10 logic repeats instead of deepening; false world claim is used as a cheap distractor",FAIL,PASS,PASS,PASS/NOT PRIMARY,PASS,FAIL,Relationship / Choice / Historical cause,FAIL,PASS,PASS,PASS,"DST,HIST,LEVEL,PROG",REPAIR REQUIRED
chengdu-kuanzhai-alley,Lv7,paragraphRebuild,CAUSAL REASONING,LANGUAGE,JourneyChallengePanel,ACTIVE STORY,PASS,午后，宽窄巷子的巷道里人流一阵紧、一阵松。 / 林夏把一把普通竹椅放在一间院落茶馆入口旁，常来的周叔习惯坐在这里喝茶，既能看见巷子，又离茶桌近。 / 可是院门、门槛和茶桌之间只有一段有限的转身空间。,active Story sequence,NONE FOUND,PASS,FAIL,"weak/mechanical, false-world, or filler distractor; cognitive demand mismatches current band; Lv1→Lv10 logic repeats instead of deepening; false world claim is used as a cheap distractor",FAIL,PASS,PASS,PASS/NOT PRIMARY,PASS,FAIL,Causal chain / Implicit meaning,FAIL,PASS,PASS,PASS,"DST,HIST,LEVEL,PROG",REPAIR REQUIRED
chengdu-kuanzhai-alley,Lv7,grammarRepair,LANGUAGE,STORY,JourneyChallengePanel,EXPLICIT LANGUAGE OBJECTIVE + JOURNEY CONTEXT,PASS,而且让游客,natural Chinese structural repair,NONE FOUND,PASS,FAIL,"weak/mechanical, false-world, or filler distractor; cognitive demand mismatches current band; Lv1→Lv10 logic repeats instead of deepening; cross-Gold grammar skeleton is reused",PASS,PASS,PASS,PASS/NOT PRIMARY,PASS,FAIL,Causal chain / Implicit meaning,FAIL,PASS,PASS,FAIL,"DST,LEVEL,PROG,TEMPLATE",REPAIR REQUIRED
chengdu-kuanzhai-alley,Lv7,missingSentence,CAUSAL REASONING,LANGUAGE,JourneyChallengePanel,ACTIVE STORY,PASS,林夏把一把普通竹椅放在一间院落茶馆入口旁，常来的周叔习惯坐在这里喝茶，既能看见巷子，又离茶桌近。,best bridge for active Story context,NONE FOUND,PASS,FAIL,"weak/mechanical, false-world, or filler distractor; cognitive demand mismatches current band; Lv1→Lv10 logic repeats instead of deepening; false world claim is used as a cheap distractor",FAIL,PASS,PASS,PASS/NOT PRIMARY,PASS,FAIL,Causal chain / Implicit meaning,FAIL,PASS,PASS,PASS,"DST,HIST,LEVEL,PROG",REPAIR REQUIRED
chengdu-kuanzhai-alley,Lv8,paragraphRebuild,CAUSAL REASONING,LANGUAGE,JourneyChallengePanel,ACTIVE STORY,PASS,午后，宽窄巷子的街巷与院落不断在“走过”和“停下”之间切换。 / 林夏把一把普通竹椅放在一间院落茶馆的入口旁，常来的周叔喜欢坐在靠门的茶桌边，看巷子里的人来人往。 / 院门从巷道收进小院，门槛后的转身空间不大，桌椅一靠近入口，就会直接影响服务和客流。,active Story sequence,NONE FOUND,PASS,FAIL,"weak/mechanical, false-world, or filler distractor; cognitive demand mismatches current band; Lv1→Lv10 logic repeats instead of deepening; false world claim is used as a cheap distractor",FAIL,PASS,PASS,PASS/NOT PRIMARY,PASS,FAIL,Causal chain / Implicit meaning,FAIL,PASS,PASS,PASS,"DST,HIST,LEVEL,PROG",REPAIR REQUIRED
chengdu-kuanzhai-alley,Lv8,grammarRepair,LANGUAGE,STORY,JourneyChallengePanel,EXPLICIT LANGUAGE OBJECTIVE + JOURNEY CONTEXT,PASS,街区生活因此,natural Chinese structural repair,NONE FOUND,PASS,FAIL,"weak/mechanical, false-world, or filler distractor; cognitive demand mismatches current band; Lv1→Lv10 logic repeats instead of deepening; cross-Gold grammar skeleton is reused",PASS,PASS,PASS,PASS/NOT PRIMARY,PASS,FAIL,Causal chain / Implicit meaning,FAIL,PASS,PASS,FAIL,"DST,LEVEL,PROG,TEMPLATE",REPAIR REQUIRED
chengdu-kuanzhai-alley,Lv8,missingSentence,CAUSAL REASONING,LANGUAGE,JourneyChallengePanel,ACTIVE STORY,PASS,林夏把一把普通竹椅放在一间院落茶馆的入口旁，常来的周叔喜欢坐在靠门的茶桌边，看巷子里的人来人往。,best bridge for active Story context,NONE FOUND,PASS,FAIL,"weak/mechanical, false-world, or filler distractor; cognitive demand mismatches current band; Lv1→Lv10 logic repeats instead of deepening; false world claim is used as a cheap distractor",FAIL,PASS,PASS,PASS/NOT PRIMARY,PASS,FAIL,Causal chain / Implicit meaning,FAIL,PASS,PASS,PASS,"DST,HIST,LEVEL,PROG",REPAIR REQUIRED
chengdu-kuanzhai-alley,Lv9,paragraphRebuild,CAUSAL REASONING,LANGUAGE,JourneyChallengePanel,ACTIVE STORY,PASS,午后，宽窄巷子的人流从宽巷子、窄巷子的街面不断进入沿巷院落，停留与通行在入口处交替发生。 / 林夏把一把普通竹椅放在一间院落茶馆门边，常来的周叔习惯坐在靠入口的茶桌旁。 / 这个位置既能看见巷子，也正贴着门槛后的转身区域。,active Story sequence,NONE FOUND,PASS,FAIL,"weak/mechanical, false-world, or filler distractor; cognitive demand mismatches current band; Lv1→Lv10 logic repeats instead of deepening; false world claim is used as a cheap distractor",FAIL,PASS,PASS,PASS/NOT PRIMARY,PASS,FAIL,Integrated interpretation,FAIL,PASS,PASS,PASS,"DST,HIST,LEVEL,PROG",REPAIR REQUIRED
chengdu-kuanzhai-alley,Lv9,grammarRepair,LANGUAGE,STORY,JourneyChallengePanel,EXPLICIT LANGUAGE OBJECTIVE + JOURNEY CONTEXT,PASS,街区生活因此,natural Chinese structural repair,NONE FOUND,PASS,FAIL,"weak/mechanical, false-world, or filler distractor; cognitive demand mismatches current band; Lv1→Lv10 logic repeats instead of deepening; cross-Gold grammar skeleton is reused",PASS,PASS,PASS,PASS/NOT PRIMARY,PASS,FAIL,Integrated interpretation,FAIL,PASS,PASS,FAIL,"DST,LEVEL,PROG,TEMPLATE",REPAIR REQUIRED
chengdu-kuanzhai-alley,Lv9,missingSentence,CAUSAL REASONING,LANGUAGE,JourneyChallengePanel,ACTIVE STORY,PASS,林夏把一把普通竹椅放在一间院落茶馆门边，常来的周叔习惯坐在靠入口的茶桌旁。,best bridge for active Story context,NONE FOUND,PASS,FAIL,"weak/mechanical, false-world, or filler distractor; cognitive demand mismatches current band; Lv1→Lv10 logic repeats instead of deepening; false world claim is used as a cheap distractor",FAIL,PASS,PASS,PASS/NOT PRIMARY,PASS,FAIL,Integrated interpretation,FAIL,PASS,PASS,PASS,"DST,HIST,LEVEL,PROG",REPAIR REQUIRED
chengdu-kuanzhai-alley,Lv10,paragraphRebuild,CAUSAL REASONING,LANGUAGE,JourneyChallengePanel,ACTIVE STORY,PASS,午后，宽窄巷子的街巷人流不断变化。 / 宽巷子、窄巷子与井巷子构成历史街区的核心街巷，沿巷院落把街面的流动收进更小的入口、门槛和内部停留空间。 / 林夏工作的茶馆就在这样一处院落里。,active Story sequence,NONE FOUND,PASS,FAIL,"weak/mechanical, false-world, or filler distractor; cognitive demand mismatches current band; Lv1→Lv10 logic repeats instead of deepening; false world claim is used as a cheap distractor",FAIL,PASS,PASS,PASS/NOT PRIMARY,PASS,FAIL,Integrated interpretation,FAIL,PASS,PASS,PASS,"DST,HIST,LEVEL,PROG",REPAIR REQUIRED
chengdu-kuanzhai-alley,Lv10,grammarRepair,LANGUAGE,STORY,JourneyChallengePanel,EXPLICIT LANGUAGE OBJECTIVE + JOURNEY CONTEXT,PASS,街区生活因此,natural Chinese structural repair,NONE FOUND,PASS,FAIL,"weak/mechanical, false-world, or filler distractor; cognitive demand mismatches current band; Lv1→Lv10 logic repeats instead of deepening; cross-Gold grammar skeleton is reused",PASS,PASS,PASS,PASS/NOT PRIMARY,PASS,FAIL,Integrated interpretation,FAIL,PASS,PASS,FAIL,"DST,LEVEL,PROG,TEMPLATE",REPAIR REQUIRED
chengdu-kuanzhai-alley,Lv10,missingSentence,CAUSAL REASONING,LANGUAGE,JourneyChallengePanel,ACTIVE STORY,PASS,宽巷子、窄巷子与井巷子构成历史街区的核心街巷，沿巷院落把街面的流动收进更小的入口、门槛和内部停留空间。,best bridge for active Story context,NONE FOUND,PASS,FAIL,"weak/mechanical, false-world, or filler distractor; cognitive demand mismatches current band; Lv1→Lv10 logic repeats instead of deepening; false world claim is used as a cheap distractor",FAIL,PASS,PASS,PASS/NOT PRIMARY,PASS,FAIL,Integrated interpretation,FAIL,PASS,PASS,PASS,"DST,HIST,LEVEL,PROG",REPAIR REQUIRED
datong-yungang-grottoes,Lv1,paragraphRebuild,STORY,LANGUAGE,JourneyChallengePanel,ACTIVE STORY,PASS,北魏迁都洛阳后，云冈不再营造巨像。 / 石工魏岚的父亲准备南行，要她带走那根量巨像的长墨绳。,active Story sequence,NONE FOUND,PASS,PASS,PASS,PASS,PASS,PASS,PASS/NOT PRIMARY,PASS,PASS,Recognition / Basic comprehension,PASS,PASS,PASS,PASS,,PASS
datong-yungang-grottoes,Lv1,grammarRepair,LANGUAGE,STORY,JourneyChallengePanel,EXPLICIT LANGUAGE OBJECTIVE + JOURNEY CONTEXT,PASS,云冈后来有条件集中资源进行大规模开凿,natural Chinese structural repair,NONE FOUND,PASS,PASS,PASS,PASS,PASS,PASS,PASS/NOT PRIMARY,PASS,PASS,Recognition / Basic comprehension,PASS,PASS,PASS,PASS,,PASS
datong-yungang-grottoes,Lv1,missingSentence,STORY,LANGUAGE,JourneyChallengePanel,ACTIVE STORY,PASS,石工魏岚的父亲准备南行，要她带走那根量巨像的长墨绳。,best bridge for active Story context,NONE FOUND,PASS,PASS,PASS,PASS,PASS,PASS,PASS/NOT PRIMARY,PASS,PASS,Recognition / Basic comprehension,PASS,PASS,PASS,PASS,,PASS
datong-yungang-grottoes,Lv2,paragraphRebuild,STORY,LANGUAGE,JourneyChallengePanel,ACTIVE STORY,PASS,虚构石工魏岚的父亲准备南行，要她带走那根量巨像的长墨绳。 / 父亲只肯把手艺交给一个人；留下的弟弟魏朔和同伴阿砾便要继续替她扶绳，或者散伙。,active Story sequence,NONE FOUND,PASS,PASS,PASS,PASS,PASS,PASS,PASS/NOT PRIMARY,PASS,PASS,Recognition / Basic comprehension,PASS,PASS,PASS,PASS,,PASS
datong-yungang-grottoes,Lv2,grammarRepair,LANGUAGE,STORY,JourneyChallengePanel,EXPLICIT LANGUAGE OBJECTIVE + JOURNEY CONTEXT,PASS,昙曜五窟成为早期大型营造的重要代表,natural Chinese structural repair,NONE FOUND,PASS,PASS,PASS,PASS,PASS,PASS,PASS/NOT PRIMARY,PASS,PASS,Recognition / Basic comprehension,PASS,PASS,PASS,PASS,,PASS
datong-yungang-grottoes,Lv2,missingSentence,STORY,LANGUAGE,JourneyChallengePanel,ACTIVE STORY,PASS,父亲只肯把手艺交给一个人；留下的弟弟魏朔和同伴阿砾便要继续替她扶绳，或者散伙。,best bridge for active Story context,NONE FOUND,PASS,PASS,PASS,PASS,PASS,PASS,PASS/NOT PRIMARY,PASS,PASS,Recognition / Basic comprehension,PASS,PASS,PASS,PASS,,PASS
datong-yungang-grottoes,Lv3,paragraphRebuild,CAUSAL REASONING,LANGUAGE,JourneyChallengePanel,ACTIVE STORY,PASS,魏岚想留下三个人，却不能同时保住“唯一传人”的位置。 / 天亮时，父亲伸手等她收绳。,active Story sequence,NONE FOUND,PASS,PASS,PASS,PASS,PASS,PASS,PASS/NOT PRIMARY,PASS,PASS,Sequence / Simple causality,PASS,PASS,PASS,PASS,,PASS
datong-yungang-grottoes,Lv3,grammarRepair,LANGUAGE,STORY,JourneyChallengePanel,EXPLICIT LANGUAGE OBJECTIVE + JOURNEY CONTEXT,PASS,因此大型石窟营造获得更强的组织条件,natural Chinese structural repair,NONE FOUND,PASS,PASS,PASS,PASS,PASS,PASS,PASS/NOT PRIMARY,PASS,PASS,Sequence / Simple causality,PASS,PASS,PASS,PASS,,PASS
datong-yungang-grottoes,Lv3,missingSentence,CAUSAL REASONING,LANGUAGE,JourneyChallengePanel,ACTIVE STORY,PASS,魏岚想留下三个人，却不能同时保住“唯一传人”的位置。,best bridge for active Story context,NONE FOUND,PASS,PASS,PASS,PASS,PASS,PASS,PASS/NOT PRIMARY,PASS,PASS,Sequence / Simple causality,PASS,PASS,PASS,PASS,,PASS
datong-yungang-grottoes,Lv4,paragraphRebuild,CAUSAL REASONING,LANGUAGE,JourneyChallengePanel,ACTIVE STORY,PASS,魏岚却把墨绳按在石阶上，割成三段，一段给魏朔，一段给阿砾，最后一段留在自己掌心。 / 她失去了父亲许诺的唯一位置。,active Story sequence,NONE FOUND,PASS,PASS,PASS,PASS,PASS,PASS,PASS/NOT PRIMARY,PASS,PASS,Sequence / Simple causality,PASS,PASS,PASS,PASS,,PASS
datong-yungang-grottoes,Lv4,grammarRepair,LANGUAGE,STORY,JourneyChallengePanel,EXPLICIT LANGUAGE OBJECTIVE + JOURNEY CONTEXT,PASS,云冈营造进入新的历史阶段,natural Chinese structural repair,NONE FOUND,PASS,PASS,PASS,PASS,PASS,PASS,PASS/NOT PRIMARY,PASS,PASS,Sequence / Simple causality,PASS,PASS,PASS,PASS,,PASS
datong-yungang-grottoes,Lv4,missingSentence,CAUSAL REASONING,LANGUAGE,JourneyChallengePanel,ACTIVE STORY,PASS,魏岚却把墨绳按在石阶上，割成三段，一段给魏朔，一段给阿砾，最后一段留在自己掌心。,best bridge for active Story context,NONE FOUND,PASS,PASS,PASS,PASS,PASS,PASS,PASS/NOT PRIMARY,PASS,PASS,Sequence / Simple causality,PASS,PASS,PASS,PASS,,PASS
datong-yungang-grottoes,Lv5,paragraphRebuild,CAUSAL REASONING,LANGUAGE,JourneyChallengePanel,ACTIVE STORY,PASS,父亲背起行囊，没有替她把断口重新接上。 / 三个人不再等同一双手发号施令。 / 魏朔第一次自己弹出墨线，黑印落在一块只够开小龛的石面上。,active Story sequence,NONE FOUND,PASS,PASS,PASS,PASS,PASS,PASS,PASS/NOT PRIMARY,PASS,PASS,Relationship / Choice / Historical cause,PASS,PASS,PASS,PASS,,PASS
datong-yungang-grottoes,Lv5,grammarRepair,LANGUAGE,STORY,JourneyChallengePanel,EXPLICIT LANGUAGE OBJECTIVE + JOURNEY CONTEXT,PASS,洞窟布局与雕饰呈现出更加丰富的表达,natural Chinese structural repair,NONE FOUND,PASS,PASS,PASS,PASS,PASS,PASS,PASS/NOT PRIMARY,PASS,PASS,Relationship / Choice / Historical cause,PASS,PASS,PASS,PASS,,PASS
datong-yungang-grottoes,Lv5,missingSentence,CAUSAL REASONING,LANGUAGE,JourneyChallengePanel,ACTIVE STORY,PASS,三个人不再等同一双手发号施令。,best bridge for active Story context,NONE FOUND,PASS,PASS,PASS,PASS,PASS,PASS,PASS/NOT PRIMARY,PASS,PASS,Relationship / Choice / Historical cause,PASS,PASS,PASS,PASS,,PASS
datong-yungang-grottoes,Lv6,paragraphRebuild,CAUSAL REASONING,LANGUAGE,JourneyChallengePanel,ACTIVE STORY,PASS,魏朔第一次自己弹出墨线，黑印落在一块只够开小龛的石面上。 / 父亲走到崖路转弯处，回头看了那三道黑线一眼。 / 魏岚没有追上去。,active Story sequence,NONE FOUND,PASS,PASS,PASS,PASS,PASS,PASS,PASS/NOT PRIMARY,PASS,PASS,Relationship / Choice / Historical cause,PASS,PASS,PASS,PASS,,PASS
datong-yungang-grottoes,Lv6,grammarRepair,LANGUAGE,STORY,JourneyChallengePanel,EXPLICIT LANGUAGE OBJECTIVE + JOURNEY CONTEXT,PASS,494年北魏迁都洛阳以后，,natural Chinese structural repair,NONE FOUND,PASS,PASS,PASS,PASS,PASS,PASS,PASS/NOT PRIMARY,PASS,PASS,Relationship / Choice / Historical cause,PASS,PASS,PASS,PASS,,PASS
datong-yungang-grottoes,Lv6,missingSentence,CAUSAL REASONING,LANGUAGE,JourneyChallengePanel,ACTIVE STORY,PASS,父亲走到崖路转弯处，回头看了那三道黑线一眼。,best bridge for active Story context,NONE FOUND,PASS,PASS,PASS,PASS,PASS,PASS,PASS/NOT PRIMARY,PASS,PASS,Relationship / Choice / Historical cause,PASS,PASS,PASS,PASS,,PASS
datong-yungang-grottoes,Lv7,paragraphRebuild,CAUSAL REASONING,LANGUAGE,JourneyChallengePanel,ACTIVE STORY,PASS,从前，长绳一端在父亲手里，另外的人只负责把它拉直。 / 魏岚知道父亲不是在问一根绳子，而是在问谁有资格决定下一道线落在哪里。 / 远处的大窟仍压着山崖，近处却只剩适合小龛的石面。,active Story sequence,NONE FOUND,PASS,PASS,PASS,PASS,PASS,PASS,PASS/NOT PRIMARY,PASS,PASS,Causal chain / Implicit meaning,PASS,PASS,PASS,PASS,,PASS
datong-yungang-grottoes,Lv7,grammarRepair,LANGUAGE,STORY,JourneyChallengePanel,EXPLICIT LANGUAGE OBJECTIVE + JOURNEY CONTEXT,PASS,但较小规模的造像活动仍然继续出现,natural Chinese structural repair,NONE FOUND,PASS,PASS,PASS,PASS,PASS,PASS,PASS/NOT PRIMARY,PASS,PASS,Causal chain / Implicit meaning,PASS,PASS,PASS,PASS,,PASS
datong-yungang-grottoes,Lv7,missingSentence,CAUSAL REASONING,LANGUAGE,JourneyChallengePanel,ACTIVE STORY,PASS,魏岚知道父亲不是在问一根绳子，而是在问谁有资格决定下一道线落在哪里。,best bridge for active Story context,NONE FOUND,PASS,PASS,PASS,PASS,PASS,PASS,PASS/NOT PRIMARY,PASS,PASS,Causal chain / Implicit meaning,PASS,PASS,PASS,PASS,,PASS
datong-yungang-grottoes,Lv8,paragraphRebuild,CAUSAL REASONING,LANGUAGE,JourneyChallengePanel,ACTIVE STORY,PASS,只要停手，她仍能作为父亲选中的那个人南下。 / 父亲教过她，墨线落下之前不能犹豫；她第一次把这句话用在父亲不愿看见的地方。 / 魏朔接绳时没有叫她师姐，只叫了一声姐姐。,active Story sequence,NONE FOUND,PASS,PASS,PASS,PASS,PASS,PASS,PASS/NOT PRIMARY,PASS,PASS,Causal chain / Implicit meaning,PASS,PASS,PASS,PASS,,PASS
datong-yungang-grottoes,Lv8,grammarRepair,LANGUAGE,STORY,JourneyChallengePanel,EXPLICIT LANGUAGE OBJECTIVE + JOURNEY CONTEXT,PASS,既吸收多种艺术传统，又与中国传统结合,natural Chinese structural repair,NONE FOUND,PASS,PASS,PASS,PASS,PASS,PASS,PASS/NOT PRIMARY,PASS,PASS,Causal chain / Implicit meaning,PASS,PASS,PASS,PASS,,PASS
datong-yungang-grottoes,Lv8,missingSentence,CAUSAL REASONING,LANGUAGE,JourneyChallengePanel,ACTIVE STORY,PASS,父亲教过她，墨线落下之前不能犹豫；她第一次把这句话用在父亲不愿看见的地方。,best bridge for active Story context,NONE FOUND,PASS,PASS,PASS,PASS,PASS,PASS,PASS/NOT PRIMARY,PASS,PASS,Causal chain / Implicit meaning,PASS,PASS,PASS,PASS,,PASS
datong-yungang-grottoes,Lv9,paragraphRebuild,CAUSAL REASONING,LANGUAGE,JourneyChallengePanel,ACTIVE STORY,PASS,阿砾没有道谢。 / 他把自己的绳段绕上手腕，给魏岚留下了拒绝这份分配的余地。 / 她终于明白，继承不一定是一个人把整根绳子带走；也可能是三个人各自承担一条线，再也不能把失误推回同一双手。,active Story sequence,NONE FOUND,PASS,PASS,PASS,PASS,PASS,PASS,PASS/NOT PRIMARY,PASS,PASS,Integrated interpretation,PASS,PASS,PASS,PASS,,PASS
datong-yungang-grottoes,Lv9,grammarRepair,LANGUAGE,STORY,JourneyChallengePanel,EXPLICIT LANGUAGE OBJECTIVE + JOURNEY CONTEXT,PASS,云冈的营造方式不是突然中断，而是逐步转变,natural Chinese structural repair,NONE FOUND,PASS,PASS,PASS,PASS,PASS,PASS,PASS/NOT PRIMARY,PASS,PASS,Integrated interpretation,PASS,PASS,PASS,PASS,,PASS
datong-yungang-grottoes,Lv9,missingSentence,CAUSAL REASONING,LANGUAGE,JourneyChallengePanel,ACTIVE STORY,PASS,他把自己的绳段绕上手腕，给魏岚留下了拒绝这份分配的余地。,best bridge for active Story context,NONE FOUND,PASS,PASS,PASS,PASS,PASS,PASS,PASS/NOT PRIMARY,PASS,PASS,Integrated interpretation,PASS,PASS,PASS,PASS,,PASS
datong-yungang-grottoes,Lv10,paragraphRebuild,CAUSAL REASONING,LANGUAGE,JourneyChallengePanel,ACTIVE STORY,PASS,魏岚把“留下”从一句挽留改成一份责任：弟弟若把线弹歪，不能再说那是姐姐或父亲的命令；她自己也失去了替别人收回绳子的权利。 / 她看见父亲停步，却没有把沉默误认成同意。 / 三段绳保住的不是一团和气，而是三个人从此都要承认自己的线、自己的偏差和自己的后果。,active Story sequence,NONE FOUND,PASS,PASS,PASS,PASS,PASS,PASS,PASS/NOT PRIMARY,PASS,PASS,Integrated interpretation,PASS,PASS,PASS,PASS,,PASS
datong-yungang-grottoes,Lv10,grammarRepair,LANGUAGE,STORY,JourneyChallengePanel,EXPLICIT LANGUAGE OBJECTIVE + JOURNEY CONTEXT,PASS,这不仅塑造了自身艺术语言，而且也影响了后来的佛教石窟艺术,natural Chinese structural repair,NONE FOUND,PASS,PASS,PASS,PASS,PASS,PASS,PASS/NOT PRIMARY,PASS,PASS,Integrated interpretation,PASS,PASS,PASS,PASS,,PASS
datong-yungang-grottoes,Lv10,missingSentence,CAUSAL REASONING,LANGUAGE,JourneyChallengePanel,ACTIVE STORY,PASS,她看见父亲停步，却没有把沉默误认成同意。,best bridge for active Story context,NONE FOUND,PASS,PASS,PASS,PASS,PASS,PASS,PASS/NOT PRIMARY,PASS,PASS,Integrated interpretation,PASS,PASS,PASS,PASS,,PASS
guangzhou-chen-clan-academy,Lv1,paragraphRebuild,STORY,LANGUAGE,JourneyChallengePanel,ACTIVE STORY,PASS,陈秀仪六十一岁，在陈家祠见刘嘉禾。 / 嘉禾是她三十四年前交给亲戚收养的女儿，如今姓刘。,active Story sequence,NONE FOUND,PASS,PASS,Lv1→Lv10 logic repeats instead of deepening,PASS,PASS,PASS,PASS/NOT PRIMARY,PASS,PASS,Recognition / Basic comprehension,FAIL,PASS,PASS,PASS,PROG,REPAIR REQUIRED
guangzhou-chen-clan-academy,Lv1,grammarRepair,LANGUAGE,STORY,JourneyChallengePanel,EXPLICIT LANGUAGE OBJECTIVE + JOURNEY CONTEXT,PASS,游客,natural Chinese structural repair,NONE FOUND,PASS,FAIL,"weak/mechanical, false-world, or filler distractor; Lv1→Lv10 logic repeats instead of deepening; cross-Gold grammar skeleton is reused",PASS,PASS,PASS,PASS/NOT PRIMARY,PASS,PASS,Recognition / Basic comprehension,FAIL,PASS,PASS,FAIL,"DST,PROG,TEMPLATE",REPAIR REQUIRED
guangzhou-chen-clan-academy,Lv1,missingSentence,STORY,LANGUAGE,JourneyChallengePanel,ACTIVE STORY,PASS,嘉禾是她三十四年前交给亲戚收养的女儿，如今姓刘。,best bridge for active Story context,NONE FOUND,PASS,PASS,Lv1→Lv10 logic repeats instead of deepening,PASS,PASS,PASS,PASS/NOT PRIMARY,PASS,PASS,Recognition / Basic comprehension,FAIL,PASS,PASS,PASS,PROG,REPAIR REQUIRED
guangzhou-chen-clan-academy,Lv2,paragraphRebuild,STORY,LANGUAGE,JourneyChallengePanel,ACTIVE STORY,PASS,陈秀仪六十一岁。 / 三十四年前，她把刚出生的女儿交给亲戚收养；女儿如今叫刘嘉禾。,active Story sequence,NONE FOUND,PASS,PASS,Lv1→Lv10 logic repeats instead of deepening,PASS,PASS,PASS,PASS/NOT PRIMARY,PASS,PASS,Recognition / Basic comprehension,FAIL,PASS,PASS,PASS,PROG,REPAIR REQUIRED
guangzhou-chen-clan-academy,Lv2,grammarRepair,LANGUAGE,STORY,JourneyChallengePanel,EXPLICIT LANGUAGE OBJECTIVE + JOURNEY CONTEXT,PASS,游客,natural Chinese structural repair,NONE FOUND,PASS,FAIL,"weak/mechanical, false-world, or filler distractor; Lv1→Lv10 logic repeats instead of deepening; cross-Gold grammar skeleton is reused",PASS,PASS,PASS,PASS/NOT PRIMARY,PASS,PASS,Recognition / Basic comprehension,FAIL,PASS,PASS,FAIL,"DST,PROG,TEMPLATE",REPAIR REQUIRED
guangzhou-chen-clan-academy,Lv2,missingSentence,STORY,LANGUAGE,JourneyChallengePanel,ACTIVE STORY,PASS,三十四年前，她把刚出生的女儿交给亲戚收养；女儿如今叫刘嘉禾。,best bridge for active Story context,NONE FOUND,PASS,PASS,Lv1→Lv10 logic repeats instead of deepening,PASS,PASS,PASS,PASS/NOT PRIMARY,PASS,PASS,Recognition / Basic comprehension,FAIL,PASS,PASS,PASS,PROG,REPAIR REQUIRED
guangzhou-chen-clan-academy,Lv3,paragraphRebuild,CAUSAL REASONING,LANGUAGE,JourneyChallengePanel,ACTIVE STORY,PASS,陈秀仪六十一岁。 / 三十四年前，她把刚出生的女儿交给亲戚收养。,active Story sequence,NONE FOUND,PASS,PASS,cognitive demand mismatches current band; Lv1→Lv10 logic repeats instead of deepening,PASS,PASS,PASS,PASS/NOT PRIMARY,PASS,FAIL,Sequence / Simple causality,FAIL,PASS,PASS,PASS,"LEVEL,PROG",REPAIR REQUIRED
guangzhou-chen-clan-academy,Lv3,grammarRepair,LANGUAGE,STORY,JourneyChallengePanel,EXPLICIT LANGUAGE OBJECTIVE + JOURNEY CONTEXT,PASS,游客,natural Chinese structural repair,NONE FOUND,PASS,FAIL,"weak/mechanical, false-world, or filler distractor; cognitive demand mismatches current band; Lv1→Lv10 logic repeats instead of deepening; cross-Gold grammar skeleton is reused",PASS,PASS,PASS,PASS/NOT PRIMARY,PASS,FAIL,Sequence / Simple causality,FAIL,PASS,PASS,FAIL,"DST,LEVEL,PROG,TEMPLATE",REPAIR REQUIRED
guangzhou-chen-clan-academy,Lv3,missingSentence,CAUSAL REASONING,LANGUAGE,JourneyChallengePanel,ACTIVE STORY,PASS,三十四年前，她把刚出生的女儿交给亲戚收养。,best bridge for active Story context,NONE FOUND,PASS,PASS,cognitive demand mismatches current band; Lv1→Lv10 logic repeats instead of deepening,PASS,PASS,PASS,PASS/NOT PRIMARY,PASS,FAIL,Sequence / Simple causality,FAIL,PASS,PASS,PASS,"LEVEL,PROG",REPAIR REQUIRED
guangzhou-chen-clan-academy,Lv4,paragraphRebuild,CAUSAL REASONING,LANGUAGE,JourneyChallengePanel,ACTIVE STORY,PASS,陈秀仪六十一岁。 / 三十四年前，她把刚出生的女儿交给亲戚收养。,active Story sequence,NONE FOUND,PASS,PASS,cognitive demand mismatches current band; Lv1→Lv10 logic repeats instead of deepening,PASS,PASS,PASS,PASS/NOT PRIMARY,PASS,FAIL,Sequence / Simple causality,FAIL,PASS,PASS,PASS,"LEVEL,PROG",REPAIR REQUIRED
guangzhou-chen-clan-academy,Lv4,grammarRepair,LANGUAGE,STORY,JourneyChallengePanel,EXPLICIT LANGUAGE OBJECTIVE + JOURNEY CONTEXT,PASS,游客,natural Chinese structural repair,NONE FOUND,PASS,FAIL,"weak/mechanical, false-world, or filler distractor; cognitive demand mismatches current band; Lv1→Lv10 logic repeats instead of deepening; cross-Gold grammar skeleton is reused",PASS,PASS,PASS,PASS/NOT PRIMARY,PASS,FAIL,Sequence / Simple causality,FAIL,PASS,PASS,FAIL,"DST,LEVEL,PROG,TEMPLATE",REPAIR REQUIRED
guangzhou-chen-clan-academy,Lv4,missingSentence,CAUSAL REASONING,LANGUAGE,JourneyChallengePanel,ACTIVE STORY,PASS,三十四年前，她把刚出生的女儿交给亲戚收养。,best bridge for active Story context,NONE FOUND,PASS,PASS,cognitive demand mismatches current band; Lv1→Lv10 logic repeats instead of deepening,PASS,PASS,PASS,PASS/NOT PRIMARY,PASS,FAIL,Sequence / Simple causality,FAIL,PASS,PASS,PASS,"LEVEL,PROG",REPAIR REQUIRED
guangzhou-chen-clan-academy,Lv5,paragraphRebuild,CAUSAL REASONING,LANGUAGE,JourneyChallengePanel,ACTIVE STORY,PASS,陈秀仪六十一岁。 / 三十四年前，她把刚出生的女儿交给亲戚收养。 / 女儿如今叫刘嘉禾。,active Story sequence,NONE FOUND,PASS,PASS,cognitive demand mismatches current band; Lv1→Lv10 logic repeats instead of deepening,PASS,PASS,PASS,PASS/NOT PRIMARY,PASS,FAIL,Relationship / Choice / Historical cause,FAIL,PASS,PASS,PASS,"LEVEL,PROG",REPAIR REQUIRED
guangzhou-chen-clan-academy,Lv5,grammarRepair,LANGUAGE,STORY,JourneyChallengePanel,EXPLICIT LANGUAGE OBJECTIVE + JOURNEY CONTEXT,PASS,而且让游客,natural Chinese structural repair,NONE FOUND,PASS,FAIL,"weak/mechanical, false-world, or filler distractor; cognitive demand mismatches current band; Lv1→Lv10 logic repeats instead of deepening; cross-Gold grammar skeleton is reused",PASS,PASS,PASS,PASS/NOT PRIMARY,PASS,FAIL,Relationship / Choice / Historical cause,FAIL,PASS,PASS,FAIL,"DST,LEVEL,PROG,TEMPLATE",REPAIR REQUIRED
guangzhou-chen-clan-academy,Lv5,missingSentence,CAUSAL REASONING,LANGUAGE,JourneyChallengePanel,ACTIVE STORY,PASS,三十四年前，她把刚出生的女儿交给亲戚收养。,best bridge for active Story context,NONE FOUND,PASS,PASS,cognitive demand mismatches current band; Lv1→Lv10 logic repeats instead of deepening,PASS,PASS,PASS,PASS/NOT PRIMARY,PASS,FAIL,Relationship / Choice / Historical cause,FAIL,PASS,PASS,PASS,"LEVEL,PROG",REPAIR REQUIRED
guangzhou-chen-clan-academy,Lv6,paragraphRebuild,CAUSAL REASONING,LANGUAGE,JourneyChallengePanel,ACTIVE STORY,PASS,陈秀仪六十一岁。 / 三十四年前，她把刚出生的女儿交给亲戚收养。 / 女儿如今叫刘嘉禾。,active Story sequence,NONE FOUND,PASS,PASS,cognitive demand mismatches current band; Lv1→Lv10 logic repeats instead of deepening,PASS,PASS,PASS,PASS/NOT PRIMARY,PASS,FAIL,Relationship / Choice / Historical cause,FAIL,PASS,PASS,PASS,"LEVEL,PROG",REPAIR REQUIRED
guangzhou-chen-clan-academy,Lv6,grammarRepair,LANGUAGE,STORY,JourneyChallengePanel,EXPLICIT LANGUAGE OBJECTIVE + JOURNEY CONTEXT,PASS,而且让游客,natural Chinese structural repair,NONE FOUND,PASS,FAIL,"weak/mechanical, false-world, or filler distractor; cognitive demand mismatches current band; Lv1→Lv10 logic repeats instead of deepening; cross-Gold grammar skeleton is reused",PASS,PASS,PASS,PASS/NOT PRIMARY,PASS,FAIL,Relationship / Choice / Historical cause,FAIL,PASS,PASS,FAIL,"DST,LEVEL,PROG,TEMPLATE",REPAIR REQUIRED
guangzhou-chen-clan-academy,Lv6,missingSentence,CAUSAL REASONING,LANGUAGE,JourneyChallengePanel,ACTIVE STORY,PASS,三十四年前，她把刚出生的女儿交给亲戚收养。,best bridge for active Story context,NONE FOUND,PASS,PASS,cognitive demand mismatches current band; Lv1→Lv10 logic repeats instead of deepening,PASS,PASS,PASS,PASS/NOT PRIMARY,PASS,FAIL,Relationship / Choice / Historical cause,FAIL,PASS,PASS,PASS,"LEVEL,PROG",REPAIR REQUIRED
guangzhou-chen-clan-academy,Lv7,paragraphRebuild,CAUSAL REASONING,LANGUAGE,JourneyChallengePanel,ACTIVE STORY,PASS,陈秀仪六十一岁。 / 三十四年前，她把刚出生的女儿交给亲戚收养。 / 女儿如今叫刘嘉禾。,active Story sequence,NONE FOUND,PASS,PASS,cognitive demand mismatches current band; Lv1→Lv10 logic repeats instead of deepening,PASS,PASS,PASS,PASS/NOT PRIMARY,PASS,FAIL,Causal chain / Implicit meaning,FAIL,PASS,PASS,PASS,"LEVEL,PROG",REPAIR REQUIRED
guangzhou-chen-clan-academy,Lv7,grammarRepair,LANGUAGE,STORY,JourneyChallengePanel,EXPLICIT LANGUAGE OBJECTIVE + JOURNEY CONTEXT,PASS,而且让游客,natural Chinese structural repair,NONE FOUND,PASS,FAIL,"weak/mechanical, false-world, or filler distractor; cognitive demand mismatches current band; Lv1→Lv10 logic repeats instead of deepening; cross-Gold grammar skeleton is reused",PASS,PASS,PASS,PASS/NOT PRIMARY,PASS,FAIL,Causal chain / Implicit meaning,FAIL,PASS,PASS,FAIL,"DST,LEVEL,PROG,TEMPLATE",REPAIR REQUIRED
guangzhou-chen-clan-academy,Lv7,missingSentence,CAUSAL REASONING,LANGUAGE,JourneyChallengePanel,ACTIVE STORY,PASS,三十四年前，她把刚出生的女儿交给亲戚收养。,best bridge for active Story context,NONE FOUND,PASS,PASS,cognitive demand mismatches current band; Lv1→Lv10 logic repeats instead of deepening,PASS,PASS,PASS,PASS/NOT PRIMARY,PASS,FAIL,Causal chain / Implicit meaning,FAIL,PASS,PASS,PASS,"LEVEL,PROG",REPAIR REQUIRED
guangzhou-chen-clan-academy,Lv8,paragraphRebuild,CAUSAL REASONING,LANGUAGE,JourneyChallengePanel,ACTIVE STORY,PASS,陈秀仪六十一岁。 / 三十四年前，她把刚出生的女儿交给亲戚收养。 / 女儿如今叫刘嘉禾。,active Story sequence,NONE FOUND,PASS,PASS,cognitive demand mismatches current band; Lv1→Lv10 logic repeats instead of deepening,PASS,PASS,PASS,PASS/NOT PRIMARY,PASS,FAIL,Causal chain / Implicit meaning,FAIL,PASS,PASS,PASS,"LEVEL,PROG",REPAIR REQUIRED
guangzhou-chen-clan-academy,Lv8,grammarRepair,LANGUAGE,STORY,JourneyChallengePanel,EXPLICIT LANGUAGE OBJECTIVE + JOURNEY CONTEXT,PASS,合族祠与书院身份因此,natural Chinese structural repair,NONE FOUND,PASS,FAIL,"weak/mechanical, false-world, or filler distractor; cognitive demand mismatches current band; Lv1→Lv10 logic repeats instead of deepening; cross-Gold grammar skeleton is reused",PASS,PASS,PASS,PASS/NOT PRIMARY,PASS,FAIL,Causal chain / Implicit meaning,FAIL,PASS,PASS,FAIL,"DST,LEVEL,PROG,TEMPLATE",REPAIR REQUIRED
guangzhou-chen-clan-academy,Lv8,missingSentence,CAUSAL REASONING,LANGUAGE,JourneyChallengePanel,ACTIVE STORY,PASS,三十四年前，她把刚出生的女儿交给亲戚收养。,best bridge for active Story context,NONE FOUND,PASS,FAIL,"weak/mechanical, false-world, or filler distractor; cognitive demand mismatches current band; Lv1→Lv10 logic repeats instead of deepening",PASS,PASS,PASS,PASS/NOT PRIMARY,PASS,FAIL,Causal chain / Implicit meaning,FAIL,PASS,PASS,PASS,"DST,LEVEL,PROG",REPAIR REQUIRED
guangzhou-chen-clan-academy,Lv9,paragraphRebuild,CAUSAL REASONING,LANGUAGE,JourneyChallengePanel,ACTIVE STORY,PASS,陈秀仪六十一岁。 / 三十四年前，她把刚出生的女儿交给亲戚收养。 / 女儿如今叫刘嘉禾。,active Story sequence,NONE FOUND,PASS,PASS,cognitive demand mismatches current band; Lv1→Lv10 logic repeats instead of deepening,PASS,PASS,PASS,PASS/NOT PRIMARY,PASS,FAIL,Integrated interpretation,FAIL,PASS,PASS,PASS,"LEVEL,PROG",REPAIR REQUIRED
guangzhou-chen-clan-academy,Lv9,grammarRepair,LANGUAGE,STORY,JourneyChallengePanel,EXPLICIT LANGUAGE OBJECTIVE + JOURNEY CONTEXT,PASS,合族祠与书院身份因此,natural Chinese structural repair,NONE FOUND,PASS,FAIL,"weak/mechanical, false-world, or filler distractor; cognitive demand mismatches current band; Lv1→Lv10 logic repeats instead of deepening; cross-Gold grammar skeleton is reused",PASS,PASS,PASS,PASS/NOT PRIMARY,PASS,FAIL,Integrated interpretation,FAIL,PASS,PASS,FAIL,"DST,LEVEL,PROG,TEMPLATE",REPAIR REQUIRED
guangzhou-chen-clan-academy,Lv9,missingSentence,CAUSAL REASONING,LANGUAGE,JourneyChallengePanel,ACTIVE STORY,PASS,三十四年前，她把刚出生的女儿交给亲戚收养。,best bridge for active Story context,NONE FOUND,PASS,FAIL,"weak/mechanical, false-world, or filler distractor; cognitive demand mismatches current band; Lv1→Lv10 logic repeats instead of deepening",PASS,PASS,PASS,PASS/NOT PRIMARY,PASS,FAIL,Integrated interpretation,FAIL,PASS,PASS,PASS,"DST,LEVEL,PROG",REPAIR REQUIRED
guangzhou-chen-clan-academy,Lv10,paragraphRebuild,CAUSAL REASONING,LANGUAGE,JourneyChallengePanel,ACTIVE STORY,PASS,陈秀仪六十一岁。 / 三十四年前，她把刚出生的女儿交给亲戚收养。 / 女儿如今叫刘嘉禾。,active Story sequence,NONE FOUND,PASS,PASS,cognitive demand mismatches current band; Lv1→Lv10 logic repeats instead of deepening,PASS,PASS,PASS,PASS/NOT PRIMARY,PASS,FAIL,Integrated interpretation,FAIL,PASS,PASS,PASS,"LEVEL,PROG",REPAIR REQUIRED
guangzhou-chen-clan-academy,Lv10,grammarRepair,LANGUAGE,STORY,JourneyChallengePanel,EXPLICIT LANGUAGE OBJECTIVE + JOURNEY CONTEXT,PASS,合族祠与书院身份因此,natural Chinese structural repair,NONE FOUND,PASS,FAIL,"weak/mechanical, false-world, or filler distractor; cognitive demand mismatches current band; Lv1→Lv10 logic repeats instead of deepening; cross-Gold grammar skeleton is reused",PASS,PASS,PASS,PASS/NOT PRIMARY,PASS,FAIL,Integrated interpretation,FAIL,PASS,PASS,FAIL,"DST,LEVEL,PROG,TEMPLATE",REPAIR REQUIRED
guangzhou-chen-clan-academy,Lv10,missingSentence,CAUSAL REASONING,LANGUAGE,JourneyChallengePanel,ACTIVE STORY,PASS,三十四年前，她把刚出生的女儿交给亲戚收养。,best bridge for active Story context,NONE FOUND,PASS,FAIL,"weak/mechanical, false-world, or filler distractor; cognitive demand mismatches current band; Lv1→Lv10 logic repeats instead of deepening",PASS,PASS,PASS,PASS/NOT PRIMARY,PASS,FAIL,Integrated interpretation,FAIL,PASS,PASS,PASS,"DST,LEVEL,PROG",REPAIR REQUIRED
hangzhou-west-lake,Lv1,paragraphRebuild,STORY,LANGUAGE,JourneyChallengePanel,ACTIVE STORY,PASS,方毓六十九岁，和周绍庭结婚四十三年。 / 周一他要去医院做记忆检查，她却一直没把预约卡拿出来。,active Story sequence,NONE FOUND,PASS,PASS,Lv1→Lv10 logic repeats instead of deepening,PASS,PASS,PASS,PASS/NOT PRIMARY,PASS,PASS,Recognition / Basic comprehension,FAIL,PASS,PASS,PASS,PROG,REPAIR REQUIRED
hangzhou-west-lake,Lv1,grammarRepair,LANGUAGE,STORY,JourneyChallengePanel,EXPLICIT LANGUAGE OBJECTIVE + JOURNEY CONTEXT,PASS,游客,natural Chinese structural repair,NONE FOUND,PASS,FAIL,"weak/mechanical, false-world, or filler distractor; Lv1→Lv10 logic repeats instead of deepening; cross-Gold grammar skeleton is reused",PASS,PASS,PASS,PASS/NOT PRIMARY,PASS,PASS,Recognition / Basic comprehension,FAIL,PASS,PASS,FAIL,"DST,PROG,TEMPLATE",REPAIR REQUIRED
hangzhou-west-lake,Lv1,missingSentence,STORY,LANGUAGE,JourneyChallengePanel,ACTIVE STORY,PASS,周一他要去医院做记忆检查，她却一直没把预约卡拿出来。,best bridge for active Story context,NONE FOUND,PASS,FAIL,"weak/mechanical, false-world, or filler distractor; Lv1→Lv10 logic repeats instead of deepening",PASS,PASS,PASS,PASS/NOT PRIMARY,PASS,PASS,Recognition / Basic comprehension,FAIL,PASS,PASS,PASS,"DST,PROG",REPAIR REQUIRED
hangzhou-west-lake,Lv2,paragraphRebuild,STORY,LANGUAGE,JourneyChallengePanel,ACTIVE STORY,PASS,方毓六十九岁，和周绍庭结婚四十三年。 / 周一，周绍庭要去医院做记忆检查；方毓把预约卡藏在包里，只说今天去西湖走走。,active Story sequence,NONE FOUND,PASS,PASS,Lv1→Lv10 logic repeats instead of deepening,PASS,PASS,PASS,PASS/NOT PRIMARY,PASS,PASS,Recognition / Basic comprehension,FAIL,PASS,PASS,PASS,PROG,REPAIR REQUIRED
hangzhou-west-lake,Lv2,grammarRepair,LANGUAGE,STORY,JourneyChallengePanel,EXPLICIT LANGUAGE OBJECTIVE + JOURNEY CONTEXT,PASS,游客,natural Chinese structural repair,NONE FOUND,PASS,FAIL,"weak/mechanical, false-world, or filler distractor; Lv1→Lv10 logic repeats instead of deepening; cross-Gold grammar skeleton is reused",PASS,PASS,PASS,PASS/NOT PRIMARY,PASS,PASS,Recognition / Basic comprehension,FAIL,PASS,PASS,FAIL,"DST,PROG,TEMPLATE",REPAIR REQUIRED
hangzhou-west-lake,Lv2,missingSentence,STORY,LANGUAGE,JourneyChallengePanel,ACTIVE STORY,PASS,周一，周绍庭要去医院做记忆检查；方毓把预约卡藏在包里，只说今天去西湖走走。,best bridge for active Story context,NONE FOUND,PASS,PASS,Lv1→Lv10 logic repeats instead of deepening,PASS,PASS,PASS,PASS/NOT PRIMARY,PASS,PASS,Recognition / Basic comprehension,FAIL,PASS,PASS,PASS,PROG,REPAIR REQUIRED
hangzhou-west-lake,Lv3,paragraphRebuild,CAUSAL REASONING,LANGUAGE,JourneyChallengePanel,ACTIVE STORY,PASS,方毓六十九岁，和周绍庭结婚四十三年。 / 最近周绍庭常把日期和人名说错，女儿替他约了周一的记忆门诊。,active Story sequence,NONE FOUND,PASS,PASS,cognitive demand mismatches current band; Lv1→Lv10 logic repeats instead of deepening,PASS,PASS,PASS,PASS/NOT PRIMARY,PASS,FAIL,Sequence / Simple causality,FAIL,PASS,PASS,PASS,"LEVEL,PROG",REPAIR REQUIRED
hangzhou-west-lake,Lv3,grammarRepair,LANGUAGE,STORY,JourneyChallengePanel,EXPLICIT LANGUAGE OBJECTIVE + JOURNEY CONTEXT,PASS,游客,natural Chinese structural repair,NONE FOUND,PASS,FAIL,"weak/mechanical, false-world, or filler distractor; cognitive demand mismatches current band; Lv1→Lv10 logic repeats instead of deepening; cross-Gold grammar skeleton is reused",PASS,PASS,PASS,PASS/NOT PRIMARY,PASS,FAIL,Sequence / Simple causality,FAIL,PASS,PASS,FAIL,"DST,LEVEL,PROG,TEMPLATE",REPAIR REQUIRED
hangzhou-west-lake,Lv3,missingSentence,CAUSAL REASONING,LANGUAGE,JourneyChallengePanel,ACTIVE STORY,PASS,最近周绍庭常把日期和人名说错，女儿替他约了周一的记忆门诊。,best bridge for active Story context,NONE FOUND,PASS,PASS,cognitive demand mismatches current band; Lv1→Lv10 logic repeats instead of deepening,PASS,PASS,PASS,PASS/NOT PRIMARY,PASS,FAIL,Sequence / Simple causality,FAIL,PASS,PASS,PASS,"LEVEL,PROG",REPAIR REQUIRED
hangzhou-west-lake,Lv4,paragraphRebuild,CAUSAL REASONING,LANGUAGE,JourneyChallengePanel,ACTIVE STORY,PASS,方毓六十九岁，和周绍庭结婚四十三年。 / 最近半年，周绍庭开始把日期、人名和刚说过的话弄混。,active Story sequence,NONE FOUND,PASS,PASS,cognitive demand mismatches current band; Lv1→Lv10 logic repeats instead of deepening,PASS,PASS,PASS,PASS/NOT PRIMARY,PASS,FAIL,Sequence / Simple causality,FAIL,PASS,PASS,PASS,"LEVEL,PROG",REPAIR REQUIRED
hangzhou-west-lake,Lv4,grammarRepair,LANGUAGE,STORY,JourneyChallengePanel,EXPLICIT LANGUAGE OBJECTIVE + JOURNEY CONTEXT,PASS,游客,natural Chinese structural repair,NONE FOUND,PASS,FAIL,"weak/mechanical, false-world, or filler distractor; cognitive demand mismatches current band; Lv1→Lv10 logic repeats instead of deepening; cross-Gold grammar skeleton is reused",PASS,PASS,PASS,PASS/NOT PRIMARY,PASS,FAIL,Sequence / Simple causality,FAIL,PASS,PASS,FAIL,"DST,LEVEL,PROG,TEMPLATE",REPAIR REQUIRED
hangzhou-west-lake,Lv4,missingSentence,CAUSAL REASONING,LANGUAGE,JourneyChallengePanel,ACTIVE STORY,PASS,最近半年，周绍庭开始把日期、人名和刚说过的话弄混。,best bridge for active Story context,NONE FOUND,PASS,PASS,cognitive demand mismatches current band; Lv1→Lv10 logic repeats instead of deepening,PASS,PASS,PASS,PASS/NOT PRIMARY,PASS,FAIL,Sequence / Simple causality,FAIL,PASS,PASS,PASS,"LEVEL,PROG",REPAIR REQUIRED
hangzhou-west-lake,Lv5,paragraphRebuild,CAUSAL REASONING,LANGUAGE,JourneyChallengePanel,ACTIVE STORY,PASS,方毓六十九岁，和周绍庭结婚四十三年。 / 最近半年，周绍庭开始把日期、人名和刚说过的话弄混，有时出门后还会忘记原来的方向。 / 女儿替他约了周一的记忆门诊，方毓把预约卡放在包内层，几次想拿出来，又怕他觉得自己被当成病人。,active Story sequence,NONE FOUND,PASS,PASS,cognitive demand mismatches current band; Lv1→Lv10 logic repeats instead of deepening,PASS,PASS,PASS,PASS/NOT PRIMARY,PASS,FAIL,Relationship / Choice / Historical cause,FAIL,PASS,PASS,PASS,"LEVEL,PROG",REPAIR REQUIRED
hangzhou-west-lake,Lv5,grammarRepair,LANGUAGE,STORY,JourneyChallengePanel,EXPLICIT LANGUAGE OBJECTIVE + JOURNEY CONTEXT,PASS,而且让游客,natural Chinese structural repair,NONE FOUND,PASS,FAIL,"weak/mechanical, false-world, or filler distractor; cognitive demand mismatches current band; Lv1→Lv10 logic repeats instead of deepening; cross-Gold grammar skeleton is reused",PASS,PASS,PASS,PASS/NOT PRIMARY,PASS,FAIL,Relationship / Choice / Historical cause,FAIL,PASS,PASS,FAIL,"DST,LEVEL,PROG,TEMPLATE",REPAIR REQUIRED
hangzhou-west-lake,Lv5,missingSentence,CAUSAL REASONING,LANGUAGE,JourneyChallengePanel,ACTIVE STORY,PASS,最近半年，周绍庭开始把日期、人名和刚说过的话弄混，有时出门后还会忘记原来的方向。,best bridge for active Story context,NONE FOUND,PASS,PASS,cognitive demand mismatches current band; Lv1→Lv10 logic repeats instead of deepening,PASS,PASS,PASS,PASS/NOT PRIMARY,PASS,FAIL,Relationship / Choice / Historical cause,FAIL,PASS,PASS,PASS,"LEVEL,PROG",REPAIR REQUIRED
hangzhou-west-lake,Lv6,paragraphRebuild,CAUSAL REASONING,LANGUAGE,JourneyChallengePanel,ACTIVE STORY,PASS,方毓六十九岁，和周绍庭结婚四十三年。 / 最近半年，周绍庭开始把日期、人名和刚说过的话弄混，有时下楼后会忘记原来要去哪里。 / 女儿替他约了周一的记忆门诊，方毓把预约卡放在包内层，几次想拿出来，又怕他觉得自己被当成病人。,active Story sequence,NONE FOUND,PASS,PASS,cognitive demand mismatches current band; Lv1→Lv10 logic repeats instead of deepening,PASS,PASS,PASS,PASS/NOT PRIMARY,PASS,FAIL,Relationship / Choice / Historical cause,FAIL,PASS,PASS,PASS,"LEVEL,PROG",REPAIR REQUIRED
hangzhou-west-lake,Lv6,grammarRepair,LANGUAGE,STORY,JourneyChallengePanel,EXPLICIT LANGUAGE OBJECTIVE + JOURNEY CONTEXT,PASS,而且让游客,natural Chinese structural repair,NONE FOUND,PASS,FAIL,"weak/mechanical, false-world, or filler distractor; cognitive demand mismatches current band; Lv1→Lv10 logic repeats instead of deepening; cross-Gold grammar skeleton is reused",PASS,PASS,PASS,PASS/NOT PRIMARY,PASS,FAIL,Relationship / Choice / Historical cause,FAIL,PASS,PASS,FAIL,"DST,LEVEL,PROG,TEMPLATE",REPAIR REQUIRED
hangzhou-west-lake,Lv6,missingSentence,CAUSAL REASONING,LANGUAGE,JourneyChallengePanel,ACTIVE STORY,PASS,最近半年，周绍庭开始把日期、人名和刚说过的话弄混，有时下楼后会忘记原来要去哪里。,best bridge for active Story context,NONE FOUND,PASS,PASS,cognitive demand mismatches current band; Lv1→Lv10 logic repeats instead of deepening,PASS,PASS,PASS,PASS/NOT PRIMARY,PASS,FAIL,Relationship / Choice / Historical cause,FAIL,PASS,PASS,PASS,"LEVEL,PROG",REPAIR REQUIRED
hangzhou-west-lake,Lv7,paragraphRebuild,CAUSAL REASONING,LANGUAGE,JourneyChallengePanel,ACTIVE STORY,PASS,方毓六十九岁，和周绍庭结婚四十三年。 / 最近半年，周绍庭开始把日期、人名和刚说过的话弄混，有时下楼后会忘记原来要去哪里。 / 女儿替他约了周一的记忆门诊，方毓把预约卡放在包内层，几次想拿出来，又怕他觉得自己被当成病人。,active Story sequence,NONE FOUND,PASS,PASS,cognitive demand mismatches current band; Lv1→Lv10 logic repeats instead of deepening,PASS,PASS,PASS,PASS/NOT PRIMARY,PASS,FAIL,Causal chain / Implicit meaning,FAIL,PASS,PASS,PASS,"LEVEL,PROG",REPAIR REQUIRED
hangzhou-west-lake,Lv7,grammarRepair,LANGUAGE,STORY,JourneyChallengePanel,EXPLICIT LANGUAGE OBJECTIVE + JOURNEY CONTEXT,PASS,而且让游客,natural Chinese structural repair,NONE FOUND,PASS,FAIL,"weak/mechanical, false-world, or filler distractor; cognitive demand mismatches current band; Lv1→Lv10 logic repeats instead of deepening; cross-Gold grammar skeleton is reused",PASS,PASS,PASS,PASS/NOT PRIMARY,PASS,FAIL,Causal chain / Implicit meaning,FAIL,PASS,PASS,FAIL,"DST,LEVEL,PROG,TEMPLATE",REPAIR REQUIRED
hangzhou-west-lake,Lv7,missingSentence,CAUSAL REASONING,LANGUAGE,JourneyChallengePanel,ACTIVE STORY,PASS,最近半年，周绍庭开始把日期、人名和刚说过的话弄混，有时下楼后会忘记原来要去哪里。,best bridge for active Story context,NONE FOUND,PASS,PASS,cognitive demand mismatches current band; Lv1→Lv10 logic repeats instead of deepening,PASS,PASS,PASS,PASS/NOT PRIMARY,PASS,FAIL,Causal chain / Implicit meaning,FAIL,PASS,PASS,PASS,"LEVEL,PROG",REPAIR REQUIRED
hangzhou-west-lake,Lv8,paragraphRebuild,CAUSAL REASONING,LANGUAGE,JourneyChallengePanel,ACTIVE STORY,PASS,方毓六十九岁，和周绍庭结婚四十三年。 / 最近半年，周绍庭开始把日期、人名和刚说过的话弄混，有时下楼后会忘记原来要去哪里。 / 女儿替他约了周一的记忆门诊，方毓把预约卡放在包内层，几次想拿出来，又怕他觉得自己被当成病人。,active Story sequence,NONE FOUND,PASS,PASS,cognitive demand mismatches current band; Lv1→Lv10 logic repeats instead of deepening,PASS,PASS,PASS,PASS/NOT PRIMARY,PASS,FAIL,Causal chain / Implicit meaning,FAIL,PASS,PASS,PASS,"LEVEL,PROG",REPAIR REQUIRED
hangzhou-west-lake,Lv8,grammarRepair,LANGUAGE,STORY,JourneyChallengePanel,EXPLICIT LANGUAGE OBJECTIVE + JOURNEY CONTEXT,PASS,方毓的连续提问因此,natural Chinese structural repair,NONE FOUND,PASS,FAIL,"weak/mechanical, false-world, or filler distractor; cognitive demand mismatches current band; Lv1→Lv10 logic repeats instead of deepening; cross-Gold grammar skeleton is reused",PASS,PASS,PASS,PASS/NOT PRIMARY,PASS,FAIL,Causal chain / Implicit meaning,FAIL,PASS,PASS,FAIL,"DST,LEVEL,PROG,TEMPLATE",REPAIR REQUIRED
hangzhou-west-lake,Lv8,missingSentence,CAUSAL REASONING,LANGUAGE,JourneyChallengePanel,ACTIVE STORY,PASS,最近半年，周绍庭开始把日期、人名和刚说过的话弄混，有时下楼后会忘记原来要去哪里。,best bridge for active Story context,NONE FOUND,PASS,FAIL,"weak/mechanical, false-world, or filler distractor; cognitive demand mismatches current band; Lv1→Lv10 logic repeats instead of deepening",PASS,PASS,PASS,PASS/NOT PRIMARY,PASS,FAIL,Causal chain / Implicit meaning,FAIL,PASS,PASS,PASS,"DST,LEVEL,PROG",REPAIR REQUIRED
hangzhou-west-lake,Lv9,paragraphRebuild,CAUSAL REASONING,LANGUAGE,JourneyChallengePanel,ACTIVE STORY,PASS,方毓六十九岁，和周绍庭结婚四十三年。 / 最近半年，周绍庭开始把日期、人名和刚说过的话弄混，有时下楼后会忘记原来要去哪里。 / 女儿替他约了周一的记忆门诊，方毓把预约卡放在包内层，几次想拿出来，又怕他觉得自己被当成病人。,active Story sequence,NONE FOUND,PASS,PASS,cognitive demand mismatches current band; Lv1→Lv10 logic repeats instead of deepening,PASS,PASS,PASS,PASS/NOT PRIMARY,PASS,FAIL,Integrated interpretation,FAIL,PASS,PASS,PASS,"LEVEL,PROG",REPAIR REQUIRED
hangzhou-west-lake,Lv9,grammarRepair,LANGUAGE,STORY,JourneyChallengePanel,EXPLICIT LANGUAGE OBJECTIVE + JOURNEY CONTEXT,PASS,方毓的连续提问因此,natural Chinese structural repair,NONE FOUND,PASS,FAIL,"weak/mechanical, false-world, or filler distractor; cognitive demand mismatches current band; Lv1→Lv10 logic repeats instead of deepening; cross-Gold grammar skeleton is reused",PASS,PASS,PASS,PASS/NOT PRIMARY,PASS,FAIL,Integrated interpretation,FAIL,PASS,PASS,FAIL,"DST,LEVEL,PROG,TEMPLATE",REPAIR REQUIRED
hangzhou-west-lake,Lv9,missingSentence,CAUSAL REASONING,LANGUAGE,JourneyChallengePanel,ACTIVE STORY,PASS,最近半年，周绍庭开始把日期、人名和刚说过的话弄混，有时下楼后会忘记原来要去哪里。,best bridge for active Story context,NONE FOUND,PASS,FAIL,"weak/mechanical, false-world, or filler distractor; cognitive demand mismatches current band; Lv1→Lv10 logic repeats instead of deepening",PASS,PASS,PASS,PASS/NOT PRIMARY,PASS,FAIL,Integrated interpretation,FAIL,PASS,PASS,PASS,"DST,LEVEL,PROG",REPAIR REQUIRED
hangzhou-west-lake,Lv10,paragraphRebuild,CAUSAL REASONING,LANGUAGE,JourneyChallengePanel,ACTIVE STORY,PASS,方毓六十九岁，和周绍庭结婚四十三年。 / 最近半年，周绍庭开始把日期、人名和刚说过的话弄混，有时下楼后会忘记原来要去哪里。 / 女儿替他约了周一的记忆门诊，方毓把预约卡放在包内层，几次想拿出来，又怕他觉得自己被当成病人。,active Story sequence,NONE FOUND,PASS,PASS,cognitive demand mismatches current band; Lv1→Lv10 logic repeats instead of deepening,PASS,PASS,PASS,PASS/NOT PRIMARY,PASS,FAIL,Integrated interpretation,FAIL,PASS,PASS,PASS,"LEVEL,PROG",REPAIR REQUIRED
hangzhou-west-lake,Lv10,grammarRepair,LANGUAGE,STORY,JourneyChallengePanel,EXPLICIT LANGUAGE OBJECTIVE + JOURNEY CONTEXT,PASS,方毓的连续提问因此,natural Chinese structural repair,NONE FOUND,PASS,FAIL,"weak/mechanical, false-world, or filler distractor; cognitive demand mismatches current band; Lv1→Lv10 logic repeats instead of deepening; cross-Gold grammar skeleton is reused",PASS,PASS,PASS,PASS/NOT PRIMARY,PASS,FAIL,Integrated interpretation,FAIL,PASS,PASS,FAIL,"DST,LEVEL,PROG,TEMPLATE",REPAIR REQUIRED
hangzhou-west-lake,Lv10,missingSentence,CAUSAL REASONING,LANGUAGE,JourneyChallengePanel,ACTIVE STORY,PASS,最近半年，周绍庭开始把日期、人名和刚说过的话弄混，有时下楼后会忘记原来要去哪里。,best bridge for active Story context,NONE FOUND,PASS,FAIL,"weak/mechanical, false-world, or filler distractor; cognitive demand mismatches current band; Lv1→Lv10 logic repeats instead of deepening",PASS,PASS,PASS,PASS/NOT PRIMARY,PASS,FAIL,Integrated interpretation,FAIL,PASS,PASS,PASS,"DST,LEVEL,PROG",REPAIR REQUIRED
jiangmen-kaiping-diaolou,Lv1,paragraphRebuild,STORY,LANGUAGE,JourneyChallengePanel,ACTIVE STORY,PASS,20世纪20年代，开平。 / 虚构青年梁川留在家乡，哥哥梁海在海外谋生，寄回带拱券和柱廊的建筑图样。,active Story sequence,NONE FOUND,PASS,FAIL,"weak/mechanical, false-world, or filler distractor; Lv1→Lv10 logic repeats instead of deepening",PASS,PASS,PASS,PASS/NOT PRIMARY,PASS,PASS,Recognition / Basic comprehension,FAIL,PASS,PASS,PASS,"DST,PROG",REPAIR REQUIRED
jiangmen-kaiping-diaolou,Lv1,grammarRepair,LANGUAGE,STORY,JourneyChallengePanel,GENERIC FALLBACK (INVALID),PASS,游客,natural Chinese structural repair,NONE FOUND,PASS,FAIL,"weak/mechanical, false-world, or filler distractor; not current-Journey provenance; legacy generic fallback is active; Lv1→Lv10 logic repeats instead of deepening; language context is disconnected from Journey; Story/Discovery closed loop is broken; cross-Gold grammar skeleton is reused",PASS,FAIL,FAIL,FAIL,FAIL,PASS,Recognition / Basic comprehension,FAIL,FAIL,PASS,FAIL,"DST,LANG,LEGACY,LOOP,PROG,PROV,TEMPLATE",REPAIR REQUIRED
jiangmen-kaiping-diaolou,Lv1,missingSentence,STORY,LANGUAGE,JourneyChallengePanel,ACTIVE STORY,PASS,虚构青年梁川留在家乡，哥哥梁海在海外谋生，寄回带拱券和柱廊的建筑图样。,best bridge for active Story context,NONE FOUND,PASS,FAIL,"weak/mechanical, false-world, or filler distractor; Lv1→Lv10 logic repeats instead of deepening",PASS,PASS,PASS,PASS/NOT PRIMARY,PASS,PASS,Recognition / Basic comprehension,FAIL,PASS,PASS,PASS,"DST,PROG",REPAIR REQUIRED
jiangmen-kaiping-diaolou,Lv2,paragraphRebuild,STORY,LANGUAGE,JourneyChallengePanel,ACTIVE STORY,PASS,20世纪20年代，开平。 / 虚构青年梁川留在家乡，哥哥梁海在海外谋生，寄回带拱券和柱廊的建筑图样。,active Story sequence,NONE FOUND,PASS,FAIL,"weak/mechanical, false-world, or filler distractor; Lv1→Lv10 logic repeats instead of deepening",PASS,PASS,PASS,PASS/NOT PRIMARY,PASS,PASS,Recognition / Basic comprehension,FAIL,PASS,PASS,PASS,"DST,PROG",REPAIR REQUIRED
jiangmen-kaiping-diaolou,Lv2,grammarRepair,LANGUAGE,STORY,JourneyChallengePanel,GENERIC FALLBACK (INVALID),PASS,游客,natural Chinese structural repair,NONE FOUND,PASS,FAIL,"weak/mechanical, false-world, or filler distractor; not current-Journey provenance; legacy generic fallback is active; Lv1→Lv10 logic repeats instead of deepening; language context is disconnected from Journey; Story/Discovery closed loop is broken; cross-Gold grammar skeleton is reused",PASS,FAIL,FAIL,FAIL,FAIL,PASS,Recognition / Basic comprehension,FAIL,FAIL,PASS,FAIL,"DST,LANG,LEGACY,LOOP,PROG,PROV,TEMPLATE",REPAIR REQUIRED
jiangmen-kaiping-diaolou,Lv2,missingSentence,STORY,LANGUAGE,JourneyChallengePanel,ACTIVE STORY,PASS,虚构青年梁川留在家乡，哥哥梁海在海外谋生，寄回带拱券和柱廊的建筑图样。,best bridge for active Story context,NONE FOUND,PASS,FAIL,"weak/mechanical, false-world, or filler distractor; Lv1→Lv10 logic repeats instead of deepening",PASS,PASS,PASS,PASS/NOT PRIMARY,PASS,PASS,Recognition / Basic comprehension,FAIL,PASS,PASS,PASS,"DST,PROG",REPAIR REQUIRED
jiangmen-kaiping-diaolou,Lv3,paragraphRebuild,CAUSAL REASONING,LANGUAGE,JourneyChallengePanel,ACTIVE STORY,PASS,20世纪20年代，开平。 / 虚构青年梁川留在家乡，哥哥梁海在海外谋生，寄回带拱券和柱廊的建筑图样。,active Story sequence,NONE FOUND,PASS,FAIL,"weak/mechanical, false-world, or filler distractor; cognitive demand mismatches current band; Lv1→Lv10 logic repeats instead of deepening",PASS,PASS,PASS,PASS/NOT PRIMARY,PASS,FAIL,Sequence / Simple causality,FAIL,PASS,PASS,PASS,"DST,LEVEL,PROG",REPAIR REQUIRED
jiangmen-kaiping-diaolou,Lv3,grammarRepair,LANGUAGE,STORY,JourneyChallengePanel,GENERIC FALLBACK (INVALID),PASS,游客,natural Chinese structural repair,NONE FOUND,PASS,FAIL,"weak/mechanical, false-world, or filler distractor; not current-Journey provenance; legacy generic fallback is active; cognitive demand mismatches current band; Lv1→Lv10 logic repeats instead of deepening; language context is disconnected from Journey; Story/Discovery closed loop is broken; cross-Gold grammar skeleton is reused",PASS,FAIL,FAIL,FAIL,FAIL,FAIL,Sequence / Simple causality,FAIL,FAIL,PASS,FAIL,"DST,LANG,LEGACY,LEVEL,LOOP,PROG,PROV,TEMPLATE",REPAIR REQUIRED
jiangmen-kaiping-diaolou,Lv3,missingSentence,CAUSAL REASONING,LANGUAGE,JourneyChallengePanel,ACTIVE STORY,PASS,虚构青年梁川留在家乡，哥哥梁海在海外谋生，寄回带拱券和柱廊的建筑图样。,best bridge for active Story context,NONE FOUND,PASS,FAIL,"weak/mechanical, false-world, or filler distractor; cognitive demand mismatches current band; Lv1→Lv10 logic repeats instead of deepening",PASS,PASS,PASS,PASS/NOT PRIMARY,PASS,FAIL,Sequence / Simple causality,FAIL,PASS,PASS,PASS,"DST,LEVEL,PROG",REPAIR REQUIRED
jiangmen-kaiping-diaolou,Lv4,paragraphRebuild,CAUSAL REASONING,LANGUAGE,JourneyChallengePanel,ACTIVE STORY,PASS,20世纪20年代，开平。 / 虚构青年梁川留在家乡，哥哥梁海在海外谋生，寄回带拱券和柱廊的建筑图样。,active Story sequence,NONE FOUND,PASS,FAIL,"weak/mechanical, false-world, or filler distractor; cognitive demand mismatches current band; Lv1→Lv10 logic repeats instead of deepening",PASS,PASS,PASS,PASS/NOT PRIMARY,PASS,FAIL,Sequence / Simple causality,FAIL,PASS,PASS,PASS,"DST,LEVEL,PROG",REPAIR REQUIRED
jiangmen-kaiping-diaolou,Lv4,grammarRepair,LANGUAGE,STORY,JourneyChallengePanel,GENERIC FALLBACK (INVALID),PASS,游客,natural Chinese structural repair,NONE FOUND,PASS,FAIL,"weak/mechanical, false-world, or filler distractor; not current-Journey provenance; legacy generic fallback is active; cognitive demand mismatches current band; Lv1→Lv10 logic repeats instead of deepening; language context is disconnected from Journey; Story/Discovery closed loop is broken; cross-Gold grammar skeleton is reused",PASS,FAIL,FAIL,FAIL,FAIL,FAIL,Sequence / Simple causality,FAIL,FAIL,PASS,FAIL,"DST,LANG,LEGACY,LEVEL,LOOP,PROG,PROV,TEMPLATE",REPAIR REQUIRED
jiangmen-kaiping-diaolou,Lv4,missingSentence,CAUSAL REASONING,LANGUAGE,JourneyChallengePanel,ACTIVE STORY,PASS,虚构青年梁川留在家乡，哥哥梁海在海外谋生，寄回带拱券和柱廊的建筑图样。,best bridge for active Story context,NONE FOUND,PASS,FAIL,"weak/mechanical, false-world, or filler distractor; cognitive demand mismatches current band; Lv1→Lv10 logic repeats instead of deepening",PASS,PASS,PASS,PASS/NOT PRIMARY,PASS,FAIL,Sequence / Simple causality,FAIL,PASS,PASS,PASS,"DST,LEVEL,PROG",REPAIR REQUIRED
jiangmen-kaiping-diaolou,Lv5,paragraphRebuild,CAUSAL REASONING,LANGUAGE,JourneyChallengePanel,ACTIVE STORY,PASS,20世纪20年代，开平。 / 虚构青年梁川留在家乡，哥哥梁海在海外谋生，寄回带拱券和柱廊的建筑图样。 / 他在信里说，这份投入只用于家里的独楼；若要改作别用，就寄还给他。,active Story sequence,NONE FOUND,PASS,FAIL,"weak/mechanical, false-world, or filler distractor; cognitive demand mismatches current band; Lv1→Lv10 logic repeats instead of deepening",PASS,PASS,PASS,PASS/NOT PRIMARY,PASS,FAIL,Relationship / Choice / Historical cause,FAIL,PASS,PASS,PASS,"DST,LEVEL,PROG",REPAIR REQUIRED
jiangmen-kaiping-diaolou,Lv5,grammarRepair,LANGUAGE,STORY,JourneyChallengePanel,GENERIC FALLBACK (INVALID),PASS,而且可以让游客,natural Chinese structural repair,NONE FOUND,PASS,FAIL,"weak/mechanical, false-world, or filler distractor; not current-Journey provenance; legacy generic fallback is active; cognitive demand mismatches current band; Lv1→Lv10 logic repeats instead of deepening; language context is disconnected from Journey; Story/Discovery closed loop is broken; cross-Gold grammar skeleton is reused",PASS,FAIL,FAIL,FAIL,FAIL,FAIL,Relationship / Choice / Historical cause,FAIL,FAIL,PASS,FAIL,"DST,LANG,LEGACY,LEVEL,LOOP,PROG,PROV,TEMPLATE",REPAIR REQUIRED
jiangmen-kaiping-diaolou,Lv5,missingSentence,CAUSAL REASONING,LANGUAGE,JourneyChallengePanel,ACTIVE STORY,PASS,虚构青年梁川留在家乡，哥哥梁海在海外谋生，寄回带拱券和柱廊的建筑图样。,best bridge for active Story context,NONE FOUND,PASS,FAIL,"weak/mechanical, false-world, or filler distractor; cognitive demand mismatches current band; Lv1→Lv10 logic repeats instead of deepening",PASS,PASS,PASS,PASS/NOT PRIMARY,PASS,FAIL,Relationship / Choice / Historical cause,FAIL,PASS,PASS,PASS,"DST,LEVEL,PROG",REPAIR REQUIRED
jiangmen-kaiping-diaolou,Lv6,paragraphRebuild,CAUSAL REASONING,LANGUAGE,JourneyChallengePanel,ACTIVE STORY,PASS,20世纪20年代，开平。 / 虚构青年梁川留在家乡，哥哥梁海在海外谋生，寄回带拱券和柱廊的建筑图样。 / 他在信里说，这份投入只用于家里的独楼；若要改作别用，就寄还给他。,active Story sequence,NONE FOUND,PASS,FAIL,"weak/mechanical, false-world, or filler distractor; cognitive demand mismatches current band; Lv1→Lv10 logic repeats instead of deepening",PASS,PASS,PASS,PASS/NOT PRIMARY,PASS,FAIL,Relationship / Choice / Historical cause,FAIL,PASS,PASS,PASS,"DST,LEVEL,PROG",REPAIR REQUIRED
jiangmen-kaiping-diaolou,Lv6,grammarRepair,LANGUAGE,STORY,JourneyChallengePanel,GENERIC FALLBACK (INVALID),PASS,而且可以让游客,natural Chinese structural repair,NONE FOUND,PASS,FAIL,"weak/mechanical, false-world, or filler distractor; not current-Journey provenance; legacy generic fallback is active; cognitive demand mismatches current band; Lv1→Lv10 logic repeats instead of deepening; language context is disconnected from Journey; Story/Discovery closed loop is broken; cross-Gold grammar skeleton is reused",PASS,FAIL,FAIL,FAIL,FAIL,FAIL,Relationship / Choice / Historical cause,FAIL,FAIL,PASS,FAIL,"DST,LANG,LEGACY,LEVEL,LOOP,PROG,PROV,TEMPLATE",REPAIR REQUIRED
jiangmen-kaiping-diaolou,Lv6,missingSentence,CAUSAL REASONING,LANGUAGE,JourneyChallengePanel,ACTIVE STORY,PASS,虚构青年梁川留在家乡，哥哥梁海在海外谋生，寄回带拱券和柱廊的建筑图样。,best bridge for active Story context,NONE FOUND,PASS,FAIL,"weak/mechanical, false-world, or filler distractor; cognitive demand mismatches current band; Lv1→Lv10 logic repeats instead of deepening",PASS,PASS,PASS,PASS/NOT PRIMARY,PASS,FAIL,Relationship / Choice / Historical cause,FAIL,PASS,PASS,PASS,"DST,LEVEL,PROG",REPAIR REQUIRED
jiangmen-kaiping-diaolou,Lv7,paragraphRebuild,CAUSAL REASONING,LANGUAGE,JourneyChallengePanel,ACTIVE STORY,PASS,20世纪20年代，开平。 / 虚构青年梁川留在家乡，哥哥梁海在海外谋生，寄回带拱券和柱廊的建筑图样。 / 他在信里说，这份投入只用于家里的独楼；若要改作别用，就寄还给他。,active Story sequence,NONE FOUND,PASS,FAIL,"weak/mechanical, false-world, or filler distractor; cognitive demand mismatches current band; Lv1→Lv10 logic repeats instead of deepening",PASS,PASS,PASS,PASS/NOT PRIMARY,PASS,FAIL,Causal chain / Implicit meaning,FAIL,PASS,PASS,PASS,"DST,LEVEL,PROG",REPAIR REQUIRED
jiangmen-kaiping-diaolou,Lv7,grammarRepair,LANGUAGE,STORY,JourneyChallengePanel,GENERIC FALLBACK (INVALID),PASS,而且可以让游客,natural Chinese structural repair,NONE FOUND,PASS,FAIL,"weak/mechanical, false-world, or filler distractor; not current-Journey provenance; legacy generic fallback is active; cognitive demand mismatches current band; Lv1→Lv10 logic repeats instead of deepening; language context is disconnected from Journey; Story/Discovery closed loop is broken; cross-Gold grammar skeleton is reused",PASS,FAIL,FAIL,FAIL,FAIL,FAIL,Causal chain / Implicit meaning,FAIL,FAIL,PASS,FAIL,"DST,LANG,LEGACY,LEVEL,LOOP,PROG,PROV,TEMPLATE",REPAIR REQUIRED
jiangmen-kaiping-diaolou,Lv7,missingSentence,CAUSAL REASONING,LANGUAGE,JourneyChallengePanel,ACTIVE STORY,PASS,虚构青年梁川留在家乡，哥哥梁海在海外谋生，寄回带拱券和柱廊的建筑图样。,best bridge for active Story context,NONE FOUND,PASS,FAIL,"weak/mechanical, false-world, or filler distractor; cognitive demand mismatches current band; Lv1→Lv10 logic repeats instead of deepening",PASS,PASS,PASS,PASS/NOT PRIMARY,PASS,FAIL,Causal chain / Implicit meaning,FAIL,PASS,PASS,PASS,"DST,LEVEL,PROG",REPAIR REQUIRED
jiangmen-kaiping-diaolou,Lv8,paragraphRebuild,CAUSAL REASONING,LANGUAGE,JourneyChallengePanel,ACTIVE STORY,PASS,20世纪20年代，开平。 / 虚构青年梁川留在家乡，哥哥梁海在海外谋生，寄回带拱券和柱廊的建筑图样。 / 他在信里说，这份投入只用于家里的独楼；若要改作别用，就寄还给他。,active Story sequence,NONE FOUND,PASS,FAIL,"weak/mechanical, false-world, or filler distractor; cognitive demand mismatches current band; Lv1→Lv10 logic repeats instead of deepening",PASS,PASS,PASS,PASS/NOT PRIMARY,PASS,FAIL,Causal chain / Implicit meaning,FAIL,PASS,PASS,PASS,"DST,LEVEL,PROG",REPAIR REQUIRED
jiangmen-kaiping-diaolou,Lv8,grammarRepair,LANGUAGE,STORY,JourneyChallengePanel,GENERIC FALLBACK (INVALID),PASS,远山因此,natural Chinese structural repair,NONE FOUND,PASS,FAIL,"weak/mechanical, false-world, or filler distractor; not current-Journey provenance; legacy generic fallback is active; cognitive demand mismatches current band; Lv1→Lv10 logic repeats instead of deepening; language context is disconnected from Journey; Story/Discovery closed loop is broken; cross-Gold grammar skeleton is reused",PASS,FAIL,FAIL,FAIL,FAIL,FAIL,Causal chain / Implicit meaning,FAIL,FAIL,PASS,FAIL,"DST,LANG,LEGACY,LEVEL,LOOP,PROG,PROV,TEMPLATE",REPAIR REQUIRED
jiangmen-kaiping-diaolou,Lv8,missingSentence,CAUSAL REASONING,LANGUAGE,JourneyChallengePanel,ACTIVE STORY,PASS,虚构青年梁川留在家乡，哥哥梁海在海外谋生，寄回带拱券和柱廊的建筑图样。,best bridge for active Story context,NONE FOUND,PASS,FAIL,"weak/mechanical, false-world, or filler distractor; cognitive demand mismatches current band; Lv1→Lv10 logic repeats instead of deepening",PASS,PASS,PASS,PASS/NOT PRIMARY,PASS,FAIL,Causal chain / Implicit meaning,FAIL,PASS,PASS,PASS,"DST,LEVEL,PROG",REPAIR REQUIRED
jiangmen-kaiping-diaolou,Lv9,paragraphRebuild,CAUSAL REASONING,LANGUAGE,JourneyChallengePanel,ACTIVE STORY,PASS,20世纪20年代，开平。 / 虚构青年梁川留在家乡，哥哥梁海在海外谋生，寄回带拱券和柱廊的建筑图样。 / 他在信里说，这份投入只用于家里的独楼；若要改作别用，就寄还给他。,active Story sequence,NONE FOUND,PASS,FAIL,"weak/mechanical, false-world, or filler distractor; cognitive demand mismatches current band; Lv1→Lv10 logic repeats instead of deepening",PASS,PASS,PASS,PASS/NOT PRIMARY,PASS,FAIL,Integrated interpretation,FAIL,PASS,PASS,PASS,"DST,LEVEL,PROG",REPAIR REQUIRED
jiangmen-kaiping-diaolou,Lv9,grammarRepair,LANGUAGE,STORY,JourneyChallengePanel,GENERIC FALLBACK (INVALID),PASS,远山因此,natural Chinese structural repair,NONE FOUND,PASS,FAIL,"weak/mechanical, false-world, or filler distractor; not current-Journey provenance; legacy generic fallback is active; cognitive demand mismatches current band; Lv1→Lv10 logic repeats instead of deepening; language context is disconnected from Journey; Story/Discovery closed loop is broken; cross-Gold grammar skeleton is reused",PASS,FAIL,FAIL,FAIL,FAIL,FAIL,Integrated interpretation,FAIL,FAIL,PASS,FAIL,"DST,LANG,LEGACY,LEVEL,LOOP,PROG,PROV,TEMPLATE",REPAIR REQUIRED
jiangmen-kaiping-diaolou,Lv9,missingSentence,CAUSAL REASONING,LANGUAGE,JourneyChallengePanel,ACTIVE STORY,PASS,虚构青年梁川留在家乡，哥哥梁海在海外谋生，寄回带拱券和柱廊的建筑图样。,best bridge for active Story context,NONE FOUND,PASS,FAIL,"weak/mechanical, false-world, or filler distractor; cognitive demand mismatches current band; Lv1→Lv10 logic repeats instead of deepening",PASS,PASS,PASS,PASS/NOT PRIMARY,PASS,FAIL,Integrated interpretation,FAIL,PASS,PASS,PASS,"DST,LEVEL,PROG",REPAIR REQUIRED
jiangmen-kaiping-diaolou,Lv10,paragraphRebuild,CAUSAL REASONING,LANGUAGE,JourneyChallengePanel,ACTIVE STORY,PASS,20世纪20年代，开平。 / 虚构青年梁川留在家乡，哥哥梁海在海外谋生，寄回带拱券和柱廊的建筑图样。 / 他在信里说，这份投入只用于家里的独楼；若要改作别用，就寄还给他。,active Story sequence,NONE FOUND,PASS,FAIL,"weak/mechanical, false-world, or filler distractor; cognitive demand mismatches current band; Lv1→Lv10 logic repeats instead of deepening",PASS,PASS,PASS,PASS/NOT PRIMARY,PASS,FAIL,Integrated interpretation,FAIL,PASS,PASS,PASS,"DST,LEVEL,PROG",REPAIR REQUIRED
jiangmen-kaiping-diaolou,Lv10,grammarRepair,LANGUAGE,STORY,JourneyChallengePanel,GENERIC FALLBACK (INVALID),PASS,远山因此,natural Chinese structural repair,NONE FOUND,PASS,FAIL,"weak/mechanical, false-world, or filler distractor; not current-Journey provenance; legacy generic fallback is active; cognitive demand mismatches current band; Lv1→Lv10 logic repeats instead of deepening; language context is disconnected from Journey; Story/Discovery closed loop is broken; cross-Gold grammar skeleton is reused",PASS,FAIL,FAIL,FAIL,FAIL,FAIL,Integrated interpretation,FAIL,FAIL,PASS,FAIL,"DST,LANG,LEGACY,LEVEL,LOOP,PROG,PROV,TEMPLATE",REPAIR REQUIRED
jiangmen-kaiping-diaolou,Lv10,missingSentence,CAUSAL REASONING,LANGUAGE,JourneyChallengePanel,ACTIVE STORY,PASS,虚构青年梁川留在家乡，哥哥梁海在海外谋生，寄回带拱券和柱廊的建筑图样。,best bridge for active Story context,NONE FOUND,PASS,FAIL,"weak/mechanical, false-world, or filler distractor; cognitive demand mismatches current band; Lv1→Lv10 logic repeats instead of deepening",PASS,PASS,PASS,PASS/NOT PRIMARY,PASS,FAIL,Integrated interpretation,FAIL,PASS,PASS,PASS,"DST,LEVEL,PROG",REPAIR REQUIRED
luoyang-longmen-grottoes,Lv1,paragraphRebuild,STORY,LANGUAGE,JourneyChallengePanel,ACTIVE STORY,PASS,林砚和周澄合做龙门石窟数字短片，约定并列署名，共同为复原依据负责。 / 镜头停在万佛洞前室南壁的一处观音像龛：题记留下发愿造像者和完成时间，像的脸部却已残损。,active Story sequence,NONE FOUND,PASS,FAIL,"weak/mechanical, false-world, or filler distractor; Lv1→Lv10 logic repeats instead of deepening",PASS,PASS,PASS,PASS/NOT PRIMARY,PASS,PASS,Recognition / Basic comprehension,FAIL,PASS,PASS,PASS,"DST,PROG",REPAIR REQUIRED
luoyang-longmen-grottoes,Lv1,grammarRepair,LANGUAGE,STORY,JourneyChallengePanel,GENERIC FALLBACK (INVALID),PASS,游客,natural Chinese structural repair,NONE FOUND,PASS,FAIL,"weak/mechanical, false-world, or filler distractor; not current-Journey provenance; legacy generic fallback is active; Lv1→Lv10 logic repeats instead of deepening; language context is disconnected from Journey; Story/Discovery closed loop is broken; cross-Gold grammar skeleton is reused",PASS,FAIL,FAIL,FAIL,FAIL,PASS,Recognition / Basic comprehension,FAIL,FAIL,PASS,FAIL,"DST,LANG,LEGACY,LOOP,PROG,PROV,TEMPLATE",REPAIR REQUIRED
luoyang-longmen-grottoes,Lv1,missingSentence,STORY,LANGUAGE,JourneyChallengePanel,ACTIVE STORY,PASS,镜头停在万佛洞前室南壁的一处观音像龛：题记留下发愿造像者和完成时间，像的脸部却已残损。,best bridge for active Story context,NONE FOUND,PASS,FAIL,"weak/mechanical, false-world, or filler distractor; Lv1→Lv10 logic repeats instead of deepening",PASS,PASS,PASS,PASS/NOT PRIMARY,PASS,PASS,Recognition / Basic comprehension,FAIL,PASS,PASS,PASS,"DST,PROG",REPAIR REQUIRED
luoyang-longmen-grottoes,Lv2,paragraphRebuild,STORY,LANGUAGE,JourneyChallengePanel,ACTIVE STORY,PASS,林砚和周澄合做龙门石窟数字短片，约定并列署名，共同为复原依据负责。 / 镜头停在万佛洞前室南壁的一处观音像龛：题记留下发愿造像者和完成时间，像的脸部却已残损。,active Story sequence,NONE FOUND,PASS,FAIL,"weak/mechanical, false-world, or filler distractor; Lv1→Lv10 logic repeats instead of deepening",PASS,PASS,PASS,PASS/NOT PRIMARY,PASS,PASS,Recognition / Basic comprehension,FAIL,PASS,PASS,PASS,"DST,PROG",REPAIR REQUIRED
luoyang-longmen-grottoes,Lv2,grammarRepair,LANGUAGE,STORY,JourneyChallengePanel,GENERIC FALLBACK (INVALID),PASS,游客,natural Chinese structural repair,NONE FOUND,PASS,FAIL,"weak/mechanical, false-world, or filler distractor; not current-Journey provenance; legacy generic fallback is active; Lv1→Lv10 logic repeats instead of deepening; language context is disconnected from Journey; Story/Discovery closed loop is broken; cross-Gold grammar skeleton is reused",PASS,FAIL,FAIL,FAIL,FAIL,PASS,Recognition / Basic comprehension,FAIL,FAIL,PASS,FAIL,"DST,LANG,LEGACY,LOOP,PROG,PROV,TEMPLATE",REPAIR REQUIRED
luoyang-longmen-grottoes,Lv2,missingSentence,STORY,LANGUAGE,JourneyChallengePanel,ACTIVE STORY,PASS,镜头停在万佛洞前室南壁的一处观音像龛：题记留下发愿造像者和完成时间，像的脸部却已残损。,best bridge for active Story context,NONE FOUND,PASS,FAIL,"weak/mechanical, false-world, or filler distractor; Lv1→Lv10 logic repeats instead of deepening",PASS,PASS,PASS,PASS/NOT PRIMARY,PASS,PASS,Recognition / Basic comprehension,FAIL,PASS,PASS,PASS,"DST,PROG",REPAIR REQUIRED
luoyang-longmen-grottoes,Lv3,paragraphRebuild,CAUSAL REASONING,LANGUAGE,JourneyChallengePanel,ACTIVE STORY,PASS,林砚和周澄合做龙门石窟数字短片，约定并列署名，共同为复原依据负责。 / 镜头停在万佛洞前室南壁的一处观音像龛：题记留下发愿造像者和完成时间，像的脸部却已残损。,active Story sequence,NONE FOUND,PASS,FAIL,"weak/mechanical, false-world, or filler distractor; cognitive demand mismatches current band; Lv1→Lv10 logic repeats instead of deepening",PASS,PASS,PASS,PASS/NOT PRIMARY,PASS,FAIL,Sequence / Simple causality,FAIL,PASS,PASS,PASS,"DST,LEVEL,PROG",REPAIR REQUIRED
luoyang-longmen-grottoes,Lv3,grammarRepair,LANGUAGE,STORY,JourneyChallengePanel,GENERIC FALLBACK (INVALID),PASS,游客,natural Chinese structural repair,NONE FOUND,PASS,FAIL,"weak/mechanical, false-world, or filler distractor; not current-Journey provenance; legacy generic fallback is active; cognitive demand mismatches current band; Lv1→Lv10 logic repeats instead of deepening; language context is disconnected from Journey; Story/Discovery closed loop is broken; cross-Gold grammar skeleton is reused",PASS,FAIL,FAIL,FAIL,FAIL,FAIL,Sequence / Simple causality,FAIL,FAIL,PASS,FAIL,"DST,LANG,LEGACY,LEVEL,LOOP,PROG,PROV,TEMPLATE",REPAIR REQUIRED
luoyang-longmen-grottoes,Lv3,missingSentence,CAUSAL REASONING,LANGUAGE,JourneyChallengePanel,ACTIVE STORY,PASS,镜头停在万佛洞前室南壁的一处观音像龛：题记留下发愿造像者和完成时间，像的脸部却已残损。,best bridge for active Story context,NONE FOUND,PASS,FAIL,"weak/mechanical, false-world, or filler distractor; cognitive demand mismatches current band; Lv1→Lv10 logic repeats instead of deepening",PASS,PASS,PASS,PASS/NOT PRIMARY,PASS,FAIL,Sequence / Simple causality,FAIL,PASS,PASS,PASS,"DST,LEVEL,PROG",REPAIR REQUIRED
luoyang-longmen-grottoes,Lv4,paragraphRebuild,CAUSAL REASONING,LANGUAGE,JourneyChallengePanel,ACTIVE STORY,PASS,林砚和周澄合做龙门石窟数字短片，约定并列署名，共同为复原依据负责。 / 镜头停在万佛洞前室南壁的一处观音像龛：题记留下发愿造像者和完成时间，像的脸部却已残损。,active Story sequence,NONE FOUND,PASS,FAIL,"weak/mechanical, false-world, or filler distractor; cognitive demand mismatches current band; Lv1→Lv10 logic repeats instead of deepening",PASS,PASS,PASS,PASS/NOT PRIMARY,PASS,FAIL,Sequence / Simple causality,FAIL,PASS,PASS,PASS,"DST,LEVEL,PROG",REPAIR REQUIRED
luoyang-longmen-grottoes,Lv4,grammarRepair,LANGUAGE,STORY,JourneyChallengePanel,GENERIC FALLBACK (INVALID),PASS,游客,natural Chinese structural repair,NONE FOUND,PASS,FAIL,"weak/mechanical, false-world, or filler distractor; not current-Journey provenance; legacy generic fallback is active; cognitive demand mismatches current band; Lv1→Lv10 logic repeats instead of deepening; language context is disconnected from Journey; Story/Discovery closed loop is broken; cross-Gold grammar skeleton is reused",PASS,FAIL,FAIL,FAIL,FAIL,FAIL,Sequence / Simple causality,FAIL,FAIL,PASS,FAIL,"DST,LANG,LEGACY,LEVEL,LOOP,PROG,PROV,TEMPLATE",REPAIR REQUIRED
luoyang-longmen-grottoes,Lv4,missingSentence,CAUSAL REASONING,LANGUAGE,JourneyChallengePanel,ACTIVE STORY,PASS,镜头停在万佛洞前室南壁的一处观音像龛：题记留下发愿造像者和完成时间，像的脸部却已残损。,best bridge for active Story context,NONE FOUND,PASS,FAIL,"weak/mechanical, false-world, or filler distractor; cognitive demand mismatches current band; Lv1→Lv10 logic repeats instead of deepening",PASS,PASS,PASS,PASS/NOT PRIMARY,PASS,FAIL,Sequence / Simple causality,FAIL,PASS,PASS,PASS,"DST,LEVEL,PROG",REPAIR REQUIRED
luoyang-longmen-grottoes,Lv5,paragraphRebuild,CAUSAL REASONING,LANGUAGE,JourneyChallengePanel,ACTIVE STORY,PASS,林砚和周澄合做龙门石窟数字短片，约定并列署名，共同为复原依据负责。 / 镜头停在万佛洞前室南壁的一处观音像龛：题记留下发愿造像者和完成时间，像的脸部却已残损。 / 林砚为转场做了“补全脸部”模型。,active Story sequence,NONE FOUND,PASS,FAIL,"weak/mechanical, false-world, or filler distractor; cognitive demand mismatches current band; Lv1→Lv10 logic repeats instead of deepening",PASS,PASS,PASS,PASS/NOT PRIMARY,PASS,FAIL,Relationship / Choice / Historical cause,FAIL,PASS,PASS,PASS,"DST,LEVEL,PROG",REPAIR REQUIRED
luoyang-longmen-grottoes,Lv5,grammarRepair,LANGUAGE,STORY,JourneyChallengePanel,GENERIC FALLBACK (INVALID),PASS,而且可以让游客,natural Chinese structural repair,NONE FOUND,PASS,FAIL,"weak/mechanical, false-world, or filler distractor; not current-Journey provenance; legacy generic fallback is active; cognitive demand mismatches current band; Lv1→Lv10 logic repeats instead of deepening; language context is disconnected from Journey; Story/Discovery closed loop is broken; cross-Gold grammar skeleton is reused",PASS,FAIL,FAIL,FAIL,FAIL,FAIL,Relationship / Choice / Historical cause,FAIL,FAIL,PASS,FAIL,"DST,LANG,LEGACY,LEVEL,LOOP,PROG,PROV,TEMPLATE",REPAIR REQUIRED
luoyang-longmen-grottoes,Lv5,missingSentence,CAUSAL REASONING,LANGUAGE,JourneyChallengePanel,ACTIVE STORY,PASS,镜头停在万佛洞前室南壁的一处观音像龛：题记留下发愿造像者和完成时间，像的脸部却已残损。,best bridge for active Story context,NONE FOUND,PASS,FAIL,"weak/mechanical, false-world, or filler distractor; cognitive demand mismatches current band; Lv1→Lv10 logic repeats instead of deepening",PASS,PASS,PASS,PASS/NOT PRIMARY,PASS,FAIL,Relationship / Choice / Historical cause,FAIL,PASS,PASS,PASS,"DST,LEVEL,PROG",REPAIR REQUIRED
luoyang-longmen-grottoes,Lv6,paragraphRebuild,CAUSAL REASONING,LANGUAGE,JourneyChallengePanel,ACTIVE STORY,PASS,林砚和周澄合做龙门石窟数字短片，约定并列署名，共同为复原依据负责。 / 镜头停在万佛洞前室南壁的一处观音像龛：题记留下发愿造像者和完成时间，像的脸部却已残损。 / 林砚为转场做了“补全脸部”模型。,active Story sequence,NONE FOUND,PASS,FAIL,"weak/mechanical, false-world, or filler distractor; cognitive demand mismatches current band; Lv1→Lv10 logic repeats instead of deepening",PASS,PASS,PASS,PASS/NOT PRIMARY,PASS,FAIL,Relationship / Choice / Historical cause,FAIL,PASS,PASS,PASS,"DST,LEVEL,PROG",REPAIR REQUIRED
luoyang-longmen-grottoes,Lv6,grammarRepair,LANGUAGE,STORY,JourneyChallengePanel,GENERIC FALLBACK (INVALID),PASS,而且可以让游客,natural Chinese structural repair,NONE FOUND,PASS,FAIL,"weak/mechanical, false-world, or filler distractor; not current-Journey provenance; legacy generic fallback is active; cognitive demand mismatches current band; Lv1→Lv10 logic repeats instead of deepening; language context is disconnected from Journey; Story/Discovery closed loop is broken; cross-Gold grammar skeleton is reused",PASS,FAIL,FAIL,FAIL,FAIL,FAIL,Relationship / Choice / Historical cause,FAIL,FAIL,PASS,FAIL,"DST,LANG,LEGACY,LEVEL,LOOP,PROG,PROV,TEMPLATE",REPAIR REQUIRED
luoyang-longmen-grottoes,Lv6,missingSentence,CAUSAL REASONING,LANGUAGE,JourneyChallengePanel,ACTIVE STORY,PASS,镜头停在万佛洞前室南壁的一处观音像龛：题记留下发愿造像者和完成时间，像的脸部却已残损。,best bridge for active Story context,NONE FOUND,PASS,FAIL,"weak/mechanical, false-world, or filler distractor; cognitive demand mismatches current band; Lv1→Lv10 logic repeats instead of deepening",PASS,PASS,PASS,PASS/NOT PRIMARY,PASS,FAIL,Relationship / Choice / Historical cause,FAIL,PASS,PASS,PASS,"DST,LEVEL,PROG",REPAIR REQUIRED
luoyang-longmen-grottoes,Lv7,paragraphRebuild,CAUSAL REASONING,LANGUAGE,JourneyChallengePanel,ACTIVE STORY,PASS,林砚和周澄合做龙门石窟数字短片，约定并列署名，共同为复原依据负责。 / 镜头停在万佛洞前室南壁的一处观音像龛：题记留下发愿造像者和完成时间，像的脸部却已残损。 / 林砚为转场做了“补全脸部”模型。,active Story sequence,NONE FOUND,PASS,FAIL,"weak/mechanical, false-world, or filler distractor; cognitive demand mismatches current band; Lv1→Lv10 logic repeats instead of deepening",PASS,PASS,PASS,PASS/NOT PRIMARY,PASS,FAIL,Causal chain / Implicit meaning,FAIL,PASS,PASS,PASS,"DST,LEVEL,PROG",REPAIR REQUIRED
luoyang-longmen-grottoes,Lv7,grammarRepair,LANGUAGE,STORY,JourneyChallengePanel,GENERIC FALLBACK (INVALID),PASS,而且可以让游客,natural Chinese structural repair,NONE FOUND,PASS,FAIL,"weak/mechanical, false-world, or filler distractor; not current-Journey provenance; legacy generic fallback is active; cognitive demand mismatches current band; Lv1→Lv10 logic repeats instead of deepening; language context is disconnected from Journey; Story/Discovery closed loop is broken; cross-Gold grammar skeleton is reused",PASS,FAIL,FAIL,FAIL,FAIL,FAIL,Causal chain / Implicit meaning,FAIL,FAIL,PASS,FAIL,"DST,LANG,LEGACY,LEVEL,LOOP,PROG,PROV,TEMPLATE",REPAIR REQUIRED
luoyang-longmen-grottoes,Lv7,missingSentence,CAUSAL REASONING,LANGUAGE,JourneyChallengePanel,ACTIVE STORY,PASS,镜头停在万佛洞前室南壁的一处观音像龛：题记留下发愿造像者和完成时间，像的脸部却已残损。,best bridge for active Story context,NONE FOUND,PASS,FAIL,"weak/mechanical, false-world, or filler distractor; cognitive demand mismatches current band; Lv1→Lv10 logic repeats instead of deepening",PASS,PASS,PASS,PASS/NOT PRIMARY,PASS,FAIL,Causal chain / Implicit meaning,FAIL,PASS,PASS,PASS,"DST,LEVEL,PROG",REPAIR REQUIRED
luoyang-longmen-grottoes,Lv8,paragraphRebuild,CAUSAL REASONING,LANGUAGE,JourneyChallengePanel,ACTIVE STORY,PASS,林砚和周澄合做龙门石窟数字短片，约定并列署名，共同为复原依据负责。 / 镜头停在万佛洞前室南壁的一处观音像龛：题记留下发愿造像者和完成时间，像的脸部却已残损。 / 林砚为转场做了“补全脸部”模型。,active Story sequence,NONE FOUND,PASS,FAIL,"weak/mechanical, false-world, or filler distractor; cognitive demand mismatches current band; Lv1→Lv10 logic repeats instead of deepening",PASS,PASS,PASS,PASS/NOT PRIMARY,PASS,FAIL,Causal chain / Implicit meaning,FAIL,PASS,PASS,PASS,"DST,LEVEL,PROG",REPAIR REQUIRED
luoyang-longmen-grottoes,Lv8,grammarRepair,LANGUAGE,STORY,JourneyChallengePanel,GENERIC FALLBACK (INVALID),PASS,远山因此,natural Chinese structural repair,NONE FOUND,PASS,FAIL,"weak/mechanical, false-world, or filler distractor; not current-Journey provenance; legacy generic fallback is active; cognitive demand mismatches current band; Lv1→Lv10 logic repeats instead of deepening; language context is disconnected from Journey; Story/Discovery closed loop is broken; cross-Gold grammar skeleton is reused",PASS,FAIL,FAIL,FAIL,FAIL,FAIL,Causal chain / Implicit meaning,FAIL,FAIL,PASS,FAIL,"DST,LANG,LEGACY,LEVEL,LOOP,PROG,PROV,TEMPLATE",REPAIR REQUIRED
luoyang-longmen-grottoes,Lv8,missingSentence,CAUSAL REASONING,LANGUAGE,JourneyChallengePanel,ACTIVE STORY,PASS,镜头停在万佛洞前室南壁的一处观音像龛：题记留下发愿造像者和完成时间，像的脸部却已残损。,best bridge for active Story context,NONE FOUND,PASS,FAIL,"weak/mechanical, false-world, or filler distractor; cognitive demand mismatches current band; Lv1→Lv10 logic repeats instead of deepening",PASS,PASS,PASS,PASS/NOT PRIMARY,PASS,FAIL,Causal chain / Implicit meaning,FAIL,PASS,PASS,PASS,"DST,LEVEL,PROG",REPAIR REQUIRED
luoyang-longmen-grottoes,Lv9,paragraphRebuild,CAUSAL REASONING,LANGUAGE,JourneyChallengePanel,ACTIVE STORY,PASS,林砚和周澄合做龙门石窟数字短片，约定并列署名，共同为复原依据负责。 / 镜头停在万佛洞前室南壁的一处观音像龛：题记留下发愿造像者和完成时间，像的脸部却已残损。 / 林砚为转场做了“补全脸部”模型。,active Story sequence,NONE FOUND,PASS,FAIL,"weak/mechanical, false-world, or filler distractor; cognitive demand mismatches current band; Lv1→Lv10 logic repeats instead of deepening",PASS,PASS,PASS,PASS/NOT PRIMARY,PASS,FAIL,Integrated interpretation,FAIL,PASS,PASS,PASS,"DST,LEVEL,PROG",REPAIR REQUIRED
luoyang-longmen-grottoes,Lv9,grammarRepair,LANGUAGE,STORY,JourneyChallengePanel,GENERIC FALLBACK (INVALID),PASS,远山因此,natural Chinese structural repair,NONE FOUND,PASS,FAIL,"weak/mechanical, false-world, or filler distractor; not current-Journey provenance; legacy generic fallback is active; cognitive demand mismatches current band; Lv1→Lv10 logic repeats instead of deepening; language context is disconnected from Journey; Story/Discovery closed loop is broken; cross-Gold grammar skeleton is reused",PASS,FAIL,FAIL,FAIL,FAIL,FAIL,Integrated interpretation,FAIL,FAIL,PASS,FAIL,"DST,LANG,LEGACY,LEVEL,LOOP,PROG,PROV,TEMPLATE",REPAIR REQUIRED
luoyang-longmen-grottoes,Lv9,missingSentence,CAUSAL REASONING,LANGUAGE,JourneyChallengePanel,ACTIVE STORY,PASS,镜头停在万佛洞前室南壁的一处观音像龛：题记留下发愿造像者和完成时间，像的脸部却已残损。,best bridge for active Story context,NONE FOUND,PASS,FAIL,"weak/mechanical, false-world, or filler distractor; cognitive demand mismatches current band; Lv1→Lv10 logic repeats instead of deepening",PASS,PASS,PASS,PASS/NOT PRIMARY,PASS,FAIL,Integrated interpretation,FAIL,PASS,PASS,PASS,"DST,LEVEL,PROG",REPAIR REQUIRED
luoyang-longmen-grottoes,Lv10,paragraphRebuild,CAUSAL REASONING,LANGUAGE,JourneyChallengePanel,ACTIVE STORY,PASS,林砚和周澄合做龙门石窟数字短片，约定并列署名，共同为复原依据负责。 / 镜头停在万佛洞前室南壁的一处观音像龛：题记留下发愿造像者和完成时间，像的脸部却已残损。 / 林砚为转场做了“补全脸部”模型。,active Story sequence,NONE FOUND,PASS,FAIL,"weak/mechanical, false-world, or filler distractor; cognitive demand mismatches current band; Lv1→Lv10 logic repeats instead of deepening",PASS,PASS,PASS,PASS/NOT PRIMARY,PASS,FAIL,Integrated interpretation,FAIL,PASS,PASS,PASS,"DST,LEVEL,PROG",REPAIR REQUIRED
luoyang-longmen-grottoes,Lv10,grammarRepair,LANGUAGE,STORY,JourneyChallengePanel,GENERIC FALLBACK (INVALID),PASS,远山因此,natural Chinese structural repair,NONE FOUND,PASS,FAIL,"weak/mechanical, false-world, or filler distractor; not current-Journey provenance; legacy generic fallback is active; cognitive demand mismatches current band; Lv1→Lv10 logic repeats instead of deepening; language context is disconnected from Journey; Story/Discovery closed loop is broken; cross-Gold grammar skeleton is reused",PASS,FAIL,FAIL,FAIL,FAIL,FAIL,Integrated interpretation,FAIL,FAIL,PASS,FAIL,"DST,LANG,LEGACY,LEVEL,LOOP,PROG,PROV,TEMPLATE",REPAIR REQUIRED
luoyang-longmen-grottoes,Lv10,missingSentence,CAUSAL REASONING,LANGUAGE,JourneyChallengePanel,ACTIVE STORY,PASS,镜头停在万佛洞前室南壁的一处观音像龛：题记留下发愿造像者和完成时间，像的脸部却已残损。,best bridge for active Story context,NONE FOUND,PASS,FAIL,"weak/mechanical, false-world, or filler distractor; cognitive demand mismatches current band; Lv1→Lv10 logic repeats instead of deepening",PASS,PASS,PASS,PASS/NOT PRIMARY,PASS,FAIL,Integrated interpretation,FAIL,PASS,PASS,PASS,"DST,LEVEL,PROG",REPAIR REQUIRED
nanjing-qinhuai-river,Lv1,paragraphRebuild,STORY,LANGUAGE,JourneyChallengePanel,ACTIVE STORY,PASS,离秦淮灯会亮灯还有七分钟，魏舟负责的秦淮河古桥附近一段灯突然不亮了。 / 周工正在另一段处理问题，不能马上回来。,active Story sequence,NONE FOUND,PASS,FAIL,"weak/mechanical, false-world, or filler distractor; Lv1→Lv10 logic repeats instead of deepening; false world claim is used as a cheap distractor",FAIL,PASS,PASS,PASS/NOT PRIMARY,PASS,PASS,Recognition / Basic comprehension,FAIL,PASS,PASS,PASS,"DST,HIST,PROG",REPAIR REQUIRED
nanjing-qinhuai-river,Lv1,grammarRepair,LANGUAGE,STORY,JourneyChallengePanel,EXPLICIT LANGUAGE OBJECTIVE + JOURNEY CONTEXT,PASS,游客,natural Chinese structural repair,NONE FOUND,PASS,FAIL,"weak/mechanical, false-world, or filler distractor; Lv1→Lv10 logic repeats instead of deepening; cross-Gold grammar skeleton is reused",PASS,PASS,PASS,PASS/NOT PRIMARY,PASS,PASS,Recognition / Basic comprehension,FAIL,PASS,PASS,FAIL,"DST,PROG,TEMPLATE",REPAIR REQUIRED
nanjing-qinhuai-river,Lv1,missingSentence,STORY,LANGUAGE,JourneyChallengePanel,ACTIVE STORY,PASS,周工正在另一段处理问题，不能马上回来。,best bridge for active Story context,NONE FOUND,PASS,FAIL,"weak/mechanical, false-world, or filler distractor; Lv1→Lv10 logic repeats instead of deepening; false world claim is used as a cheap distractor",FAIL,PASS,PASS,PASS/NOT PRIMARY,PASS,PASS,Recognition / Basic comprehension,FAIL,PASS,PASS,PASS,"DST,HIST,PROG",REPAIR REQUIRED
nanjing-qinhuai-river,Lv2,paragraphRebuild,STORY,LANGUAGE,JourneyChallengePanel,ACTIVE STORY,PASS,秦淮灯会亮灯前七分钟，年轻灯光技术员魏舟收到故障提示：秦淮河一处古桥旁的装饰灯没有响应。 / 周工正在上游检查另一段线路，只能让魏舟先处理。,active Story sequence,NONE FOUND,PASS,FAIL,"weak/mechanical, false-world, or filler distractor; Lv1→Lv10 logic repeats instead of deepening; false world claim is used as a cheap distractor",FAIL,PASS,PASS,PASS/NOT PRIMARY,PASS,PASS,Recognition / Basic comprehension,FAIL,PASS,PASS,PASS,"DST,HIST,PROG",REPAIR REQUIRED
nanjing-qinhuai-river,Lv2,grammarRepair,LANGUAGE,STORY,JourneyChallengePanel,EXPLICIT LANGUAGE OBJECTIVE + JOURNEY CONTEXT,PASS,游客,natural Chinese structural repair,NONE FOUND,PASS,FAIL,"weak/mechanical, false-world, or filler distractor; Lv1→Lv10 logic repeats instead of deepening; cross-Gold grammar skeleton is reused",PASS,PASS,PASS,PASS/NOT PRIMARY,PASS,PASS,Recognition / Basic comprehension,FAIL,PASS,PASS,FAIL,"DST,PROG,TEMPLATE",REPAIR REQUIRED
nanjing-qinhuai-river,Lv2,missingSentence,STORY,LANGUAGE,JourneyChallengePanel,ACTIVE STORY,PASS,周工正在上游检查另一段线路，只能让魏舟先处理。,best bridge for active Story context,NONE FOUND,PASS,FAIL,"weak/mechanical, false-world, or filler distractor; Lv1→Lv10 logic repeats instead of deepening; false world claim is used as a cheap distractor",FAIL,PASS,PASS,PASS/NOT PRIMARY,PASS,PASS,Recognition / Basic comprehension,FAIL,PASS,PASS,PASS,"DST,HIST,PROG",REPAIR REQUIRED
nanjing-qinhuai-river,Lv3,paragraphRebuild,CAUSAL REASONING,LANGUAGE,JourneyChallengePanel,ACTIVE STORY,PASS,离秦淮灯会的亮灯测试只剩七分钟，魏舟的对讲机里传来故障消息：秦淮河古桥附近一组装饰灯没有响应。 / 周工正在更远的一段处理异常，暂时赶不过来。,active Story sequence,NONE FOUND,PASS,FAIL,"weak/mechanical, false-world, or filler distractor; cognitive demand mismatches current band; Lv1→Lv10 logic repeats instead of deepening; false world claim is used as a cheap distractor",FAIL,PASS,PASS,PASS/NOT PRIMARY,PASS,FAIL,Sequence / Simple causality,FAIL,PASS,PASS,PASS,"DST,HIST,LEVEL,PROG",REPAIR REQUIRED
nanjing-qinhuai-river,Lv3,grammarRepair,LANGUAGE,STORY,JourneyChallengePanel,EXPLICIT LANGUAGE OBJECTIVE + JOURNEY CONTEXT,PASS,游客,natural Chinese structural repair,NONE FOUND,PASS,FAIL,"weak/mechanical, false-world, or filler distractor; cognitive demand mismatches current band; Lv1→Lv10 logic repeats instead of deepening; cross-Gold grammar skeleton is reused",PASS,PASS,PASS,PASS/NOT PRIMARY,PASS,FAIL,Sequence / Simple causality,FAIL,PASS,PASS,FAIL,"DST,LEVEL,PROG,TEMPLATE",REPAIR REQUIRED
nanjing-qinhuai-river,Lv3,missingSentence,CAUSAL REASONING,LANGUAGE,JourneyChallengePanel,ACTIVE STORY,PASS,周工正在更远的一段处理异常，暂时赶不过来。,best bridge for active Story context,NONE FOUND,PASS,FAIL,"weak/mechanical, false-world, or filler distractor; cognitive demand mismatches current band; Lv1→Lv10 logic repeats instead of deepening; false world claim is used as a cheap distractor",FAIL,PASS,PASS,PASS/NOT PRIMARY,PASS,FAIL,Sequence / Simple causality,FAIL,PASS,PASS,PASS,"DST,HIST,LEVEL,PROG",REPAIR REQUIRED
nanjing-qinhuai-river,Lv4,paragraphRebuild,CAUSAL REASONING,LANGUAGE,JourneyChallengePanel,ACTIVE STORY,PASS,秦淮灯会的试亮进入最后七分钟时，魏舟负责的河岸段突然报出故障。 / 问题就在秦淮河古桥附近：一组装饰灯没有响应，而沿河开放时间已经逼近。,active Story sequence,NONE FOUND,PASS,FAIL,"weak/mechanical, false-world, or filler distractor; cognitive demand mismatches current band; Lv1→Lv10 logic repeats instead of deepening; false world claim is used as a cheap distractor",FAIL,PASS,PASS,PASS/NOT PRIMARY,PASS,FAIL,Sequence / Simple causality,FAIL,PASS,PASS,PASS,"DST,HIST,LEVEL,PROG",REPAIR REQUIRED
nanjing-qinhuai-river,Lv4,grammarRepair,LANGUAGE,STORY,JourneyChallengePanel,EXPLICIT LANGUAGE OBJECTIVE + JOURNEY CONTEXT,PASS,游客,natural Chinese structural repair,NONE FOUND,PASS,FAIL,"weak/mechanical, false-world, or filler distractor; cognitive demand mismatches current band; Lv1→Lv10 logic repeats instead of deepening; cross-Gold grammar skeleton is reused",PASS,PASS,PASS,PASS/NOT PRIMARY,PASS,FAIL,Sequence / Simple causality,FAIL,PASS,PASS,FAIL,"DST,LEVEL,PROG,TEMPLATE",REPAIR REQUIRED
nanjing-qinhuai-river,Lv4,missingSentence,CAUSAL REASONING,LANGUAGE,JourneyChallengePanel,ACTIVE STORY,PASS,问题就在秦淮河古桥附近：一组装饰灯没有响应，而沿河开放时间已经逼近。,best bridge for active Story context,NONE FOUND,PASS,FAIL,"weak/mechanical, false-world, or filler distractor; cognitive demand mismatches current band; Lv1→Lv10 logic repeats instead of deepening; false world claim is used as a cheap distractor",FAIL,PASS,PASS,PASS/NOT PRIMARY,PASS,FAIL,Sequence / Simple causality,FAIL,PASS,PASS,PASS,"DST,HIST,LEVEL,PROG",REPAIR REQUIRED
nanjing-qinhuai-river,Lv5,paragraphRebuild,CAUSAL REASONING,LANGUAGE,JourneyChallengePanel,ACTIVE STORY,PASS,距离秦淮灯会试亮只剩七分钟，魏舟负责的秦淮河河岸段突然出现故障：古桥附近一组装饰灯失去响应。 / 人群已经在外围等待，沿河路线必须在规定时间前具备安全开放条件。 / 周工正在上游处理另一处异常，只通过对讲机让魏舟先判断现场。,active Story sequence,NONE FOUND,PASS,FAIL,"weak/mechanical, false-world, or filler distractor; cognitive demand mismatches current band; Lv1→Lv10 logic repeats instead of deepening; false world claim is used as a cheap distractor",FAIL,PASS,PASS,PASS/NOT PRIMARY,PASS,FAIL,Relationship / Choice / Historical cause,FAIL,PASS,PASS,PASS,"DST,HIST,LEVEL,PROG",REPAIR REQUIRED
nanjing-qinhuai-river,Lv5,grammarRepair,LANGUAGE,STORY,JourneyChallengePanel,EXPLICIT LANGUAGE OBJECTIVE + JOURNEY CONTEXT,PASS,而且让游客,natural Chinese structural repair,NONE FOUND,PASS,FAIL,"weak/mechanical, false-world, or filler distractor; cognitive demand mismatches current band; Lv1→Lv10 logic repeats instead of deepening; cross-Gold grammar skeleton is reused",PASS,PASS,PASS,PASS/NOT PRIMARY,PASS,FAIL,Relationship / Choice / Historical cause,FAIL,PASS,PASS,FAIL,"DST,LEVEL,PROG,TEMPLATE",REPAIR REQUIRED
nanjing-qinhuai-river,Lv5,missingSentence,CAUSAL REASONING,LANGUAGE,JourneyChallengePanel,ACTIVE STORY,PASS,人群已经在外围等待，沿河路线必须在规定时间前具备安全开放条件。,best bridge for active Story context,NONE FOUND,PASS,FAIL,"weak/mechanical, false-world, or filler distractor; cognitive demand mismatches current band; Lv1→Lv10 logic repeats instead of deepening; false world claim is used as a cheap distractor",FAIL,PASS,PASS,PASS/NOT PRIMARY,PASS,FAIL,Relationship / Choice / Historical cause,FAIL,PASS,PASS,PASS,"DST,HIST,LEVEL,PROG",REPAIR REQUIRED
nanjing-qinhuai-river,Lv6,paragraphRebuild,CAUSAL REASONING,LANGUAGE,JourneyChallengePanel,ACTIVE STORY,PASS,秦淮灯会正式亮灯前七分钟，魏舟负责的秦淮河沿岸控制区突然出现故障：古桥附近一段装饰灯没有响应。 / 外围已经开始放行准备，主要通行路线必须在开场前保持可用。 / 周工正被另一处异常拖在上游，只来得及通过对讲机说：“先判断，别等我。,active Story sequence,NONE FOUND,PASS,FAIL,"weak/mechanical, false-world, or filler distractor; cognitive demand mismatches current band; Lv1→Lv10 logic repeats instead of deepening; false world claim is used as a cheap distractor",FAIL,PASS,PASS,PASS/NOT PRIMARY,PASS,FAIL,Relationship / Choice / Historical cause,FAIL,PASS,PASS,PASS,"DST,HIST,LEVEL,PROG",REPAIR REQUIRED
nanjing-qinhuai-river,Lv6,grammarRepair,LANGUAGE,STORY,JourneyChallengePanel,EXPLICIT LANGUAGE OBJECTIVE + JOURNEY CONTEXT,PASS,而且让游客,natural Chinese structural repair,NONE FOUND,PASS,FAIL,"weak/mechanical, false-world, or filler distractor; cognitive demand mismatches current band; Lv1→Lv10 logic repeats instead of deepening; cross-Gold grammar skeleton is reused",PASS,PASS,PASS,PASS/NOT PRIMARY,PASS,FAIL,Relationship / Choice / Historical cause,FAIL,PASS,PASS,FAIL,"DST,LEVEL,PROG,TEMPLATE",REPAIR REQUIRED
nanjing-qinhuai-river,Lv6,missingSentence,CAUSAL REASONING,LANGUAGE,JourneyChallengePanel,ACTIVE STORY,PASS,外围已经开始放行准备，主要通行路线必须在开场前保持可用。,best bridge for active Story context,NONE FOUND,PASS,FAIL,"weak/mechanical, false-world, or filler distractor; cognitive demand mismatches current band; Lv1→Lv10 logic repeats instead of deepening; false world claim is used as a cheap distractor",FAIL,PASS,PASS,PASS/NOT PRIMARY,PASS,FAIL,Relationship / Choice / Historical cause,FAIL,PASS,PASS,PASS,"DST,HIST,LEVEL,PROG",REPAIR REQUIRED
nanjing-qinhuai-river,Lv7,paragraphRebuild,CAUSAL REASONING,LANGUAGE,JourneyChallengePanel,ACTIVE STORY,PASS,秦淮灯会开场倒计时进入最后七分钟时，魏舟负责的秦淮河沿岸段收到故障告警：古桥附近一组装饰灯停止响应。 / 外围人群已经等待，河岸主要路线必须按时达到安全通行条件。 / 周工正在上游排查另一处异常，无法赶回，只在对讲机里让魏舟自行判断。,active Story sequence,NONE FOUND,PASS,FAIL,"weak/mechanical, false-world, or filler distractor; cognitive demand mismatches current band; Lv1→Lv10 logic repeats instead of deepening; false world claim is used as a cheap distractor",FAIL,PASS,PASS,PASS/NOT PRIMARY,PASS,FAIL,Causal chain / Implicit meaning,FAIL,PASS,PASS,PASS,"DST,HIST,LEVEL,PROG",REPAIR REQUIRED
nanjing-qinhuai-river,Lv7,grammarRepair,LANGUAGE,STORY,JourneyChallengePanel,EXPLICIT LANGUAGE OBJECTIVE + JOURNEY CONTEXT,PASS,而且让游客,natural Chinese structural repair,NONE FOUND,PASS,FAIL,"weak/mechanical, false-world, or filler distractor; cognitive demand mismatches current band; Lv1→Lv10 logic repeats instead of deepening; cross-Gold grammar skeleton is reused",PASS,PASS,PASS,PASS/NOT PRIMARY,PASS,FAIL,Causal chain / Implicit meaning,FAIL,PASS,PASS,FAIL,"DST,LEVEL,PROG,TEMPLATE",REPAIR REQUIRED
nanjing-qinhuai-river,Lv7,missingSentence,CAUSAL REASONING,LANGUAGE,JourneyChallengePanel,ACTIVE STORY,PASS,外围人群已经等待，河岸主要路线必须按时达到安全通行条件。,best bridge for active Story context,NONE FOUND,PASS,FAIL,"weak/mechanical, false-world, or filler distractor; cognitive demand mismatches current band; Lv1→Lv10 logic repeats instead of deepening; false world claim is used as a cheap distractor",FAIL,PASS,PASS,PASS/NOT PRIMARY,PASS,FAIL,Causal chain / Implicit meaning,FAIL,PASS,PASS,PASS,"DST,HIST,LEVEL,PROG",REPAIR REQUIRED
nanjing-qinhuai-river,Lv8,paragraphRebuild,CAUSAL REASONING,LANGUAGE,JourneyChallengePanel,ACTIVE STORY,PASS,秦淮灯会亮灯序列启动前只剩七分钟，魏舟负责的秦淮河沿岸段突然出现故障告警：古桥附近一组装饰灯失去响应。 / 外围等待区已经进入开放准备，河岸的连续通行照明必须按计划具备使用条件。 / 周工正被上游另一处异常占住，只能通过对讲机要求魏舟先作现场判断。,active Story sequence,NONE FOUND,PASS,FAIL,"weak/mechanical, false-world, or filler distractor; cognitive demand mismatches current band; Lv1→Lv10 logic repeats instead of deepening; false world claim is used as a cheap distractor",FAIL,PASS,PASS,PASS/NOT PRIMARY,PASS,FAIL,Causal chain / Implicit meaning,FAIL,PASS,PASS,PASS,"DST,HIST,LEVEL,PROG",REPAIR REQUIRED
nanjing-qinhuai-river,Lv8,grammarRepair,LANGUAGE,STORY,JourneyChallengePanel,EXPLICIT LANGUAGE OBJECTIVE + JOURNEY CONTEXT,PASS,夜游路线因此,natural Chinese structural repair,NONE FOUND,PASS,FAIL,"weak/mechanical, false-world, or filler distractor; cognitive demand mismatches current band; Lv1→Lv10 logic repeats instead of deepening; cross-Gold grammar skeleton is reused",PASS,PASS,PASS,PASS/NOT PRIMARY,PASS,FAIL,Causal chain / Implicit meaning,FAIL,PASS,PASS,FAIL,"DST,LEVEL,PROG,TEMPLATE",REPAIR REQUIRED
nanjing-qinhuai-river,Lv8,missingSentence,CAUSAL REASONING,LANGUAGE,JourneyChallengePanel,ACTIVE STORY,PASS,外围等待区已经进入开放准备，河岸的连续通行照明必须按计划具备使用条件。,best bridge for active Story context,NONE FOUND,PASS,FAIL,"weak/mechanical, false-world, or filler distractor; cognitive demand mismatches current band; Lv1→Lv10 logic repeats instead of deepening; false world claim is used as a cheap distractor",FAIL,PASS,PASS,PASS/NOT PRIMARY,PASS,FAIL,Causal chain / Implicit meaning,FAIL,PASS,PASS,PASS,"DST,HIST,LEVEL,PROG",REPAIR REQUIRED
nanjing-qinhuai-river,Lv9,paragraphRebuild,CAUSAL REASONING,LANGUAGE,JourneyChallengePanel,ACTIVE STORY,PASS,秦淮灯会正式亮灯前七分钟，魏舟负责的秦淮河沿岸控制段突然报出故障：古桥附近的一组装饰灯完全失去响应。 / 外围已经进入开场准备，人群很快就会沿河移动，因此真正不能中断的是连续、可识别的通行照明。 / 周工此时正在上游处理另一处异常，无法赶回，只在对讲机里说了一句：“这段你先判断。,active Story sequence,NONE FOUND,PASS,FAIL,"weak/mechanical, false-world, or filler distractor; cognitive demand mismatches current band; Lv1→Lv10 logic repeats instead of deepening; false world claim is used as a cheap distractor",FAIL,PASS,PASS,PASS/NOT PRIMARY,PASS,FAIL,Integrated interpretation,FAIL,PASS,PASS,PASS,"DST,HIST,LEVEL,PROG",REPAIR REQUIRED
nanjing-qinhuai-river,Lv9,grammarRepair,LANGUAGE,STORY,JourneyChallengePanel,EXPLICIT LANGUAGE OBJECTIVE + JOURNEY CONTEXT,PASS,夜游路线因此,natural Chinese structural repair,NONE FOUND,PASS,FAIL,"weak/mechanical, false-world, or filler distractor; cognitive demand mismatches current band; Lv1→Lv10 logic repeats instead of deepening; cross-Gold grammar skeleton is reused",PASS,PASS,PASS,PASS/NOT PRIMARY,PASS,FAIL,Integrated interpretation,FAIL,PASS,PASS,FAIL,"DST,LEVEL,PROG,TEMPLATE",REPAIR REQUIRED
nanjing-qinhuai-river,Lv9,missingSentence,CAUSAL REASONING,LANGUAGE,JourneyChallengePanel,ACTIVE STORY,PASS,外围已经进入开场准备，人群很快就会沿河移动，因此真正不能中断的是连续、可识别的通行照明。,best bridge for active Story context,NONE FOUND,PASS,FAIL,"weak/mechanical, false-world, or filler distractor; cognitive demand mismatches current band; Lv1→Lv10 logic repeats instead of deepening; false world claim is used as a cheap distractor",FAIL,PASS,PASS,PASS/NOT PRIMARY,PASS,FAIL,Integrated interpretation,FAIL,PASS,PASS,PASS,"DST,HIST,LEVEL,PROG",REPAIR REQUIRED
nanjing-qinhuai-river,Lv10,paragraphRebuild,CAUSAL REASONING,LANGUAGE,JourneyChallengePanel,ACTIVE STORY,PASS,秦淮灯会的正式亮灯序列进入最后七分钟，魏舟负责的秦淮河沿岸控制段突然发出故障告警：古桥附近一组装饰灯失去响应。 / 外围已经进入开场准备，数分钟后人群将沿河移动，因此现场真正不可缺少的是连续、清晰并保持安全状态的通行照明。 / 周工正被上游另一处异常牵住，无法返回，只通过对讲机让魏舟先作决定。,active Story sequence,NONE FOUND,PASS,FAIL,"weak/mechanical, false-world, or filler distractor; cognitive demand mismatches current band; Lv1→Lv10 logic repeats instead of deepening; false world claim is used as a cheap distractor",FAIL,PASS,PASS,PASS/NOT PRIMARY,PASS,FAIL,Integrated interpretation,FAIL,PASS,PASS,PASS,"DST,HIST,LEVEL,PROG",REPAIR REQUIRED
nanjing-qinhuai-river,Lv10,grammarRepair,LANGUAGE,STORY,JourneyChallengePanel,EXPLICIT LANGUAGE OBJECTIVE + JOURNEY CONTEXT,PASS,夜游路线因此,natural Chinese structural repair,NONE FOUND,PASS,FAIL,"weak/mechanical, false-world, or filler distractor; cognitive demand mismatches current band; Lv1→Lv10 logic repeats instead of deepening; cross-Gold grammar skeleton is reused",PASS,PASS,PASS,PASS/NOT PRIMARY,PASS,FAIL,Integrated interpretation,FAIL,PASS,PASS,FAIL,"DST,LEVEL,PROG,TEMPLATE",REPAIR REQUIRED
nanjing-qinhuai-river,Lv10,missingSentence,CAUSAL REASONING,LANGUAGE,JourneyChallengePanel,ACTIVE STORY,PASS,外围已经进入开场准备，数分钟后人群将沿河移动，因此现场真正不可缺少的是连续、清晰并保持安全状态的通行照明。,best bridge for active Story context,NONE FOUND,PASS,FAIL,"weak/mechanical, false-world, or filler distractor; cognitive demand mismatches current band; Lv1→Lv10 logic repeats instead of deepening; false world claim is used as a cheap distractor",FAIL,PASS,PASS,PASS/NOT PRIMARY,PASS,FAIL,Integrated interpretation,FAIL,PASS,PASS,PASS,"DST,HIST,LEVEL,PROG",REPAIR REQUIRED
shanghai-bund,Lv1,paragraphRebuild,STORY,LANGUAGE,JourneyChallengePanel,ACTIVE STORY,PASS,林岸二十四岁，在外滩长大，也常帮家里整理货运和报关单。 / 这个晚上，他要去浦东陆家嘴，为第二天的新工作做准备。,active Story sequence,NONE FOUND,PASS,FAIL,"weak/mechanical, false-world, or filler distractor; Lv1→Lv10 logic repeats instead of deepening; false world claim is used as a cheap distractor",FAIL,PASS,PASS,PASS/NOT PRIMARY,PASS,PASS,Recognition / Basic comprehension,FAIL,PASS,PASS,PASS,"DST,HIST,PROG",REPAIR REQUIRED
shanghai-bund,Lv1,grammarRepair,LANGUAGE,STORY,JourneyChallengePanel,EXPLICIT LANGUAGE OBJECTIVE + JOURNEY CONTEXT,PASS,游客,natural Chinese structural repair,NONE FOUND,PASS,FAIL,"weak/mechanical, false-world, or filler distractor; Lv1→Lv10 logic repeats instead of deepening; cross-Gold grammar skeleton is reused",PASS,PASS,PASS,PASS/NOT PRIMARY,PASS,PASS,Recognition / Basic comprehension,FAIL,PASS,PASS,FAIL,"DST,PROG,TEMPLATE",REPAIR REQUIRED
shanghai-bund,Lv1,missingSentence,STORY,LANGUAGE,JourneyChallengePanel,ACTIVE STORY,PASS,这个晚上，他要去浦东陆家嘴，为第二天的新工作做准备。,best bridge for active Story context,NONE FOUND,PASS,FAIL,"weak/mechanical, false-world, or filler distractor; Lv1→Lv10 logic repeats instead of deepening; false world claim is used as a cheap distractor",FAIL,PASS,PASS,PASS/NOT PRIMARY,PASS,PASS,Recognition / Basic comprehension,FAIL,PASS,PASS,PASS,"DST,HIST,PROG",REPAIR REQUIRED
shanghai-bund,Lv2,paragraphRebuild,STORY,LANGUAGE,JourneyChallengePanel,ACTIVE STORY,PASS,林岸二十四岁，熟悉家里的货代和报关生意。 / 第二天，他将到陆家嘴一家金融科技公司的结算团队上班。,active Story sequence,NONE FOUND,PASS,FAIL,"weak/mechanical, false-world, or filler distractor; Lv1→Lv10 logic repeats instead of deepening; false world claim is used as a cheap distractor",FAIL,PASS,PASS,PASS/NOT PRIMARY,PASS,PASS,Recognition / Basic comprehension,FAIL,PASS,PASS,PASS,"DST,HIST,PROG",REPAIR REQUIRED
shanghai-bund,Lv2,grammarRepair,LANGUAGE,STORY,JourneyChallengePanel,EXPLICIT LANGUAGE OBJECTIVE + JOURNEY CONTEXT,PASS,游客,natural Chinese structural repair,NONE FOUND,PASS,FAIL,"weak/mechanical, false-world, or filler distractor; Lv1→Lv10 logic repeats instead of deepening; cross-Gold grammar skeleton is reused",PASS,PASS,PASS,PASS/NOT PRIMARY,PASS,PASS,Recognition / Basic comprehension,FAIL,PASS,PASS,FAIL,"DST,PROG,TEMPLATE",REPAIR REQUIRED
shanghai-bund,Lv2,missingSentence,STORY,LANGUAGE,JourneyChallengePanel,ACTIVE STORY,PASS,第二天，他将到陆家嘴一家金融科技公司的结算团队上班。,best bridge for active Story context,NONE FOUND,PASS,FAIL,"weak/mechanical, false-world, or filler distractor; Lv1→Lv10 logic repeats instead of deepening; false world claim is used as a cheap distractor",FAIL,PASS,PASS,PASS/NOT PRIMARY,PASS,PASS,Recognition / Basic comprehension,FAIL,PASS,PASS,PASS,"DST,HIST,PROG",REPAIR REQUIRED
shanghai-bund,Lv3,paragraphRebuild,CAUSAL REASONING,LANGUAGE,JourneyChallengePanel,ACTIVE STORY,PASS,林岸二十四岁，从小熟悉家里的货代和报关单。 / 第二天，他要到浦东陆家嘴一家金融科技公司的结算团队上班。,active Story sequence,NONE FOUND,PASS,FAIL,"weak/mechanical, false-world, or filler distractor; cognitive demand mismatches current band; Lv1→Lv10 logic repeats instead of deepening; false world claim is used as a cheap distractor",FAIL,PASS,PASS,PASS/NOT PRIMARY,PASS,FAIL,Sequence / Simple causality,FAIL,PASS,PASS,PASS,"DST,HIST,LEVEL,PROG",REPAIR REQUIRED
shanghai-bund,Lv3,grammarRepair,LANGUAGE,STORY,JourneyChallengePanel,EXPLICIT LANGUAGE OBJECTIVE + JOURNEY CONTEXT,PASS,游客,natural Chinese structural repair,NONE FOUND,PASS,FAIL,"weak/mechanical, false-world, or filler distractor; cognitive demand mismatches current band; Lv1→Lv10 logic repeats instead of deepening; cross-Gold grammar skeleton is reused",PASS,PASS,PASS,PASS/NOT PRIMARY,PASS,FAIL,Sequence / Simple causality,FAIL,PASS,PASS,FAIL,"DST,LEVEL,PROG,TEMPLATE",REPAIR REQUIRED
shanghai-bund,Lv3,missingSentence,CAUSAL REASONING,LANGUAGE,JourneyChallengePanel,ACTIVE STORY,PASS,第二天，他要到浦东陆家嘴一家金融科技公司的结算团队上班。,best bridge for active Story context,NONE FOUND,PASS,FAIL,"weak/mechanical, false-world, or filler distractor; cognitive demand mismatches current band; Lv1→Lv10 logic repeats instead of deepening; false world claim is used as a cheap distractor",FAIL,PASS,PASS,PASS/NOT PRIMARY,PASS,FAIL,Sequence / Simple causality,FAIL,PASS,PASS,PASS,"DST,HIST,LEVEL,PROG",REPAIR REQUIRED
shanghai-bund,Lv4,paragraphRebuild,CAUSAL REASONING,LANGUAGE,JourneyChallengePanel,ACTIVE STORY,PASS,林岸二十四岁，家里多年做货代与报关文件。 / 第二天，他将到浦东陆家嘴一家金融科技公司的结算团队报到。,active Story sequence,NONE FOUND,PASS,FAIL,"weak/mechanical, false-world, or filler distractor; cognitive demand mismatches current band; Lv1→Lv10 logic repeats instead of deepening; false world claim is used as a cheap distractor",FAIL,PASS,PASS,PASS/NOT PRIMARY,PASS,FAIL,Sequence / Simple causality,FAIL,PASS,PASS,PASS,"DST,HIST,LEVEL,PROG",REPAIR REQUIRED
shanghai-bund,Lv4,grammarRepair,LANGUAGE,STORY,JourneyChallengePanel,EXPLICIT LANGUAGE OBJECTIVE + JOURNEY CONTEXT,PASS,游客,natural Chinese structural repair,NONE FOUND,PASS,FAIL,"weak/mechanical, false-world, or filler distractor; cognitive demand mismatches current band; Lv1→Lv10 logic repeats instead of deepening; cross-Gold grammar skeleton is reused",PASS,PASS,PASS,PASS/NOT PRIMARY,PASS,FAIL,Sequence / Simple causality,FAIL,PASS,PASS,FAIL,"DST,LEVEL,PROG,TEMPLATE",REPAIR REQUIRED
shanghai-bund,Lv4,missingSentence,CAUSAL REASONING,LANGUAGE,JourneyChallengePanel,ACTIVE STORY,PASS,第二天，他将到浦东陆家嘴一家金融科技公司的结算团队报到。,best bridge for active Story context,NONE FOUND,PASS,FAIL,"weak/mechanical, false-world, or filler distractor; cognitive demand mismatches current band; Lv1→Lv10 logic repeats instead of deepening; false world claim is used as a cheap distractor",FAIL,PASS,PASS,PASS/NOT PRIMARY,PASS,FAIL,Sequence / Simple causality,FAIL,PASS,PASS,PASS,"DST,HIST,LEVEL,PROG",REPAIR REQUIRED
shanghai-bund,Lv5,paragraphRebuild,CAUSAL REASONING,LANGUAGE,JourneyChallengePanel,ACTIVE STORY,PASS,林岸二十四岁，成长在一个与上海港口贸易相连的家庭。 / 家里的货代生意不大，桌上却常有订舱资料、报关文件、提单副本和结算凭证。 / 第二天，他将到浦东陆家嘴一家金融科技公司的结算团队上班。,active Story sequence,NONE FOUND,PASS,FAIL,"weak/mechanical, false-world, or filler distractor; cognitive demand mismatches current band; Lv1→Lv10 logic repeats instead of deepening; false world claim is used as a cheap distractor",FAIL,PASS,PASS,PASS/NOT PRIMARY,PASS,FAIL,Relationship / Choice / Historical cause,FAIL,PASS,PASS,PASS,"DST,HIST,LEVEL,PROG",REPAIR REQUIRED
shanghai-bund,Lv5,grammarRepair,LANGUAGE,STORY,JourneyChallengePanel,EXPLICIT LANGUAGE OBJECTIVE + JOURNEY CONTEXT,PASS,而且让游客,natural Chinese structural repair,NONE FOUND,PASS,FAIL,"weak/mechanical, false-world, or filler distractor; cognitive demand mismatches current band; Lv1→Lv10 logic repeats instead of deepening; cross-Gold grammar skeleton is reused",PASS,PASS,PASS,PASS/NOT PRIMARY,PASS,FAIL,Relationship / Choice / Historical cause,FAIL,PASS,PASS,FAIL,"DST,LEVEL,PROG,TEMPLATE",REPAIR REQUIRED
shanghai-bund,Lv5,missingSentence,CAUSAL REASONING,LANGUAGE,JourneyChallengePanel,ACTIVE STORY,PASS,家里的货代生意不大，桌上却常有订舱资料、报关文件、提单副本和结算凭证。,best bridge for active Story context,NONE FOUND,PASS,FAIL,"weak/mechanical, false-world, or filler distractor; cognitive demand mismatches current band; Lv1→Lv10 logic repeats instead of deepening; false world claim is used as a cheap distractor",FAIL,PASS,PASS,PASS/NOT PRIMARY,PASS,FAIL,Relationship / Choice / Historical cause,FAIL,PASS,PASS,PASS,"DST,HIST,LEVEL,PROG",REPAIR REQUIRED
shanghai-bund,Lv6,paragraphRebuild,CAUSAL REASONING,LANGUAGE,JourneyChallengePanel,ACTIVE STORY,PASS,林岸二十四岁，成长在一个与上海港口贸易相连的家庭。 / 父母做货代与单证业务，他从小见惯订舱确认、报关资料、提单副本和结算凭证。 / 第二天，他要到浦东陆家嘴一家金融科技公司的结算团队报到，参与更快的跨机构支付与资金交收。,active Story sequence,NONE FOUND,PASS,FAIL,"weak/mechanical, false-world, or filler distractor; cognitive demand mismatches current band; Lv1→Lv10 logic repeats instead of deepening; false world claim is used as a cheap distractor",FAIL,PASS,PASS,PASS/NOT PRIMARY,PASS,FAIL,Relationship / Choice / Historical cause,FAIL,PASS,PASS,PASS,"DST,HIST,LEVEL,PROG",REPAIR REQUIRED
shanghai-bund,Lv6,grammarRepair,LANGUAGE,STORY,JourneyChallengePanel,EXPLICIT LANGUAGE OBJECTIVE + JOURNEY CONTEXT,PASS,而且让游客,natural Chinese structural repair,NONE FOUND,PASS,FAIL,"weak/mechanical, false-world, or filler distractor; cognitive demand mismatches current band; Lv1→Lv10 logic repeats instead of deepening; cross-Gold grammar skeleton is reused",PASS,PASS,PASS,PASS/NOT PRIMARY,PASS,FAIL,Relationship / Choice / Historical cause,FAIL,PASS,PASS,FAIL,"DST,LEVEL,PROG,TEMPLATE",REPAIR REQUIRED
shanghai-bund,Lv6,missingSentence,CAUSAL REASONING,LANGUAGE,JourneyChallengePanel,ACTIVE STORY,PASS,父母做货代与单证业务，他从小见惯订舱确认、报关资料、提单副本和结算凭证。,best bridge for active Story context,NONE FOUND,PASS,FAIL,"weak/mechanical, false-world, or filler distractor; cognitive demand mismatches current band; Lv1→Lv10 logic repeats instead of deepening; false world claim is used as a cheap distractor",FAIL,PASS,PASS,PASS/NOT PRIMARY,PASS,FAIL,Relationship / Choice / Historical cause,FAIL,PASS,PASS,PASS,"DST,HIST,LEVEL,PROG",REPAIR REQUIRED
shanghai-bund,Lv7,paragraphRebuild,CAUSAL REASONING,LANGUAGE,JourneyChallengePanel,ACTIVE STORY,PASS,林岸二十四岁，成长在一个与上海港口贸易相连的家庭。 / 父母经营货代与单证业务，办公室里没有传奇，只有订舱确认、报关资料、提单副本和反复核对的结算数字。 / 第二天，他将到浦东陆家嘴一家金融科技公司的结算团队报到，参与跨机构支付与资金交收。,active Story sequence,NONE FOUND,PASS,FAIL,"weak/mechanical, false-world, or filler distractor; cognitive demand mismatches current band; Lv1→Lv10 logic repeats instead of deepening; false world claim is used as a cheap distractor",FAIL,PASS,PASS,PASS/NOT PRIMARY,PASS,FAIL,Causal chain / Implicit meaning,FAIL,PASS,PASS,PASS,"DST,HIST,LEVEL,PROG",REPAIR REQUIRED
shanghai-bund,Lv7,grammarRepair,LANGUAGE,STORY,JourneyChallengePanel,EXPLICIT LANGUAGE OBJECTIVE + JOURNEY CONTEXT,PASS,而且让游客,natural Chinese structural repair,NONE FOUND,PASS,FAIL,"weak/mechanical, false-world, or filler distractor; cognitive demand mismatches current band; Lv1→Lv10 logic repeats instead of deepening; cross-Gold grammar skeleton is reused",PASS,PASS,PASS,PASS/NOT PRIMARY,PASS,FAIL,Causal chain / Implicit meaning,FAIL,PASS,PASS,FAIL,"DST,LEVEL,PROG,TEMPLATE",REPAIR REQUIRED
shanghai-bund,Lv7,missingSentence,CAUSAL REASONING,LANGUAGE,JourneyChallengePanel,ACTIVE STORY,PASS,父母经营货代与单证业务，办公室里没有传奇，只有订舱确认、报关资料、提单副本和反复核对的结算数字。,best bridge for active Story context,NONE FOUND,PASS,FAIL,"weak/mechanical, false-world, or filler distractor; cognitive demand mismatches current band; Lv1→Lv10 logic repeats instead of deepening; false world claim is used as a cheap distractor",FAIL,PASS,PASS,PASS/NOT PRIMARY,PASS,FAIL,Causal chain / Implicit meaning,FAIL,PASS,PASS,PASS,"DST,HIST,LEVEL,PROG",REPAIR REQUIRED
shanghai-bund,Lv8,paragraphRebuild,CAUSAL REASONING,LANGUAGE,JourneyChallengePanel,ACTIVE STORY,PASS,林岸二十四岁，成长在一个与上海港口贸易相连的家庭。 / 父母的货代和单证业务从来不浪漫：改船期、核对报关资料、追提单副本、确认运费和结算条件，都是日常。 / 第二天，他将到浦东陆家嘴一家金融科技公司的结算团队报到，参与跨机构支付与资金交收。,active Story sequence,NONE FOUND,PASS,FAIL,"weak/mechanical, false-world, or filler distractor; cognitive demand mismatches current band; Lv1→Lv10 logic repeats instead of deepening; false world claim is used as a cheap distractor",FAIL,PASS,PASS,PASS/NOT PRIMARY,PASS,FAIL,Causal chain / Implicit meaning,FAIL,PASS,PASS,PASS,"DST,HIST,LEVEL,PROG",REPAIR REQUIRED
shanghai-bund,Lv8,grammarRepair,LANGUAGE,STORY,JourneyChallengePanel,EXPLICIT LANGUAGE OBJECTIVE + JOURNEY CONTEXT,PASS,新旧天际线因此,natural Chinese structural repair,NONE FOUND,PASS,FAIL,"weak/mechanical, false-world, or filler distractor; cognitive demand mismatches current band; Lv1→Lv10 logic repeats instead of deepening; cross-Gold grammar skeleton is reused",PASS,PASS,PASS,PASS/NOT PRIMARY,PASS,FAIL,Causal chain / Implicit meaning,FAIL,PASS,PASS,FAIL,"DST,LEVEL,PROG,TEMPLATE",REPAIR REQUIRED
shanghai-bund,Lv8,missingSentence,CAUSAL REASONING,LANGUAGE,JourneyChallengePanel,ACTIVE STORY,PASS,父母的货代和单证业务从来不浪漫：改船期、核对报关资料、追提单副本、确认运费和结算条件，都是日常。,best bridge for active Story context,NONE FOUND,PASS,FAIL,"weak/mechanical, false-world, or filler distractor; cognitive demand mismatches current band; Lv1→Lv10 logic repeats instead of deepening; false world claim is used as a cheap distractor",FAIL,PASS,PASS,PASS/NOT PRIMARY,PASS,FAIL,Causal chain / Implicit meaning,FAIL,PASS,PASS,PASS,"DST,HIST,LEVEL,PROG",REPAIR REQUIRED
shanghai-bund,Lv9,paragraphRebuild,CAUSAL REASONING,LANGUAGE,JourneyChallengePanel,ACTIVE STORY,PASS,林岸二十四岁，成长在一个与上海港口贸易相连的家庭。 / 父母经营货代与单证业务，日常是更改船期、核对报关资料、追提单副本、确认运费与结算条件。 / 小时候，他只觉得文件占满餐桌；长大后，他选择了另一条路。,active Story sequence,NONE FOUND,PASS,FAIL,"weak/mechanical, false-world, or filler distractor; cognitive demand mismatches current band; Lv1→Lv10 logic repeats instead of deepening; false world claim is used as a cheap distractor",FAIL,PASS,PASS,PASS/NOT PRIMARY,PASS,FAIL,Integrated interpretation,FAIL,PASS,PASS,PASS,"DST,HIST,LEVEL,PROG",REPAIR REQUIRED
shanghai-bund,Lv9,grammarRepair,LANGUAGE,STORY,JourneyChallengePanel,EXPLICIT LANGUAGE OBJECTIVE + JOURNEY CONTEXT,PASS,新旧天际线因此,natural Chinese structural repair,NONE FOUND,PASS,FAIL,"weak/mechanical, false-world, or filler distractor; cognitive demand mismatches current band; Lv1→Lv10 logic repeats instead of deepening; cross-Gold grammar skeleton is reused",PASS,PASS,PASS,PASS/NOT PRIMARY,PASS,FAIL,Integrated interpretation,FAIL,PASS,PASS,FAIL,"DST,LEVEL,PROG,TEMPLATE",REPAIR REQUIRED
shanghai-bund,Lv9,missingSentence,CAUSAL REASONING,LANGUAGE,JourneyChallengePanel,ACTIVE STORY,PASS,父母经营货代与单证业务，日常是更改船期、核对报关资料、追提单副本、确认运费与结算条件。,best bridge for active Story context,NONE FOUND,PASS,FAIL,"weak/mechanical, false-world, or filler distractor; cognitive demand mismatches current band; Lv1→Lv10 logic repeats instead of deepening; false world claim is used as a cheap distractor",FAIL,PASS,PASS,PASS/NOT PRIMARY,PASS,FAIL,Integrated interpretation,FAIL,PASS,PASS,PASS,"DST,HIST,LEVEL,PROG",REPAIR REQUIRED
shanghai-bund,Lv10,paragraphRebuild,CAUSAL REASONING,LANGUAGE,JourneyChallengePanel,ACTIVE STORY,PASS,林岸二十四岁，成长在一个与上海港口贸易相连的家庭。 / 父母经营的货代与单证业务，日常是临时更改船期、反复核对报关资料、追一份提单副本、确认运费与结算条件。 / 小时候，他嫌文件占满餐桌；读大学后，他更愿意相信“新”意味着摆脱纸面流程。,active Story sequence,NONE FOUND,PASS,FAIL,"weak/mechanical, false-world, or filler distractor; cognitive demand mismatches current band; Lv1→Lv10 logic repeats instead of deepening; false world claim is used as a cheap distractor",FAIL,PASS,PASS,PASS/NOT PRIMARY,PASS,FAIL,Integrated interpretation,FAIL,PASS,PASS,PASS,"DST,HIST,LEVEL,PROG",REPAIR REQUIRED
shanghai-bund,Lv10,grammarRepair,LANGUAGE,STORY,JourneyChallengePanel,EXPLICIT LANGUAGE OBJECTIVE + JOURNEY CONTEXT,PASS,新旧天际线因此,natural Chinese structural repair,NONE FOUND,PASS,FAIL,"weak/mechanical, false-world, or filler distractor; cognitive demand mismatches current band; Lv1→Lv10 logic repeats instead of deepening; cross-Gold grammar skeleton is reused",PASS,PASS,PASS,PASS/NOT PRIMARY,PASS,FAIL,Integrated interpretation,FAIL,PASS,PASS,FAIL,"DST,LEVEL,PROG,TEMPLATE",REPAIR REQUIRED
shanghai-bund,Lv10,missingSentence,CAUSAL REASONING,LANGUAGE,JourneyChallengePanel,ACTIVE STORY,PASS,父母经营的货代与单证业务，日常是临时更改船期、反复核对报关资料、追一份提单副本、确认运费与结算条件。,best bridge for active Story context,NONE FOUND,PASS,FAIL,"weak/mechanical, false-world, or filler distractor; cognitive demand mismatches current band; Lv1→Lv10 logic repeats instead of deepening; false world claim is used as a cheap distractor",FAIL,PASS,PASS,PASS/NOT PRIMARY,PASS,FAIL,Integrated interpretation,FAIL,PASS,PASS,PASS,"DST,HIST,LEVEL,PROG",REPAIR REQUIRED
suzhou-humble-administrators-garden,Lv1,paragraphRebuild,STORY,LANGUAGE,JourneyChallengePanel,ACTIVE STORY,PASS,下周一，十二岁的程朗要开始自己坐车上学。 / 星期天，外婆陈玉兰带他到拙政园。,active Story sequence,NONE FOUND,PASS,PASS,Lv1→Lv10 logic repeats instead of deepening,PASS,PASS,PASS,PASS/NOT PRIMARY,PASS,PASS,Recognition / Basic comprehension,FAIL,PASS,PASS,PASS,PROG,REPAIR REQUIRED
suzhou-humble-administrators-garden,Lv1,grammarRepair,LANGUAGE,STORY,JourneyChallengePanel,EXPLICIT LANGUAGE OBJECTIVE + JOURNEY CONTEXT,PASS,游客,natural Chinese structural repair,NONE FOUND,PASS,FAIL,"weak/mechanical, false-world, or filler distractor; Lv1→Lv10 logic repeats instead of deepening; cross-Gold grammar skeleton is reused",PASS,PASS,PASS,PASS/NOT PRIMARY,PASS,PASS,Recognition / Basic comprehension,FAIL,PASS,PASS,FAIL,"DST,PROG,TEMPLATE",REPAIR REQUIRED
suzhou-humble-administrators-garden,Lv1,missingSentence,STORY,LANGUAGE,JourneyChallengePanel,ACTIVE STORY,PASS,星期天，外婆陈玉兰带他到拙政园。,best bridge for active Story context,NONE FOUND,PASS,FAIL,"weak/mechanical, false-world, or filler distractor; Lv1→Lv10 logic repeats instead of deepening",PASS,PASS,PASS,PASS/NOT PRIMARY,PASS,PASS,Recognition / Basic comprehension,FAIL,PASS,PASS,PASS,"DST,PROG",REPAIR REQUIRED
suzhou-humble-administrators-garden,Lv2,paragraphRebuild,STORY,LANGUAGE,JourneyChallengePanel,ACTIVE STORY,PASS,下周一，十二岁的程朗要开始自己坐车去初中。 / 六年来，外婆陈玉兰几乎每天都接他放学。,active Story sequence,NONE FOUND,PASS,PASS,Lv1→Lv10 logic repeats instead of deepening,PASS,PASS,PASS,PASS/NOT PRIMARY,PASS,PASS,Recognition / Basic comprehension,FAIL,PASS,PASS,PASS,PROG,REPAIR REQUIRED
suzhou-humble-administrators-garden,Lv2,grammarRepair,LANGUAGE,STORY,JourneyChallengePanel,EXPLICIT LANGUAGE OBJECTIVE + JOURNEY CONTEXT,PASS,游客,natural Chinese structural repair,NONE FOUND,PASS,FAIL,"weak/mechanical, false-world, or filler distractor; Lv1→Lv10 logic repeats instead of deepening; cross-Gold grammar skeleton is reused",PASS,PASS,PASS,PASS/NOT PRIMARY,PASS,PASS,Recognition / Basic comprehension,FAIL,PASS,PASS,FAIL,"DST,PROG,TEMPLATE",REPAIR REQUIRED
suzhou-humble-administrators-garden,Lv2,missingSentence,STORY,LANGUAGE,JourneyChallengePanel,ACTIVE STORY,PASS,六年来，外婆陈玉兰几乎每天都接他放学。,best bridge for active Story context,NONE FOUND,PASS,FAIL,"weak/mechanical, false-world, or filler distractor; Lv1→Lv10 logic repeats instead of deepening",PASS,PASS,PASS,PASS/NOT PRIMARY,PASS,PASS,Recognition / Basic comprehension,FAIL,PASS,PASS,PASS,"DST,PROG",REPAIR REQUIRED
suzhou-humble-administrators-garden,Lv3,paragraphRebuild,CAUSAL REASONING,LANGUAGE,JourneyChallengePanel,ACTIVE STORY,PASS,下周一，十二岁的程朗要开始自己坐车去初中。 / 六年来，外婆陈玉兰几乎每天都接他放学。,active Story sequence,NONE FOUND,PASS,PASS,cognitive demand mismatches current band; Lv1→Lv10 logic repeats instead of deepening,PASS,PASS,PASS,PASS/NOT PRIMARY,PASS,FAIL,Sequence / Simple causality,FAIL,PASS,PASS,PASS,"LEVEL,PROG",REPAIR REQUIRED
suzhou-humble-administrators-garden,Lv3,grammarRepair,LANGUAGE,STORY,JourneyChallengePanel,EXPLICIT LANGUAGE OBJECTIVE + JOURNEY CONTEXT,PASS,游客,natural Chinese structural repair,NONE FOUND,PASS,FAIL,"weak/mechanical, false-world, or filler distractor; cognitive demand mismatches current band; Lv1→Lv10 logic repeats instead of deepening; cross-Gold grammar skeleton is reused",PASS,PASS,PASS,PASS/NOT PRIMARY,PASS,FAIL,Sequence / Simple causality,FAIL,PASS,PASS,FAIL,"DST,LEVEL,PROG,TEMPLATE",REPAIR REQUIRED
suzhou-humble-administrators-garden,Lv3,missingSentence,CAUSAL REASONING,LANGUAGE,JourneyChallengePanel,ACTIVE STORY,PASS,六年来，外婆陈玉兰几乎每天都接他放学。,best bridge for active Story context,NONE FOUND,PASS,FAIL,"weak/mechanical, false-world, or filler distractor; cognitive demand mismatches current band; Lv1→Lv10 logic repeats instead of deepening",PASS,PASS,PASS,PASS/NOT PRIMARY,PASS,FAIL,Sequence / Simple causality,FAIL,PASS,PASS,PASS,"DST,LEVEL,PROG",REPAIR REQUIRED
suzhou-humble-administrators-garden,Lv4,paragraphRebuild,CAUSAL REASONING,LANGUAGE,JourneyChallengePanel,ACTIVE STORY,PASS,下周一，十二岁的程朗要开始自己坐车去初中。 / 六年来，外婆陈玉兰几乎每天都接他放学；这个星期天，她带他到拙政园，程朗第一次认真说：“今天让我走前面吧，我在下一处等你。,active Story sequence,NONE FOUND,PASS,PASS,cognitive demand mismatches current band; Lv1→Lv10 logic repeats instead of deepening,PASS,PASS,PASS,PASS/NOT PRIMARY,PASS,FAIL,Sequence / Simple causality,FAIL,PASS,PASS,PASS,"LEVEL,PROG",REPAIR REQUIRED
suzhou-humble-administrators-garden,Lv4,grammarRepair,LANGUAGE,STORY,JourneyChallengePanel,EXPLICIT LANGUAGE OBJECTIVE + JOURNEY CONTEXT,PASS,游客,natural Chinese structural repair,NONE FOUND,PASS,FAIL,"weak/mechanical, false-world, or filler distractor; cognitive demand mismatches current band; Lv1→Lv10 logic repeats instead of deepening; cross-Gold grammar skeleton is reused",PASS,PASS,PASS,PASS/NOT PRIMARY,PASS,FAIL,Sequence / Simple causality,FAIL,PASS,PASS,FAIL,"DST,LEVEL,PROG,TEMPLATE",REPAIR REQUIRED
suzhou-humble-administrators-garden,Lv4,missingSentence,CAUSAL REASONING,LANGUAGE,JourneyChallengePanel,ACTIVE STORY,PASS,六年来，外婆陈玉兰几乎每天都接他放学；这个星期天，她带他到拙政园，程朗第一次认真说：“今天让我走前面吧，我在下一处等你。,best bridge for active Story context,NONE FOUND,PASS,PASS,cognitive demand mismatches current band; Lv1→Lv10 logic repeats instead of deepening,PASS,PASS,PASS,PASS/NOT PRIMARY,PASS,FAIL,Sequence / Simple causality,FAIL,PASS,PASS,PASS,"LEVEL,PROG",REPAIR REQUIRED
suzhou-humble-administrators-garden,Lv5,paragraphRebuild,CAUSAL REASONING,LANGUAGE,JourneyChallengePanel,ACTIVE STORY,PASS,下周一，十二岁的程朗要开始自己坐车去初中。 / 六年来，外婆陈玉兰几乎每天都去接他放学；这个星期天，她带他来到拙政园，程朗第一次认真提出：“今天让我走前面吧，我在下一处等你。 / ”陈玉兰看了他一眼，只说：“别走太快。,active Story sequence,NONE FOUND,PASS,PASS,cognitive demand mismatches current band; Lv1→Lv10 logic repeats instead of deepening,PASS,PASS,PASS,PASS/NOT PRIMARY,PASS,FAIL,Relationship / Choice / Historical cause,FAIL,PASS,PASS,PASS,"LEVEL,PROG",REPAIR REQUIRED
suzhou-humble-administrators-garden,Lv5,grammarRepair,LANGUAGE,STORY,JourneyChallengePanel,EXPLICIT LANGUAGE OBJECTIVE + JOURNEY CONTEXT,PASS,而且让游客,natural Chinese structural repair,NONE FOUND,PASS,FAIL,"weak/mechanical, false-world, or filler distractor; cognitive demand mismatches current band; Lv1→Lv10 logic repeats instead of deepening; cross-Gold grammar skeleton is reused",PASS,PASS,PASS,PASS/NOT PRIMARY,PASS,FAIL,Relationship / Choice / Historical cause,FAIL,PASS,PASS,FAIL,"DST,LEVEL,PROG,TEMPLATE",REPAIR REQUIRED
suzhou-humble-administrators-garden,Lv5,missingSentence,CAUSAL REASONING,LANGUAGE,JourneyChallengePanel,ACTIVE STORY,PASS,六年来，外婆陈玉兰几乎每天都去接他放学；这个星期天，她带他来到拙政园，程朗第一次认真提出：“今天让我走前面吧，我在下一处等你。,best bridge for active Story context,NONE FOUND,PASS,PASS,cognitive demand mismatches current band; Lv1→Lv10 logic repeats instead of deepening,PASS,PASS,PASS,PASS/NOT PRIMARY,PASS,FAIL,Relationship / Choice / Historical cause,FAIL,PASS,PASS,PASS,"LEVEL,PROG",REPAIR REQUIRED
suzhou-humble-administrators-garden,Lv6,paragraphRebuild,CAUSAL REASONING,LANGUAGE,JourneyChallengePanel,ACTIVE STORY,PASS,下周一，十二岁的程朗要开始自己坐车去初中。 / 六年来，外婆陈玉兰几乎每天都去接他放学；这个星期天，她带他来到拙政园，程朗第一次认真提出：“今天让我走前面吧，我在下一处等你。 / ”陈玉兰看了他一眼，只说：“别走太快。,active Story sequence,NONE FOUND,PASS,PASS,cognitive demand mismatches current band; Lv1→Lv10 logic repeats instead of deepening,PASS,PASS,PASS,PASS/NOT PRIMARY,PASS,FAIL,Relationship / Choice / Historical cause,FAIL,PASS,PASS,PASS,"LEVEL,PROG",REPAIR REQUIRED
suzhou-humble-administrators-garden,Lv6,grammarRepair,LANGUAGE,STORY,JourneyChallengePanel,EXPLICIT LANGUAGE OBJECTIVE + JOURNEY CONTEXT,PASS,而且让游客,natural Chinese structural repair,NONE FOUND,PASS,FAIL,"weak/mechanical, false-world, or filler distractor; cognitive demand mismatches current band; Lv1→Lv10 logic repeats instead of deepening; cross-Gold grammar skeleton is reused",PASS,PASS,PASS,PASS/NOT PRIMARY,PASS,FAIL,Relationship / Choice / Historical cause,FAIL,PASS,PASS,FAIL,"DST,LEVEL,PROG,TEMPLATE",REPAIR REQUIRED
suzhou-humble-administrators-garden,Lv6,missingSentence,CAUSAL REASONING,LANGUAGE,JourneyChallengePanel,ACTIVE STORY,PASS,六年来，外婆陈玉兰几乎每天都去接他放学；这个星期天，她带他来到拙政园，程朗第一次认真提出：“今天让我走前面吧，我在下一处等你。,best bridge for active Story context,NONE FOUND,PASS,PASS,cognitive demand mismatches current band; Lv1→Lv10 logic repeats instead of deepening,PASS,PASS,PASS,PASS/NOT PRIMARY,PASS,FAIL,Relationship / Choice / Historical cause,FAIL,PASS,PASS,PASS,"LEVEL,PROG",REPAIR REQUIRED
suzhou-humble-administrators-garden,Lv7,paragraphRebuild,CAUSAL REASONING,LANGUAGE,JourneyChallengePanel,ACTIVE STORY,PASS,下周一，十二岁的程朗要开始自己坐车去初中。 / 六年来，外婆陈玉兰几乎每天都去接他放学；这个星期天，她带他来到拙政园，程朗第一次认真提出：“今天让我走前面吧，我在下一处等你。 / ”陈玉兰看了他一眼，只说：“别走太快。,active Story sequence,NONE FOUND,PASS,PASS,cognitive demand mismatches current band; Lv1→Lv10 logic repeats instead of deepening,PASS,PASS,PASS,PASS/NOT PRIMARY,PASS,FAIL,Causal chain / Implicit meaning,FAIL,PASS,PASS,PASS,"LEVEL,PROG",REPAIR REQUIRED
suzhou-humble-administrators-garden,Lv7,grammarRepair,LANGUAGE,STORY,JourneyChallengePanel,EXPLICIT LANGUAGE OBJECTIVE + JOURNEY CONTEXT,PASS,而且让游客,natural Chinese structural repair,NONE FOUND,PASS,FAIL,"weak/mechanical, false-world, or filler distractor; cognitive demand mismatches current band; Lv1→Lv10 logic repeats instead of deepening; cross-Gold grammar skeleton is reused",PASS,PASS,PASS,PASS/NOT PRIMARY,PASS,FAIL,Causal chain / Implicit meaning,FAIL,PASS,PASS,FAIL,"DST,LEVEL,PROG,TEMPLATE",REPAIR REQUIRED
suzhou-humble-administrators-garden,Lv7,missingSentence,CAUSAL REASONING,LANGUAGE,JourneyChallengePanel,ACTIVE STORY,PASS,六年来，外婆陈玉兰几乎每天都去接他放学；这个星期天，她带他来到拙政园，程朗第一次认真提出：“今天让我走前面吧，我在下一处等你。,best bridge for active Story context,NONE FOUND,PASS,PASS,cognitive demand mismatches current band; Lv1→Lv10 logic repeats instead of deepening,PASS,PASS,PASS,PASS/NOT PRIMARY,PASS,FAIL,Causal chain / Implicit meaning,FAIL,PASS,PASS,PASS,"LEVEL,PROG",REPAIR REQUIRED
suzhou-humble-administrators-garden,Lv8,paragraphRebuild,CAUSAL REASONING,LANGUAGE,JourneyChallengePanel,ACTIVE STORY,PASS,下周一，十二岁的程朗要开始自己坐车去初中。 / 六年来，外婆陈玉兰几乎每天都去接他放学；这个星期天，她带他来到拙政园，程朗第一次认真提出：“今天让我走前面吧，我在下一处等你。 / ”陈玉兰看了他一眼，只说：“别走太快。,active Story sequence,NONE FOUND,PASS,PASS,cognitive demand mismatches current band; Lv1→Lv10 logic repeats instead of deepening,PASS,PASS,PASS,PASS/NOT PRIMARY,PASS,FAIL,Causal chain / Implicit meaning,FAIL,PASS,PASS,PASS,"LEVEL,PROG",REPAIR REQUIRED
suzhou-humble-administrators-garden,Lv8,grammarRepair,LANGUAGE,STORY,JourneyChallengePanel,EXPLICIT LANGUAGE OBJECTIVE + JOURNEY CONTEXT,PASS,园林视野因此,natural Chinese structural repair,NONE FOUND,PASS,FAIL,"weak/mechanical, false-world, or filler distractor; cognitive demand mismatches current band; Lv1→Lv10 logic repeats instead of deepening; cross-Gold grammar skeleton is reused",PASS,PASS,PASS,PASS/NOT PRIMARY,PASS,FAIL,Causal chain / Implicit meaning,FAIL,PASS,PASS,FAIL,"DST,LEVEL,PROG,TEMPLATE",REPAIR REQUIRED
suzhou-humble-administrators-garden,Lv8,missingSentence,CAUSAL REASONING,LANGUAGE,JourneyChallengePanel,ACTIVE STORY,PASS,六年来，外婆陈玉兰几乎每天都去接他放学；这个星期天，她带他来到拙政园，程朗第一次认真提出：“今天让我走前面吧，我在下一处等你。,best bridge for active Story context,NONE FOUND,PASS,FAIL,"weak/mechanical, false-world, or filler distractor; cognitive demand mismatches current band; Lv1→Lv10 logic repeats instead of deepening",PASS,PASS,PASS,PASS/NOT PRIMARY,PASS,FAIL,Causal chain / Implicit meaning,FAIL,PASS,PASS,PASS,"DST,LEVEL,PROG",REPAIR REQUIRED
suzhou-humble-administrators-garden,Lv9,paragraphRebuild,CAUSAL REASONING,LANGUAGE,JourneyChallengePanel,ACTIVE STORY,PASS,下周一，十二岁的程朗要开始自己坐车去初中。 / 六年来，外婆陈玉兰几乎每天都去接他放学；这个星期天，她带他来到拙政园，程朗第一次认真提出：“今天让我走前面吧，我在下一处等你。 / ”陈玉兰看了他一眼，只说：“别走太快。,active Story sequence,NONE FOUND,PASS,PASS,cognitive demand mismatches current band; Lv1→Lv10 logic repeats instead of deepening,PASS,PASS,PASS,PASS/NOT PRIMARY,PASS,FAIL,Integrated interpretation,FAIL,PASS,PASS,PASS,"LEVEL,PROG",REPAIR REQUIRED
suzhou-humble-administrators-garden,Lv9,grammarRepair,LANGUAGE,STORY,JourneyChallengePanel,EXPLICIT LANGUAGE OBJECTIVE + JOURNEY CONTEXT,PASS,园林视野因此,natural Chinese structural repair,NONE FOUND,PASS,FAIL,"weak/mechanical, false-world, or filler distractor; cognitive demand mismatches current band; Lv1→Lv10 logic repeats instead of deepening; cross-Gold grammar skeleton is reused",PASS,PASS,PASS,PASS/NOT PRIMARY,PASS,FAIL,Integrated interpretation,FAIL,PASS,PASS,FAIL,"DST,LEVEL,PROG,TEMPLATE",REPAIR REQUIRED
suzhou-humble-administrators-garden,Lv9,missingSentence,CAUSAL REASONING,LANGUAGE,JourneyChallengePanel,ACTIVE STORY,PASS,六年来，外婆陈玉兰几乎每天都去接他放学；这个星期天，她带他来到拙政园，程朗第一次认真提出：“今天让我走前面吧，我在下一处等你。,best bridge for active Story context,NONE FOUND,PASS,FAIL,"weak/mechanical, false-world, or filler distractor; cognitive demand mismatches current band; Lv1→Lv10 logic repeats instead of deepening",PASS,PASS,PASS,PASS/NOT PRIMARY,PASS,FAIL,Integrated interpretation,FAIL,PASS,PASS,PASS,"DST,LEVEL,PROG",REPAIR REQUIRED
suzhou-humble-administrators-garden,Lv10,paragraphRebuild,CAUSAL REASONING,LANGUAGE,JourneyChallengePanel,ACTIVE STORY,PASS,下周一，十二岁的程朗要开始自己坐车去初中。 / 六年来，外婆陈玉兰几乎每天都去接他放学；这个星期天，她带他来到拙政园，程朗第一次认真提出：“今天让我走前面吧，我在下一处等你。 / ”陈玉兰看了他一眼，只说：“别走太快。,active Story sequence,NONE FOUND,PASS,PASS,cognitive demand mismatches current band; Lv1→Lv10 logic repeats instead of deepening,PASS,PASS,PASS,PASS/NOT PRIMARY,PASS,FAIL,Integrated interpretation,FAIL,PASS,PASS,PASS,"LEVEL,PROG",REPAIR REQUIRED
suzhou-humble-administrators-garden,Lv10,grammarRepair,LANGUAGE,STORY,JourneyChallengePanel,EXPLICIT LANGUAGE OBJECTIVE + JOURNEY CONTEXT,PASS,园林视野因此,natural Chinese structural repair,NONE FOUND,PASS,FAIL,"weak/mechanical, false-world, or filler distractor; cognitive demand mismatches current band; Lv1→Lv10 logic repeats instead of deepening; cross-Gold grammar skeleton is reused",PASS,PASS,PASS,PASS/NOT PRIMARY,PASS,FAIL,Integrated interpretation,FAIL,PASS,PASS,FAIL,"DST,LEVEL,PROG,TEMPLATE",REPAIR REQUIRED
suzhou-humble-administrators-garden,Lv10,missingSentence,CAUSAL REASONING,LANGUAGE,JourneyChallengePanel,ACTIVE STORY,PASS,六年来，外婆陈玉兰几乎每天都去接他放学；这个星期天，她带他来到拙政园，程朗第一次认真提出：“今天让我走前面吧，我在下一处等你。,best bridge for active Story context,NONE FOUND,PASS,FAIL,"weak/mechanical, false-world, or filler distractor; cognitive demand mismatches current band; Lv1→Lv10 logic repeats instead of deepening",PASS,PASS,PASS,PASS/NOT PRIMARY,PASS,FAIL,Integrated interpretation,FAIL,PASS,PASS,PASS,"DST,LEVEL,PROG",REPAIR REQUIRED
xian-city-wall,Lv1,paragraphRebuild,STORY,LANGUAGE,JourneyChallengePanel,ACTIVE STORY,PASS,周遥二十二岁，从小住在西安城墙里。 / 这个周末，全家要搬到城外的新家。,active Story sequence,NONE FOUND,PASS,FAIL,"weak/mechanical, false-world, or filler distractor; Lv1→Lv10 logic repeats instead of deepening; false world claim is used as a cheap distractor",FAIL,PASS,PASS,PASS/NOT PRIMARY,PASS,PASS,Recognition / Basic comprehension,FAIL,PASS,PASS,PASS,"DST,HIST,PROG",REPAIR REQUIRED
xian-city-wall,Lv1,grammarRepair,LANGUAGE,STORY,JourneyChallengePanel,EXPLICIT LANGUAGE OBJECTIVE + JOURNEY CONTEXT,PASS,游客,natural Chinese structural repair,NONE FOUND,PASS,FAIL,"weak/mechanical, false-world, or filler distractor; Lv1→Lv10 logic repeats instead of deepening; cross-Gold grammar skeleton is reused",PASS,PASS,PASS,PASS/NOT PRIMARY,PASS,PASS,Recognition / Basic comprehension,FAIL,PASS,PASS,FAIL,"DST,PROG,TEMPLATE",REPAIR REQUIRED
xian-city-wall,Lv1,missingSentence,STORY,LANGUAGE,JourneyChallengePanel,ACTIVE STORY,PASS,这个周末，全家要搬到城外的新家。,best bridge for active Story context,NONE FOUND,PASS,FAIL,"weak/mechanical, false-world, or filler distractor; Lv1→Lv10 logic repeats instead of deepening; false world claim is used as a cheap distractor",FAIL,PASS,PASS,PASS/NOT PRIMARY,PASS,PASS,Recognition / Basic comprehension,FAIL,PASS,PASS,PASS,"DST,HIST,PROG",REPAIR REQUIRED
xian-city-wall,Lv2,paragraphRebuild,STORY,LANGUAGE,JourneyChallengePanel,ACTIVE STORY,PASS,周遥二十二岁，从小跟父母住在西安城墙内的老街。 / 这个周末，全家要搬到城外的新家。,active Story sequence,NONE FOUND,PASS,FAIL,"weak/mechanical, false-world, or filler distractor; Lv1→Lv10 logic repeats instead of deepening; false world claim is used as a cheap distractor",FAIL,PASS,PASS,PASS/NOT PRIMARY,PASS,PASS,Recognition / Basic comprehension,FAIL,PASS,PASS,PASS,"DST,HIST,PROG",REPAIR REQUIRED
xian-city-wall,Lv2,grammarRepair,LANGUAGE,STORY,JourneyChallengePanel,EXPLICIT LANGUAGE OBJECTIVE + JOURNEY CONTEXT,PASS,游客,natural Chinese structural repair,NONE FOUND,PASS,FAIL,"weak/mechanical, false-world, or filler distractor; Lv1→Lv10 logic repeats instead of deepening; cross-Gold grammar skeleton is reused",PASS,PASS,PASS,PASS/NOT PRIMARY,PASS,PASS,Recognition / Basic comprehension,FAIL,PASS,PASS,FAIL,"DST,PROG,TEMPLATE",REPAIR REQUIRED
xian-city-wall,Lv2,missingSentence,STORY,LANGUAGE,JourneyChallengePanel,ACTIVE STORY,PASS,这个周末，全家要搬到城外的新家。,best bridge for active Story context,NONE FOUND,PASS,FAIL,"weak/mechanical, false-world, or filler distractor; Lv1→Lv10 logic repeats instead of deepening; false world claim is used as a cheap distractor",FAIL,PASS,PASS,PASS/NOT PRIMARY,PASS,PASS,Recognition / Basic comprehension,FAIL,PASS,PASS,PASS,"DST,HIST,PROG",REPAIR REQUIRED
xian-city-wall,Lv3,paragraphRebuild,CAUSAL REASONING,LANGUAGE,JourneyChallengePanel,ACTIVE STORY,PASS,周遥二十二岁，从小跟父母住在西安城墙内的老街。 / 这个周末，全家要搬到南边城外的新家。,active Story sequence,NONE FOUND,PASS,FAIL,"weak/mechanical, false-world, or filler distractor; cognitive demand mismatches current band; Lv1→Lv10 logic repeats instead of deepening; false world claim is used as a cheap distractor",FAIL,PASS,PASS,PASS/NOT PRIMARY,PASS,FAIL,Sequence / Simple causality,FAIL,PASS,PASS,PASS,"DST,HIST,LEVEL,PROG",REPAIR REQUIRED
xian-city-wall,Lv3,grammarRepair,LANGUAGE,STORY,JourneyChallengePanel,EXPLICIT LANGUAGE OBJECTIVE + JOURNEY CONTEXT,PASS,游客,natural Chinese structural repair,NONE FOUND,PASS,FAIL,"weak/mechanical, false-world, or filler distractor; cognitive demand mismatches current band; Lv1→Lv10 logic repeats instead of deepening; cross-Gold grammar skeleton is reused",PASS,PASS,PASS,PASS/NOT PRIMARY,PASS,FAIL,Sequence / Simple causality,FAIL,PASS,PASS,FAIL,"DST,LEVEL,PROG,TEMPLATE",REPAIR REQUIRED
xian-city-wall,Lv3,missingSentence,CAUSAL REASONING,LANGUAGE,JourneyChallengePanel,ACTIVE STORY,PASS,这个周末，全家要搬到南边城外的新家。,best bridge for active Story context,NONE FOUND,PASS,FAIL,"weak/mechanical, false-world, or filler distractor; cognitive demand mismatches current band; Lv1→Lv10 logic repeats instead of deepening; false world claim is used as a cheap distractor",FAIL,PASS,PASS,PASS/NOT PRIMARY,PASS,FAIL,Sequence / Simple causality,FAIL,PASS,PASS,PASS,"DST,HIST,LEVEL,PROG",REPAIR REQUIRED
xian-city-wall,Lv4,paragraphRebuild,CAUSAL REASONING,LANGUAGE,JourneyChallengePanel,ACTIVE STORY,PASS,周遥二十二岁，从小跟父母住在西安城墙内的老街。 / 这个周末，全家要搬到南边城外的新家。,active Story sequence,NONE FOUND,PASS,FAIL,"weak/mechanical, false-world, or filler distractor; cognitive demand mismatches current band; Lv1→Lv10 logic repeats instead of deepening; false world claim is used as a cheap distractor",FAIL,PASS,PASS,PASS/NOT PRIMARY,PASS,FAIL,Sequence / Simple causality,FAIL,PASS,PASS,PASS,"DST,HIST,LEVEL,PROG",REPAIR REQUIRED
xian-city-wall,Lv4,grammarRepair,LANGUAGE,STORY,JourneyChallengePanel,EXPLICIT LANGUAGE OBJECTIVE + JOURNEY CONTEXT,PASS,游客,natural Chinese structural repair,NONE FOUND,PASS,FAIL,"weak/mechanical, false-world, or filler distractor; cognitive demand mismatches current band; Lv1→Lv10 logic repeats instead of deepening; cross-Gold grammar skeleton is reused",PASS,PASS,PASS,PASS/NOT PRIMARY,PASS,FAIL,Sequence / Simple causality,FAIL,PASS,PASS,FAIL,"DST,LEVEL,PROG,TEMPLATE",REPAIR REQUIRED
xian-city-wall,Lv4,missingSentence,CAUSAL REASONING,LANGUAGE,JourneyChallengePanel,ACTIVE STORY,PASS,这个周末，全家要搬到南边城外的新家。,best bridge for active Story context,NONE FOUND,PASS,FAIL,"weak/mechanical, false-world, or filler distractor; cognitive demand mismatches current band; Lv1→Lv10 logic repeats instead of deepening; false world claim is used as a cheap distractor",FAIL,PASS,PASS,PASS/NOT PRIMARY,PASS,FAIL,Sequence / Simple causality,FAIL,PASS,PASS,PASS,"DST,HIST,LEVEL,PROG",REPAIR REQUIRED
xian-city-wall,Lv5,paragraphRebuild,CAUSAL REASONING,LANGUAGE,JourneyChallengePanel,ACTIVE STORY,PASS,周遥二十二岁，从小跟父母住在西安城墙内的老街。 / 这个周末，全家要搬到南边城外的新家。 / 傍晚，他从永宁门登上西安城墙，给跑表按下开始，决定完整跑一圈。,active Story sequence,NONE FOUND,PASS,FAIL,"weak/mechanical, false-world, or filler distractor; cognitive demand mismatches current band; Lv1→Lv10 logic repeats instead of deepening; false world claim is used as a cheap distractor",FAIL,PASS,PASS,PASS/NOT PRIMARY,PASS,FAIL,Relationship / Choice / Historical cause,FAIL,PASS,PASS,PASS,"DST,HIST,LEVEL,PROG",REPAIR REQUIRED
xian-city-wall,Lv5,grammarRepair,LANGUAGE,STORY,JourneyChallengePanel,EXPLICIT LANGUAGE OBJECTIVE + JOURNEY CONTEXT,PASS,而且让游客,natural Chinese structural repair,NONE FOUND,PASS,FAIL,"weak/mechanical, false-world, or filler distractor; cognitive demand mismatches current band; Lv1→Lv10 logic repeats instead of deepening; cross-Gold grammar skeleton is reused",PASS,PASS,PASS,PASS/NOT PRIMARY,PASS,FAIL,Relationship / Choice / Historical cause,FAIL,PASS,PASS,FAIL,"DST,LEVEL,PROG,TEMPLATE",REPAIR REQUIRED
xian-city-wall,Lv5,missingSentence,CAUSAL REASONING,LANGUAGE,JourneyChallengePanel,ACTIVE STORY,PASS,这个周末，全家要搬到南边城外的新家。,best bridge for active Story context,NONE FOUND,PASS,FAIL,"weak/mechanical, false-world, or filler distractor; cognitive demand mismatches current band; Lv1→Lv10 logic repeats instead of deepening; false world claim is used as a cheap distractor",FAIL,PASS,PASS,PASS/NOT PRIMARY,PASS,FAIL,Relationship / Choice / Historical cause,FAIL,PASS,PASS,PASS,"DST,HIST,LEVEL,PROG",REPAIR REQUIRED
xian-city-wall,Lv6,paragraphRebuild,CAUSAL REASONING,LANGUAGE,JourneyChallengePanel,ACTIVE STORY,PASS,周遥二十二岁，从小跟父母住在西安城墙内的老街。 / 这个周末，全家要搬到南边城外的新家。 / 傍晚，他从永宁门登上西安城墙，给跑表按下开始，决定完整跑一圈。,active Story sequence,NONE FOUND,PASS,FAIL,"weak/mechanical, false-world, or filler distractor; cognitive demand mismatches current band; Lv1→Lv10 logic repeats instead of deepening; false world claim is used as a cheap distractor",FAIL,PASS,PASS,PASS/NOT PRIMARY,PASS,FAIL,Relationship / Choice / Historical cause,FAIL,PASS,PASS,PASS,"DST,HIST,LEVEL,PROG",REPAIR REQUIRED
xian-city-wall,Lv6,grammarRepair,LANGUAGE,STORY,JourneyChallengePanel,EXPLICIT LANGUAGE OBJECTIVE + JOURNEY CONTEXT,PASS,而且让游客,natural Chinese structural repair,NONE FOUND,PASS,FAIL,"weak/mechanical, false-world, or filler distractor; cognitive demand mismatches current band; Lv1→Lv10 logic repeats instead of deepening; cross-Gold grammar skeleton is reused",PASS,PASS,PASS,PASS/NOT PRIMARY,PASS,FAIL,Relationship / Choice / Historical cause,FAIL,PASS,PASS,FAIL,"DST,LEVEL,PROG,TEMPLATE",REPAIR REQUIRED
xian-city-wall,Lv6,missingSentence,CAUSAL REASONING,LANGUAGE,JourneyChallengePanel,ACTIVE STORY,PASS,这个周末，全家要搬到南边城外的新家。,best bridge for active Story context,NONE FOUND,PASS,FAIL,"weak/mechanical, false-world, or filler distractor; cognitive demand mismatches current band; Lv1→Lv10 logic repeats instead of deepening; false world claim is used as a cheap distractor",FAIL,PASS,PASS,PASS/NOT PRIMARY,PASS,FAIL,Relationship / Choice / Historical cause,FAIL,PASS,PASS,PASS,"DST,HIST,LEVEL,PROG",REPAIR REQUIRED
xian-city-wall,Lv7,paragraphRebuild,CAUSAL REASONING,LANGUAGE,JourneyChallengePanel,ACTIVE STORY,PASS,周遥二十二岁，从小跟父母住在西安城墙内的老街。 / 这个周末，全家要搬到南边城外的新家。 / 傍晚，他从永宁门登上西安城墙，给跑表按下开始，决定完整跑一圈。,active Story sequence,NONE FOUND,PASS,FAIL,"weak/mechanical, false-world, or filler distractor; cognitive demand mismatches current band; Lv1→Lv10 logic repeats instead of deepening; false world claim is used as a cheap distractor",FAIL,PASS,PASS,PASS/NOT PRIMARY,PASS,FAIL,Causal chain / Implicit meaning,FAIL,PASS,PASS,PASS,"DST,HIST,LEVEL,PROG",REPAIR REQUIRED
xian-city-wall,Lv7,grammarRepair,LANGUAGE,STORY,JourneyChallengePanel,EXPLICIT LANGUAGE OBJECTIVE + JOURNEY CONTEXT,PASS,而且让游客,natural Chinese structural repair,NONE FOUND,PASS,FAIL,"weak/mechanical, false-world, or filler distractor; cognitive demand mismatches current band; Lv1→Lv10 logic repeats instead of deepening; cross-Gold grammar skeleton is reused",PASS,PASS,PASS,PASS/NOT PRIMARY,PASS,FAIL,Causal chain / Implicit meaning,FAIL,PASS,PASS,FAIL,"DST,LEVEL,PROG,TEMPLATE",REPAIR REQUIRED
xian-city-wall,Lv7,missingSentence,CAUSAL REASONING,LANGUAGE,JourneyChallengePanel,ACTIVE STORY,PASS,这个周末，全家要搬到南边城外的新家。,best bridge for active Story context,NONE FOUND,PASS,FAIL,"weak/mechanical, false-world, or filler distractor; cognitive demand mismatches current band; Lv1→Lv10 logic repeats instead of deepening; false world claim is used as a cheap distractor",FAIL,PASS,PASS,PASS/NOT PRIMARY,PASS,FAIL,Causal chain / Implicit meaning,FAIL,PASS,PASS,PASS,"DST,HIST,LEVEL,PROG",REPAIR REQUIRED
xian-city-wall,Lv8,paragraphRebuild,CAUSAL REASONING,LANGUAGE,JourneyChallengePanel,ACTIVE STORY,PASS,周遥二十二岁，从小跟父母住在西安城墙内的老街。 / 这个周末，全家要搬到南边城外的新家。 / 傍晚，他从永宁门登上西安城墙，给跑表按下开始，决定完整跑一圈。,active Story sequence,NONE FOUND,PASS,FAIL,"weak/mechanical, false-world, or filler distractor; cognitive demand mismatches current band; Lv1→Lv10 logic repeats instead of deepening; false world claim is used as a cheap distractor",FAIL,PASS,PASS,PASS/NOT PRIMARY,PASS,FAIL,Causal chain / Implicit meaning,FAIL,PASS,PASS,PASS,"DST,HIST,LEVEL,PROG",REPAIR REQUIRED
xian-city-wall,Lv8,grammarRepair,LANGUAGE,STORY,JourneyChallengePanel,EXPLICIT LANGUAGE OBJECTIVE + JOURNEY CONTEXT,PASS,古今城市边界因此,natural Chinese structural repair,NONE FOUND,PASS,FAIL,"weak/mechanical, false-world, or filler distractor; cognitive demand mismatches current band; Lv1→Lv10 logic repeats instead of deepening; cross-Gold grammar skeleton is reused",PASS,PASS,PASS,PASS/NOT PRIMARY,PASS,FAIL,Causal chain / Implicit meaning,FAIL,PASS,PASS,FAIL,"DST,LEVEL,PROG,TEMPLATE",REPAIR REQUIRED
xian-city-wall,Lv8,missingSentence,CAUSAL REASONING,LANGUAGE,JourneyChallengePanel,ACTIVE STORY,PASS,这个周末，全家要搬到南边城外的新家。,best bridge for active Story context,NONE FOUND,PASS,FAIL,"weak/mechanical, false-world, or filler distractor; cognitive demand mismatches current band; Lv1→Lv10 logic repeats instead of deepening; false world claim is used as a cheap distractor",FAIL,PASS,PASS,PASS/NOT PRIMARY,PASS,FAIL,Causal chain / Implicit meaning,FAIL,PASS,PASS,PASS,"DST,HIST,LEVEL,PROG",REPAIR REQUIRED
xian-city-wall,Lv9,paragraphRebuild,CAUSAL REASONING,LANGUAGE,JourneyChallengePanel,ACTIVE STORY,PASS,周遥二十二岁，从小跟父母住在西安城墙内的老街。 / 这个周末，全家要搬到南边城外的新家。 / 傍晚，他从永宁门登上西安城墙，给跑表按下开始，决定完整跑一圈。,active Story sequence,NONE FOUND,PASS,FAIL,"weak/mechanical, false-world, or filler distractor; cognitive demand mismatches current band; Lv1→Lv10 logic repeats instead of deepening; false world claim is used as a cheap distractor",FAIL,PASS,PASS,PASS/NOT PRIMARY,PASS,FAIL,Integrated interpretation,FAIL,PASS,PASS,PASS,"DST,HIST,LEVEL,PROG",REPAIR REQUIRED
xian-city-wall,Lv9,grammarRepair,LANGUAGE,STORY,JourneyChallengePanel,EXPLICIT LANGUAGE OBJECTIVE + JOURNEY CONTEXT,PASS,古今城市边界因此,natural Chinese structural repair,NONE FOUND,PASS,FAIL,"weak/mechanical, false-world, or filler distractor; cognitive demand mismatches current band; Lv1→Lv10 logic repeats instead of deepening; cross-Gold grammar skeleton is reused",PASS,PASS,PASS,PASS/NOT PRIMARY,PASS,FAIL,Integrated interpretation,FAIL,PASS,PASS,FAIL,"DST,LEVEL,PROG,TEMPLATE",REPAIR REQUIRED
xian-city-wall,Lv9,missingSentence,CAUSAL REASONING,LANGUAGE,JourneyChallengePanel,ACTIVE STORY,PASS,这个周末，全家要搬到南边城外的新家。,best bridge for active Story context,NONE FOUND,PASS,FAIL,"weak/mechanical, false-world, or filler distractor; cognitive demand mismatches current band; Lv1→Lv10 logic repeats instead of deepening; false world claim is used as a cheap distractor",FAIL,PASS,PASS,PASS/NOT PRIMARY,PASS,FAIL,Integrated interpretation,FAIL,PASS,PASS,PASS,"DST,HIST,LEVEL,PROG",REPAIR REQUIRED
xian-city-wall,Lv10,paragraphRebuild,CAUSAL REASONING,LANGUAGE,JourneyChallengePanel,ACTIVE STORY,PASS,周遥二十二岁，从小跟父母住在西安城墙内的老街。 / 这个周末，全家要搬到南边城外的新家。 / 傍晚，他从永宁门登上西安城墙，给跑表按下开始，决定完整跑一圈。,active Story sequence,NONE FOUND,PASS,FAIL,"weak/mechanical, false-world, or filler distractor; cognitive demand mismatches current band; Lv1→Lv10 logic repeats instead of deepening; false world claim is used as a cheap distractor",FAIL,PASS,PASS,PASS/NOT PRIMARY,PASS,FAIL,Integrated interpretation,FAIL,PASS,PASS,PASS,"DST,HIST,LEVEL,PROG",REPAIR REQUIRED
xian-city-wall,Lv10,grammarRepair,LANGUAGE,STORY,JourneyChallengePanel,EXPLICIT LANGUAGE OBJECTIVE + JOURNEY CONTEXT,PASS,古今城市边界因此,natural Chinese structural repair,NONE FOUND,PASS,FAIL,"weak/mechanical, false-world, or filler distractor; cognitive demand mismatches current band; Lv1→Lv10 logic repeats instead of deepening; cross-Gold grammar skeleton is reused",PASS,PASS,PASS,PASS/NOT PRIMARY,PASS,FAIL,Integrated interpretation,FAIL,PASS,PASS,FAIL,"DST,LEVEL,PROG,TEMPLATE",REPAIR REQUIRED
xian-city-wall,Lv10,missingSentence,CAUSAL REASONING,LANGUAGE,JourneyChallengePanel,ACTIVE STORY,PASS,这个周末，全家要搬到南边城外的新家。,best bridge for active Story context,NONE FOUND,PASS,FAIL,"weak/mechanical, false-world, or filler distractor; cognitive demand mismatches current band; Lv1→Lv10 logic repeats instead of deepening; false world claim is used as a cheap distractor",FAIL,PASS,PASS,PASS/NOT PRIMARY,PASS,FAIL,Integrated interpretation,FAIL,PASS,PASS,PASS,"DST,HIST,LEVEL,PROG",REPAIR REQUIRED
