JOURNEY_ID,LEVEL,MODE,PRIMARY_LEARNING_INTENT,SECONDARY_INTENT,ACTIVE_SOURCE,SOURCE_PROVENANCE,TAUGHT_BEFORE_TESTED,CORRECT_ANSWER,WHY_CORRECT,ALTERNATIVE_ANSWER_AMBIGUITY,DISTRACTOR_QUALITY,DISTRACTOR_MISCONCEPTION,HISTORICAL_TRUTH,LANGUAGE_VALUE,STORY_DISCOVERY_CONNECTION,LEVEL_APPROPRIATENESS,COGNITIVE_BAND,LEGACY_CONTAMINATION,CROSS_JOURNEY_CONTAMINATION,RESULT
beijing-forbidden-city,1,grammarRepair,LANGUAGE,STORY,resolveAdaptiveJourneyLevel:beijing-forbidden-city:Lv1,JourneyChallengePanel + active Story/Discovery/Vocabulary; snapshot b862a41f204f698da0b2aea42e32961afae5ca9a,PASS,把两条路线都清楚地,Current Journey language objective uniquely supports this Chinese repair; history trivia is not required.,PASS — one defensible answer,PASS — plausible/diagnosable current-Journey misconception,Journey-owned Chinese structural near-miss tied to the current language objective.,PASS — no cheap fabricated historical fact required,PASS,PASS,PASS,recognition/basic comprehension,NONE,NONE,PASS
beijing-forbidden-city,1,missingSentence,STORY,,resolveAdaptiveJourneyLevel:beijing-forbidden-city:Lv1,JourneyChallengePanel + active Story/Discovery/Vocabulary; snapshot b862a41f204f698da0b2aea42e32961afae5ca9a,PASS,一个年幼侍役阿宁看见后说：“我的路不这样走。”,Active Story context uniquely completes the relationship/choice/causal meaning.,PASS — one defensible answer,PASS — plausible/diagnosable current-Journey misconception,Journey-owned counterfactual context/choice/consequence misunderstanding.,PASS — no cheap fabricated historical fact required,PASS,PASS,PASS,recognition/basic comprehension,NONE,NONE,PASS
beijing-forbidden-city,1,paragraphRebuild,STORY,,resolveAdaptiveJourneyLevel:beijing-forbidden-city:Lv1,JourneyChallengePanel + active Story/Discovery/Vocabulary; snapshot b862a41f204f698da0b2aea42e32961afae5ca9a,PASS,"十七岁的营造学徒沈砚第一次随周师傅进入紫禁城。
他在纸上画自己从午门沿中轴走到乾清门的学习路线，觉得一张路线图应该只有一条最清楚的路。",Active Story event/relationship/causal order uniquely supports this rebuild.,PASS — one defensible answer,PASS — plausible/diagnosable current-Journey misconception,Journey-owned counterfactual sequence/relationship misunderstanding.,PASS — no cheap fabricated historical fact required,PASS,PASS,PASS,recognition/basic comprehension,NONE,NONE,PASS
beijing-forbidden-city,2,grammarRepair,LANGUAGE,STORY,resolveAdaptiveJourneyLevel:beijing-forbidden-city:Lv2,JourneyChallengePanel + active Story/Discovery/Vocabulary; snapshot b862a41f204f698da0b2aea42e32961afae5ca9a,PASS,共同节点变得更清楚,Current Journey language objective uniquely supports this Chinese repair; history trivia is not required.,PASS — one defensible answer,PASS — plausible/diagnosable current-Journey misconception,Journey-owned Chinese structural near-miss tied to the current language objective.,PASS — no cheap fabricated historical fact required,PASS,PASS,PASS,recognition/basic comprehension,NONE,NONE,PASS
beijing-forbidden-city,2,missingSentence,STORY,,resolveAdaptiveJourneyLevel:beijing-forbidden-city:Lv2,JourneyChallengePanel + active Story/Discovery/Vocabulary; snapshot b862a41f204f698da0b2aea42e32961afae5ca9a,PASS,年幼侍役阿宁看见后摇头：“我到这里不是这样走。”,Active Story context uniquely completes the relationship/choice/causal meaning.,PASS — one defensible answer,PASS — plausible/diagnosable current-Journey misconception,Journey-owned counterfactual context/choice/consequence misunderstanding.,PASS — no cheap fabricated historical fact required,PASS,PASS,PASS,recognition/basic comprehension,NONE,NONE,PASS
beijing-forbidden-city,2,paragraphRebuild,STORY,,resolveAdaptiveJourneyLevel:beijing-forbidden-city:Lv2,JourneyChallengePanel + active Story/Discovery/Vocabulary; snapshot b862a41f204f698da0b2aea42e32961afae5ca9a,PASS,"十七岁的营造学徒沈砚第一次随周师傅进入紫禁城。
他画下自己从午门沿中轴到乾清门的学习路线，认为正确的路线图应该选出一条最清楚的路。",Active Story event/relationship/causal order uniquely supports this rebuild.,PASS — one defensible answer,PASS — plausible/diagnosable current-Journey misconception,Journey-owned counterfactual sequence/relationship misunderstanding.,PASS — no cheap fabricated historical fact required,PASS,PASS,PASS,recognition/basic comprehension,NONE,NONE,PASS
beijing-forbidden-city,3,grammarRepair,LANGUAGE,STORY,resolveAdaptiveJourneyLevel:beijing-forbidden-city:Lv3,JourneyChallengePanel + active Story/Discovery/Vocabulary; snapshot b862a41f204f698da0b2aea42e32961afae5ca9a,PASS,仔细地,Current Journey language objective uniquely supports this Chinese repair; history trivia is not required.,PASS — one defensible answer,PASS — plausible/diagnosable current-Journey misconception,Journey-owned Chinese structural near-miss tied to the current language objective.,PASS — no cheap fabricated historical fact required,PASS,PASS,PASS,sequence/simple causality,NONE,NONE,PASS
beijing-forbidden-city,3,missingSentence,CAUSAL_REASONING,CAUSAL_REASONING,resolveAdaptiveJourneyLevel:beijing-forbidden-city:Lv3,JourneyChallengePanel + active Story/Discovery/Vocabulary; snapshot b862a41f204f698da0b2aea42e32961afae5ca9a,PASS,年幼侍役阿宁看见图后却说，自己的走法不同。,Active Story context uniquely completes the relationship/choice/causal meaning.,PASS — one defensible answer,PASS — plausible/diagnosable current-Journey misconception,Journey-owned counterfactual context/choice/consequence misunderstanding.,PASS — no cheap fabricated historical fact required,PASS,PASS,PASS,sequence/simple causality,NONE,NONE,PASS
beijing-forbidden-city,3,paragraphRebuild,CAUSAL_REASONING,CAUSAL_REASONING,resolveAdaptiveJourneyLevel:beijing-forbidden-city:Lv3,JourneyChallengePanel + active Story/Discovery/Vocabulary; snapshot b862a41f204f698da0b2aea42e32961afae5ca9a,PASS,"他习惯把图画成一条主线，觉得这样最清楚。
年幼侍役阿宁看见图后却说，自己的走法不同。
他从东侧过来，也会到乾清门前，但不是沿着沈砚的线走。",Active Story event/relationship/causal order uniquely supports this rebuild.,PASS — one defensible answer,PASS — plausible/diagnosable current-Journey misconception,Journey-owned counterfactual sequence/relationship misunderstanding.,PASS — no cheap fabricated historical fact required,PASS,PASS,PASS,sequence/simple causality,NONE,NONE,PASS
beijing-forbidden-city,4,grammarRepair,LANGUAGE,STORY,resolveAdaptiveJourneyLevel:beijing-forbidden-city:Lv4,JourneyChallengePanel + active Story/Discovery/Vocabulary; snapshot b862a41f204f698da0b2aea42e32961afae5ca9a,PASS,把两条路线合并为,Current Journey language objective uniquely supports this Chinese repair; history trivia is not required.,PASS — one defensible answer,PASS — plausible/diagnosable current-Journey misconception,Journey-owned Chinese structural near-miss tied to the current language objective.,PASS — no cheap fabricated historical fact required,PASS,PASS,PASS,sequence/simple causality,NONE,NONE,PASS
beijing-forbidden-city,4,missingSentence,CAUSAL_REASONING,CAUSAL_REASONING,resolveAdaptiveJourneyLevel:beijing-forbidden-city:Lv4,JourneyChallengePanel + active Story/Discovery/Vocabulary; snapshot b862a41f204f698da0b2aea42e32961afae5ca9a,PASS,阿宁在纸上画出从东侧空间接近乾清门前的另一条线。,Active Story context uniquely completes the relationship/choice/causal meaning.,PASS — one defensible answer,PASS — plausible/diagnosable current-Journey misconception,Journey-owned counterfactual context/choice/consequence misunderstanding.,PASS — no cheap fabricated historical fact required,PASS,PASS,PASS,sequence/simple causality,NONE,NONE,PASS
beijing-forbidden-city,4,paragraphRebuild,CAUSAL_REASONING,CAUSAL_REASONING,resolveAdaptiveJourneyLevel:beijing-forbidden-city:Lv4,JourneyChallengePanel + active Story/Discovery/Vocabulary; snapshot b862a41f204f698da0b2aea42e32961afae5ca9a,PASS,"他认为一张好图应该有一条明确主线，否则看起来会乱。
年幼侍役阿宁看到后却说：“如果按我今天要做的事，我不会沿你这条线来。”
阿宁在纸上画出从东侧空间接近乾清门前的另一条线。",Active Story event/relationship/causal order uniquely supports this rebuild.,PASS — one defensible answer,PASS — plausible/diagnosable current-Journey misconception,Journey-owned counterfactual sequence/relationship misunderstanding.,PASS — no cheap fabricated historical fact required,PASS,PASS,PASS,sequence/simple causality,NONE,NONE,PASS
beijing-forbidden-city,5,grammarRepair,LANGUAGE,STORY,resolveAdaptiveJourneyLevel:beijing-forbidden-city:Lv5,JourneyChallengePanel + active Story/Discovery/Vocabulary; snapshot b862a41f204f698da0b2aea42e32961afae5ca9a,PASS,直到两条线在共同节点相遇，他才开始,Current Journey language objective uniquely supports this Chinese repair; history trivia is not required.,PASS — one defensible answer,PASS — plausible/diagnosable current-Journey misconception,Journey-owned Chinese structural near-miss tied to the current language objective.,PASS — no cheap fabricated historical fact required,PASS,PASS,PASS,relationship/choice/historical cause,NONE,NONE,PASS
beijing-forbidden-city,5,missingSentence,CAUSAL_REASONING,CAUSAL_REASONING,resolveAdaptiveJourneyLevel:beijing-forbidden-city:Lv5,JourneyChallengePanel + active Story/Discovery/Vocabulary; snapshot b862a41f204f698da0b2aea42e32961afae5ca9a,PASS,他没有说沈砚画错，只问：“如果我们做的事不同，为什么一定要走成一条线？”,Active Story context uniquely completes the relationship/choice/causal meaning.,PASS — one defensible answer,PASS — plausible/diagnosable current-Journey misconception,Journey-owned counterfactual context/choice/consequence misunderstanding.,PASS — no cheap fabricated historical fact required,PASS,PASS,PASS,relationship/choice/historical cause,NONE,NONE,PASS
beijing-forbidden-city,5,paragraphRebuild,CAUSAL_REASONING,CAUSAL_REASONING,resolveAdaptiveJourneyLevel:beijing-forbidden-city:Lv5,JourneyChallengePanel + active Story/Discovery/Vocabulary; snapshot b862a41f204f698da0b2aea42e32961afae5ca9a,PASS,"年幼侍役阿宁看见后却说，他今天经过的空间不是这样组织的。
阿宁在另一张纸上画出自己从东侧接近乾清门前的走法。
他没有说沈砚画错，只问：“如果我们做的事不同，为什么一定要走成一条线？”",Active Story event/relationship/causal order uniquely supports this rebuild.,PASS — one defensible answer,PASS — plausible/diagnosable current-Journey misconception,Journey-owned counterfactual sequence/relationship misunderstanding.,PASS — no cheap fabricated historical fact required,PASS,PASS,PASS,relationship/choice/historical cause,NONE,NONE,PASS
beijing-forbidden-city,6,grammarRepair,LANGUAGE,STORY,resolveAdaptiveJourneyLevel:beijing-forbidden-city:Lv6,JourneyChallengePanel + active Story/Discovery/Vocabulary; snapshot b862a41f204f698da0b2aea42e32961afae5ca9a,PASS,后来却,Current Journey language objective uniquely supports this Chinese repair; history trivia is not required.,PASS — one defensible answer,PASS — plausible/diagnosable current-Journey misconception,Journey-owned Chinese structural near-miss tied to the current language objective.,PASS — no cheap fabricated historical fact required,PASS,PASS,PASS,relationship/choice/historical cause,NONE,NONE,PASS
beijing-forbidden-city,6,missingSentence,CAUSAL_REASONING,CAUSAL_REASONING,resolveAdaptiveJourneyLevel:beijing-forbidden-city:Lv6,JourneyChallengePanel + active Story/Discovery/Vocabulary; snapshot b862a41f204f698da0b2aea42e32961afae5ca9a,PASS,沈砚没有急着把其中一张改成另一张。,Active Story context uniquely completes the relationship/choice/causal meaning.,PASS — one defensible answer,PASS — plausible/diagnosable current-Journey misconception,Journey-owned counterfactual context/choice/consequence misunderstanding.,PASS — no cheap fabricated historical fact required,PASS,PASS,PASS,relationship/choice/historical cause,NONE,NONE,PASS
beijing-forbidden-city,6,paragraphRebuild,CAUSAL_REASONING,CAUSAL_REASONING,resolveAdaptiveJourneyLevel:beijing-forbidden-city:Lv6,JourneyChallengePanel + active Story/Discovery/Vocabulary; snapshot b862a41f204f698da0b2aea42e32961afae5ca9a,PASS,"随后，他在另一张纸上画出自己的走法。
两条线看起来互相冲突，但谁也没有编造自己没走过的地方。
沈砚没有急着把其中一张改成另一张。",Active Story event/relationship/causal order uniquely supports this rebuild.,PASS — one defensible answer,PASS — plausible/diagnosable current-Journey misconception,Journey-owned counterfactual sequence/relationship misunderstanding.,PASS — no cheap fabricated historical fact required,PASS,PASS,PASS,relationship/choice/historical cause,NONE,NONE,PASS
beijing-forbidden-city,7,grammarRepair,LANGUAGE,STORY,resolveAdaptiveJourneyLevel:beijing-forbidden-city:Lv7,JourneyChallengePanel + active Story/Discovery/Vocabulary; snapshot b862a41f204f698da0b2aea42e32961afae5ca9a,PASS,尽管不同，仍然,Current Journey language objective uniquely supports this Chinese repair; history trivia is not required.,PASS — one defensible answer,PASS — plausible/diagnosable current-Journey misconception,Journey-owned Chinese structural near-miss tied to the current language objective.,PASS — no cheap fabricated historical fact required,PASS,PASS,PASS,causal chain/implicit meaning,NONE,NONE,PASS
beijing-forbidden-city,7,missingSentence,CAUSAL_REASONING,CAUSAL_REASONING,resolveAdaptiveJourneyLevel:beijing-forbidden-city:Lv7,JourneyChallengePanel + active Story/Discovery/Vocabulary; snapshot b862a41f204f698da0b2aea42e32961afae5ca9a,PASS,乾清门前成为关键：两条路线在这里接近、重合，再向不同方向展开。,Active Story context uniquely completes the relationship/choice/causal meaning.,PASS — one defensible answer,PASS — plausible/diagnosable current-Journey misconception,Journey-owned counterfactual context/choice/consequence misunderstanding.,PASS — no cheap fabricated historical fact required,PASS,PASS,PASS,causal chain/implicit meaning,NONE,NONE,PASS
beijing-forbidden-city,7,paragraphRebuild,CAUSAL_REASONING,CAUSAL_REASONING,resolveAdaptiveJourneyLevel:beijing-forbidden-city:Lv7,JourneyChallengePanel + active Story/Discovery/Vocabulary; snapshot b862a41f204f698da0b2aea42e32961afae5ca9a,PASS,"沈砚没有把阿宁当成反例，也没有把自己的路线改成错误答案。
他们把两张纸叠看，从共同的宫门和方向关系开始校准。
乾清门前成为关键：两条路线在这里接近、重合，再向不同方向展开。",Active Story event/relationship/causal order uniquely supports this rebuild.,PASS — one defensible answer,PASS — plausible/diagnosable current-Journey misconception,Journey-owned counterfactual sequence/relationship misunderstanding.,PASS — no cheap fabricated historical fact required,PASS,PASS,PASS,causal chain/implicit meaning,NONE,NONE,PASS
beijing-forbidden-city,8,grammarRepair,LANGUAGE,STORY,resolveAdaptiveJourneyLevel:beijing-forbidden-city:Lv8,JourneyChallengePanel + active Story/Discovery/Vocabulary; snapshot b862a41f204f698da0b2aea42e32961afae5ca9a,PASS,各自沿,Current Journey language objective uniquely supports this Chinese repair; history trivia is not required.,PASS — one defensible answer,PASS — plausible/diagnosable current-Journey misconception,Journey-owned Chinese structural near-miss tied to the current language objective.,PASS — no cheap fabricated historical fact required,PASS,PASS,PASS,causal chain/implicit meaning,NONE,NONE,PASS
beijing-forbidden-city,8,missingSentence,CAUSAL_REASONING,CAUSAL_REASONING,resolveAdaptiveJourneyLevel:beijing-forbidden-city:Lv8,JourneyChallengePanel + active Story/Discovery/Vocabulary; snapshot b862a41f204f698da0b2aea42e32961afae5ca9a,PASS,这不是谁被纠正的时刻，而是两张局部图第一次能够彼此说明。,Active Story context uniquely completes the relationship/choice/causal meaning.,PASS — one defensible answer,PASS — plausible/diagnosable current-Journey misconception,Journey-owned counterfactual context/choice/consequence misunderstanding.,PASS — no cheap fabricated historical fact required,PASS,PASS,PASS,causal chain/implicit meaning,NONE,NONE,PASS
beijing-forbidden-city,8,paragraphRebuild,CAUSAL_REASONING,CAUSAL_REASONING,resolveAdaptiveJourneyLevel:beijing-forbidden-city:Lv8,JourneyChallengePanel + active Story/Discovery/Vocabulary; snapshot b862a41f204f698da0b2aea42e32961afae5ca9a,PASS,"沈砚的线记录学习建筑的观察次序，阿宁的线记录一次具体行动。
两条路线在共享节点短暂叠合，随后因目的不同而分开。
这不是谁被纠正的时刻，而是两张局部图第一次能够彼此说明。",Active Story event/relationship/causal order uniquely supports this rebuild.,PASS — one defensible answer,PASS — plausible/diagnosable current-Journey misconception,Journey-owned counterfactual sequence/relationship misunderstanding.,PASS — no cheap fabricated historical fact required,PASS,PASS,PASS,causal chain/implicit meaning,NONE,NONE,PASS
beijing-forbidden-city,9,grammarRepair,LANGUAGE,STORY,resolveAdaptiveJourneyLevel:beijing-forbidden-city:Lv9,JourneyChallengePanel + active Story/Discovery/Vocabulary; snapshot b862a41f204f698da0b2aea42e32961afae5ca9a,PASS,不再问“谁更正确”，而开始问,Current Journey language objective uniquely supports this Chinese repair; history trivia is not required.,PASS — one defensible answer,PASS — plausible/diagnosable current-Journey misconception,Journey-owned Chinese structural near-miss tied to the current language objective.,PASS — no cheap fabricated historical fact required,PASS,PASS,PASS,integrated interpretation,NONE,NONE,PASS
beijing-forbidden-city,9,missingSentence,CULTURE,CAUSAL_REASONING,resolveAdaptiveJourneyLevel:beijing-forbidden-city:Lv9,JourneyChallengePanel + active Story/Discovery/Vocabulary; snapshot b862a41f204f698da0b2aea42e32961afae5ca9a,PASS,新的复合表示出现了任何单张路线图都不能单独给出的信息：同一建筑系统提供共同结构，而不同角色的行动目的决定他们怎样使用这些连接。,Active Story context uniquely completes the relationship/choice/causal meaning.,PASS — one defensible answer,PASS — plausible/diagnosable current-Journey misconception,Journey-owned counterfactual context/choice/consequence misunderstanding.,PASS — no cheap fabricated historical fact required,PASS,PASS,PASS,integrated interpretation,NONE,NONE,PASS
beijing-forbidden-city,9,paragraphRebuild,CAUSAL_REASONING,CAUSAL_REASONING,resolveAdaptiveJourneyLevel:beijing-forbidden-city:Lv9,JourneyChallengePanel + active Story/Discovery/Vocabulary; snapshot b862a41f204f698da0b2aea42e32961afae5ca9a,PASS,"沈砚没有用阿宁的图替换自己的图，也没有把阿宁的线降成旁注；他主动选择用不同线型完整保存两条路径，再画出共同节点与分岔关系。
新的复合表示出现了任何单张路线图都不能单独给出的信息：同一建筑系统提供共同结构，而不同角色的行动目的决定他们怎样使用这些连接。
这个变化不是“旧分类被证据推翻”，而是两个同时有效的局部视角经过比较后形成更高一层的关系表示。",Active Story event/relationship/causal order uniquely supports this rebuild.,PASS — one defensible answer,PASS — plausible/diagnosable current-Journey misconception,Journey-owned counterfactual sequence/relationship misunderstanding.,PASS — no cheap fabricated historical fact required,PASS,PASS,PASS,integrated interpretation,NONE,NONE,PASS
beijing-forbidden-city,10,grammarRepair,LANGUAGE,STORY,resolveAdaptiveJourneyLevel:beijing-forbidden-city:Lv10,JourneyChallengePanel + active Story/Discovery/Vocabulary; snapshot b862a41f204f698da0b2aea42e32961afae5ca9a,PASS,取决于,Current Journey language objective uniquely supports this Chinese repair; history trivia is not required.,PASS — one defensible answer,PASS — plausible/diagnosable current-Journey misconception,Journey-owned Chinese structural near-miss tied to the current language objective.,PASS — no cheap fabricated historical fact required,PASS,PASS,PASS,integrated interpretation,NONE,NONE,PASS
beijing-forbidden-city,10,missingSentence,CULTURE,CAUSAL_REASONING,resolveAdaptiveJourneyLevel:beijing-forbidden-city:Lv10,JourneyChallengePanel + active Story/Discovery/Vocabulary; snapshot b862a41f204f698da0b2aea42e32961afae5ca9a,PASS,傍晚，沈砚与阿宁从共同节点分别，继续各自要做的事。,Active Story context uniquely completes the relationship/choice/causal meaning.,PASS — one defensible answer,PASS — plausible/diagnosable current-Journey misconception,Journey-owned counterfactual context/choice/consequence misunderstanding.,PASS — no cheap fabricated historical fact required,PASS,PASS,PASS,integrated interpretation,NONE,NONE,PASS
beijing-forbidden-city,10,paragraphRebuild,CAUSAL_REASONING,CAUSAL_REASONING,resolveAdaptiveJourneyLevel:beijing-forbidden-city:Lv10,JourneyChallengePanel + active Story/Discovery/Vocabulary; snapshot b862a41f204f698da0b2aea42e32961afae5ca9a,PASS,"他用实线与点线在同一张纸上保留两条完整路线，标出共享节点、重合段与分岔，使建筑结构和人的目的同时可读。
复合图揭示了两张原图单独都没有表达出的关系：同一宫城并不是一张“人人同路”的平面，建筑的轴线、宫门、庭院与功能分区提供共同空间骨架，不同角色则因行动目的而形成不同的合法叙事视角。
傍晚，沈砚与阿宁从共同节点分别，继续各自要做的事。",Active Story event/relationship/causal order uniquely supports this rebuild.,PASS — one defensible answer,PASS — plausible/diagnosable current-Journey misconception,Journey-owned counterfactual sequence/relationship misunderstanding.,PASS — no cheap fabricated historical fact required,PASS,PASS,PASS,integrated interpretation,NONE,NONE,PASS
beijing-summer-palace,1,grammarRepair,LANGUAGE,STORY,resolveAdaptiveJourneyLevel:beijing-summer-palace:Lv1,JourneyChallengePanel + active Story/Discovery/Vocabulary; snapshot b862a41f204f698da0b2aea42e32961afae5ca9a,PASS,在冬至前,Current Journey language objective uniquely supports this Chinese repair; history trivia is not required.,PASS — one defensible answer,PASS — plausible/diagnosable current-Journey misconception,Journey-owned Chinese structural near-miss tied to the current language objective.,PASS — no cheap fabricated historical fact required,PASS,PASS,PASS,recognition/basic comprehension,NONE,NONE,PASS
beijing-summer-palace,1,missingSentence,STORY,,resolveAdaptiveJourneyLevel:beijing-summer-palace:Lv1,JourneyChallengePanel + active Story/Discovery/Vocabulary; snapshot b862a41f204f698da0b2aea42e32961afae5ca9a,PASS,她想证明不靠外婆周岚选构图。,Active Story context uniquely completes the relationship/choice/causal meaning.,PASS — one defensible answer,PASS — plausible/diagnosable current-Journey misconception,Journey-owned counterfactual context/choice/consequence misunderstanding.,PASS — no cheap fabricated historical fact required,PASS,PASS,PASS,recognition/basic comprehension,NONE,NONE,PASS
beijing-summer-palace,1,paragraphRebuild,STORY,,resolveAdaptiveJourneyLevel:beijing-summer-palace:Lv1,JourneyChallengePanel + active Story/Discovery/Vocabulary; snapshot b862a41f204f698da0b2aea42e32961afae5ca9a,PASS,"冬至前，许澄带相机到颐和园。
她要为校展拍一张“无瑕”照片。",Active Story event/relationship/causal order uniquely supports this rebuild.,PASS — one defensible answer,PASS — plausible/diagnosable current-Journey misconception,Journey-owned counterfactual sequence/relationship misunderstanding.,PASS — no cheap fabricated historical fact required,PASS,PASS,PASS,recognition/basic comprehension,NONE,NONE,PASS
beijing-summer-palace,2,grammarRepair,LANGUAGE,STORY,resolveAdaptiveJourneyLevel:beijing-summer-palace:Lv2,JourneyChallengePanel + active Story/Discovery/Vocabulary; snapshot b862a41f204f698da0b2aea42e32961afae5ca9a,PASS,安静地,Current Journey language objective uniquely supports this Chinese repair; history trivia is not required.,PASS — one defensible answer,PASS — plausible/diagnosable current-Journey misconception,Journey-owned Chinese structural near-miss tied to the current language objective.,PASS — no cheap fabricated historical fact required,PASS,PASS,PASS,recognition/basic comprehension,NONE,NONE,PASS
beijing-summer-palace,2,missingSentence,STORY,,resolveAdaptiveJourneyLevel:beijing-summer-palace:Lv2,JourneyChallengePanel + active Story/Discovery/Vocabulary; snapshot b862a41f204f698da0b2aea42e32961afae5ca9a,PASS,她想证明不靠外婆周岚选构图。,Active Story context uniquely completes the relationship/choice/causal meaning.,PASS — one defensible answer,PASS — plausible/diagnosable current-Journey misconception,Journey-owned counterfactual context/choice/consequence misunderstanding.,PASS — no cheap fabricated historical fact required,PASS,PASS,PASS,recognition/basic comprehension,NONE,NONE,PASS
beijing-summer-palace,2,paragraphRebuild,STORY,,resolveAdaptiveJourneyLevel:beijing-summer-palace:Lv2,JourneyChallengePanel + active Story/Discovery/Vocabulary; snapshot b862a41f204f698da0b2aea42e32961afae5ca9a,PASS,"她专挑晴朗的冬日下午来，因为冬至前后十七孔桥会出现“金光穿洞”。
她要为校展拍一张“无瑕”照片。",Active Story event/relationship/causal order uniquely supports this rebuild.,PASS — one defensible answer,PASS — plausible/diagnosable current-Journey misconception,Journey-owned counterfactual sequence/relationship misunderstanding.,PASS — no cheap fabricated historical fact required,PASS,PASS,PASS,recognition/basic comprehension,NONE,NONE,PASS
beijing-summer-palace,3,grammarRepair,LANGUAGE,STORY,resolveAdaptiveJourneyLevel:beijing-summer-palace:Lv3,JourneyChallengePanel + active Story/Discovery/Vocabulary; snapshot b862a41f204f698da0b2aea42e32961afae5ca9a,PASS,吹落到,Current Journey language objective uniquely supports this Chinese repair; history trivia is not required.,PASS — one defensible answer,PASS — plausible/diagnosable current-Journey misconception,Journey-owned Chinese structural near-miss tied to the current language objective.,PASS — no cheap fabricated historical fact required,PASS,PASS,PASS,sequence/simple causality,NONE,NONE,PASS
beijing-summer-palace,3,missingSentence,CAUSAL_REASONING,CAUSAL_REASONING,resolveAdaptiveJourneyLevel:beijing-summer-palace:Lv3,JourneyChallengePanel + active Story/Discovery/Vocabulary; snapshot b862a41f204f698da0b2aea42e32961afae5ca9a,PASS,周岚做过园林修复，带着旧照片。,Active Story context uniquely completes the relationship/choice/causal meaning.,PASS — one defensible answer,PASS — plausible/diagnosable current-Journey misconception,Journey-owned counterfactual context/choice/consequence misunderstanding.,PASS — no cheap fabricated historical fact required,PASS,PASS,PASS,sequence/simple causality,NONE,NONE,PASS
beijing-summer-palace,3,paragraphRebuild,CAUSAL_REASONING,CAUSAL_REASONING,resolveAdaptiveJourneyLevel:beijing-summer-palace:Lv3,JourneyChallengePanel + active Story/Discovery/Vocabulary; snapshot b862a41f204f698da0b2aea42e32961afae5ca9a,PASS,"她要为校展拍一张“无瑕”照片。
她想证明不靠外婆周岚选构图。
周岚做过园林修复，带着旧照片。",Active Story event/relationship/causal order uniquely supports this rebuild.,PASS — one defensible answer,PASS — plausible/diagnosable current-Journey misconception,Journey-owned counterfactual sequence/relationship misunderstanding.,PASS — no cheap fabricated historical fact required,PASS,PASS,PASS,sequence/simple causality,NONE,NONE,PASS
beijing-summer-palace,4,grammarRepair,LANGUAGE,STORY,resolveAdaptiveJourneyLevel:beijing-summer-palace:Lv4,JourneyChallengePanel + active Story/Discovery/Vocabulary; snapshot b862a41f204f698da0b2aea42e32961afae5ca9a,PASS,先捡回照片，再,Current Journey language objective uniquely supports this Chinese repair; history trivia is not required.,PASS — one defensible answer,PASS — plausible/diagnosable current-Journey misconception,Journey-owned Chinese structural near-miss tied to the current language objective.,PASS — no cheap fabricated historical fact required,PASS,PASS,PASS,sequence/simple causality,NONE,NONE,PASS
beijing-summer-palace,4,missingSentence,CAUSAL_REASONING,CAUSAL_REASONING,resolveAdaptiveJourneyLevel:beijing-summer-palace:Lv4,JourneyChallengePanel + active Story/Discovery/Vocabulary; snapshot b862a41f204f698da0b2aea42e32961afae5ca9a,PASS,走过长廊时，周岚在廊外重新露出昆明湖的地方停了一步，许澄却故意快走，想甩开她的节奏。,Active Story context uniquely completes the relationship/choice/causal meaning.,PASS — one defensible answer,PASS — plausible/diagnosable current-Journey misconception,Journey-owned counterfactual context/choice/consequence misunderstanding.,PASS — no cheap fabricated historical fact required,PASS,PASS,PASS,sequence/simple causality,NONE,NONE,PASS
beijing-summer-palace,4,paragraphRebuild,CAUSAL_REASONING,CAUSAL_REASONING,resolveAdaptiveJourneyLevel:beijing-summer-palace:Lv4,JourneyChallengePanel + active Story/Discovery/Vocabulary; snapshot b862a41f204f698da0b2aea42e32961afae5ca9a,PASS,"周岚做过园林修复，带着旧照片。
许澄避开旧痕迹，周岚要她多看一眼。
走过长廊时，周岚在廊外重新露出昆明湖的地方停了一步，许澄却故意快走，想甩开她的节奏。",Active Story event/relationship/causal order uniquely supports this rebuild.,PASS — one defensible answer,PASS — plausible/diagnosable current-Journey misconception,Journey-owned counterfactual sequence/relationship misunderstanding.,PASS — no cheap fabricated historical fact required,PASS,PASS,PASS,sequence/simple causality,NONE,NONE,PASS
beijing-summer-palace,5,grammarRepair,LANGUAGE,STORY,resolveAdaptiveJourneyLevel:beijing-summer-palace:Lv5,JourneyChallengePanel + active Story/Discovery/Vocabulary; snapshot b862a41f204f698da0b2aea42e32961afae5ca9a,PASS,所以,Current Journey language objective uniquely supports this Chinese repair; history trivia is not required.,PASS — one defensible answer,PASS — plausible/diagnosable current-Journey misconception,Journey-owned Chinese structural near-miss tied to the current language objective.,PASS — no cheap fabricated historical fact required,PASS,PASS,PASS,relationship/choice/historical cause,NONE,NONE,PASS
beijing-summer-palace,5,missingSentence,CAUSAL_REASONING,CAUSAL_REASONING,resolveAdaptiveJourneyLevel:beijing-summer-palace:Lv5,JourneyChallengePanel + active Story/Discovery/Vocabulary; snapshot b862a41f204f698da0b2aea42e32961afae5ca9a,PASS,十七孔桥西北侧，桥洞亮起时，旧照片被风吹落。,Active Story context uniquely completes the relationship/choice/causal meaning.,PASS — one defensible answer,PASS — plausible/diagnosable current-Journey misconception,Journey-owned counterfactual context/choice/consequence misunderstanding.,PASS — no cheap fabricated historical fact required,PASS,PASS,PASS,relationship/choice/historical cause,NONE,NONE,PASS
beijing-summer-palace,5,paragraphRebuild,CAUSAL_REASONING,CAUSAL_REASONING,resolveAdaptiveJourneyLevel:beijing-summer-palace:Lv5,JourneyChallengePanel + active Story/Discovery/Vocabulary; snapshot b862a41f204f698da0b2aea42e32961afae5ca9a,PASS,"许澄避开旧痕迹，周岚要她多看一眼。
走过长廊时，周岚在廊外重新露出昆明湖的地方停了一步，许澄却故意快走，想甩开她的节奏。
十七孔桥西北侧，桥洞亮起时，旧照片被风吹落。",Active Story event/relationship/causal order uniquely supports this rebuild.,PASS — one defensible answer,PASS — plausible/diagnosable current-Journey misconception,Journey-owned counterfactual sequence/relationship misunderstanding.,PASS — no cheap fabricated historical fact required,PASS,PASS,PASS,relationship/choice/historical cause,NONE,NONE,PASS
beijing-summer-palace,6,grammarRepair,LANGUAGE,STORY,resolveAdaptiveJourneyLevel:beijing-summer-palace:Lv6,JourneyChallengePanel + active Story/Discovery/Vocabulary; snapshot b862a41f204f698da0b2aea42e32961afae5ca9a,PASS,不但留下旧照片，而且还,Current Journey language objective uniquely supports this Chinese repair; history trivia is not required.,PASS — one defensible answer,PASS — plausible/diagnosable current-Journey misconception,Journey-owned Chinese structural near-miss tied to the current language objective.,PASS — no cheap fabricated historical fact required,PASS,PASS,PASS,relationship/choice/historical cause,NONE,NONE,PASS
beijing-summer-palace,6,missingSentence,CAUSAL_REASONING,CAUSAL_REASONING,resolveAdaptiveJourneyLevel:beijing-summer-palace:Lv6,JourneyChallengePanel + active Story/Discovery/Vocabulary; snapshot b862a41f204f698da0b2aea42e32961afae5ca9a,PASS,她必须在按快门和捡照片之间选择。,Active Story context uniquely completes the relationship/choice/causal meaning.,PASS — one defensible answer,PASS — plausible/diagnosable current-Journey misconception,Journey-owned counterfactual context/choice/consequence misunderstanding.,PASS — no cheap fabricated historical fact required,PASS,PASS,PASS,relationship/choice/historical cause,NONE,NONE,PASS
beijing-summer-palace,6,paragraphRebuild,CAUSAL_REASONING,CAUSAL_REASONING,resolveAdaptiveJourneyLevel:beijing-summer-palace:Lv6,JourneyChallengePanel + active Story/Discovery/Vocabulary; snapshot b862a41f204f698da0b2aea42e32961afae5ca9a,PASS,"十七孔桥西北侧，桥洞亮起时，旧照片被风吹落。
十七孔桥东接东堤、西连南湖岛。
许澄为了等桥洞被夕阳照亮，特意绕到西北方向站定；就在桥洞亮起来时，风把照片卷向湖边。",Active Story event/relationship/causal order uniquely supports this rebuild.,PASS — one defensible answer,PASS — plausible/diagnosable current-Journey misconception,Journey-owned counterfactual sequence/relationship misunderstanding.,PASS — no cheap fabricated historical fact required,PASS,PASS,PASS,relationship/choice/historical cause,NONE,NONE,PASS
beijing-summer-palace,7,grammarRepair,LANGUAGE,STORY,resolveAdaptiveJourneyLevel:beijing-summer-palace:Lv7,JourneyChallengePanel + active Story/Discovery/Vocabulary; snapshot b862a41f204f698da0b2aea42e32961afae5ca9a,PASS,哪怕失去了等了一下午的金光，也,Current Journey language objective uniquely supports this Chinese repair; history trivia is not required.,PASS — one defensible answer,PASS — plausible/diagnosable current-Journey misconception,Journey-owned Chinese structural near-miss tied to the current language objective.,PASS — no cheap fabricated historical fact required,PASS,PASS,PASS,causal chain/implicit meaning,NONE,NONE,PASS
beijing-summer-palace,7,missingSentence,CAUSAL_REASONING,CAUSAL_REASONING,resolveAdaptiveJourneyLevel:beijing-summer-palace:Lv7,JourneyChallengePanel + active Story/Discovery/Vocabulary; snapshot b862a41f204f698da0b2aea42e32961afae5ca9a,PASS,她再举机时，桥洞金光已移动，等了一下午的画面没了。,Active Story context uniquely completes the relationship/choice/causal meaning.,PASS — one defensible answer,PASS — plausible/diagnosable current-Journey misconception,Journey-owned counterfactual context/choice/consequence misunderstanding.,PASS — no cheap fabricated historical fact required,PASS,PASS,PASS,causal chain/implicit meaning,NONE,NONE,PASS
beijing-summer-palace,7,paragraphRebuild,CAUSAL_REASONING,CAUSAL_REASONING,resolveAdaptiveJourneyLevel:beijing-summer-palace:Lv7,JourneyChallengePanel + active Story/Discovery/Vocabulary; snapshot b862a41f204f698da0b2aea42e32961afae5ca9a,PASS,"许澄放下相机，先捡回照片。
她把相机贴回胸口，跨一步按住照片边角，再把它从石栏下捡起。
她再举机时，桥洞金光已移动，等了一下午的画面没了。",Active Story event/relationship/causal order uniquely supports this rebuild.,PASS — one defensible answer,PASS — plausible/diagnosable current-Journey misconception,Journey-owned counterfactual sequence/relationship misunderstanding.,PASS — no cheap fabricated historical fact required,PASS,PASS,PASS,causal chain/implicit meaning,NONE,NONE,PASS
beijing-summer-palace,8,grammarRepair,LANGUAGE,STORY,resolveAdaptiveJourneyLevel:beijing-summer-palace:Lv8,JourneyChallengePanel + active Story/Discovery/Vocabulary; snapshot b862a41f204f698da0b2aea42e32961afae5ca9a,PASS,这一行为变化,Current Journey language objective uniquely supports this Chinese repair; history trivia is not required.,PASS — one defensible answer,PASS — plausible/diagnosable current-Journey misconception,Journey-owned Chinese structural near-miss tied to the current language objective.,PASS — no cheap fabricated historical fact required,PASS,PASS,PASS,causal chain/implicit meaning,NONE,NONE,PASS
beijing-summer-palace,8,missingSentence,CAUSAL_REASONING,CAUSAL_REASONING,resolveAdaptiveJourneyLevel:beijing-summer-palace:Lv8,JourneyChallengePanel + active Story/Discovery/Vocabulary; snapshot b862a41f204f698da0b2aea42e32961afae5ca9a,PASS,作品叫《留下痕迹的风景》。,Active Story context uniquely completes the relationship/choice/causal meaning.,PASS — one defensible answer,PASS — plausible/diagnosable current-Journey misconception,Journey-owned counterfactual context/choice/consequence misunderstanding.,PASS — no cheap fabricated historical fact required,PASS,PASS,PASS,causal chain/implicit meaning,NONE,NONE,PASS
beijing-summer-palace,8,paragraphRebuild,CAUSAL_REASONING,CAUSAL_REASONING,resolveAdaptiveJourneyLevel:beijing-summer-palace:Lv8,JourneyChallengePanel + active Story/Discovery/Vocabulary; snapshot b862a41f204f698da0b2aea42e32961afae5ca9a,PASS,"太阳继续西下，原本铺在桥洞内壁上的亮色已经移开。
她改拍旧照片、外婆的手和暗下的桥洞。
她没有追着复制刚才的画面，而把旧照片贴在掌心，等外婆扶稳石栏，再让桥洞余光进入新照片。",Active Story event/relationship/causal order uniquely supports this rebuild.,PASS — one defensible answer,PASS — plausible/diagnosable current-Journey misconception,Journey-owned counterfactual sequence/relationship misunderstanding.,PASS — no cheap fabricated historical fact required,PASS,PASS,PASS,causal chain/implicit meaning,NONE,NONE,PASS
beijing-summer-palace,9,grammarRepair,LANGUAGE,STORY,resolveAdaptiveJourneyLevel:beijing-summer-palace:Lv9,JourneyChallengePanel + active Story/Discovery/Vocabulary; snapshot b862a41f204f698da0b2aea42e32961afae5ca9a,PASS,比起把旧痕迹全部遮掉，更重要的是,Current Journey language objective uniquely supports this Chinese repair; history trivia is not required.,PASS — one defensible answer,PASS — plausible/diagnosable current-Journey misconception,Journey-owned Chinese structural near-miss tied to the current language objective.,PASS — no cheap fabricated historical fact required,PASS,PASS,PASS,integrated interpretation,NONE,NONE,PASS
beijing-summer-palace,9,missingSentence,CULTURE,CAUSAL_REASONING,resolveAdaptiveJourneyLevel:beijing-summer-palace:Lv9,JourneyChallengePanel + active Story/Discovery/Vocabulary; snapshot b862a41f204f698da0b2aea42e32961afae5ca9a,PASS,周岚只说：“下一张你自己定。”,Active Story context uniquely completes the relationship/choice/causal meaning.,PASS — one defensible answer,PASS — plausible/diagnosable current-Journey misconception,Journey-owned counterfactual context/choice/consequence misunderstanding.,PASS — no cheap fabricated historical fact required,PASS,PASS,PASS,integrated interpretation,NONE,NONE,PASS
beijing-summer-palace,9,paragraphRebuild,CAUSAL_REASONING,CAUSAL_REASONING,resolveAdaptiveJourneyLevel:beijing-summer-palace:Lv9,JourneyChallengePanel + active Story/Discovery/Vocabulary; snapshot b862a41f204f698da0b2aea42e32961afae5ca9a,PASS,"她在校展说明里只写拍摄地点和时节，没有把外婆的选择解释成一句口号。
周岚看完，不再替她调构图。
周岚只说：“下一张你自己定。”",Active Story event/relationship/causal order uniquely supports this rebuild.,PASS — one defensible answer,PASS — plausible/diagnosable current-Journey misconception,Journey-owned counterfactual sequence/relationship misunderstanding.,PASS — no cheap fabricated historical fact required,PASS,PASS,PASS,integrated interpretation,NONE,NONE,PASS
beijing-summer-palace,10,grammarRepair,LANGUAGE,STORY,resolveAdaptiveJourneyLevel:beijing-summer-palace:Lv10,JourneyChallengePanel + active Story/Discovery/Vocabulary; snapshot b862a41f204f698da0b2aea42e32961afae5ca9a,PASS,先把来源和旧痕迹看清楚，才能,Current Journey language objective uniquely supports this Chinese repair; history trivia is not required.,PASS — one defensible answer,PASS — plausible/diagnosable current-Journey misconception,Journey-owned Chinese structural near-miss tied to the current language objective.,PASS — no cheap fabricated historical fact required,PASS,PASS,PASS,integrated interpretation,NONE,NONE,PASS
beijing-summer-palace,10,missingSentence,CULTURE,CAUSAL_REASONING,resolveAdaptiveJourneyLevel:beijing-summer-palace:Lv10,JourneyChallengePanel + active Story/Discovery/Vocabulary; snapshot b862a41f204f698da0b2aea42e32961afae5ca9a,PASS,许澄把新旧照片放进相机包。,Active Story context uniquely completes the relationship/choice/causal meaning.,PASS — one defensible answer,PASS — plausible/diagnosable current-Journey misconception,Journey-owned counterfactual context/choice/consequence misunderstanding.,PASS — no cheap fabricated historical fact required,PASS,PASS,PASS,integrated interpretation,NONE,NONE,PASS
beijing-summer-palace,10,paragraphRebuild,CAUSAL_REASONING,CAUSAL_REASONING,resolveAdaptiveJourneyLevel:beijing-summer-palace:Lv10,JourneyChallengePanel + active Story/Discovery/Vocabulary; snapshot b862a41f204f698da0b2aea42e32961afae5ca9a,PASS,"周岚把旧照片装进透明袋，再放进许澄手里：“这张也归你保管。”
许澄把新旧照片放进相机包。
她没有删掉“无瑕”这个词，只在旁边画了一道问号。",Active Story event/relationship/causal order uniquely supports this rebuild.,PASS — one defensible answer,PASS — plausible/diagnosable current-Journey misconception,Journey-owned counterfactual sequence/relationship misunderstanding.,PASS — no cheap fabricated historical fact required,PASS,PASS,PASS,integrated interpretation,NONE,NONE,PASS
chengdu-kuanzhai-alley,1,grammarRepair,LANGUAGE,STORY,resolveAdaptiveJourneyLevel:chengdu-kuanzhai-alley:Lv1,JourneyChallengePanel + active Story/Discovery/Vocabulary; snapshot b862a41f204f698da0b2aea42e32961afae5ca9a,PASS,先把门口的竹椅,Current Journey language objective uniquely supports this Chinese repair; history trivia is not required.,PASS — one defensible answer,PASS — plausible/diagnosable current-Journey misconception,Journey-owned Chinese structural near-miss tied to the current language objective.,PASS — no cheap fabricated historical fact required,PASS,PASS,PASS,recognition/basic comprehension,NONE,NONE,PASS
chengdu-kuanzhai-alley,1,missingSentence,STORY,,resolveAdaptiveJourneyLevel:chengdu-kuanzhai-alley:Lv1,JourneyChallengePanel + active Story/Discovery/Vocabulary; snapshot b862a41f204f698da0b2aea42e32961afae5ca9a,PASS,林夏二十四岁，负责照看院里的座位和进出。,Active Story context uniquely completes the relationship/choice/causal meaning.,PASS — one defensible answer,PASS — plausible/diagnosable current-Journey misconception,Journey-owned counterfactual context/choice/consequence misunderstanding.,PASS — no cheap fabricated historical fact required,PASS,PASS,PASS,recognition/basic comprehension,NONE,NONE,PASS
chengdu-kuanzhai-alley,1,paragraphRebuild,STORY,,resolveAdaptiveJourneyLevel:chengdu-kuanzhai-alley:Lv1,JourneyChallengePanel + active Story/Discovery/Vocabulary; snapshot b862a41f204f698da0b2aea42e32961afae5ca9a,PASS,"林夏把一把竹椅挪到宽窄巷子一间院落茶馆的门口，刚想请常来的周叔坐下，端茶的同事就要从这里进院。
林夏二十四岁，负责照看院里的座位和进出。",Active Story event/relationship/causal order uniquely supports this rebuild.,PASS — one defensible answer,PASS — plausible/diagnosable current-Journey misconception,Journey-owned counterfactual sequence/relationship misunderstanding.,PASS — no cheap fabricated historical fact required,PASS,PASS,PASS,recognition/basic comprehension,NONE,NONE,PASS
chengdu-kuanzhai-alley,2,grammarRepair,LANGUAGE,STORY,resolveAdaptiveJourneyLevel:chengdu-kuanzhai-alley:Lv2,JourneyChallengePanel + active Story/Discovery/Vocabulary; snapshot b862a41f204f698da0b2aea42e32961afae5ca9a,PASS,快速地,Current Journey language objective uniquely supports this Chinese repair; history trivia is not required.,PASS — one defensible answer,PASS — plausible/diagnosable current-Journey misconception,Journey-owned Chinese structural near-miss tied to the current language objective.,PASS — no cheap fabricated historical fact required,PASS,PASS,PASS,recognition/basic comprehension,NONE,NONE,PASS
chengdu-kuanzhai-alley,2,missingSentence,STORY,,resolveAdaptiveJourneyLevel:chengdu-kuanzhai-alley:Lv2,JourneyChallengePanel + active Story/Discovery/Vocabulary; snapshot b862a41f204f698da0b2aea42e32961afae5ca9a,PASS,她觉得这样来回太乱，想替竹椅定一个固定位置。,Active Story context uniquely completes the relationship/choice/causal meaning.,PASS — one defensible answer,PASS — plausible/diagnosable current-Journey misconception,Journey-owned counterfactual context/choice/consequence misunderstanding.,PASS — no cheap fabricated historical fact required,PASS,PASS,PASS,recognition/basic comprehension,NONE,NONE,PASS
chengdu-kuanzhai-alley,2,paragraphRebuild,STORY,,resolveAdaptiveJourneyLevel:chengdu-kuanzhai-alley:Lv2,JourneyChallengePanel + active Story/Discovery/Vocabulary; snapshot b862a41f204f698da0b2aea42e32961afae5ca9a,PASS,"林夏把一把竹椅放到宽窄巷子一间院落茶馆的门口，常来的周叔刚坐下，端着茶盘的同事就需要从门槛进院。
二十四岁的林夏负责照看院里的座位和通行，她马上把椅子挪开，等同事过去后又放回茶桌旁。",Active Story event/relationship/causal order uniquely supports this rebuild.,PASS — one defensible answer,PASS — plausible/diagnosable current-Journey misconception,Journey-owned counterfactual sequence/relationship misunderstanding.,PASS — no cheap fabricated historical fact required,PASS,PASS,PASS,recognition/basic comprehension,NONE,NONE,PASS
chengdu-kuanzhai-alley,3,grammarRepair,LANGUAGE,STORY,resolveAdaptiveJourneyLevel:chengdu-kuanzhai-alley:Lv3,JourneyChallengePanel + active Story/Discovery/Vocabulary; snapshot b862a41f204f698da0b2aea42e32961afae5ca9a,PASS,把竹椅安排在,Current Journey language objective uniquely supports this Chinese repair; history trivia is not required.,PASS — one defensible answer,PASS — plausible/diagnosable current-Journey misconception,Journey-owned Chinese structural near-miss tied to the current language objective.,PASS — no cheap fabricated historical fact required,PASS,PASS,PASS,sequence/simple causality,NONE,NONE,PASS
chengdu-kuanzhai-alley,3,missingSentence,CAUSAL_REASONING,CAUSAL_REASONING,resolveAdaptiveJourneyLevel:chengdu-kuanzhai-alley:Lv3,JourneyChallengePanel + active Story/Discovery/Vocabulary; snapshot b862a41f204f698da0b2aea42e32961afae5ca9a,PASS,她先把椅子挪到一旁，让茶盘过去，再把椅子放回周叔身边。,Active Story context uniquely completes the relationship/choice/causal meaning.,PASS — one defensible answer,PASS — plausible/diagnosable current-Journey misconception,Journey-owned counterfactual context/choice/consequence misunderstanding.,PASS — no cheap fabricated historical fact required,PASS,PASS,PASS,sequence/simple causality,NONE,NONE,PASS
chengdu-kuanzhai-alley,3,paragraphRebuild,CAUSAL_REASONING,CAUSAL_REASONING,resolveAdaptiveJourneyLevel:chengdu-kuanzhai-alley:Lv3,JourneyChallengePanel + active Story/Discovery/Vocabulary; snapshot b862a41f204f698da0b2aea42e32961afae5ca9a,PASS,"二十四岁的林夏是这里的年轻院落接待员，平时负责座位、添茶和出入。
她先把椅子挪到一旁，让茶盘过去，再把椅子放回周叔身边。
几分钟后，两位新客人从巷子走进院落，同一块门口又需要空出来。",Active Story event/relationship/causal order uniquely supports this rebuild.,PASS — one defensible answer,PASS — plausible/diagnosable current-Journey misconception,Journey-owned counterfactual sequence/relationship misunderstanding.,PASS — no cheap fabricated historical fact required,PASS,PASS,PASS,sequence/simple causality,NONE,NONE,PASS
chengdu-kuanzhai-alley,4,grammarRepair,LANGUAGE,STORY,resolveAdaptiveJourneyLevel:chengdu-kuanzhai-alley:Lv4,JourneyChallengePanel + active Story/Discovery/Vocabulary; snapshot b862a41f204f698da0b2aea42e32961afae5ca9a,PASS,一有人经过，竹椅就,Current Journey language objective uniquely supports this Chinese repair; history trivia is not required.,PASS — one defensible answer,PASS — plausible/diagnosable current-Journey misconception,Journey-owned Chinese structural near-miss tied to the current language objective.,PASS — no cheap fabricated historical fact required,PASS,PASS,PASS,sequence/simple causality,NONE,NONE,PASS
chengdu-kuanzhai-alley,4,missingSentence,CAUSAL_REASONING,CAUSAL_REASONING,resolveAdaptiveJourneyLevel:chengdu-kuanzhai-alley:Lv4,JourneyChallengePanel + active Story/Discovery/Vocabulary; snapshot b862a41f204f698da0b2aea42e32961afae5ca9a,PASS,她原以为只要找好一个位置，下午就能一直保持整齐。,Active Story context uniquely completes the relationship/choice/causal meaning.,PASS — one defensible answer,PASS — plausible/diagnosable current-Journey misconception,Journey-owned counterfactual context/choice/consequence misunderstanding.,PASS — no cheap fabricated historical fact required,PASS,PASS,PASS,sequence/simple causality,NONE,NONE,PASS
chengdu-kuanzhai-alley,4,paragraphRebuild,CAUSAL_REASONING,CAUSAL_REASONING,resolveAdaptiveJourneyLevel:chengdu-kuanzhai-alley:Lv4,JourneyChallengePanel + active Story/Discovery/Vocabulary; snapshot b862a41f204f698da0b2aea42e32961afae5ca9a,PASS,"她熟练地把竹椅移到院墙边，让同事过去，再还给周叔。
她原以为只要找好一个位置，下午就能一直保持整齐。
可不久，两位客人从窄巷子方向进院，入口又要空出来；周叔同时还需要椅子喝茶。",Active Story event/relationship/causal order uniquely supports this rebuild.,PASS — one defensible answer,PASS — plausible/diagnosable current-Journey misconception,Journey-owned counterfactual sequence/relationship misunderstanding.,PASS — no cheap fabricated historical fact required,PASS,PASS,PASS,sequence/simple causality,NONE,NONE,PASS
chengdu-kuanzhai-alley,5,grammarRepair,LANGUAGE,STORY,resolveAdaptiveJourneyLevel:chengdu-kuanzhai-alley:Lv5,JourneyChallengePanel + active Story/Discovery/Vocabulary; snapshot b862a41f204f698da0b2aea42e32961afae5ca9a,PASS,一会儿服务坐茶，一会儿,Current Journey language objective uniquely supports this Chinese repair; history trivia is not required.,PASS — one defensible answer,PASS — plausible/diagnosable current-Journey misconception,Journey-owned Chinese structural near-miss tied to the current language objective.,PASS — no cheap fabricated historical fact required,PASS,PASS,PASS,relationship/choice/historical cause,NONE,NONE,PASS
chengdu-kuanzhai-alley,5,missingSentence,CAUSAL_REASONING,CAUSAL_REASONING,resolveAdaptiveJourneyLevel:chengdu-kuanzhai-alley:Lv5,JourneyChallengePanel + active Story/Discovery/Vocabulary; snapshot b862a41f204f698da0b2aea42e32961afae5ca9a,PASS,林夏把竹椅靠墙，想给它确定一个“正确位置”，但服务人员转身仍不方便，周叔也离茶桌太远。,Active Story context uniquely completes the relationship/choice/causal meaning.,PASS — one defensible answer,PASS — plausible/diagnosable current-Journey misconception,Journey-owned counterfactual context/choice/consequence misunderstanding.,PASS — no cheap fabricated historical fact required,PASS,PASS,PASS,relationship/choice/historical cause,NONE,NONE,PASS
chengdu-kuanzhai-alley,5,paragraphRebuild,CAUSAL_REASONING,CAUSAL_REASONING,resolveAdaptiveJourneyLevel:chengdu-kuanzhai-alley:Lv5,JourneyChallengePanel + active Story/Discovery/Vocabulary; snapshot b862a41f204f698da0b2aea42e32961afae5ca9a,PASS,"她熟悉这个院子，原以为只要把桌椅摆得足够准确，就能让茶客停留和服务通行同时顺畅。
几分钟后，两位新客人从窄巷子方向进来，同一个入口又要让路。
林夏把竹椅靠墙，想给它确定一个“正确位置”，但服务人员转身仍不方便，周叔也离茶桌太远。",Active Story event/relationship/causal order uniquely supports this rebuild.,PASS — one defensible answer,PASS — plausible/diagnosable current-Journey misconception,Journey-owned counterfactual sequence/relationship misunderstanding.,PASS — no cheap fabricated historical fact required,PASS,PASS,PASS,relationship/choice/historical cause,NONE,NONE,PASS
chengdu-kuanzhai-alley,6,grammarRepair,LANGUAGE,STORY,resolveAdaptiveJourneyLevel:chengdu-kuanzhai-alley:Lv6,JourneyChallengePanel + active Story/Discovery/Vocabulary; snapshot b862a41f204f698da0b2aea42e32961afae5ca9a,PASS,就往旁边移,Current Journey language objective uniquely supports this Chinese repair; history trivia is not required.,PASS — one defensible answer,PASS — plausible/diagnosable current-Journey misconception,Journey-owned Chinese structural near-miss tied to the current language objective.,PASS — no cheap fabricated historical fact required,PASS,PASS,PASS,relationship/choice/historical cause,NONE,NONE,PASS
chengdu-kuanzhai-alley,6,missingSentence,CAUSAL_REASONING,CAUSAL_REASONING,resolveAdaptiveJourneyLevel:chengdu-kuanzhai-alley:Lv6,JourneyChallengePanel + active Story/Discovery/Vocabulary; snapshot b862a41f204f698da0b2aea42e32961afae5ca9a,PASS,林夏的第二次固定安排也失败了。,Active Story context uniquely completes the relationship/choice/causal meaning.,PASS — one defensible answer,PASS — plausible/diagnosable current-Journey misconception,Journey-owned counterfactual context/choice/consequence misunderstanding.,PASS — no cheap fabricated historical fact required,PASS,PASS,PASS,relationship/choice/historical cause,NONE,NONE,PASS
chengdu-kuanzhai-alley,6,paragraphRebuild,CAUSAL_REASONING,CAUSAL_REASONING,resolveAdaptiveJourneyLevel:chengdu-kuanzhai-alley:Lv6,JourneyChallengePanel + active Story/Discovery/Vocabulary; snapshot b862a41f204f698da0b2aea42e32961afae5ca9a,PASS,"没过多久，两位访客从窄巷子方向进院，仍然需要同一段入口；而竹椅靠得太里，又妨碍服务人员绕过茶桌。
林夏的第二次固定安排也失败了。
她开始把注意力放在使用发生的先后，而不是寻找永久位置：周叔坐着喝茶是真的需要，端茶、进院和离院也都是真的需要，只是它们不必在同一秒占住同一块地方。",Active Story event/relationship/causal order uniquely supports this rebuild.,PASS — one defensible answer,PASS — plausible/diagnosable current-Journey misconception,Journey-owned counterfactual sequence/relationship misunderstanding.,PASS — no cheap fabricated historical fact required,PASS,PASS,PASS,relationship/choice/historical cause,NONE,NONE,PASS
chengdu-kuanzhai-alley,7,grammarRepair,LANGUAGE,STORY,resolveAdaptiveJourneyLevel:chengdu-kuanzhai-alley:Lv7,JourneyChallengePanel + active Story/Discovery/Vocabulary; snapshot b862a41f204f698da0b2aea42e32961afae5ca9a,PASS,就,Current Journey language objective uniquely supports this Chinese repair; history trivia is not required.,PASS — one defensible answer,PASS — plausible/diagnosable current-Journey misconception,Journey-owned Chinese structural near-miss tied to the current language objective.,PASS — no cheap fabricated historical fact required,PASS,PASS,PASS,causal chain/implicit meaning,NONE,NONE,PASS
chengdu-kuanzhai-alley,7,missingSentence,CAUSAL_REASONING,CAUSAL_REASONING,resolveAdaptiveJourneyLevel:chengdu-kuanzhai-alley:Lv7,JourneyChallengePanel + active Story/Discovery/Vocabulary; snapshot b862a41f204f698da0b2aea42e32961afae5ca9a,PASS,她和周叔约定，谁先看见下一次进出，谁就先移动椅子，不必等她批准。,Active Story context uniquely completes the relationship/choice/causal meaning.,PASS — one defensible answer,PASS — plausible/diagnosable current-Journey misconception,Journey-owned counterfactual context/choice/consequence misunderstanding.,PASS — no cheap fabricated historical fact required,PASS,PASS,PASS,causal chain/implicit meaning,NONE,NONE,PASS
chengdu-kuanzhai-alley,7,paragraphRebuild,CAUSAL_REASONING,CAUSAL_REASONING,resolveAdaptiveJourneyLevel:chengdu-kuanzhai-alley:Lv7,JourneyChallengePanel + active Story/Discovery/Vocabulary; snapshot b862a41f204f698da0b2aea42e32961afae5ca9a,PASS,"林夏没有把周叔、访客或服务人员变成“错误的一方”。
她终于把问题从永久归位改成时间顺序：同一个入口可以先服务通行，再恢复停留；同一把竹椅可以暂时让开，也可以在通道空下后回到茶桌。
她和周叔约定，谁先看见下一次进出，谁就先移动椅子，不必等她批准。",Active Story event/relationship/causal order uniquely supports this rebuild.,PASS — one defensible answer,PASS — plausible/diagnosable current-Journey misconception,Journey-owned counterfactual sequence/relationship misunderstanding.,PASS — no cheap fabricated historical fact required,PASS,PASS,PASS,causal chain/implicit meaning,NONE,NONE,PASS
chengdu-kuanzhai-alley,8,grammarRepair,LANGUAGE,STORY,resolveAdaptiveJourneyLevel:chengdu-kuanzhai-alley:Lv8,JourneyChallengePanel + active Story/Discovery/Vocabulary; snapshot b862a41f204f698da0b2aea42e32961afae5ca9a,PASS,移动竹椅的人不再只有林夏，也包括,Current Journey language objective uniquely supports this Chinese repair; history trivia is not required.,PASS — one defensible answer,PASS — plausible/diagnosable current-Journey misconception,Journey-owned Chinese structural near-miss tied to the current language objective.,PASS — no cheap fabricated historical fact required,PASS,PASS,PASS,causal chain/implicit meaning,NONE,NONE,PASS
chengdu-kuanzhai-alley,8,missingSentence,CAUSAL_REASONING,CAUSAL_REASONING,resolveAdaptiveJourneyLevel:chengdu-kuanzhai-alley:Lv8,JourneyChallengePanel + active Story/Discovery/Vocabulary; snapshot b862a41f204f698da0b2aea42e32961afae5ca9a,PASS,这个动作不是写在纸上的规定，而是在院门、门槛、茶桌与人的身体之间一次次被练出来。,Active Story context uniquely completes the relationship/choice/causal meaning.,PASS — one defensible answer,PASS — plausible/diagnosable current-Journey misconception,Journey-owned counterfactual context/choice/consequence misunderstanding.,PASS — no cheap fabricated historical fact required,PASS,PASS,PASS,causal chain/implicit meaning,NONE,NONE,PASS
chengdu-kuanzhai-alley,8,paragraphRebuild,CAUSAL_REASONING,CAUSAL_REASONING,resolveAdaptiveJourneyLevel:chengdu-kuanzhai-alley:Lv8,JourneyChallengePanel + active Story/Discovery/Vocabulary; snapshot b862a41f204f698da0b2aea42e32961afae5ca9a,PASS,"最初林夏仍会下意识伸手，随后她故意慢半拍，让周叔参与。
服务员端水出去时，周叔移椅；一桌客人离院后，他又把椅子放回。
这个动作不是写在纸上的规定，而是在院门、门槛、茶桌与人的身体之间一次次被练出来。",Active Story event/relationship/causal order uniquely supports this rebuild.,PASS — one defensible answer,PASS — plausible/diagnosable current-Journey misconception,Journey-owned counterfactual sequence/relationship misunderstanding.,PASS — no cheap fabricated historical fact required,PASS,PASS,PASS,causal chain/implicit meaning,NONE,NONE,PASS
chengdu-kuanzhai-alley,9,grammarRepair,LANGUAGE,STORY,resolveAdaptiveJourneyLevel:chengdu-kuanzhai-alley:Lv9,JourneyChallengePanel + active Story/Discovery/Vocabulary; snapshot b862a41f204f698da0b2aea42e32961afae5ca9a,PASS,给竹椅找一个永远正确的位置，不如,Current Journey language objective uniquely supports this Chinese repair; history trivia is not required.,PASS — one defensible answer,PASS — plausible/diagnosable current-Journey misconception,Journey-owned Chinese structural near-miss tied to the current language objective.,PASS — no cheap fabricated historical fact required,PASS,PASS,PASS,integrated interpretation,NONE,NONE,PASS
chengdu-kuanzhai-alley,9,missingSentence,CULTURE,CAUSAL_REASONING,resolveAdaptiveJourneyLevel:chengdu-kuanzhai-alley:Lv9,JourneyChallengePanel + active Story/Discovery/Vocabulary; snapshot b862a41f204f698da0b2aea42e32961afae5ca9a,PASS,客人顺利通过后，他又把椅子放回茶桌旁，继续端起茶碗。,Active Story context uniquely completes the relationship/choice/causal meaning.,PASS — one defensible answer,PASS — plausible/diagnosable current-Journey misconception,Journey-owned counterfactual context/choice/consequence misunderstanding.,PASS — no cheap fabricated historical fact required,PASS,PASS,PASS,integrated interpretation,NONE,NONE,PASS
chengdu-kuanzhai-alley,9,paragraphRebuild,CAUSAL_REASONING,CAUSAL_REASONING,resolveAdaptiveJourneyLevel:chengdu-kuanzhai-alley:Lv9,JourneyChallengePanel + active Story/Discovery/Vocabulary; snapshot b862a41f204f698da0b2aea42e32961afae5ca9a,PASS,"傍晚前，一名第一次来的客人走近门槛，林夏正背对入口添水。
周叔没有叫她，直接把竹椅挪到院墙边。
客人顺利通过后，他又把椅子放回茶桌旁，继续端起茶碗。",Active Story event/relationship/causal order uniquely supports this rebuild.,PASS — one defensible answer,PASS — plausible/diagnosable current-Journey misconception,Journey-owned counterfactual sequence/relationship misunderstanding.,PASS — no cheap fabricated historical fact required,PASS,PASS,PASS,integrated interpretation,NONE,NONE,PASS
chengdu-kuanzhai-alley,10,grammarRepair,LANGUAGE,STORY,resolveAdaptiveJourneyLevel:chengdu-kuanzhai-alley:Lv10,JourneyChallengePanel + active Story/Discovery/Vocabulary; snapshot b862a41f204f698da0b2aea42e32961afae5ca9a,PASS,是因为,Current Journey language objective uniquely supports this Chinese repair; history trivia is not required.,PASS — one defensible answer,PASS — plausible/diagnosable current-Journey misconception,Journey-owned Chinese structural near-miss tied to the current language objective.,PASS — no cheap fabricated historical fact required,PASS,PASS,PASS,integrated interpretation,NONE,NONE,PASS
chengdu-kuanzhai-alley,10,missingSentence,CULTURE,CAUSAL_REASONING,resolveAdaptiveJourneyLevel:chengdu-kuanzhai-alley:Lv10,JourneyChallengePanel + active Story/Discovery/Vocabulary; snapshot b862a41f204f698da0b2aea42e32961afae5ca9a,PASS,林夏看着那只手完成动作，没有出声。,Active Story context uniquely completes the relationship/choice/causal meaning.,PASS — one defensible answer,PASS — plausible/diagnosable current-Journey misconception,Journey-owned counterfactual context/choice/consequence misunderstanding.,PASS — no cheap fabricated historical fact required,PASS,PASS,PASS,integrated interpretation,NONE,NONE,PASS
chengdu-kuanzhai-alley,10,paragraphRebuild,CAUSAL_REASONING,CAUSAL_REASONING,resolveAdaptiveJourneyLevel:chengdu-kuanzhai-alley:Lv10,JourneyChallengePanel + active Story/Discovery/Vocabulary; snapshot b862a41f204f698da0b2aea42e32961afae5ca9a,PASS,"茶客继续停留，服务人员继续穿行，院落在一轮轮临时交接中保持可用。
最后，一位离桌的客人顺手又为经过的人移开同一把竹椅。
林夏看着那只手完成动作，没有出声。",Active Story event/relationship/causal order uniquely supports this rebuild.,PASS — one defensible answer,PASS — plausible/diagnosable current-Journey misconception,Journey-owned counterfactual sequence/relationship misunderstanding.,PASS — no cheap fabricated historical fact required,PASS,PASS,PASS,integrated interpretation,NONE,NONE,PASS
datong-yungang-grottoes,1,grammarRepair,LANGUAGE,STORY,resolveAdaptiveJourneyLevel:datong-yungang-grottoes:Lv1,JourneyChallengePanel + active Story/Discovery/Vocabulary; snapshot b862a41f204f698da0b2aea42e32961afae5ca9a,PASS,云冈后来有条件集中资源进行大规模开凿,Current Journey language objective uniquely supports this Chinese repair; history trivia is not required.,PASS — one defensible answer,PASS — plausible/diagnosable current-Journey misconception,Journey-owned Chinese structural near-miss tied to the current language objective.,PASS — no cheap fabricated historical fact required,PASS,PASS,PASS,recognition/basic comprehension,NONE,NONE,PASS
datong-yungang-grottoes,1,missingSentence,STORY,,resolveAdaptiveJourneyLevel:datong-yungang-grottoes:Lv1,JourneyChallengePanel + active Story/Discovery/Vocabulary; snapshot b862a41f204f698da0b2aea42e32961afae5ca9a,PASS,石工魏岚的父亲准备南行，要她带走那根量巨像的长墨绳。,Active Story context uniquely completes the relationship/choice/causal meaning.,PASS — one defensible answer,PASS — plausible/diagnosable current-Journey misconception,Journey-owned counterfactual context/choice/consequence misunderstanding.,PASS — no cheap fabricated historical fact required,PASS,PASS,PASS,recognition/basic comprehension,NONE,NONE,PASS
datong-yungang-grottoes,1,paragraphRebuild,STORY,,resolveAdaptiveJourneyLevel:datong-yungang-grottoes:Lv1,JourneyChallengePanel + active Story/Discovery/Vocabulary; snapshot b862a41f204f698da0b2aea42e32961afae5ca9a,PASS,"北魏迁都洛阳后，云冈不再营造巨像。
石工魏岚的父亲准备南行，要她带走那根量巨像的长墨绳。",Active Story event/relationship/causal order uniquely supports this rebuild.,PASS — one defensible answer,PASS — plausible/diagnosable current-Journey misconception,Journey-owned counterfactual sequence/relationship misunderstanding.,PASS — no cheap fabricated historical fact required,PASS,PASS,PASS,recognition/basic comprehension,NONE,NONE,PASS
datong-yungang-grottoes,2,grammarRepair,LANGUAGE,STORY,resolveAdaptiveJourneyLevel:datong-yungang-grottoes:Lv2,JourneyChallengePanel + active Story/Discovery/Vocabulary; snapshot b862a41f204f698da0b2aea42e32961afae5ca9a,PASS,昙曜五窟成为早期大型营造的重要代表,Current Journey language objective uniquely supports this Chinese repair; history trivia is not required.,PASS — one defensible answer,PASS — plausible/diagnosable current-Journey misconception,Journey-owned Chinese structural near-miss tied to the current language objective.,PASS — no cheap fabricated historical fact required,PASS,PASS,PASS,recognition/basic comprehension,NONE,NONE,PASS
datong-yungang-grottoes,2,missingSentence,STORY,,resolveAdaptiveJourneyLevel:datong-yungang-grottoes:Lv2,JourneyChallengePanel + active Story/Discovery/Vocabulary; snapshot b862a41f204f698da0b2aea42e32961afae5ca9a,PASS,父亲只肯把手艺交给一个人；留下的弟弟魏朔和同伴阿砾便要继续替她扶绳，或者散伙。,Active Story context uniquely completes the relationship/choice/causal meaning.,PASS — one defensible answer,PASS — plausible/diagnosable current-Journey misconception,Journey-owned counterfactual context/choice/consequence misunderstanding.,PASS — no cheap fabricated historical fact required,PASS,PASS,PASS,recognition/basic comprehension,NONE,NONE,PASS
datong-yungang-grottoes,2,paragraphRebuild,STORY,,resolveAdaptiveJourneyLevel:datong-yungang-grottoes:Lv2,JourneyChallengePanel + active Story/Discovery/Vocabulary; snapshot b862a41f204f698da0b2aea42e32961afae5ca9a,PASS,"虚构石工魏岚的父亲准备南行，要她带走那根量巨像的长墨绳。
父亲只肯把手艺交给一个人；留下的弟弟魏朔和同伴阿砾便要继续替她扶绳，或者散伙。",Active Story event/relationship/causal order uniquely supports this rebuild.,PASS — one defensible answer,PASS — plausible/diagnosable current-Journey misconception,Journey-owned counterfactual sequence/relationship misunderstanding.,PASS — no cheap fabricated historical fact required,PASS,PASS,PASS,recognition/basic comprehension,NONE,NONE,PASS
datong-yungang-grottoes,3,grammarRepair,LANGUAGE,STORY,resolveAdaptiveJourneyLevel:datong-yungang-grottoes:Lv3,JourneyChallengePanel + active Story/Discovery/Vocabulary; snapshot b862a41f204f698da0b2aea42e32961afae5ca9a,PASS,因此大型石窟营造获得更强的组织条件,Current Journey language objective uniquely supports this Chinese repair; history trivia is not required.,PASS — one defensible answer,PASS — plausible/diagnosable current-Journey misconception,Journey-owned Chinese structural near-miss tied to the current language objective.,PASS — no cheap fabricated historical fact required,PASS,PASS,PASS,sequence/simple causality,NONE,NONE,PASS
datong-yungang-grottoes,3,missingSentence,CAUSAL_REASONING,CAUSAL_REASONING,resolveAdaptiveJourneyLevel:datong-yungang-grottoes:Lv3,JourneyChallengePanel + active Story/Discovery/Vocabulary; snapshot b862a41f204f698da0b2aea42e32961afae5ca9a,PASS,魏岚想留下三个人，却不能同时保住“唯一传人”的位置。,Active Story context uniquely completes the relationship/choice/causal meaning.,PASS — one defensible answer,PASS — plausible/diagnosable current-Journey misconception,Journey-owned counterfactual context/choice/consequence misunderstanding.,PASS — no cheap fabricated historical fact required,PASS,PASS,PASS,sequence/simple causality,NONE,NONE,PASS
datong-yungang-grottoes,3,paragraphRebuild,CAUSAL_REASONING,CAUSAL_REASONING,resolveAdaptiveJourneyLevel:datong-yungang-grottoes:Lv3,JourneyChallengePanel + active Story/Discovery/Vocabulary; snapshot b862a41f204f698da0b2aea42e32961afae5ca9a,PASS,"魏岚想留下三个人，却不能同时保住“唯一传人”的位置。
天亮时，父亲伸手等她收绳。",Active Story event/relationship/causal order uniquely supports this rebuild.,PASS — one defensible answer,PASS — plausible/diagnosable current-Journey misconception,Journey-owned counterfactual sequence/relationship misunderstanding.,PASS — no cheap fabricated historical fact required,PASS,PASS,PASS,sequence/simple causality,NONE,NONE,PASS
datong-yungang-grottoes,4,grammarRepair,LANGUAGE,STORY,resolveAdaptiveJourneyLevel:datong-yungang-grottoes:Lv4,JourneyChallengePanel + active Story/Discovery/Vocabulary; snapshot b862a41f204f698da0b2aea42e32961afae5ca9a,PASS,云冈营造进入新的历史阶段,Current Journey language objective uniquely supports this Chinese repair; history trivia is not required.,PASS — one defensible answer,PASS — plausible/diagnosable current-Journey misconception,Journey-owned Chinese structural near-miss tied to the current language objective.,PASS — no cheap fabricated historical fact required,PASS,PASS,PASS,sequence/simple causality,NONE,NONE,PASS
datong-yungang-grottoes,4,missingSentence,CAUSAL_REASONING,CAUSAL_REASONING,resolveAdaptiveJourneyLevel:datong-yungang-grottoes:Lv4,JourneyChallengePanel + active Story/Discovery/Vocabulary; snapshot b862a41f204f698da0b2aea42e32961afae5ca9a,PASS,魏岚却把墨绳按在石阶上，割成三段，一段给魏朔，一段给阿砾，最后一段留在自己掌心。,Active Story context uniquely completes the relationship/choice/causal meaning.,PASS — one defensible answer,PASS — plausible/diagnosable current-Journey misconception,Journey-owned counterfactual context/choice/consequence misunderstanding.,PASS — no cheap fabricated historical fact required,PASS,PASS,PASS,sequence/simple causality,NONE,NONE,PASS
datong-yungang-grottoes,4,paragraphRebuild,CAUSAL_REASONING,CAUSAL_REASONING,resolveAdaptiveJourneyLevel:datong-yungang-grottoes:Lv4,JourneyChallengePanel + active Story/Discovery/Vocabulary; snapshot b862a41f204f698da0b2aea42e32961afae5ca9a,PASS,"魏岚却把墨绳按在石阶上，割成三段，一段给魏朔，一段给阿砾，最后一段留在自己掌心。
她失去了父亲许诺的唯一位置。",Active Story event/relationship/causal order uniquely supports this rebuild.,PASS — one defensible answer,PASS — plausible/diagnosable current-Journey misconception,Journey-owned counterfactual sequence/relationship misunderstanding.,PASS — no cheap fabricated historical fact required,PASS,PASS,PASS,sequence/simple causality,NONE,NONE,PASS
datong-yungang-grottoes,5,grammarRepair,LANGUAGE,STORY,resolveAdaptiveJourneyLevel:datong-yungang-grottoes:Lv5,JourneyChallengePanel + active Story/Discovery/Vocabulary; snapshot b862a41f204f698da0b2aea42e32961afae5ca9a,PASS,洞窟布局与雕饰呈现出更加丰富的表达,Current Journey language objective uniquely supports this Chinese repair; history trivia is not required.,PASS — one defensible answer,PASS — plausible/diagnosable current-Journey misconception,Journey-owned Chinese structural near-miss tied to the current language objective.,PASS — no cheap fabricated historical fact required,PASS,PASS,PASS,relationship/choice/historical cause,NONE,NONE,PASS
datong-yungang-grottoes,5,missingSentence,CAUSAL_REASONING,CAUSAL_REASONING,resolveAdaptiveJourneyLevel:datong-yungang-grottoes:Lv5,JourneyChallengePanel + active Story/Discovery/Vocabulary; snapshot b862a41f204f698da0b2aea42e32961afae5ca9a,PASS,三个人不再等同一双手发号施令。,Active Story context uniquely completes the relationship/choice/causal meaning.,PASS — one defensible answer,PASS — plausible/diagnosable current-Journey misconception,Journey-owned counterfactual context/choice/consequence misunderstanding.,PASS — no cheap fabricated historical fact required,PASS,PASS,PASS,relationship/choice/historical cause,NONE,NONE,PASS
datong-yungang-grottoes,5,paragraphRebuild,CAUSAL_REASONING,CAUSAL_REASONING,resolveAdaptiveJourneyLevel:datong-yungang-grottoes:Lv5,JourneyChallengePanel + active Story/Discovery/Vocabulary; snapshot b862a41f204f698da0b2aea42e32961afae5ca9a,PASS,"父亲背起行囊，没有替她把断口重新接上。
三个人不再等同一双手发号施令。
魏朔第一次自己弹出墨线，黑印落在一块只够开小龛的石面上。",Active Story event/relationship/causal order uniquely supports this rebuild.,PASS — one defensible answer,PASS — plausible/diagnosable current-Journey misconception,Journey-owned counterfactual sequence/relationship misunderstanding.,PASS — no cheap fabricated historical fact required,PASS,PASS,PASS,relationship/choice/historical cause,NONE,NONE,PASS
datong-yungang-grottoes,6,grammarRepair,LANGUAGE,STORY,resolveAdaptiveJourneyLevel:datong-yungang-grottoes:Lv6,JourneyChallengePanel + active Story/Discovery/Vocabulary; snapshot b862a41f204f698da0b2aea42e32961afae5ca9a,PASS,494年北魏迁都洛阳以后，,Current Journey language objective uniquely supports this Chinese repair; history trivia is not required.,PASS — one defensible answer,PASS — plausible/diagnosable current-Journey misconception,Journey-owned Chinese structural near-miss tied to the current language objective.,PASS — no cheap fabricated historical fact required,PASS,PASS,PASS,relationship/choice/historical cause,NONE,NONE,PASS
datong-yungang-grottoes,6,missingSentence,CAUSAL_REASONING,CAUSAL_REASONING,resolveAdaptiveJourneyLevel:datong-yungang-grottoes:Lv6,JourneyChallengePanel + active Story/Discovery/Vocabulary; snapshot b862a41f204f698da0b2aea42e32961afae5ca9a,PASS,父亲走到崖路转弯处，回头看了那三道黑线一眼。,Active Story context uniquely completes the relationship/choice/causal meaning.,PASS — one defensible answer,PASS — plausible/diagnosable current-Journey misconception,Journey-owned counterfactual context/choice/consequence misunderstanding.,PASS — no cheap fabricated historical fact required,PASS,PASS,PASS,relationship/choice/historical cause,NONE,NONE,PASS
datong-yungang-grottoes,6,paragraphRebuild,CAUSAL_REASONING,CAUSAL_REASONING,resolveAdaptiveJourneyLevel:datong-yungang-grottoes:Lv6,JourneyChallengePanel + active Story/Discovery/Vocabulary; snapshot b862a41f204f698da0b2aea42e32961afae5ca9a,PASS,"魏朔第一次自己弹出墨线，黑印落在一块只够开小龛的石面上。
父亲走到崖路转弯处，回头看了那三道黑线一眼。
魏岚没有追上去。",Active Story event/relationship/causal order uniquely supports this rebuild.,PASS — one defensible answer,PASS — plausible/diagnosable current-Journey misconception,Journey-owned counterfactual sequence/relationship misunderstanding.,PASS — no cheap fabricated historical fact required,PASS,PASS,PASS,relationship/choice/historical cause,NONE,NONE,PASS
datong-yungang-grottoes,7,grammarRepair,LANGUAGE,STORY,resolveAdaptiveJourneyLevel:datong-yungang-grottoes:Lv7,JourneyChallengePanel + active Story/Discovery/Vocabulary; snapshot b862a41f204f698da0b2aea42e32961afae5ca9a,PASS,但较小规模的造像活动仍然继续出现,Current Journey language objective uniquely supports this Chinese repair; history trivia is not required.,PASS — one defensible answer,PASS — plausible/diagnosable current-Journey misconception,Journey-owned Chinese structural near-miss tied to the current language objective.,PASS — no cheap fabricated historical fact required,PASS,PASS,PASS,causal chain/implicit meaning,NONE,NONE,PASS
datong-yungang-grottoes,7,missingSentence,CAUSAL_REASONING,CAUSAL_REASONING,resolveAdaptiveJourneyLevel:datong-yungang-grottoes:Lv7,JourneyChallengePanel + active Story/Discovery/Vocabulary; snapshot b862a41f204f698da0b2aea42e32961afae5ca9a,PASS,魏岚知道父亲不是在问一根绳子，而是在问谁有资格决定下一道线落在哪里。,Active Story context uniquely completes the relationship/choice/causal meaning.,PASS — one defensible answer,PASS — plausible/diagnosable current-Journey misconception,Journey-owned counterfactual context/choice/consequence misunderstanding.,PASS — no cheap fabricated historical fact required,PASS,PASS,PASS,causal chain/implicit meaning,NONE,NONE,PASS
datong-yungang-grottoes,7,paragraphRebuild,CAUSAL_REASONING,CAUSAL_REASONING,resolveAdaptiveJourneyLevel:datong-yungang-grottoes:Lv7,JourneyChallengePanel + active Story/Discovery/Vocabulary; snapshot b862a41f204f698da0b2aea42e32961afae5ca9a,PASS,"从前，长绳一端在父亲手里，另外的人只负责把它拉直。
魏岚知道父亲不是在问一根绳子，而是在问谁有资格决定下一道线落在哪里。
远处的大窟仍压着山崖，近处却只剩适合小龛的石面。",Active Story event/relationship/causal order uniquely supports this rebuild.,PASS — one defensible answer,PASS — plausible/diagnosable current-Journey misconception,Journey-owned counterfactual sequence/relationship misunderstanding.,PASS — no cheap fabricated historical fact required,PASS,PASS,PASS,causal chain/implicit meaning,NONE,NONE,PASS
datong-yungang-grottoes,8,grammarRepair,LANGUAGE,STORY,resolveAdaptiveJourneyLevel:datong-yungang-grottoes:Lv8,JourneyChallengePanel + active Story/Discovery/Vocabulary; snapshot b862a41f204f698da0b2aea42e32961afae5ca9a,PASS,既吸收多种艺术传统，又与中国传统结合,Current Journey language objective uniquely supports this Chinese repair; history trivia is not required.,PASS — one defensible answer,PASS — plausible/diagnosable current-Journey misconception,Journey-owned Chinese structural near-miss tied to the current language objective.,PASS — no cheap fabricated historical fact required,PASS,PASS,PASS,causal chain/implicit meaning,NONE,NONE,PASS
datong-yungang-grottoes,8,missingSentence,CAUSAL_REASONING,CAUSAL_REASONING,resolveAdaptiveJourneyLevel:datong-yungang-grottoes:Lv8,JourneyChallengePanel + active Story/Discovery/Vocabulary; snapshot b862a41f204f698da0b2aea42e32961afae5ca9a,PASS,父亲教过她，墨线落下之前不能犹豫；她第一次把这句话用在父亲不愿看见的地方。,Active Story context uniquely completes the relationship/choice/causal meaning.,PASS — one defensible answer,PASS — plausible/diagnosable current-Journey misconception,Journey-owned counterfactual context/choice/consequence misunderstanding.,PASS — no cheap fabricated historical fact required,PASS,PASS,PASS,causal chain/implicit meaning,NONE,NONE,PASS
datong-yungang-grottoes,8,paragraphRebuild,CAUSAL_REASONING,CAUSAL_REASONING,resolveAdaptiveJourneyLevel:datong-yungang-grottoes:Lv8,JourneyChallengePanel + active Story/Discovery/Vocabulary; snapshot b862a41f204f698da0b2aea42e32961afae5ca9a,PASS,"只要停手，她仍能作为父亲选中的那个人南下。
父亲教过她，墨线落下之前不能犹豫；她第一次把这句话用在父亲不愿看见的地方。
魏朔接绳时没有叫她师姐，只叫了一声姐姐。",Active Story event/relationship/causal order uniquely supports this rebuild.,PASS — one defensible answer,PASS — plausible/diagnosable current-Journey misconception,Journey-owned counterfactual sequence/relationship misunderstanding.,PASS — no cheap fabricated historical fact required,PASS,PASS,PASS,causal chain/implicit meaning,NONE,NONE,PASS
datong-yungang-grottoes,9,grammarRepair,LANGUAGE,STORY,resolveAdaptiveJourneyLevel:datong-yungang-grottoes:Lv9,JourneyChallengePanel + active Story/Discovery/Vocabulary; snapshot b862a41f204f698da0b2aea42e32961afae5ca9a,PASS,云冈的营造方式不是突然中断，而是逐步转变,Current Journey language objective uniquely supports this Chinese repair; history trivia is not required.,PASS — one defensible answer,PASS — plausible/diagnosable current-Journey misconception,Journey-owned Chinese structural near-miss tied to the current language objective.,PASS — no cheap fabricated historical fact required,PASS,PASS,PASS,integrated interpretation,NONE,NONE,PASS
datong-yungang-grottoes,9,missingSentence,CULTURE,CAUSAL_REASONING,resolveAdaptiveJourneyLevel:datong-yungang-grottoes:Lv9,JourneyChallengePanel + active Story/Discovery/Vocabulary; snapshot b862a41f204f698da0b2aea42e32961afae5ca9a,PASS,他把自己的绳段绕上手腕，给魏岚留下了拒绝这份分配的余地。,Active Story context uniquely completes the relationship/choice/causal meaning.,PASS — one defensible answer,PASS — plausible/diagnosable current-Journey misconception,Journey-owned counterfactual context/choice/consequence misunderstanding.,PASS — no cheap fabricated historical fact required,PASS,PASS,PASS,integrated interpretation,NONE,NONE,PASS
datong-yungang-grottoes,9,paragraphRebuild,CAUSAL_REASONING,CAUSAL_REASONING,resolveAdaptiveJourneyLevel:datong-yungang-grottoes:Lv9,JourneyChallengePanel + active Story/Discovery/Vocabulary; snapshot b862a41f204f698da0b2aea42e32961afae5ca9a,PASS,"阿砾没有道谢。
他把自己的绳段绕上手腕，给魏岚留下了拒绝这份分配的余地。
她终于明白，继承不一定是一个人把整根绳子带走；也可能是三个人各自承担一条线，再也不能把失误推回同一双手。",Active Story event/relationship/causal order uniquely supports this rebuild.,PASS — one defensible answer,PASS — plausible/diagnosable current-Journey misconception,Journey-owned counterfactual sequence/relationship misunderstanding.,PASS — no cheap fabricated historical fact required,PASS,PASS,PASS,integrated interpretation,NONE,NONE,PASS
datong-yungang-grottoes,10,grammarRepair,LANGUAGE,STORY,resolveAdaptiveJourneyLevel:datong-yungang-grottoes:Lv10,JourneyChallengePanel + active Story/Discovery/Vocabulary; snapshot b862a41f204f698da0b2aea42e32961afae5ca9a,PASS,这不仅塑造了自身艺术语言，而且也影响了后来的佛教石窟艺术,Current Journey language objective uniquely supports this Chinese repair; history trivia is not required.,PASS — one defensible answer,PASS — plausible/diagnosable current-Journey misconception,Journey-owned Chinese structural near-miss tied to the current language objective.,PASS — no cheap fabricated historical fact required,PASS,PASS,PASS,integrated interpretation,NONE,NONE,PASS
datong-yungang-grottoes,10,missingSentence,CULTURE,CAUSAL_REASONING,resolveAdaptiveJourneyLevel:datong-yungang-grottoes:Lv10,JourneyChallengePanel + active Story/Discovery/Vocabulary; snapshot b862a41f204f698da0b2aea42e32961afae5ca9a,PASS,她看见父亲停步，却没有把沉默误认成同意。,Active Story context uniquely completes the relationship/choice/causal meaning.,PASS — one defensible answer,PASS — plausible/diagnosable current-Journey misconception,Journey-owned counterfactual context/choice/consequence misunderstanding.,PASS — no cheap fabricated historical fact required,PASS,PASS,PASS,integrated interpretation,NONE,NONE,PASS
datong-yungang-grottoes,10,paragraphRebuild,CAUSAL_REASONING,CAUSAL_REASONING,resolveAdaptiveJourneyLevel:datong-yungang-grottoes:Lv10,JourneyChallengePanel + active Story/Discovery/Vocabulary; snapshot b862a41f204f698da0b2aea42e32961afae5ca9a,PASS,"魏岚把“留下”从一句挽留改成一份责任：弟弟若把线弹歪，不能再说那是姐姐或父亲的命令；她自己也失去了替别人收回绳子的权利。
她看见父亲停步，却没有把沉默误认成同意。
三段绳保住的不是一团和气，而是三个人从此都要承认自己的线、自己的偏差和自己的后果。",Active Story event/relationship/causal order uniquely supports this rebuild.,PASS — one defensible answer,PASS — plausible/diagnosable current-Journey misconception,Journey-owned counterfactual sequence/relationship misunderstanding.,PASS — no cheap fabricated historical fact required,PASS,PASS,PASS,integrated interpretation,NONE,NONE,PASS
guangzhou-chen-clan-academy,1,grammarRepair,LANGUAGE,STORY,resolveAdaptiveJourneyLevel:guangzhou-chen-clan-academy:Lv1,JourneyChallengePanel + active Story/Discovery/Vocabulary; snapshot b862a41f204f698da0b2aea42e32961afae5ca9a,PASS,慢慢地举起手机,Current Journey language objective uniquely supports this Chinese repair; history trivia is not required.,PASS — one defensible answer,PASS — plausible/diagnosable current-Journey misconception,Journey-owned Chinese structural near-miss tied to the current language objective.,PASS — no cheap fabricated historical fact required,PASS,PASS,PASS,recognition/basic comprehension,NONE,NONE,PASS
guangzhou-chen-clan-academy,1,missingSentence,STORY,,resolveAdaptiveJourneyLevel:guangzhou-chen-clan-academy:Lv1,JourneyChallengePanel + active Story/Discovery/Vocabulary; snapshot b862a41f204f698da0b2aea42e32961afae5ca9a,PASS,嘉禾是她三十四年前交给亲戚收养的女儿，如今姓刘。,Active Story context uniquely completes the relationship/choice/causal meaning.,PASS — one defensible answer,PASS — plausible/diagnosable current-Journey misconception,Journey-owned counterfactual context/choice/consequence misunderstanding.,PASS — no cheap fabricated historical fact required,PASS,PASS,PASS,recognition/basic comprehension,NONE,NONE,PASS
guangzhou-chen-clan-academy,1,paragraphRebuild,STORY,,resolveAdaptiveJourneyLevel:guangzhou-chen-clan-academy:Lv1,JourneyChallengePanel + active Story/Discovery/Vocabulary; snapshot b862a41f204f698da0b2aea42e32961afae5ca9a,PASS,"陈秀仪六十一岁，在陈家祠见刘嘉禾。
嘉禾是她三十四年前交给亲戚收养的女儿，如今姓刘。",Active Story event/relationship/causal order uniquely supports this rebuild.,PASS — one defensible answer,PASS — plausible/diagnosable current-Journey misconception,Journey-owned counterfactual sequence/relationship misunderstanding.,PASS — no cheap fabricated historical fact required,PASS,PASS,PASS,recognition/basic comprehension,NONE,NONE,PASS
guangzhou-chen-clan-academy,2,grammarRepair,LANGUAGE,STORY,resolveAdaptiveJourneyLevel:guangzhou-chen-clan-academy:Lv2,JourneyChallengePanel + active Story/Discovery/Vocabulary; snapshot b862a41f204f698da0b2aea42e32961afae5ca9a,PASS,轻轻地,Current Journey language objective uniquely supports this Chinese repair; history trivia is not required.,PASS — one defensible answer,PASS — plausible/diagnosable current-Journey misconception,Journey-owned Chinese structural near-miss tied to the current language objective.,PASS — no cheap fabricated historical fact required,PASS,PASS,PASS,recognition/basic comprehension,NONE,NONE,PASS
guangzhou-chen-clan-academy,2,missingSentence,STORY,,resolveAdaptiveJourneyLevel:guangzhou-chen-clan-academy:Lv2,JourneyChallengePanel + active Story/Discovery/Vocabulary; snapshot b862a41f204f698da0b2aea42e32961afae5ca9a,PASS,两人重新联系半年后，第一次单独约在陈家祠见面。,Active Story context uniquely completes the relationship/choice/causal meaning.,PASS — one defensible answer,PASS — plausible/diagnosable current-Journey misconception,Journey-owned counterfactual context/choice/consequence misunderstanding.,PASS — no cheap fabricated historical fact required,PASS,PASS,PASS,recognition/basic comprehension,NONE,NONE,PASS
guangzhou-chen-clan-academy,2,paragraphRebuild,STORY,,resolveAdaptiveJourneyLevel:guangzhou-chen-clan-academy:Lv2,JourneyChallengePanel + active Story/Discovery/Vocabulary; snapshot b862a41f204f698da0b2aea42e32961afae5ca9a,PASS,"陈秀仪六十一岁。
三十四年前，她把刚出生的女儿交给亲戚收养；女儿如今叫刘嘉禾。",Active Story event/relationship/causal order uniquely supports this rebuild.,PASS — one defensible answer,PASS — plausible/diagnosable current-Journey misconception,Journey-owned counterfactual sequence/relationship misunderstanding.,PASS — no cheap fabricated historical fact required,PASS,PASS,PASS,recognition/basic comprehension,NONE,NONE,PASS
guangzhou-chen-clan-academy,3,grammarRepair,LANGUAGE,STORY,resolveAdaptiveJourneyLevel:guangzhou-chen-clan-academy:Lv3,JourneyChallengePanel + active Story/Discovery/Vocabulary; snapshot b862a41f204f698da0b2aea42e32961afae5ca9a,PASS,扣在,Current Journey language objective uniquely supports this Chinese repair; history trivia is not required.,PASS — one defensible answer,PASS — plausible/diagnosable current-Journey misconception,Journey-owned Chinese structural near-miss tied to the current language objective.,PASS — no cheap fabricated historical fact required,PASS,PASS,PASS,sequence/simple causality,NONE,NONE,PASS
guangzhou-chen-clan-academy,3,missingSentence,CAUSAL_REASONING,CAUSAL_REASONING,resolveAdaptiveJourneyLevel:guangzhou-chen-clan-academy:Lv3,JourneyChallengePanel + active Story/Discovery/Vocabulary; snapshot b862a41f204f698da0b2aea42e32961afae5ca9a,PASS,两人重新联系半年后，第一次单独约在陈家祠见面。,Active Story context uniquely completes the relationship/choice/causal meaning.,PASS — one defensible answer,PASS — plausible/diagnosable current-Journey misconception,Journey-owned counterfactual context/choice/consequence misunderstanding.,PASS — no cheap fabricated historical fact required,PASS,PASS,PASS,sequence/simple causality,NONE,NONE,PASS
guangzhou-chen-clan-academy,3,paragraphRebuild,CAUSAL_REASONING,CAUSAL_REASONING,resolveAdaptiveJourneyLevel:guangzhou-chen-clan-academy:Lv3,JourneyChallengePanel + active Story/Discovery/Vocabulary; snapshot b862a41f204f698da0b2aea42e32961afae5ca9a,PASS,"三十四年前，她把刚出生的女儿交给亲戚收养。
女儿如今叫刘嘉禾。
两人重新联系半年后，第一次单独约在陈家祠见面。",Active Story event/relationship/causal order uniquely supports this rebuild.,PASS — one defensible answer,PASS — plausible/diagnosable current-Journey misconception,Journey-owned counterfactual sequence/relationship misunderstanding.,PASS — no cheap fabricated historical fact required,PASS,PASS,PASS,sequence/simple causality,NONE,NONE,PASS
guangzhou-chen-clan-academy,4,grammarRepair,LANGUAGE,STORY,resolveAdaptiveJourneyLevel:guangzhou-chen-clan-academy:Lv4,JourneyChallengePanel + active Story/Discovery/Vocabulary; snapshot b862a41f204f698da0b2aea42e32961afae5ca9a,PASS,一退，秀仪便,Current Journey language objective uniquely supports this Chinese repair; history trivia is not required.,PASS — one defensible answer,PASS — plausible/diagnosable current-Journey misconception,Journey-owned Chinese structural near-miss tied to the current language objective.,PASS — no cheap fabricated historical fact required,PASS,PASS,PASS,sequence/simple causality,NONE,NONE,PASS
guangzhou-chen-clan-academy,4,missingSentence,CAUSAL_REASONING,CAUSAL_REASONING,resolveAdaptiveJourneyLevel:guangzhou-chen-clan-academy:Lv4,JourneyChallengePanel + active Story/Discovery/Vocabulary; snapshot b862a41f204f698da0b2aea42e32961afae5ca9a,PASS,秀仪答应了，包里却一直放着亲族群寄来的红围巾。,Active Story context uniquely completes the relationship/choice/causal meaning.,PASS — one defensible answer,PASS — plausible/diagnosable current-Journey misconception,Journey-owned counterfactual context/choice/consequence misunderstanding.,PASS — no cheap fabricated historical fact required,PASS,PASS,PASS,sequence/simple causality,NONE,NONE,PASS
guangzhou-chen-clan-academy,4,paragraphRebuild,CAUSAL_REASONING,CAUSAL_REASONING,resolveAdaptiveJourneyLevel:guangzhou-chen-clan-academy:Lv4,JourneyChallengePanel + active Story/Discovery/Vocabulary; snapshot b862a41f204f698da0b2aea42e32961afae5ca9a,PASS,"女儿如今叫刘嘉禾。
两人重新联系半年后，第一次单独约在陈家祠见面。
嘉禾事先说好：只见她，不见陈家亲戚，也不拍“认回来”的照片。",Active Story event/relationship/causal order uniquely supports this rebuild.,PASS — one defensible answer,PASS — plausible/diagnosable current-Journey misconception,Journey-owned counterfactual sequence/relationship misunderstanding.,PASS — no cheap fabricated historical fact required,PASS,PASS,PASS,sequence/simple causality,NONE,NONE,PASS
guangzhou-chen-clan-academy,5,grammarRepair,LANGUAGE,STORY,resolveAdaptiveJourneyLevel:guangzhou-chen-clan-academy:Lv5,JourneyChallengePanel + active Story/Discovery/Vocabulary; snapshot b862a41f204f698da0b2aea42e32961afae5ca9a,PASS,但是,Current Journey language objective uniquely supports this Chinese repair; history trivia is not required.,PASS — one defensible answer,PASS — plausible/diagnosable current-Journey misconception,Journey-owned Chinese structural near-miss tied to the current language objective.,PASS — no cheap fabricated historical fact required,PASS,PASS,PASS,relationship/choice/historical cause,NONE,NONE,PASS
guangzhou-chen-clan-academy,5,missingSentence,CAUSAL_REASONING,CAUSAL_REASONING,resolveAdaptiveJourneyLevel:guangzhou-chen-clan-academy:Lv5,JourneyChallengePanel + active Story/Discovery/Vocabulary; snapshot b862a41f204f698da0b2aea42e32961afae5ca9a,PASS,秀仪把围巾叠回去，手指在布边停了很久。,Active Story context uniquely completes the relationship/choice/causal meaning.,PASS — one defensible answer,PASS — plausible/diagnosable current-Journey misconception,Journey-owned counterfactual context/choice/consequence misunderstanding.,PASS — no cheap fabricated historical fact required,PASS,PASS,PASS,relationship/choice/historical cause,NONE,NONE,PASS
guangzhou-chen-clan-academy,5,paragraphRebuild,CAUSAL_REASONING,CAUSAL_REASONING,resolveAdaptiveJourneyLevel:guangzhou-chen-clan-academy:Lv5,JourneyChallengePanel + active Story/Discovery/Vocabulary; snapshot b862a41f204f698da0b2aea42e32961afae5ca9a,PASS,"她们从门厅走进院落。
匾额上写着“陈氏书院”，廊与院一层层向里展开。
秀仪说起这里由广东各地陈姓宗族合资兴建，又把红围巾取出来，说亲戚们只想在匾额下看一眼。",Active Story event/relationship/causal order uniquely supports this rebuild.,PASS — one defensible answer,PASS — plausible/diagnosable current-Journey misconception,Journey-owned counterfactual sequence/relationship misunderstanding.,PASS — no cheap fabricated historical fact required,PASS,PASS,PASS,relationship/choice/historical cause,NONE,NONE,PASS
guangzhou-chen-clan-academy,6,grammarRepair,LANGUAGE,STORY,resolveAdaptiveJourneyLevel:guangzhou-chen-clan-academy:Lv6,JourneyChallengePanel + active Story/Discovery/Vocabulary; snapshot b862a41f204f698da0b2aea42e32961afae5ca9a,PASS,确认了嘉禾现在使用的姓名,Current Journey language objective uniquely supports this Chinese repair; history trivia is not required.,PASS — one defensible answer,PASS — plausible/diagnosable current-Journey misconception,Journey-owned Chinese structural near-miss tied to the current language objective.,PASS — no cheap fabricated historical fact required,PASS,PASS,PASS,relationship/choice/historical cause,NONE,NONE,PASS
guangzhou-chen-clan-academy,6,missingSentence,CAUSAL_REASONING,CAUSAL_REASONING,resolveAdaptiveJourneyLevel:guangzhou-chen-clan-academy:Lv6,JourneyChallengePanel + active Story/Discovery/Vocabulary; snapshot b862a41f204f698da0b2aea42e32961afae5ca9a,PASS,嘉禾向廊柱后退了一步，没有躲远，也没有走近。,Active Story context uniquely completes the relationship/choice/causal meaning.,PASS — one defensible answer,PASS — plausible/diagnosable current-Journey misconception,Journey-owned counterfactual context/choice/consequence misunderstanding.,PASS — no cheap fabricated historical fact required,PASS,PASS,PASS,relationship/choice/historical cause,NONE,NONE,PASS
guangzhou-chen-clan-academy,6,paragraphRebuild,CAUSAL_REASONING,CAUSAL_REASONING,resolveAdaptiveJourneyLevel:guangzhou-chen-clan-academy:Lv6,JourneyChallengePanel + active Story/Discovery/Vocabulary; snapshot b862a41f204f698da0b2aea42e32961afae5ca9a,PASS,"秀仪把围巾叠回去，手指在布边停了很久。
走到下一进院子，亲族群的视频忽然打来。
屏幕里挤着几张等候的脸，有人催秀仪把镜头转过去，说在陈氏书院前拍一张，事情就算圆满。",Active Story event/relationship/causal order uniquely supports this rebuild.,PASS — one defensible answer,PASS — plausible/diagnosable current-Journey misconception,Journey-owned counterfactual sequence/relationship misunderstanding.,PASS — no cheap fabricated historical fact required,PASS,PASS,PASS,relationship/choice/historical cause,NONE,NONE,PASS
guangzhou-chen-clan-academy,7,grammarRepair,LANGUAGE,STORY,resolveAdaptiveJourneyLevel:guangzhou-chen-clan-academy:Lv7,JourneyChallengePanel + active Story/Discovery/Vocabulary; snapshot b862a41f204f698da0b2aea42e32961afae5ca9a,PASS,没有公开合照，并不妨碍嘉禾,Current Journey language objective uniquely supports this Chinese repair; history trivia is not required.,PASS — one defensible answer,PASS — plausible/diagnosable current-Journey misconception,Journey-owned Chinese structural near-miss tied to the current language objective.,PASS — no cheap fabricated historical fact required,PASS,PASS,PASS,causal chain/implicit meaning,NONE,NONE,PASS
guangzhou-chen-clan-academy,7,missingSentence,CAUSAL_REASONING,CAUSAL_REASONING,resolveAdaptiveJourneyLevel:guangzhou-chen-clan-academy:Lv7,JourneyChallengePanel + active Story/Discovery/Vocabulary; snapshot b862a41f204f698da0b2aea42e32961afae5ca9a,PASS,今天不入镜。”,Active Story context uniquely completes the relationship/choice/causal meaning.,PASS — one defensible answer,PASS — plausible/diagnosable current-Journey misconception,Journey-owned counterfactual context/choice/consequence misunderstanding.,PASS — no cheap fabricated historical fact required,PASS,PASS,PASS,causal chain/implicit meaning,NONE,NONE,PASS
guangzhou-chen-clan-academy,7,paragraphRebuild,CAUSAL_REASONING,CAUSAL_REASONING,resolveAdaptiveJourneyLevel:guangzhou-chen-clan-academy:Lv7,JourneyChallengePanel + active Story/Discovery/Vocabulary; snapshot b862a41f204f698da0b2aea42e32961afae5ca9a,PASS,"嘉禾向廊柱后退了一步，没有躲远，也没有走近。
院里游客从两人之间经过。
秀仪看见屏幕里的自己，也看见匾额下空着的那一块位置。",Active Story event/relationship/causal order uniquely supports this rebuild.,PASS — one defensible answer,PASS — plausible/diagnosable current-Journey misconception,Journey-owned counterfactual sequence/relationship misunderstanding.,PASS — no cheap fabricated historical fact required,PASS,PASS,PASS,causal chain/implicit meaning,NONE,NONE,PASS
guangzhou-chen-clan-academy,8,grammarRepair,LANGUAGE,STORY,resolveAdaptiveJourneyLevel:guangzhou-chen-clan-academy:Lv8,JourneyChallengePanel + active Story/Discovery/Vocabulary; snapshot b862a41f204f698da0b2aea42e32961afae5ca9a,PASS,不该被秀仪拿来向亲族证明关系,Current Journey language objective uniquely supports this Chinese repair; history trivia is not required.,PASS — one defensible answer,PASS — plausible/diagnosable current-Journey misconception,Journey-owned Chinese structural near-miss tied to the current language objective.,PASS — no cheap fabricated historical fact required,PASS,PASS,PASS,causal chain/implicit meaning,NONE,NONE,PASS
guangzhou-chen-clan-academy,8,missingSentence,CAUSAL_REASONING,CAUSAL_REASONING,resolveAdaptiveJourneyLevel:guangzhou-chen-clan-academy:Lv8,JourneyChallengePanel + active Story/Discovery/Vocabulary; snapshot b862a41f204f698da0b2aea42e32961afae5ca9a,PASS,秀仪没有去拉她，只把红围巾留在包里，跟到她身边。,Active Story context uniquely completes the relationship/choice/causal meaning.,PASS — one defensible answer,PASS — plausible/diagnosable current-Journey misconception,Journey-owned counterfactual context/choice/consequence misunderstanding.,PASS — no cheap fabricated historical fact required,PASS,PASS,PASS,causal chain/implicit meaning,NONE,NONE,PASS
guangzhou-chen-clan-academy,8,paragraphRebuild,CAUSAL_REASONING,CAUSAL_REASONING,resolveAdaptiveJourneyLevel:guangzhou-chen-clan-academy:Lv8,JourneyChallengePanel + active Story/Discovery/Vocabulary; snapshot b862a41f204f698da0b2aea42e32961afae5ca9a,PASS,"她把手机翻过来，扣在身旁的青砖台上，说：“她叫刘嘉禾。
今天不入镜。”
群里还在说话，她按掉了声音。",Active Story event/relationship/causal order uniquely supports this rebuild.,PASS — one defensible answer,PASS — plausible/diagnosable current-Journey misconception,Journey-owned counterfactual sequence/relationship misunderstanding.,PASS — no cheap fabricated historical fact required,PASS,PASS,PASS,causal chain/implicit meaning,NONE,NONE,PASS
guangzhou-chen-clan-academy,9,grammarRepair,LANGUAGE,STORY,resolveAdaptiveJourneyLevel:guangzhou-chen-clan-academy:Lv9,JourneyChallengePanel + active Story/Discovery/Vocabulary; snapshot b862a41f204f698da0b2aea42e32961afae5ca9a,PASS,不留下合照，也不越过嘉禾的边界,Current Journey language objective uniquely supports this Chinese repair; history trivia is not required.,PASS — one defensible answer,PASS — plausible/diagnosable current-Journey misconception,Journey-owned Chinese structural near-miss tied to the current language objective.,PASS — no cheap fabricated historical fact required,PASS,PASS,PASS,integrated interpretation,NONE,NONE,PASS
guangzhou-chen-clan-academy,9,missingSentence,CULTURE,CAUSAL_REASONING,resolveAdaptiveJourneyLevel:guangzhou-chen-clan-academy:Lv9,JourneyChallengePanel + active Story/Discovery/Vocabulary; snapshot b862a41f204f698da0b2aea42e32961afae5ca9a,PASS,陈秀仪走过门槛时没有再看手机。,Active Story context uniquely completes the relationship/choice/causal meaning.,PASS — one defensible answer,PASS — plausible/diagnosable current-Journey misconception,Journey-owned counterfactual context/choice/consequence misunderstanding.,PASS — no cheap fabricated historical fact required,PASS,PASS,PASS,integrated interpretation,NONE,NONE,PASS
guangzhou-chen-clan-academy,9,paragraphRebuild,CAUSAL_REASONING,CAUSAL_REASONING,resolveAdaptiveJourneyLevel:guangzhou-chen-clan-academy:Lv9,JourneyChallengePanel + active Story/Discovery/Vocabulary; snapshot b862a41f204f698da0b2aea42e32961afae5ca9a,PASS,"秀仪没有去拉她，只把红围巾留在包里，跟到她身边。
经过门槛时，嘉禾放慢了一步。
两个人并排走了进去。",Active Story event/relationship/causal order uniquely supports this rebuild.,PASS — one defensible answer,PASS — plausible/diagnosable current-Journey misconception,Journey-owned counterfactual sequence/relationship misunderstanding.,PASS — no cheap fabricated historical fact required,PASS,PASS,PASS,integrated interpretation,NONE,NONE,PASS
guangzhou-chen-clan-academy,10,grammarRepair,LANGUAGE,STORY,resolveAdaptiveJourneyLevel:guangzhou-chen-clan-academy:Lv10,JourneyChallengePanel + active Story/Discovery/Vocabulary; snapshot b862a41f204f698da0b2aea42e32961afae5ca9a,PASS,不能,Current Journey language objective uniquely supports this Chinese repair; history trivia is not required.,PASS — one defensible answer,PASS — plausible/diagnosable current-Journey misconception,Journey-owned Chinese structural near-miss tied to the current language objective.,PASS — no cheap fabricated historical fact required,PASS,PASS,PASS,integrated interpretation,NONE,NONE,PASS
guangzhou-chen-clan-academy,10,missingSentence,CULTURE,CAUSAL_REASONING,resolveAdaptiveJourneyLevel:guangzhou-chen-clan-academy:Lv10,JourneyChallengePanel + active Story/Discovery/Vocabulary; snapshot b862a41f204f698da0b2aea42e32961afae5ca9a,PASS,手机安静地留在掌心，红围巾也没有拿出来。,Active Story context uniquely completes the relationship/choice/causal meaning.,PASS — one defensible answer,PASS — plausible/diagnosable current-Journey misconception,Journey-owned counterfactual context/choice/consequence misunderstanding.,PASS — no cheap fabricated historical fact required,PASS,PASS,PASS,integrated interpretation,NONE,NONE,PASS
guangzhou-chen-clan-academy,10,paragraphRebuild,CAUSAL_REASONING,CAUSAL_REASONING,resolveAdaptiveJourneyLevel:guangzhou-chen-clan-academy:Lv10,JourneyChallengePanel + active Story/Discovery/Vocabulary; snapshot b862a41f204f698da0b2aea42e32961afae5ca9a,PASS,"她曾以为一张合照能替三十四年补上一个开头，如今那块空白仍在；她付出的不是一时的难堪，而是放弃向亲族证明“女儿已经回来”的体面。
亲族群可以继续等，嘉禾却不必用改姓、围红围巾或站进镜头来证明相认。
陈家祠一进又一进的院落没有给她们一条直达圆满的路，只让两个人在每一道门槛前重新决定彼此能靠多近。",Active Story event/relationship/causal order uniquely supports this rebuild.,PASS — one defensible answer,PASS — plausible/diagnosable current-Journey misconception,Journey-owned counterfactual sequence/relationship misunderstanding.,PASS — no cheap fabricated historical fact required,PASS,PASS,PASS,integrated interpretation,NONE,NONE,PASS
hangzhou-west-lake,1,grammarRepair,LANGUAGE,STORY,resolveAdaptiveJourneyLevel:hangzhou-west-lake:Lv1,JourneyChallengePanel + active Story/Discovery/Vocabulary; snapshot b862a41f204f698da0b2aea42e32961afae5ca9a,PASS,一直把预约卡藏在包里,Current Journey language objective uniquely supports this Chinese repair; history trivia is not required.,PASS — one defensible answer,PASS — plausible/diagnosable current-Journey misconception,Journey-owned Chinese structural near-miss tied to the current language objective.,PASS — no cheap fabricated historical fact required,PASS,PASS,PASS,recognition/basic comprehension,NONE,NONE,PASS
hangzhou-west-lake,1,missingSentence,STORY,,resolveAdaptiveJourneyLevel:hangzhou-west-lake:Lv1,JourneyChallengePanel + active Story/Discovery/Vocabulary; snapshot b862a41f204f698da0b2aea42e32961afae5ca9a,PASS,周一他要去医院做记忆检查，她却一直没把预约卡拿出来。,Active Story context uniquely completes the relationship/choice/causal meaning.,PASS — one defensible answer,PASS — plausible/diagnosable current-Journey misconception,Journey-owned counterfactual context/choice/consequence misunderstanding.,PASS — no cheap fabricated historical fact required,PASS,PASS,PASS,recognition/basic comprehension,NONE,NONE,PASS
hangzhou-west-lake,1,paragraphRebuild,STORY,,resolveAdaptiveJourneyLevel:hangzhou-west-lake:Lv1,JourneyChallengePanel + active Story/Discovery/Vocabulary; snapshot b862a41f204f698da0b2aea42e32961afae5ca9a,PASS,"方毓六十九岁，和周绍庭结婚四十三年。
周一他要去医院做记忆检查，她却一直没把预约卡拿出来。",Active Story event/relationship/causal order uniquely supports this rebuild.,PASS — one defensible answer,PASS — plausible/diagnosable current-Journey misconception,Journey-owned counterfactual sequence/relationship misunderstanding.,PASS — no cheap fabricated historical fact required,PASS,PASS,PASS,recognition/basic comprehension,NONE,NONE,PASS
hangzhou-west-lake,2,grammarRepair,LANGUAGE,STORY,resolveAdaptiveJourneyLevel:hangzhou-west-lake:Lv2,JourneyChallengePanel + active Story/Discovery/Vocabulary; snapshot b862a41f204f698da0b2aea42e32961afae5ca9a,PASS,慢慢地,Current Journey language objective uniquely supports this Chinese repair; history trivia is not required.,PASS — one defensible answer,PASS — plausible/diagnosable current-Journey misconception,Journey-owned Chinese structural near-miss tied to the current language objective.,PASS — no cheap fabricated historical fact required,PASS,PASS,PASS,recognition/basic comprehension,NONE,NONE,PASS
hangzhou-west-lake,2,missingSentence,STORY,,resolveAdaptiveJourneyLevel:hangzhou-west-lake:Lv2,JourneyChallengePanel + active Story/Discovery/Vocabulary; snapshot b862a41f204f698da0b2aea42e32961afae5ca9a,PASS,他们从断桥出发，她一路问他“断桥残雪”是什么季节、远处是哪座塔。,Active Story context uniquely completes the relationship/choice/causal meaning.,PASS — one defensible answer,PASS — plausible/diagnosable current-Journey misconception,Journey-owned counterfactual context/choice/consequence misunderstanding.,PASS — no cheap fabricated historical fact required,PASS,PASS,PASS,recognition/basic comprehension,NONE,NONE,PASS
hangzhou-west-lake,2,paragraphRebuild,STORY,,resolveAdaptiveJourneyLevel:hangzhou-west-lake:Lv2,JourneyChallengePanel + active Story/Discovery/Vocabulary; snapshot b862a41f204f698da0b2aea42e32961afae5ca9a,PASS,"方毓六十九岁，和周绍庭结婚四十三年。
周一，周绍庭要去医院做记忆检查；方毓把预约卡藏在包里，只说今天去西湖走走。",Active Story event/relationship/causal order uniquely supports this rebuild.,PASS — one defensible answer,PASS — plausible/diagnosable current-Journey misconception,Journey-owned counterfactual sequence/relationship misunderstanding.,PASS — no cheap fabricated historical fact required,PASS,PASS,PASS,recognition/basic comprehension,NONE,NONE,PASS
hangzhou-west-lake,3,grammarRepair,LANGUAGE,STORY,resolveAdaptiveJourneyLevel:hangzhou-west-lake:Lv3,JourneyChallengePanel + active Story/Discovery/Vocabulary; snapshot b862a41f204f698da0b2aea42e32961afae5ca9a,PASS,扶住了,Current Journey language objective uniquely supports this Chinese repair; history trivia is not required.,PASS — one defensible answer,PASS — plausible/diagnosable current-Journey misconception,Journey-owned Chinese structural near-miss tied to the current language objective.,PASS — no cheap fabricated historical fact required,PASS,PASS,PASS,sequence/simple causality,NONE,NONE,PASS
hangzhou-west-lake,3,missingSentence,CAUSAL_REASONING,CAUSAL_REASONING,resolveAdaptiveJourneyLevel:hangzhou-west-lake:Lv3,JourneyChallengePanel + active Story/Discovery/Vocabulary; snapshot b862a41f204f698da0b2aea42e32961afae5ca9a,PASS,他们从断桥出发，她一会儿问“断桥残雪”该在什么季节，一会儿问远处是哪座塔。,Active Story context uniquely completes the relationship/choice/causal meaning.,PASS — one defensible answer,PASS — plausible/diagnosable current-Journey misconception,Journey-owned counterfactual context/choice/consequence misunderstanding.,PASS — no cheap fabricated historical fact required,PASS,PASS,PASS,sequence/simple causality,NONE,NONE,PASS
hangzhou-west-lake,3,paragraphRebuild,CAUSAL_REASONING,CAUSAL_REASONING,resolveAdaptiveJourneyLevel:hangzhou-west-lake:Lv3,JourneyChallengePanel + active Story/Discovery/Vocabulary; snapshot b862a41f204f698da0b2aea42e32961afae5ca9a,PASS,"最近周绍庭常把日期和人名说错，女儿替他约了周一的记忆门诊。
方毓把预约卡藏在包里，只说陪她去西湖走走。
他们从断桥出发，她一会儿问“断桥残雪”该在什么季节，一会儿问远处是哪座塔。",Active Story event/relationship/causal order uniquely supports this rebuild.,PASS — one defensible answer,PASS — plausible/diagnosable current-Journey misconception,Journey-owned counterfactual sequence/relationship misunderstanding.,PASS — no cheap fabricated historical fact required,PASS,PASS,PASS,sequence/simple causality,NONE,NONE,PASS
hangzhou-west-lake,4,grammarRepair,LANGUAGE,STORY,resolveAdaptiveJourneyLevel:hangzhou-west-lake:Lv4,JourneyChallengePanel + active Story/Discovery/Vocabulary; snapshot b862a41f204f698da0b2aea42e32961afae5ca9a,PASS,仍然继续,Current Journey language objective uniquely supports this Chinese repair; history trivia is not required.,PASS — one defensible answer,PASS — plausible/diagnosable current-Journey misconception,Journey-owned Chinese structural near-miss tied to the current language objective.,PASS — no cheap fabricated historical fact required,PASS,PASS,PASS,sequence/simple causality,NONE,NONE,PASS
hangzhou-west-lake,4,missingSentence,CAUSAL_REASONING,CAUSAL_REASONING,resolveAdaptiveJourneyLevel:hangzhou-west-lake:Lv4,JourneyChallengePanel + active Story/Discovery/Vocabulary; snapshot b862a41f204f698da0b2aea42e32961afae5ca9a,PASS,“远处是哪座塔？”,Active Story context uniquely completes the relationship/choice/causal meaning.,PASS — one defensible answer,PASS — plausible/diagnosable current-Journey misconception,Journey-owned counterfactual context/choice/consequence misunderstanding.,PASS — no cheap fabricated historical fact required,PASS,PASS,PASS,sequence/simple causality,NONE,NONE,PASS
hangzhou-west-lake,4,paragraphRebuild,CAUSAL_REASONING,CAUSAL_REASONING,resolveAdaptiveJourneyLevel:hangzhou-west-lake:Lv4,JourneyChallengePanel + active Story/Discovery/Vocabulary; snapshot b862a41f204f698da0b2aea42e32961afae5ca9a,PASS,"星期六，她只说很久没走西湖，拉他从断桥出发。
她一路把散步变成考试：“断桥残雪是什么季节？”
“远处是哪座塔？”",Active Story event/relationship/causal order uniquely supports this rebuild.,PASS — one defensible answer,PASS — plausible/diagnosable current-Journey misconception,Journey-owned counterfactual sequence/relationship misunderstanding.,PASS — no cheap fabricated historical fact required,PASS,PASS,PASS,sequence/simple causality,NONE,NONE,PASS
hangzhou-west-lake,5,grammarRepair,LANGUAGE,STORY,resolveAdaptiveJourneyLevel:hangzhou-west-lake:Lv5,JourneyChallengePanel + active Story/Discovery/Vocabulary; snapshot b862a41f204f698da0b2aea42e32961afae5ca9a,PASS,方毓一看见周绍庭下意识扶住她，便,Current Journey language objective uniquely supports this Chinese repair; history trivia is not required.,PASS — one defensible answer,PASS — plausible/diagnosable current-Journey misconception,Journey-owned Chinese structural near-miss tied to the current language objective.,PASS — no cheap fabricated historical fact required,PASS,PASS,PASS,relationship/choice/historical cause,NONE,NONE,PASS
hangzhou-west-lake,5,missingSentence,CAUSAL_REASONING,CAUSAL_REASONING,resolveAdaptiveJourneyLevel:hangzhou-west-lake:Lv5,JourneyChallengePanel + active Story/Discovery/Vocabulary; snapshot b862a41f204f698da0b2aea42e32961afae5ca9a,PASS,散步渐渐只剩方毓在出题。,Active Story context uniquely completes the relationship/choice/causal meaning.,PASS — one defensible answer,PASS — plausible/diagnosable current-Journey misconception,Journey-owned counterfactual context/choice/consequence misunderstanding.,PASS — no cheap fabricated historical fact required,PASS,PASS,PASS,relationship/choice/historical cause,NONE,NONE,PASS
hangzhou-west-lake,5,paragraphRebuild,CAUSAL_REASONING,CAUSAL_REASONING,resolveAdaptiveJourneyLevel:hangzhou-west-lake:Lv5,JourneyChallengePanel + active Story/Discovery/Vocabulary; snapshot b862a41f204f698da0b2aea42e32961afae5ca9a,PASS,"一路上，她不断问“断桥残雪是什么季节”“远处是哪座塔”“他们第一次来时下没下雨”。
周绍庭把冬景说成夏天，又说错塔名；第三个问题没有回答。
散步渐渐只剩方毓在出题。",Active Story event/relationship/causal order uniquely supports this rebuild.,PASS — one defensible answer,PASS — plausible/diagnosable current-Journey misconception,Journey-owned counterfactual sequence/relationship misunderstanding.,PASS — no cheap fabricated historical fact required,PASS,PASS,PASS,relationship/choice/historical cause,NONE,NONE,PASS
hangzhou-west-lake,6,grammarRepair,LANGUAGE,STORY,resolveAdaptiveJourneyLevel:hangzhou-west-lake:Lv6,JourneyChallengePanel + active Story/Discovery/Vocabulary; snapshot b862a41f204f698da0b2aea42e32961afae5ca9a,PASS,但是,Current Journey language objective uniquely supports this Chinese repair; history trivia is not required.,PASS — one defensible answer,PASS — plausible/diagnosable current-Journey misconception,Journey-owned Chinese structural near-miss tied to the current language objective.,PASS — no cheap fabricated historical fact required,PASS,PASS,PASS,relationship/choice/historical cause,NONE,NONE,PASS
hangzhou-west-lake,6,missingSentence,CAUSAL_REASONING,CAUSAL_REASONING,resolveAdaptiveJourneyLevel:hangzhou-west-lake:Lv6,JourneyChallengePanel + active Story/Discovery/Vocabulary; snapshot b862a41f204f698da0b2aea42e32961afae5ca9a,PASS,雨点落下来，桥边石阶很快湿了。,Active Story context uniquely completes the relationship/choice/causal meaning.,PASS — one defensible answer,PASS — plausible/diagnosable current-Journey misconception,Journey-owned counterfactual context/choice/consequence misunderstanding.,PASS — no cheap fabricated historical fact required,PASS,PASS,PASS,relationship/choice/historical cause,NONE,NONE,PASS
hangzhou-west-lake,6,paragraphRebuild,CAUSAL_REASONING,CAUSAL_REASONING,resolveAdaptiveJourneyLevel:hangzhou-west-lake:Lv6,JourneyChallengePanel + active Story/Discovery/Vocabulary; snapshot b862a41f204f698da0b2aea42e32961afae5ca9a,PASS,"周绍庭把冬景说成夏天，又说错塔名；第三个问题没有回答。
方毓仍往前走，散步渐渐只剩她在出题，他在猜。
雨点落下来，桥边石阶很快湿了。",Active Story event/relationship/causal order uniquely supports this rebuild.,PASS — one defensible answer,PASS — plausible/diagnosable current-Journey misconception,Journey-owned counterfactual sequence/relationship misunderstanding.,PASS — no cheap fabricated historical fact required,PASS,PASS,PASS,relationship/choice/historical cause,NONE,NONE,PASS
hangzhou-west-lake,7,grammarRepair,LANGUAGE,STORY,resolveAdaptiveJourneyLevel:hangzhou-west-lake:Lv7,JourneyChallengePanel + active Story/Discovery/Vocabulary; snapshot b862a41f204f698da0b2aea42e32961afae5ca9a,PASS,答不出景名，并不等于,Current Journey language objective uniquely supports this Chinese repair; history trivia is not required.,PASS — one defensible answer,PASS — plausible/diagnosable current-Journey misconception,Journey-owned Chinese structural near-miss tied to the current language objective.,PASS — no cheap fabricated historical fact required,PASS,PASS,PASS,causal chain/implicit meaning,NONE,NONE,PASS
hangzhou-west-lake,7,missingSentence,CAUSAL_REASONING,CAUSAL_REASONING,resolveAdaptiveJourneyLevel:hangzhou-west-lake:Lv7,JourneyChallengePanel + active Story/Discovery/Vocabulary; snapshot b862a41f204f698da0b2aea42e32961afae5ca9a,PASS,四十三年前第一次走这段路时，他也曾在湿石阶上这样扶她；那次的月份他们后来争过很多回，扶住手肘的动作却没有变。,Active Story context uniquely completes the relationship/choice/causal meaning.,PASS — one defensible answer,PASS — plausible/diagnosable current-Journey misconception,Journey-owned counterfactual context/choice/consequence misunderstanding.,PASS — no cheap fabricated historical fact required,PASS,PASS,PASS,causal chain/implicit meaning,NONE,NONE,PASS
hangzhou-west-lake,7,paragraphRebuild,CAUSAL_REASONING,CAUSAL_REASONING,resolveAdaptiveJourneyLevel:hangzhou-west-lake:Lv7,JourneyChallengePanel + active Story/Discovery/Vocabulary; snapshot b862a41f204f698da0b2aea42e32961afae5ca9a,PASS,"雨点落下来，桥边石阶很快湿了。
方毓回头等他，脚下一偏，周绍庭下意识扶住她的手肘：“这里一直滑。”
四十三年前第一次走这段路时，他也曾在湿石阶上这样扶她；那次的月份他们后来争过很多回，扶住手肘的动作却没有变。",Active Story event/relationship/causal order uniquely supports this rebuild.,PASS — one defensible answer,PASS — plausible/diagnosable current-Journey misconception,Journey-owned counterfactual sequence/relationship misunderstanding.,PASS — no cheap fabricated historical fact required,PASS,PASS,PASS,causal chain/implicit meaning,NONE,NONE,PASS
hangzhou-west-lake,8,grammarRepair,LANGUAGE,STORY,resolveAdaptiveJourneyLevel:hangzhou-west-lake:Lv8,JourneyChallengePanel + active Story/Discovery/Vocabulary; snapshot b862a41f204f698da0b2aea42e32961afae5ca9a,PASS,转而拿出,Current Journey language objective uniquely supports this Chinese repair; history trivia is not required.,PASS — one defensible answer,PASS — plausible/diagnosable current-Journey misconception,Journey-owned Chinese structural near-miss tied to the current language objective.,PASS — no cheap fabricated historical fact required,PASS,PASS,PASS,causal chain/implicit meaning,NONE,NONE,PASS
hangzhou-west-lake,8,missingSentence,CAUSAL_REASONING,CAUSAL_REASONING,resolveAdaptiveJourneyLevel:hangzhou-west-lake:Lv8,JourneyChallengePanel + active Story/Discovery/Vocabulary; snapshot b862a41f204f698da0b2aea42e32961afae5ca9a,PASS,方毓把准备好的下一道题停住，从包里拿出预约卡，承认今天不是来赏景，而是想证明他还记得两个人共同过过的日子。,Active Story context uniquely completes the relationship/choice/causal meaning.,PASS — one defensible answer,PASS — plausible/diagnosable current-Journey misconception,Journey-owned counterfactual context/choice/consequence misunderstanding.,PASS — no cheap fabricated historical fact required,PASS,PASS,PASS,causal chain/implicit meaning,NONE,NONE,PASS
hangzhou-west-lake,8,paragraphRebuild,CAUSAL_REASONING,CAUSAL_REASONING,resolveAdaptiveJourneyLevel:hangzhou-west-lake:Lv8,JourneyChallengePanel + active Story/Discovery/Vocabulary; snapshot b862a41f204f698da0b2aea42e32961afae5ca9a,PASS,"方毓回头等他，脚下一偏，周绍庭下意识扶住她的手肘：“这里一直滑。”
四十三年前第一次走这段路时，他也曾在湿石阶上这样扶她；那次的月份他们后来争过很多回，扶住手肘的动作却没有变。
方毓把准备好的下一道题停住，从包里拿出预约卡，承认今天不是来赏景，而是想证明他还记得两个人共同过过的日子。",Active Story event/relationship/causal order uniquely supports this rebuild.,PASS — one defensible answer,PASS — plausible/diagnosable current-Journey misconception,Journey-owned counterfactual sequence/relationship misunderstanding.,PASS — no cheap fabricated historical fact required,PASS,PASS,PASS,causal chain/implicit meaning,NONE,NONE,PASS
hangzhou-west-lake,9,grammarRepair,LANGUAGE,STORY,resolveAdaptiveJourneyLevel:hangzhou-west-lake:Lv9,JourneyChallengePanel + active Story/Discovery/Vocabulary; snapshot b862a41f204f698da0b2aea42e32961afae5ca9a,PASS,原因在于,Current Journey language objective uniquely supports this Chinese repair; history trivia is not required.,PASS — one defensible answer,PASS — plausible/diagnosable current-Journey misconception,Journey-owned Chinese structural near-miss tied to the current language objective.,PASS — no cheap fabricated historical fact required,PASS,PASS,PASS,integrated interpretation,NONE,NONE,PASS
hangzhou-west-lake,9,missingSentence,CULTURE,CAUSAL_REASONING,resolveAdaptiveJourneyLevel:hangzhou-west-lake:Lv9,JourneyChallengePanel + active Story/Discovery/Vocabulary; snapshot b862a41f204f698da0b2aea42e32961afae5ca9a,PASS,他说自己早已看见女儿发来的医院短信，只是不愿先开口，仿佛不说，记忆混乱就还只是家里的小差错。,Active Story context uniquely completes the relationship/choice/causal meaning.,PASS — one defensible answer,PASS — plausible/diagnosable current-Journey misconception,Journey-owned counterfactual context/choice/consequence misunderstanding.,PASS — no cheap fabricated historical fact required,PASS,PASS,PASS,integrated interpretation,NONE,NONE,PASS
hangzhou-west-lake,9,paragraphRebuild,CAUSAL_REASONING,CAUSAL_REASONING,resolveAdaptiveJourneyLevel:hangzhou-west-lake:Lv9,JourneyChallengePanel + active Story/Discovery/Vocabulary; snapshot b862a41f204f698da0b2aea42e32961afae5ca9a,PASS,"周绍庭没有把卡推回去：“我知道你在怕什么。
我也怕。”
他说自己早已看见女儿发来的医院短信，只是不愿先开口，仿佛不说，记忆混乱就还只是家里的小差错。",Active Story event/relationship/causal order uniquely supports this rebuild.,PASS — one defensible answer,PASS — plausible/diagnosable current-Journey misconception,Journey-owned counterfactual sequence/relationship misunderstanding.,PASS — no cheap fabricated historical fact required,PASS,PASS,PASS,integrated interpretation,NONE,NONE,PASS
hangzhou-west-lake,10,grammarRepair,LANGUAGE,STORY,resolveAdaptiveJourneyLevel:hangzhou-west-lake:Lv10,JourneyChallengePanel + active Story/Discovery/Vocabulary; snapshot b862a41f204f698da0b2aea42e32961afae5ca9a,PASS,不在于景名是否答对，而在于如何一起面对记忆变化,Current Journey language objective uniquely supports this Chinese repair; history trivia is not required.,PASS — one defensible answer,PASS — plausible/diagnosable current-Journey misconception,Journey-owned Chinese structural near-miss tied to the current language objective.,PASS — no cheap fabricated historical fact required,PASS,PASS,PASS,integrated interpretation,NONE,NONE,PASS
hangzhou-west-lake,10,missingSentence,CULTURE,CAUSAL_REASONING,resolveAdaptiveJourneyLevel:hangzhou-west-lake:Lv10,JourneyChallengePanel + active Story/Discovery/Vocabulary; snapshot b862a41f204f698da0b2aea42e32961afae5ca9a,PASS,雨还落在湖面和桥栏上，远处景物被水汽遮去一层；方毓没有再问任何景名，周绍庭也没有重新猜答案。,Active Story context uniquely completes the relationship/choice/causal meaning.,PASS — one defensible answer,PASS — plausible/diagnosable current-Journey misconception,Journey-owned counterfactual context/choice/consequence misunderstanding.,PASS — no cheap fabricated historical fact required,PASS,PASS,PASS,integrated interpretation,NONE,NONE,PASS
hangzhou-west-lake,10,paragraphRebuild,CAUSAL_REASONING,CAUSAL_REASONING,resolveAdaptiveJourneyLevel:hangzhou-west-lake:Lv10,JourneyChallengePanel + active Story/Discovery/Vocabulary; snapshot b862a41f204f698da0b2aea42e32961afae5ca9a,PASS,"方毓承认自己也一直装作只是散步，因为她宁可听见几个错误答案，也不愿听见医生把担心说成一个名字。
他低头看清日期，把预约卡放进自己的钱包，没有交还给方毓。
雨还落在湖面和桥栏上，远处景物被水汽遮去一层；方毓没有再问任何景名，周绍庭也没有重新猜答案。",Active Story event/relationship/causal order uniquely supports this rebuild.,PASS — one defensible answer,PASS — plausible/diagnosable current-Journey misconception,Journey-owned counterfactual sequence/relationship misunderstanding.,PASS — no cheap fabricated historical fact required,PASS,PASS,PASS,integrated interpretation,NONE,NONE,PASS
jiangmen-kaiping-diaolou,1,grammarRepair,LANGUAGE,STORY,resolveAdaptiveJourneyLevel:jiangmen-kaiping-diaolou:Lv1,JourneyChallengePanel + active Story/Discovery/Vocabulary; snapshot b862a41f204f698da0b2aea42e32961afae5ca9a,PASS,从海外寄回一份,Current Journey language objective uniquely supports this Chinese repair; history trivia is not required.,PASS — one defensible answer,PASS — plausible/diagnosable current-Journey misconception,Journey-owned Chinese structural near-miss tied to the current language objective.,PASS — no cheap fabricated historical fact required,PASS,PASS,PASS,recognition/basic comprehension,NONE,NONE,PASS
jiangmen-kaiping-diaolou,1,missingSentence,STORY,,resolveAdaptiveJourneyLevel:jiangmen-kaiping-diaolou:Lv1,JourneyChallengePanel + active Story/Discovery/Vocabulary; snapshot b862a41f204f698da0b2aea42e32961afae5ca9a,PASS,虚构青年梁川留在家乡，哥哥梁海在海外谋生，寄回带拱券和柱廊的建筑图样。,Active Story context uniquely completes the relationship/choice/causal meaning.,PASS — one defensible answer,PASS — plausible/diagnosable current-Journey misconception,Journey-owned counterfactual context/choice/consequence misunderstanding.,PASS — no cheap fabricated historical fact required,PASS,PASS,PASS,recognition/basic comprehension,NONE,NONE,PASS
jiangmen-kaiping-diaolou,1,paragraphRebuild,STORY,,resolveAdaptiveJourneyLevel:jiangmen-kaiping-diaolou:Lv1,JourneyChallengePanel + active Story/Discovery/Vocabulary; snapshot b862a41f204f698da0b2aea42e32961afae5ca9a,PASS,"20世纪20年代，开平。
虚构青年梁川留在家乡，哥哥梁海在海外谋生，寄回带拱券和柱廊的建筑图样。",Active Story event/relationship/causal order uniquely supports this rebuild.,PASS — one defensible answer,PASS — plausible/diagnosable current-Journey misconception,Journey-owned counterfactual sequence/relationship misunderstanding.,PASS — no cheap fabricated historical fact required,PASS,PASS,PASS,recognition/basic comprehension,NONE,NONE,PASS
jiangmen-kaiping-diaolou,2,grammarRepair,LANGUAGE,STORY,resolveAdaptiveJourneyLevel:jiangmen-kaiping-diaolou:Lv2,JourneyChallengePanel + active Story/Discovery/Vocabulary; snapshot b862a41f204f698da0b2aea42e32961afae5ca9a,PASS,认真地,Current Journey language objective uniquely supports this Chinese repair; history trivia is not required.,PASS — one defensible answer,PASS — plausible/diagnosable current-Journey misconception,Journey-owned Chinese structural near-miss tied to the current language objective.,PASS — no cheap fabricated historical fact required,PASS,PASS,PASS,recognition/basic comprehension,NONE,NONE,PASS
jiangmen-kaiping-diaolou,2,missingSentence,STORY,,resolveAdaptiveJourneyLevel:jiangmen-kaiping-diaolou:Lv2,JourneyChallengePanel + active Story/Discovery/Vocabulary; snapshot b862a41f204f698da0b2aea42e32961afae5ca9a,PASS,他在信里说，这份投入只用于家里的独楼；若要改作别用，就寄还给他。,Active Story context uniquely completes the relationship/choice/causal meaning.,PASS — one defensible answer,PASS — plausible/diagnosable current-Journey misconception,Journey-owned counterfactual context/choice/consequence misunderstanding.,PASS — no cheap fabricated historical fact required,PASS,PASS,PASS,recognition/basic comprehension,NONE,NONE,PASS
jiangmen-kaiping-diaolou,2,paragraphRebuild,STORY,,resolveAdaptiveJourneyLevel:jiangmen-kaiping-diaolou:Lv2,JourneyChallengePanel + active Story/Discovery/Vocabulary; snapshot b862a41f204f698da0b2aea42e32961afae5ca9a,PASS,"虚构青年梁川留在家乡，哥哥梁海在海外谋生，寄回带拱券和柱廊的建筑图样。
他在信里说，这份投入只用于家里的独楼；若要改作别用，就寄还给他。",Active Story event/relationship/causal order uniquely supports this rebuild.,PASS — one defensible answer,PASS — plausible/diagnosable current-Journey misconception,Journey-owned counterfactual sequence/relationship misunderstanding.,PASS — no cheap fabricated historical fact required,PASS,PASS,PASS,recognition/basic comprehension,NONE,NONE,PASS
jiangmen-kaiping-diaolou,3,grammarRepair,LANGUAGE,STORY,resolveAdaptiveJourneyLevel:jiangmen-kaiping-diaolou:Lv3,JourneyChallengePanel + active Story/Discovery/Vocabulary; snapshot b862a41f204f698da0b2aea42e32961afae5ca9a,PASS,用于,Current Journey language objective uniquely supports this Chinese repair; history trivia is not required.,PASS — one defensible answer,PASS — plausible/diagnosable current-Journey misconception,Journey-owned Chinese structural near-miss tied to the current language objective.,PASS — no cheap fabricated historical fact required,PASS,PASS,PASS,sequence/simple causality,NONE,NONE,PASS
jiangmen-kaiping-diaolou,3,missingSentence,CAUSAL_REASONING,CAUSAL_REASONING,resolveAdaptiveJourneyLevel:jiangmen-kaiping-diaolou:Lv3,JourneyChallengePanel + active Story/Discovery/Vocabulary; snapshot b862a41f204f698da0b2aea42e32961afae5ca9a,PASS,哥哥把图样看作多年海外生活留下的东西。,Active Story context uniquely completes the relationship/choice/causal meaning.,PASS — one defensible answer,PASS — plausible/diagnosable current-Journey misconception,Journey-owned counterfactual context/choice/consequence misunderstanding.,PASS — no cheap fabricated historical fact required,PASS,PASS,PASS,sequence/simple causality,NONE,NONE,PASS
jiangmen-kaiping-diaolou,3,paragraphRebuild,CAUSAL_REASONING,CAUSAL_REASONING,resolveAdaptiveJourneyLevel:jiangmen-kaiping-diaolou:Lv3,JourneyChallengePanel + active Story/Discovery/Vocabulary; snapshot b862a41f204f698da0b2aea42e32961afae5ca9a,PASS,"他在信里说，这份投入只用于家里的独楼；若要改作别用，就寄还给他。
哥哥把图样看作多年海外生活留下的东西。
梁川明白，改图也可能让哥哥觉得自己的经历被否定。",Active Story event/relationship/causal order uniquely supports this rebuild.,PASS — one defensible answer,PASS — plausible/diagnosable current-Journey misconception,Journey-owned counterfactual sequence/relationship misunderstanding.,PASS — no cheap fabricated historical fact required,PASS,PASS,PASS,sequence/simple causality,NONE,NONE,PASS
jiangmen-kaiping-diaolou,4,grammarRepair,LANGUAGE,STORY,resolveAdaptiveJourneyLevel:jiangmen-kaiping-diaolou:Lv4,JourneyChallengePanel + active Story/Discovery/Vocabulary; snapshot b862a41f204f698da0b2aea42e32961afae5ca9a,PASS,先折起原图，再,Current Journey language objective uniquely supports this Chinese repair; history trivia is not required.,PASS — one defensible answer,PASS — plausible/diagnosable current-Journey misconception,Journey-owned Chinese structural near-miss tied to the current language objective.,PASS — no cheap fabricated historical fact required,PASS,PASS,PASS,sequence/simple causality,NONE,NONE,PASS
jiangmen-kaiping-diaolou,4,missingSentence,CAUSAL_REASONING,CAUSAL_REASONING,resolveAdaptiveJourneyLevel:jiangmen-kaiping-diaolou:Lv4,JourneyChallengePanel + active Story/Discovery/Vocabulary; snapshot b862a41f204f698da0b2aea42e32961afae5ca9a,PASS,梁川明白，改图也可能让哥哥觉得自己的经历被否定。,Active Story context uniquely completes the relationship/choice/causal meaning.,PASS — one defensible answer,PASS — plausible/diagnosable current-Journey misconception,Journey-owned counterfactual context/choice/consequence misunderstanding.,PASS — no cheap fabricated historical fact required,PASS,PASS,PASS,sequence/simple causality,NONE,NONE,PASS
jiangmen-kaiping-diaolou,4,paragraphRebuild,CAUSAL_REASONING,CAUSAL_REASONING,resolveAdaptiveJourneyLevel:jiangmen-kaiping-diaolou:Lv4,JourneyChallengePanel + active Story/Discovery/Vocabulary; snapshot b862a41f204f698da0b2aea42e32961afae5ca9a,PASS,"哥哥把图样看作多年海外生活留下的东西。
梁川明白，改图也可能让哥哥觉得自己的经历被否定。
村里几户人家正合建一座众楼，遇到危险时可临时避难。",Active Story event/relationship/causal order uniquely supports this rebuild.,PASS — one defensible answer,PASS — plausible/diagnosable current-Journey misconception,Journey-owned counterfactual sequence/relationship misunderstanding.,PASS — no cheap fabricated historical fact required,PASS,PASS,PASS,sequence/simple causality,NONE,NONE,PASS
jiangmen-kaiping-diaolou,5,grammarRepair,LANGUAGE,STORY,resolveAdaptiveJourneyLevel:jiangmen-kaiping-diaolou:Lv5,JourneyChallengePanel + active Story/Discovery/Vocabulary; snapshot b862a41f204f698da0b2aea42e32961afae5ca9a,PASS,这让,Current Journey language objective uniquely supports this Chinese repair; history trivia is not required.,PASS — one defensible answer,PASS — plausible/diagnosable current-Journey misconception,Journey-owned Chinese structural near-miss tied to the current language objective.,PASS — no cheap fabricated historical fact required,PASS,PASS,PASS,relationship/choice/historical cause,NONE,NONE,PASS
jiangmen-kaiping-diaolou,5,missingSentence,CAUSAL_REASONING,CAUSAL_REASONING,resolveAdaptiveJourneyLevel:jiangmen-kaiping-diaolou:Lv5,JourneyChallengePanel + active Story/Discovery/Vocabulary; snapshot b862a41f204f698da0b2aea42e32961afae5ca9a,PASS,他第一次认真分清众楼、居楼和更楼：共同避难、兼顾居住、联防预警，并不是同一种用途。,Active Story context uniquely completes the relationship/choice/causal meaning.,PASS — one defensible answer,PASS — plausible/diagnosable current-Journey misconception,Journey-owned counterfactual context/choice/consequence misunderstanding.,PASS — no cheap fabricated historical fact required,PASS,PASS,PASS,relationship/choice/historical cause,NONE,NONE,PASS
jiangmen-kaiping-diaolou,5,paragraphRebuild,CAUSAL_REASONING,CAUSAL_REASONING,resolveAdaptiveJourneyLevel:jiangmen-kaiping-diaolou:Lv5,JourneyChallengePanel + active Story/Discovery/Vocabulary; snapshot b862a41f204f698da0b2aea42e32961afae5ca9a,PASS,"村里几户人家正合建一座众楼，遇到危险时可临时避难。
梁川原想守住哥哥的私家方案，却发现合建还缺一份投入。
他第一次认真分清众楼、居楼和更楼：共同避难、兼顾居住、联防预警，并不是同一种用途。",Active Story event/relationship/causal order uniquely supports this rebuild.,PASS — one defensible answer,PASS — plausible/diagnosable current-Journey misconception,Journey-owned counterfactual sequence/relationship misunderstanding.,PASS — no cheap fabricated historical fact required,PASS,PASS,PASS,relationship/choice/historical cause,NONE,NONE,PASS
jiangmen-kaiping-diaolou,6,grammarRepair,LANGUAGE,STORY,resolveAdaptiveJourneyLevel:jiangmen-kaiping-diaolou:Lv6,JourneyChallengePanel + active Story/Discovery/Vocabulary; snapshot b862a41f204f698da0b2aea42e32961afae5ca9a,PASS,但是,Current Journey language objective uniquely supports this Chinese repair; history trivia is not required.,PASS — one defensible answer,PASS — plausible/diagnosable current-Journey misconception,Journey-owned Chinese structural near-miss tied to the current language objective.,PASS — no cheap fabricated historical fact required,PASS,PASS,PASS,relationship/choice/historical cause,NONE,NONE,PASS
jiangmen-kaiping-diaolou,6,missingSentence,CAUSAL_REASONING,CAUSAL_REASONING,resolveAdaptiveJourneyLevel:jiangmen-kaiping-diaolou:Lv6,JourneyChallengePanel + active Story/Discovery/Vocabulary; snapshot b862a41f204f698da0b2aea42e32961afae5ca9a,PASS,梁川重读哥哥的信，不再把“从海外带回来的”理解成“不能改的”。,Active Story context uniquely completes the relationship/choice/causal meaning.,PASS — one defensible answer,PASS — plausible/diagnosable current-Journey misconception,Journey-owned counterfactual context/choice/consequence misunderstanding.,PASS — no cheap fabricated historical fact required,PASS,PASS,PASS,relationship/choice/historical cause,NONE,NONE,PASS
jiangmen-kaiping-diaolou,6,paragraphRebuild,CAUSAL_REASONING,CAUSAL_REASONING,resolveAdaptiveJourneyLevel:jiangmen-kaiping-diaolou:Lv6,JourneyChallengePanel + active Story/Discovery/Vocabulary; snapshot b862a41f204f698da0b2aea42e32961afae5ca9a,PASS,"他第一次认真分清众楼、居楼和更楼：共同避难、兼顾居住、联防预警，并不是同一种用途。
他也明白，开平碉楼的外来元素并非整套建筑照搬回来，而是在本地传统、生活需要和新审美之间重新组合。
梁川重读哥哥的信，不再把“从海外带回来的”理解成“不能改的”。",Active Story event/relationship/causal order uniquely supports this rebuild.,PASS — one defensible answer,PASS — plausible/diagnosable current-Journey misconception,Journey-owned counterfactual sequence/relationship misunderstanding.,PASS — no cheap fabricated historical fact required,PASS,PASS,PASS,relationship/choice/historical cause,NONE,NONE,PASS
jiangmen-kaiping-diaolou,7,grammarRepair,LANGUAGE,STORY,resolveAdaptiveJourneyLevel:jiangmen-kaiping-diaolou:Lv7,JourneyChallengePanel + active Story/Discovery/Vocabulary; snapshot b862a41f204f698da0b2aea42e32961afae5ca9a,PASS,放弃独楼，并不解除梁川,Current Journey language objective uniquely supports this Chinese repair; history trivia is not required.,PASS — one defensible answer,PASS — plausible/diagnosable current-Journey misconception,Journey-owned Chinese structural near-miss tied to the current language objective.,PASS — no cheap fabricated historical fact required,PASS,PASS,PASS,causal chain/implicit meaning,NONE,NONE,PASS
jiangmen-kaiping-diaolou,7,missingSentence,CAUSAL_REASONING,CAUSAL_REASONING,resolveAdaptiveJourneyLevel:jiangmen-kaiping-diaolou:Lv7,JourneyChallengePanel + active Story/Discovery/Vocabulary; snapshot b862a41f204f698da0b2aea42e32961afae5ca9a,PASS,家里放弃独建；梁川把改过的众楼图和退还投入的承诺一起寄给哥哥。,Active Story context uniquely completes the relationship/choice/causal meaning.,PASS — one defensible answer,PASS — plausible/diagnosable current-Journey misconception,Journey-owned counterfactual context/choice/consequence misunderstanding.,PASS — no cheap fabricated historical fact required,PASS,PASS,PASS,causal chain/implicit meaning,NONE,NONE,PASS
jiangmen-kaiping-diaolou,7,paragraphRebuild,CAUSAL_REASONING,CAUSAL_REASONING,resolveAdaptiveJourneyLevel:jiangmen-kaiping-diaolou:Lv7,JourneyChallengePanel + active Story/Discovery/Vocabulary; snapshot b862a41f204f698da0b2aea42e32961afae5ca9a,PASS,"兄弟真正难谈的，是远方经验回到村里后还要接受本地需要。
梁川最后把原图折起，对工匠说：“外面的样子可以带回来，里面得让大家一起用。”
家里放弃独建；梁川把改过的众楼图和退还投入的承诺一起寄给哥哥。",Active Story event/relationship/causal order uniquely supports this rebuild.,PASS — one defensible answer,PASS — plausible/diagnosable current-Journey misconception,Journey-owned counterfactual sequence/relationship misunderstanding.,PASS — no cheap fabricated historical fact required,PASS,PASS,PASS,causal chain/implicit meaning,NONE,NONE,PASS
jiangmen-kaiping-diaolou,8,grammarRepair,LANGUAGE,STORY,resolveAdaptiveJourneyLevel:jiangmen-kaiping-diaolou:Lv8,JourneyChallengePanel + active Story/Discovery/Vocabulary; snapshot b862a41f204f698da0b2aea42e32961afae5ca9a,PASS,改写为,Current Journey language objective uniquely supports this Chinese repair; history trivia is not required.,PASS — one defensible answer,PASS — plausible/diagnosable current-Journey misconception,Journey-owned Chinese structural near-miss tied to the current language objective.,PASS — no cheap fabricated historical fact required,PASS,PASS,PASS,causal chain/implicit meaning,NONE,NONE,PASS
jiangmen-kaiping-diaolou,8,missingSentence,CAUSAL_REASONING,CAUSAL_REASONING,resolveAdaptiveJourneyLevel:jiangmen-kaiping-diaolou:Lv8,JourneyChallengePanel + active Story/Discovery/Vocabulary; snapshot b862a41f204f698da0b2aea42e32961afae5ca9a,PASS,梁海没有称赞改图，只在“我家的楼”旁划了一道线，改写成“我们家在众楼里的一份”，并让梁川保留一道拱券。,Active Story context uniquely completes the relationship/choice/causal meaning.,PASS — one defensible answer,PASS — plausible/diagnosable current-Journey misconception,Journey-owned counterfactual context/choice/consequence misunderstanding.,PASS — no cheap fabricated historical fact required,PASS,PASS,PASS,causal chain/implicit meaning,NONE,NONE,PASS
jiangmen-kaiping-diaolou,8,paragraphRebuild,CAUSAL_REASONING,CAUSAL_REASONING,resolveAdaptiveJourneyLevel:jiangmen-kaiping-diaolou:Lv8,JourneyChallengePanel + active Story/Discovery/Vocabulary; snapshot b862a41f204f698da0b2aea42e32961afae5ca9a,PASS,"回信到了。
梁海没有称赞改图，只在“我家的楼”旁划了一道线，改写成“我们家在众楼里的一份”，并让梁川保留一道拱券。
众楼继续施工；原图留在箱底。",Active Story event/relationship/causal order uniquely supports this rebuild.,PASS — one defensible answer,PASS — plausible/diagnosable current-Journey misconception,Journey-owned counterfactual sequence/relationship misunderstanding.,PASS — no cheap fabricated historical fact required,PASS,PASS,PASS,causal chain/implicit meaning,NONE,NONE,PASS
jiangmen-kaiping-diaolou,9,grammarRepair,LANGUAGE,STORY,resolveAdaptiveJourneyLevel:jiangmen-kaiping-diaolou:Lv9,JourneyChallengePanel + active Story/Discovery/Vocabulary; snapshot b862a41f204f698da0b2aea42e32961afae5ca9a,PASS,没有完整照搬海外柱廊，而只,Current Journey language objective uniquely supports this Chinese repair; history trivia is not required.,PASS — one defensible answer,PASS — plausible/diagnosable current-Journey misconception,Journey-owned Chinese structural near-miss tied to the current language objective.,PASS — no cheap fabricated historical fact required,PASS,PASS,PASS,integrated interpretation,NONE,NONE,PASS
jiangmen-kaiping-diaolou,9,missingSentence,CULTURE,CAUSAL_REASONING,resolveAdaptiveJourneyLevel:jiangmen-kaiping-diaolou:Lv9,JourneyChallengePanel + active Story/Discovery/Vocabulary; snapshot b862a41f204f698da0b2aea42e32961afae5ca9a,PASS,开工后，梁川沿村路看运料的位置，又和几户人家核对进出路线。,Active Story context uniquely completes the relationship/choice/causal meaning.,PASS — one defensible answer,PASS — plausible/diagnosable current-Journey misconception,Journey-owned counterfactual context/choice/consequence misunderstanding.,PASS — no cheap fabricated historical fact required,PASS,PASS,PASS,integrated interpretation,NONE,NONE,PASS
jiangmen-kaiping-diaolou,9,paragraphRebuild,CAUSAL_REASONING,CAUSAL_REASONING,resolveAdaptiveJourneyLevel:jiangmen-kaiping-diaolou:Lv9,JourneyChallengePanel + active Story/Discovery/Vocabulary; snapshot b862a41f204f698da0b2aea42e32961afae5ca9a,PASS,"梁川把哥哥改过的那行字拿给工匠看。
工匠量过众楼共用的空间，只把拱券留在入口，没有让柱廊占掉多户避难的位置。
开工后，梁川沿村路看运料的位置，又和几户人家核对进出路线。",Active Story event/relationship/causal order uniquely supports this rebuild.,PASS — one defensible answer,PASS — plausible/diagnosable current-Journey misconception,Journey-owned counterfactual sequence/relationship misunderstanding.,PASS — no cheap fabricated historical fact required,PASS,PASS,PASS,integrated interpretation,NONE,NONE,PASS
jiangmen-kaiping-diaolou,10,grammarRepair,LANGUAGE,STORY,resolveAdaptiveJourneyLevel:jiangmen-kaiping-diaolou:Lv10,JourneyChallengePanel + active Story/Discovery/Vocabulary; snapshot b862a41f204f698da0b2aea42e32961afae5ca9a,PASS,围绕,Current Journey language objective uniquely supports this Chinese repair; history trivia is not required.,PASS — one defensible answer,PASS — plausible/diagnosable current-Journey misconception,Journey-owned Chinese structural near-miss tied to the current language objective.,PASS — no cheap fabricated historical fact required,PASS,PASS,PASS,integrated interpretation,NONE,NONE,PASS
jiangmen-kaiping-diaolou,10,missingSentence,CULTURE,CAUSAL_REASONING,resolveAdaptiveJourneyLevel:jiangmen-kaiping-diaolou:Lv10,JourneyChallengePanel + active Story/Discovery/Vocabulary; snapshot b862a41f204f698da0b2aea42e32961afae5ca9a,PASS,多年后，梁川仍把原图和两封回信收在一起。,Active Story context uniquely completes the relationship/choice/causal meaning.,PASS — one defensible answer,PASS — plausible/diagnosable current-Journey misconception,Journey-owned counterfactual context/choice/consequence misunderstanding.,PASS — no cheap fabricated historical fact required,PASS,PASS,PASS,integrated interpretation,NONE,NONE,PASS
jiangmen-kaiping-diaolou,10,paragraphRebuild,CAUSAL_REASONING,CAUSAL_REASONING,resolveAdaptiveJourneyLevel:jiangmen-kaiping-diaolou:Lv10,JourneyChallengePanel + active Story/Discovery/Vocabulary; snapshot b862a41f204f698da0b2aea42e32961afae5ca9a,PASS,"梁海下一封信问的不是“像不像原图”，而是哪一层给老人和孩子临时避难。
多年后，梁川仍把原图和两封回信收在一起。
纸上的柱廊没有盖成，入口那道拱券却通向多户共同使用的空间；梁海改过的那行字已经褪色。",Active Story event/relationship/causal order uniquely supports this rebuild.,PASS — one defensible answer,PASS — plausible/diagnosable current-Journey misconception,Journey-owned counterfactual sequence/relationship misunderstanding.,PASS — no cheap fabricated historical fact required,PASS,PASS,PASS,integrated interpretation,NONE,NONE,PASS
luoyang-longmen-grottoes,1,grammarRepair,LANGUAGE,STORY,resolveAdaptiveJourneyLevel:luoyang-longmen-grottoes:Lv1,JourneyChallengePanel + active Story/Discovery/Vocabulary; snapshot b862a41f204f698da0b2aea42e32961afae5ca9a,PASS,先按自己的想象,Current Journey language objective uniquely supports this Chinese repair; history trivia is not required.,PASS — one defensible answer,PASS — plausible/diagnosable current-Journey misconception,Journey-owned Chinese structural near-miss tied to the current language objective.,PASS — no cheap fabricated historical fact required,PASS,PASS,PASS,recognition/basic comprehension,NONE,NONE,PASS
luoyang-longmen-grottoes,1,missingSentence,STORY,,resolveAdaptiveJourneyLevel:luoyang-longmen-grottoes:Lv1,JourneyChallengePanel + active Story/Discovery/Vocabulary; snapshot b862a41f204f698da0b2aea42e32961afae5ca9a,PASS,镜头停在万佛洞前室南壁的一处观音像龛：题记留下发愿造像者和完成时间，像的脸部却已残损。,Active Story context uniquely completes the relationship/choice/causal meaning.,PASS — one defensible answer,PASS — plausible/diagnosable current-Journey misconception,Journey-owned counterfactual context/choice/consequence misunderstanding.,PASS — no cheap fabricated historical fact required,PASS,PASS,PASS,recognition/basic comprehension,NONE,NONE,PASS
luoyang-longmen-grottoes,1,paragraphRebuild,STORY,,resolveAdaptiveJourneyLevel:luoyang-longmen-grottoes:Lv1,JourneyChallengePanel + active Story/Discovery/Vocabulary; snapshot b862a41f204f698da0b2aea42e32961afae5ca9a,PASS,"林砚和周澄合做龙门石窟数字短片，约定并列署名，共同为复原依据负责。
镜头停在万佛洞前室南壁的一处观音像龛：题记留下发愿造像者和完成时间，像的脸部却已残损。",Active Story event/relationship/causal order uniquely supports this rebuild.,PASS — one defensible answer,PASS — plausible/diagnosable current-Journey misconception,Journey-owned counterfactual sequence/relationship misunderstanding.,PASS — no cheap fabricated historical fact required,PASS,PASS,PASS,recognition/basic comprehension,NONE,NONE,PASS
luoyang-longmen-grottoes,2,grammarRepair,LANGUAGE,STORY,resolveAdaptiveJourneyLevel:luoyang-longmen-grottoes:Lv2,JourneyChallengePanel + active Story/Discovery/Vocabulary; snapshot b862a41f204f698da0b2aea42e32961afae5ca9a,PASS,来自哪份资料,Current Journey language objective uniquely supports this Chinese repair; history trivia is not required.,PASS — one defensible answer,PASS — plausible/diagnosable current-Journey misconception,Journey-owned Chinese structural near-miss tied to the current language objective.,PASS — no cheap fabricated historical fact required,PASS,PASS,PASS,recognition/basic comprehension,NONE,NONE,PASS
luoyang-longmen-grottoes,2,missingSentence,STORY,,resolveAdaptiveJourneyLevel:luoyang-longmen-grottoes:Lv2,JourneyChallengePanel + active Story/Discovery/Vocabulary; snapshot b862a41f204f698da0b2aea42e32961afae5ca9a,PASS,林砚为转场做了“补全脸部”模型。,Active Story context uniquely completes the relationship/choice/causal meaning.,PASS — one defensible answer,PASS — plausible/diagnosable current-Journey misconception,Journey-owned counterfactual context/choice/consequence misunderstanding.,PASS — no cheap fabricated historical fact required,PASS,PASS,PASS,recognition/basic comprehension,NONE,NONE,PASS
luoyang-longmen-grottoes,2,paragraphRebuild,STORY,,resolveAdaptiveJourneyLevel:luoyang-longmen-grottoes:Lv2,JourneyChallengePanel + active Story/Discovery/Vocabulary; snapshot b862a41f204f698da0b2aea42e32961afae5ca9a,PASS,"林砚和周澄合做龙门石窟数字短片，约定并列署名，共同为复原依据负责。
镜头停在万佛洞前室南壁的一处观音像龛：题记留下发愿造像者和完成时间，像的脸部却已残损。",Active Story event/relationship/causal order uniquely supports this rebuild.,PASS — one defensible answer,PASS — plausible/diagnosable current-Journey misconception,Journey-owned counterfactual sequence/relationship misunderstanding.,PASS — no cheap fabricated historical fact required,PASS,PASS,PASS,recognition/basic comprehension,NONE,NONE,PASS
luoyang-longmen-grottoes,3,grammarRepair,LANGUAGE,STORY,resolveAdaptiveJourneyLevel:luoyang-longmen-grottoes:Lv3,JourneyChallengePanel + active Story/Discovery/Vocabulary; snapshot b862a41f204f698da0b2aea42e32961afae5ca9a,PASS,关掉了,Current Journey language objective uniquely supports this Chinese repair; history trivia is not required.,PASS — one defensible answer,PASS — plausible/diagnosable current-Journey misconception,Journey-owned Chinese structural near-miss tied to the current language objective.,PASS — no cheap fabricated historical fact required,PASS,PASS,PASS,sequence/simple causality,NONE,NONE,PASS
luoyang-longmen-grottoes,3,missingSentence,CAUSAL_REASONING,CAUSAL_REASONING,resolveAdaptiveJourneyLevel:luoyang-longmen-grottoes:Lv3,JourneyChallengePanel + active Story/Discovery/Vocabulary; snapshot b862a41f204f698da0b2aea42e32961afae5ca9a,PASS,周澄摆出老照片：“没依据，不能放在我们两人的名字下。”,Active Story context uniquely completes the relationship/choice/causal meaning.,PASS — one defensible answer,PASS — plausible/diagnosable current-Journey misconception,Journey-owned counterfactual context/choice/consequence misunderstanding.,PASS — no cheap fabricated historical fact required,PASS,PASS,PASS,sequence/simple causality,NONE,NONE,PASS
luoyang-longmen-grottoes,3,paragraphRebuild,CAUSAL_REASONING,CAUSAL_REASONING,resolveAdaptiveJourneyLevel:luoyang-longmen-grottoes:Lv3,JourneyChallengePanel + active Story/Discovery/Vocabulary; snapshot b862a41f204f698da0b2aea42e32961afae5ca9a,PASS,"镜头停在万佛洞前室南壁的一处观音像龛：题记留下发愿造像者和完成时间，像的脸部却已残损。
林砚为转场做了“补全脸部”模型。
周澄摆出老照片：“没依据，不能放在我们两人的名字下。”",Active Story event/relationship/causal order uniquely supports this rebuild.,PASS — one defensible answer,PASS — plausible/diagnosable current-Journey misconception,Journey-owned counterfactual sequence/relationship misunderstanding.,PASS — no cheap fabricated historical fact required,PASS,PASS,PASS,sequence/simple causality,NONE,NONE,PASS
luoyang-longmen-grottoes,4,grammarRepair,LANGUAGE,STORY,resolveAdaptiveJourneyLevel:luoyang-longmen-grottoes:Lv4,JourneyChallengePanel + active Story/Discovery/Vocabulary; snapshot b862a41f204f698da0b2aea42e32961afae5ca9a,PASS,说不出具体来源，就,Current Journey language objective uniquely supports this Chinese repair; history trivia is not required.,PASS — one defensible answer,PASS — plausible/diagnosable current-Journey misconception,Journey-owned Chinese structural near-miss tied to the current language objective.,PASS — no cheap fabricated historical fact required,PASS,PASS,PASS,sequence/simple causality,NONE,NONE,PASS
luoyang-longmen-grottoes,4,missingSentence,CAUSAL_REASONING,CAUSAL_REASONING,resolveAdaptiveJourneyLevel:luoyang-longmen-grottoes:Lv4,JourneyChallengePanel + active Story/Discovery/Vocabulary; snapshot b862a41f204f698da0b2aea42e32961afae5ca9a,PASS,林砚答不出来。,Active Story context uniquely completes the relationship/choice/causal meaning.,PASS — one defensible answer,PASS — plausible/diagnosable current-Journey misconception,Journey-owned counterfactual context/choice/consequence misunderstanding.,PASS — no cheap fabricated historical fact required,PASS,PASS,PASS,sequence/simple causality,NONE,NONE,PASS
luoyang-longmen-grottoes,4,paragraphRebuild,CAUSAL_REASONING,CAUSAL_REASONING,resolveAdaptiveJourneyLevel:luoyang-longmen-grottoes:Lv4,JourneyChallengePanel + active Story/Discovery/Vocabulary; snapshot b862a41f204f698da0b2aea42e32961afae5ca9a,PASS,"周澄摆出老照片：“没依据，不能放在我们两人的名字下。”
林砚答不出来。
官方复原以历史老照片为基础，她这一层却只是按自己理解的唐代造像风格补的。",Active Story event/relationship/causal order uniquely supports this rebuild.,PASS — one defensible answer,PASS — plausible/diagnosable current-Journey misconception,Journey-owned counterfactual sequence/relationship misunderstanding.,PASS — no cheap fabricated historical fact required,PASS,PASS,PASS,sequence/simple causality,NONE,NONE,PASS
luoyang-longmen-grottoes,5,grammarRepair,LANGUAGE,STORY,resolveAdaptiveJourneyLevel:luoyang-longmen-grottoes:Lv5,JourneyChallengePanel + active Story/Discovery/Vocabulary; snapshot b862a41f204f698da0b2aea42e32961afae5ca9a,PASS,但是,Current Journey language objective uniquely supports this Chinese repair; history trivia is not required.,PASS — one defensible answer,PASS — plausible/diagnosable current-Journey misconception,Journey-owned Chinese structural near-miss tied to the current language objective.,PASS — no cheap fabricated historical fact required,PASS,PASS,PASS,relationship/choice/historical cause,NONE,NONE,PASS
luoyang-longmen-grottoes,5,missingSentence,CAUSAL_REASONING,CAUSAL_REASONING,resolveAdaptiveJourneyLevel:luoyang-longmen-grottoes:Lv5,JourneyChallengePanel + active Story/Discovery/Vocabulary; snapshot b862a41f204f698da0b2aea42e32961afae5ca9a,PASS,官方复原以历史老照片为基础，她这一层却只是按自己理解的唐代造像风格补的。,Active Story context uniquely completes the relationship/choice/causal meaning.,PASS — one defensible answer,PASS — plausible/diagnosable current-Journey misconception,Journey-owned counterfactual context/choice/consequence misunderstanding.,PASS — no cheap fabricated historical fact required,PASS,PASS,PASS,relationship/choice/historical cause,NONE,NONE,PASS
luoyang-longmen-grottoes,5,paragraphRebuild,CAUSAL_REASONING,CAUSAL_REASONING,resolveAdaptiveJourneyLevel:luoyang-longmen-grottoes:Lv5,JourneyChallengePanel + active Story/Discovery/Vocabulary; snapshot b862a41f204f698da0b2aea42e32961afae5ca9a,PASS,"林砚答不出来。
官方复原以历史老照片为基础，她这一层却只是按自己理解的唐代造像风格补的。
她看了三天渲染和片尾两个名字，亲手关掉那层。",Active Story event/relationship/causal order uniquely supports this rebuild.,PASS — one defensible answer,PASS — plausible/diagnosable current-Journey misconception,Journey-owned counterfactual sequence/relationship misunderstanding.,PASS — no cheap fabricated historical fact required,PASS,PASS,PASS,relationship/choice/historical cause,NONE,NONE,PASS
luoyang-longmen-grottoes,6,grammarRepair,LANGUAGE,STORY,resolveAdaptiveJourneyLevel:luoyang-longmen-grottoes:Lv6,JourneyChallengePanel + active Story/Discovery/Vocabulary; snapshot b862a41f204f698da0b2aea42e32961afae5ca9a,PASS,一方面记录现存状态，另一方面,Current Journey language objective uniquely supports this Chinese repair; history trivia is not required.,PASS — one defensible answer,PASS — plausible/diagnosable current-Journey misconception,Journey-owned Chinese structural near-miss tied to the current language objective.,PASS — no cheap fabricated historical fact required,PASS,PASS,PASS,relationship/choice/historical cause,NONE,NONE,PASS
luoyang-longmen-grottoes,6,missingSentence,CAUSAL_REASONING,CAUSAL_REASONING,resolveAdaptiveJourneyLevel:luoyang-longmen-grottoes:Lv6,JourneyChallengePanel + active Story/Discovery/Vocabulary; snapshot b862a41f204f698da0b2aea42e32961afae5ca9a,PASS,短片失去最顺滑的镜头；周澄把老照片接回时间线。,Active Story context uniquely completes the relationship/choice/causal meaning.,PASS — one defensible answer,PASS — plausible/diagnosable current-Journey misconception,Journey-owned counterfactual context/choice/consequence misunderstanding.,PASS — no cheap fabricated historical fact required,PASS,PASS,PASS,relationship/choice/historical cause,NONE,NONE,PASS
luoyang-longmen-grottoes,6,paragraphRebuild,CAUSAL_REASONING,CAUSAL_REASONING,resolveAdaptiveJourneyLevel:luoyang-longmen-grottoes:Lv6,JourneyChallengePanel + active Story/Discovery/Vocabulary; snapshot b862a41f204f698da0b2aea42e32961afae5ca9a,PASS,"她看了三天渲染和片尾两个名字，亲手关掉那层。
短片失去最顺滑的镜头；周澄把老照片接回时间线。
导出前，周澄保留并列署名，推来来源清单。",Active Story event/relationship/causal order uniquely supports this rebuild.,PASS — one defensible answer,PASS — plausible/diagnosable current-Journey misconception,Journey-owned counterfactual sequence/relationship misunderstanding.,PASS — no cheap fabricated historical fact required,PASS,PASS,PASS,relationship/choice/historical cause,NONE,NONE,PASS
luoyang-longmen-grottoes,7,grammarRepair,LANGUAGE,STORY,resolveAdaptiveJourneyLevel:luoyang-longmen-grottoes:Lv7,JourneyChallengePanel + active Story/Discovery/Vocabulary; snapshot b862a41f204f698da0b2aea42e32961afae5ca9a,PASS,删掉模型固然让转场不顺，林砚仍,Current Journey language objective uniquely supports this Chinese repair; history trivia is not required.,PASS — one defensible answer,PASS — plausible/diagnosable current-Journey misconception,Journey-owned Chinese structural near-miss tied to the current language objective.,PASS — no cheap fabricated historical fact required,PASS,PASS,PASS,causal chain/implicit meaning,NONE,NONE,PASS
luoyang-longmen-grottoes,7,missingSentence,CAUSAL_REASONING,CAUSAL_REASONING,resolveAdaptiveJourneyLevel:luoyang-longmen-grottoes:Lv7,JourneyChallengePanel + active Story/Discovery/Vocabulary; snapshot b862a41f204f698da0b2aea42e32961afae5ca9a,PASS,她第一次把“看起来像”与“有资料支持”分开记录。,Active Story context uniquely completes the relationship/choice/causal meaning.,PASS — one defensible answer,PASS — plausible/diagnosable current-Journey misconception,Journey-owned counterfactual context/choice/consequence misunderstanding.,PASS — no cheap fabricated historical fact required,PASS,PASS,PASS,causal chain/implicit meaning,NONE,NONE,PASS
luoyang-longmen-grottoes,7,paragraphRebuild,CAUSAL_REASONING,CAUSAL_REASONING,resolveAdaptiveJourneyLevel:luoyang-longmen-grottoes:Lv7,JourneyChallengePanel + active Story/Discovery/Vocabulary; snapshot b862a41f204f698da0b2aea42e32961afae5ca9a,PASS,"林砚核完，把那层改名为“无依据，不使用”，按下导出。
她第一次把“看起来像”与“有资料支持”分开记录。
此前她总觉得周澄追问出处，会把一个本来流畅的画面切碎。",Active Story event/relationship/causal order uniquely supports this rebuild.,PASS — one defensible answer,PASS — plausible/diagnosable current-Journey misconception,Journey-owned counterfactual sequence/relationship misunderstanding.,PASS — no cheap fabricated historical fact required,PASS,PASS,PASS,causal chain/implicit meaning,NONE,NONE,PASS
luoyang-longmen-grottoes,8,grammarRepair,LANGUAGE,STORY,resolveAdaptiveJourneyLevel:luoyang-longmen-grottoes:Lv8,JourneyChallengePanel + active Story/Discovery/Vocabulary; snapshot b862a41f204f698da0b2aea42e32961afae5ca9a,PASS,被林砚标成,Current Journey language objective uniquely supports this Chinese repair; history trivia is not required.,PASS — one defensible answer,PASS — plausible/diagnosable current-Journey misconception,Journey-owned Chinese structural near-miss tied to the current language objective.,PASS — no cheap fabricated historical fact required,PASS,PASS,PASS,causal chain/implicit meaning,NONE,NONE,PASS
luoyang-longmen-grottoes,8,missingSentence,CAUSAL_REASONING,CAUSAL_REASONING,resolveAdaptiveJourneyLevel:luoyang-longmen-grottoes:Lv8,JourneyChallengePanel + active Story/Discovery/Vocabulary; snapshot b862a41f204f698da0b2aea42e32961afae5ca9a,PASS,题记说明了发愿造像者和完成时间；历史老照片支持复原，但不等于所有想象都有同样资格。,Active Story context uniquely completes the relationship/choice/causal meaning.,PASS — one defensible answer,PASS — plausible/diagnosable current-Journey misconception,Journey-owned counterfactual context/choice/consequence misunderstanding.,PASS — no cheap fabricated historical fact required,PASS,PASS,PASS,causal chain/implicit meaning,NONE,NONE,PASS
luoyang-longmen-grottoes,8,paragraphRebuild,CAUSAL_REASONING,CAUSAL_REASONING,resolveAdaptiveJourneyLevel:luoyang-longmen-grottoes:Lv8,JourneyChallengePanel + active Story/Discovery/Vocabulary; snapshot b862a41f204f698da0b2aea42e32961afae5ca9a,PASS,"这次，残损不再只是等待补满的空白，而成了不能越过的证据边界。
题记说明了发愿造像者和完成时间；历史老照片支持复原，但不等于所有想象都有同样资格。
她删掉的是视觉上更完整、证据上更弱的版本，三天渲染时间成了选择的成本。",Active Story event/relationship/causal order uniquely supports this rebuild.,PASS — one defensible answer,PASS — plausible/diagnosable current-Journey misconception,Journey-owned counterfactual sequence/relationship misunderstanding.,PASS — no cheap fabricated historical fact required,PASS,PASS,PASS,causal chain/implicit meaning,NONE,NONE,PASS
luoyang-longmen-grottoes,9,grammarRepair,LANGUAGE,STORY,resolveAdaptiveJourneyLevel:luoyang-longmen-grottoes:Lv9,JourneyChallengePanel + active Story/Discovery/Vocabulary; snapshot b862a41f204f698da0b2aea42e32961afae5ca9a,PASS,与其说要把每处残损补满，不如说,Current Journey language objective uniquely supports this Chinese repair; history trivia is not required.,PASS — one defensible answer,PASS — plausible/diagnosable current-Journey misconception,Journey-owned Chinese structural near-miss tied to the current language objective.,PASS — no cheap fabricated historical fact required,PASS,PASS,PASS,integrated interpretation,NONE,NONE,PASS
luoyang-longmen-grottoes,9,missingSentence,CULTURE,CAUSAL_REASONING,resolveAdaptiveJourneyLevel:luoyang-longmen-grottoes:Lv9,JourneyChallengePanel + active Story/Discovery/Vocabulary; snapshot b862a41f204f698da0b2aea42e32961afae5ca9a,PASS,镜头经过残损面部时不再自动补齐，而是停一下，再切到注明来源的历史照片与有据虚拟复原。,Active Story context uniquely completes the relationship/choice/causal meaning.,PASS — one defensible answer,PASS — plausible/diagnosable current-Journey misconception,Journey-owned counterfactual context/choice/consequence misunderstanding.,PASS — no cheap fabricated historical fact required,PASS,PASS,PASS,integrated interpretation,NONE,NONE,PASS
luoyang-longmen-grottoes,9,paragraphRebuild,CAUSAL_REASONING,CAUSAL_REASONING,resolveAdaptiveJourneyLevel:luoyang-longmen-grottoes:Lv9,JourneyChallengePanel + active Story/Discovery/Vocabulary; snapshot b862a41f204f698da0b2aea42e32961afae5ca9a,PASS,"周澄把资料分成“现存状态”“有据复原”“解释性示意”，不再混用“复原图”一个标签。
两人的合作也变了：林砚开始在建模前先问，每一层证据究竟能支持到哪里。
镜头经过残损面部时不再自动补齐，而是停一下，再切到注明来源的历史照片与有据虚拟复原。",Active Story event/relationship/causal order uniquely supports this rebuild.,PASS — one defensible answer,PASS — plausible/diagnosable current-Journey misconception,Journey-owned counterfactual sequence/relationship misunderstanding.,PASS — no cheap fabricated historical fact required,PASS,PASS,PASS,integrated interpretation,NONE,NONE,PASS
luoyang-longmen-grottoes,10,grammarRepair,LANGUAGE,STORY,resolveAdaptiveJourneyLevel:luoyang-longmen-grottoes:Lv10,JourneyChallengePanel + active Story/Discovery/Vocabulary; snapshot b862a41f204f698da0b2aea42e32961afae5ca9a,PASS,只能支持有限判断，不能,Current Journey language objective uniquely supports this Chinese repair; history trivia is not required.,PASS — one defensible answer,PASS — plausible/diagnosable current-Journey misconception,Journey-owned Chinese structural near-miss tied to the current language objective.,PASS — no cheap fabricated historical fact required,PASS,PASS,PASS,integrated interpretation,NONE,NONE,PASS
luoyang-longmen-grottoes,10,missingSentence,CULTURE,CAUSAL_REASONING,resolveAdaptiveJourneyLevel:luoyang-longmen-grottoes:Lv10,JourneyChallengePanel + active Story/Discovery/Vocabulary; snapshot b862a41f204f698da0b2aea42e32961afae5ca9a,PASS,成片只留下三层：今天的石面、历史照片和有据复原。,Active Story context uniquely completes the relationship/choice/causal meaning.,PASS — one defensible answer,PASS — plausible/diagnosable current-Journey misconception,Journey-owned counterfactual context/choice/consequence misunderstanding.,PASS — no cheap fabricated historical fact required,PASS,PASS,PASS,integrated interpretation,NONE,NONE,PASS
luoyang-longmen-grottoes,10,paragraphRebuild,CAUSAL_REASONING,CAUSAL_REASONING,resolveAdaptiveJourneyLevel:luoyang-longmen-grottoes:Lv10,JourneyChallengePanel + active Story/Discovery/Vocabulary; snapshot b862a41f204f698da0b2aea42e32961afae5ca9a,PASS,"周澄把资料摊在两人之间；说不清时，林砚不再催她往下剪。
下一处缺口前，林砚先把鼠标让给周澄，等她推回能找到的照片。
成片只留下三层：今天的石面、历史照片和有据复原。",Active Story event/relationship/causal order uniquely supports this rebuild.,PASS — one defensible answer,PASS — plausible/diagnosable current-Journey misconception,Journey-owned counterfactual sequence/relationship misunderstanding.,PASS — no cheap fabricated historical fact required,PASS,PASS,PASS,integrated interpretation,NONE,NONE,PASS
nanjing-qinhuai-river,1,grammarRepair,LANGUAGE,STORY,resolveAdaptiveJourneyLevel:nanjing-qinhuai-river:Lv1,JourneyChallengePanel + active Story/Discovery/Vocabulary; snapshot b862a41f204f698da0b2aea42e32961afae5ca9a,PASS,必须先把安全条件判断清楚,Current Journey language objective uniquely supports this Chinese repair; history trivia is not required.,PASS — one defensible answer,PASS — plausible/diagnosable current-Journey misconception,Journey-owned Chinese structural near-miss tied to the current language objective.,PASS — no cheap fabricated historical fact required,PASS,PASS,PASS,recognition/basic comprehension,NONE,NONE,PASS
nanjing-qinhuai-river,1,missingSentence,STORY,,resolveAdaptiveJourneyLevel:nanjing-qinhuai-river:Lv1,JourneyChallengePanel + active Story/Discovery/Vocabulary; snapshot b862a41f204f698da0b2aea42e32961afae5ca9a,PASS,周工正在另一段处理问题，不能马上回来。,Active Story context uniquely completes the relationship/choice/causal meaning.,PASS — one defensible answer,PASS — plausible/diagnosable current-Journey misconception,Journey-owned counterfactual context/choice/consequence misunderstanding.,PASS — no cheap fabricated historical fact required,PASS,PASS,PASS,recognition/basic comprehension,NONE,NONE,PASS
nanjing-qinhuai-river,1,paragraphRebuild,STORY,,resolveAdaptiveJourneyLevel:nanjing-qinhuai-river:Lv1,JourneyChallengePanel + active Story/Discovery/Vocabulary; snapshot b862a41f204f698da0b2aea42e32961afae5ca9a,PASS,"离秦淮灯会亮灯还有七分钟，魏舟负责的秦淮河古桥附近一段灯突然不亮了。
周工正在另一段处理问题，不能马上回来。",Active Story event/relationship/causal order uniquely supports this rebuild.,PASS — one defensible answer,PASS — plausible/diagnosable current-Journey misconception,Journey-owned counterfactual sequence/relationship misunderstanding.,PASS — no cheap fabricated historical fact required,PASS,PASS,PASS,recognition/basic comprehension,NONE,NONE,PASS
nanjing-qinhuai-river,2,grammarRepair,LANGUAGE,STORY,resolveAdaptiveJourneyLevel:nanjing-qinhuai-river:Lv2,JourneyChallengePanel + active Story/Discovery/Vocabulary; snapshot b862a41f204f698da0b2aea42e32961afae5ca9a,PASS,快速地检查,Current Journey language objective uniquely supports this Chinese repair; history trivia is not required.,PASS — one defensible answer,PASS — plausible/diagnosable current-Journey misconception,Journey-owned Chinese structural near-miss tied to the current language objective.,PASS — no cheap fabricated historical fact required,PASS,PASS,PASS,recognition/basic comprehension,NONE,NONE,PASS
nanjing-qinhuai-river,2,missingSentence,STORY,,resolveAdaptiveJourneyLevel:nanjing-qinhuai-river:Lv2,JourneyChallengePanel + active Story/Discovery/Vocabulary; snapshot b862a41f204f698da0b2aea42e32961afae5ca9a,PASS,魏舟过去一直跟着周工做安装，遇到现场变化常等他拍板，这次却必须自己判断。,Active Story context uniquely completes the relationship/choice/causal meaning.,PASS — one defensible answer,PASS — plausible/diagnosable current-Journey misconception,Journey-owned counterfactual context/choice/consequence misunderstanding.,PASS — no cheap fabricated historical fact required,PASS,PASS,PASS,recognition/basic comprehension,NONE,NONE,PASS
nanjing-qinhuai-river,2,paragraphRebuild,STORY,,resolveAdaptiveJourneyLevel:nanjing-qinhuai-river:Lv2,JourneyChallengePanel + active Story/Discovery/Vocabulary; snapshot b862a41f204f698da0b2aea42e32961afae5ca9a,PASS,"秦淮灯会亮灯前七分钟，年轻灯光技术员魏舟收到故障提示：秦淮河一处古桥旁的装饰灯没有响应。
周工正在上游检查另一段线路，只能让魏舟先处理。",Active Story event/relationship/causal order uniquely supports this rebuild.,PASS — one defensible answer,PASS — plausible/diagnosable current-Journey misconception,Journey-owned counterfactual sequence/relationship misunderstanding.,PASS — no cheap fabricated historical fact required,PASS,PASS,PASS,recognition/basic comprehension,NONE,NONE,PASS
nanjing-qinhuai-river,3,grammarRepair,LANGUAGE,STORY,resolveAdaptiveJourneyLevel:nanjing-qinhuai-river:Lv3,JourneyChallengePanel + active Story/Discovery/Vocabulary; snapshot b862a41f204f698da0b2aea42e32961afae5ca9a,PASS,把未确认的改线列为,Current Journey language objective uniquely supports this Chinese repair; history trivia is not required.,PASS — one defensible answer,PASS — plausible/diagnosable current-Journey misconception,Journey-owned Chinese structural near-miss tied to the current language objective.,PASS — no cheap fabricated historical fact required,PASS,PASS,PASS,sequence/simple causality,NONE,NONE,PASS
nanjing-qinhuai-river,3,missingSentence,CAUSAL_REASONING,CAUSAL_REASONING,resolveAdaptiveJourneyLevel:nanjing-qinhuai-river:Lv3,JourneyChallengePanel + active Story/Discovery/Vocabulary; snapshot b862a41f204f698da0b2aea42e32961afae5ca9a,PASS,眼前有一个快办法：临时改变已经确认的照明走向，把可用线路挪给故障区，整段灯可能重新亮起来。,Active Story context uniquely completes the relationship/choice/causal meaning.,PASS — one defensible answer,PASS — plausible/diagnosable current-Journey misconception,Journey-owned counterfactual context/choice/consequence misunderstanding.,PASS — no cheap fabricated historical fact required,PASS,PASS,PASS,sequence/simple causality,NONE,NONE,PASS
nanjing-qinhuai-river,3,paragraphRebuild,CAUSAL_REASONING,CAUSAL_REASONING,resolveAdaptiveJourneyLevel:nanjing-qinhuai-river:Lv3,JourneyChallengePanel + active Story/Discovery/Vocabulary; snapshot b862a41f204f698da0b2aea42e32961afae5ca9a,PASS,"周工正在更远的一段处理异常，暂时赶不过来。
魏舟做过不少安装，却一直是跟着周工执行方案的人；他原本希望今晚能证明自己可以独立处理现场问题。
眼前有一个快办法：临时改变已经确认的照明走向，把可用线路挪给故障区，整段灯可能重新亮起来。",Active Story event/relationship/causal order uniquely supports this rebuild.,PASS — one defensible answer,PASS — plausible/diagnosable current-Journey misconception,Journey-owned counterfactual sequence/relationship misunderstanding.,PASS — no cheap fabricated historical fact required,PASS,PASS,PASS,sequence/simple causality,NONE,NONE,PASS
nanjing-qinhuai-river,4,grammarRepair,LANGUAGE,STORY,resolveAdaptiveJourneyLevel:nanjing-qinhuai-river:Lv4,JourneyChallengePanel + active Story/Discovery/Vocabulary; snapshot b862a41f204f698da0b2aea42e32961afae5ca9a,PASS,先放下工具，再,Current Journey language objective uniquely supports this Chinese repair; history trivia is not required.,PASS — one defensible answer,PASS — plausible/diagnosable current-Journey misconception,Journey-owned Chinese structural near-miss tied to the current language objective.,PASS — no cheap fabricated historical fact required,PASS,PASS,PASS,sequence/simple causality,NONE,NONE,PASS
nanjing-qinhuai-river,4,missingSentence,CAUSAL_REASONING,CAUSAL_REASONING,resolveAdaptiveJourneyLevel:nanjing-qinhuai-river:Lv4,JourneyChallengePanel + active Story/Discovery/Vocabulary; snapshot b862a41f204f698da0b2aea42e32961afae5ca9a,PASS,今晚他本来想靠一次漂亮的全亮效果证明自己已经不只是助手。,Active Story context uniquely completes the relationship/choice/causal meaning.,PASS — one defensible answer,PASS — plausible/diagnosable current-Journey misconception,Journey-owned counterfactual context/choice/consequence misunderstanding.,PASS — no cheap fabricated historical fact required,PASS,PASS,PASS,sequence/simple causality,NONE,NONE,PASS
nanjing-qinhuai-river,4,paragraphRebuild,CAUSAL_REASONING,CAUSAL_REASONING,resolveAdaptiveJourneyLevel:nanjing-qinhuai-river:Lv4,JourneyChallengePanel + active Story/Discovery/Vocabulary; snapshot b862a41f204f698da0b2aea42e32961afae5ca9a,PASS,"周工正在上游处理另一处异常，短时间内无法赶回。
魏舟跟着他做过多次安装和测试，但关键变化通常由周工决定。
今晚他本来想靠一次漂亮的全亮效果证明自己已经不只是助手。",Active Story event/relationship/causal order uniquely supports this rebuild.,PASS — one defensible answer,PASS — plausible/diagnosable current-Journey misconception,Journey-owned counterfactual sequence/relationship misunderstanding.,PASS — no cheap fabricated historical fact required,PASS,PASS,PASS,sequence/simple causality,NONE,NONE,PASS
nanjing-qinhuai-river,5,grammarRepair,LANGUAGE,STORY,resolveAdaptiveJourneyLevel:nanjing-qinhuai-river:Lv5,JourneyChallengePanel + active Story/Discovery/Vocabulary; snapshot b862a41f204f698da0b2aea42e32961afae5ca9a,PASS,只得放弃,Current Journey language objective uniquely supports this Chinese repair; history trivia is not required.,PASS — one defensible answer,PASS — plausible/diagnosable current-Journey misconception,Journey-owned Chinese structural near-miss tied to the current language objective.,PASS — no cheap fabricated historical fact required,PASS,PASS,PASS,relationship/choice/historical cause,NONE,NONE,PASS
nanjing-qinhuai-river,5,missingSentence,CAUSAL_REASONING,CAUSAL_REASONING,resolveAdaptiveJourneyLevel:nanjing-qinhuai-river:Lv5,JourneyChallengePanel + active Story/Discovery/Vocabulary; snapshot b862a41f204f698da0b2aea42e32961afae5ca9a,PASS,技术上动作不复杂，但它会改变既定设施安排；这里又是秦淮历史风貌敏感的河岸和古桥段，剩下的几分钟不足以完成必要的确认与安全复核。,Active Story context uniquely completes the relationship/choice/causal meaning.,PASS — one defensible answer,PASS — plausible/diagnosable current-Journey misconception,Journey-owned counterfactual context/choice/consequence misunderstanding.,PASS — no cheap fabricated historical fact required,PASS,PASS,PASS,relationship/choice/historical cause,NONE,NONE,PASS
nanjing-qinhuai-river,5,paragraphRebuild,CAUSAL_REASONING,CAUSAL_REASONING,resolveAdaptiveJourneyLevel:nanjing-qinhuai-river:Lv5,JourneyChallengePanel + active Story/Discovery/Vocabulary; snapshot b862a41f204f698da0b2aea42e32961afae5ca9a,PASS,"他今晚尤其想证明自己已经能把整段灯光完整交出去。
故障点旁有一个诱人的快捷办法：临时改变已经确认的照明走向，把仍可使用的供电安排转向装饰灯。
技术上动作不复杂，但它会改变既定设施安排；这里又是秦淮历史风貌敏感的河岸和古桥段，剩下的几分钟不足以完成必要的确认与安全复核。",Active Story event/relationship/causal order uniquely supports this rebuild.,PASS — one defensible answer,PASS — plausible/diagnosable current-Journey misconception,Journey-owned counterfactual sequence/relationship misunderstanding.,PASS — no cheap fabricated historical fact required,PASS,PASS,PASS,relationship/choice/historical cause,NONE,NONE,PASS
nanjing-qinhuai-river,6,grammarRepair,LANGUAGE,STORY,resolveAdaptiveJourneyLevel:nanjing-qinhuai-river:Lv6,JourneyChallengePanel + active Story/Discovery/Vocabulary; snapshot b862a41f204f698da0b2aea42e32961afae5ca9a,PASS,保留通行照明，同时,Current Journey language objective uniquely supports this Chinese repair; history trivia is not required.,PASS — one defensible answer,PASS — plausible/diagnosable current-Journey misconception,Journey-owned Chinese structural near-miss tied to the current language objective.,PASS — no cheap fabricated historical fact required,PASS,PASS,PASS,relationship/choice/historical cause,NONE,NONE,PASS
nanjing-qinhuai-river,6,missingSentence,CAUSAL_REASONING,CAUSAL_REASONING,resolveAdaptiveJourneyLevel:nanjing-qinhuai-river:Lv6,JourneyChallengePanel + active Story/Discovery/Vocabulary; snapshot b862a41f204f698da0b2aea42e32961afae5ca9a,PASS,魏舟把临时改线方案停在纸面上，没有执行。,Active Story context uniquely completes the relationship/choice/causal meaning.,PASS — one defensible answer,PASS — plausible/diagnosable current-Journey misconception,Journey-owned counterfactual context/choice/consequence misunderstanding.,PASS — no cheap fabricated historical fact required,PASS,PASS,PASS,relationship/choice/historical cause,NONE,NONE,PASS
nanjing-qinhuai-river,6,paragraphRebuild,CAUSAL_REASONING,CAUSAL_REASONING,resolveAdaptiveJourneyLevel:nanjing-qinhuai-river:Lv6,JourneyChallengePanel + active Story/Discovery/Vocabulary; snapshot b862a41f204f698da0b2aea42e32961afae5ca9a,PASS,"现场有一条最快的补救路径：临时改变已经确认的照明走向，把现有供电重新引向故障装饰段。
这样可能救回完整效果，但会在秦淮历史风貌敏感的河岸与古桥附近改变既定设施安排，而且七分钟内无法完成重新确认和安全复核。
魏舟把临时改线方案停在纸面上，没有执行。",Active Story event/relationship/causal order uniquely supports this rebuild.,PASS — one defensible answer,PASS — plausible/diagnosable current-Journey misconception,Journey-owned counterfactual sequence/relationship misunderstanding.,PASS — no cheap fabricated historical fact required,PASS,PASS,PASS,relationship/choice/historical cause,NONE,NONE,PASS
nanjing-qinhuai-river,7,grammarRepair,LANGUAGE,STORY,resolveAdaptiveJourneyLevel:nanjing-qinhuai-river:Lv7,JourneyChallengePanel + active Story/Discovery/Vocabulary; snapshot b862a41f204f698da0b2aea42e32961afae5ca9a,PASS,虽有一段装饰灯保持黑暗，主要通行路线仍,Current Journey language objective uniquely supports this Chinese repair; history trivia is not required.,PASS — one defensible answer,PASS — plausible/diagnosable current-Journey misconception,Journey-owned Chinese structural near-miss tied to the current language objective.,PASS — no cheap fabricated historical fact required,PASS,PASS,PASS,causal chain/implicit meaning,NONE,NONE,PASS
nanjing-qinhuai-river,7,missingSentence,CAUSAL_REASONING,CAUSAL_REASONING,resolveAdaptiveJourneyLevel:nanjing-qinhuai-river:Lv7,JourneyChallengePanel + active Story/Discovery/Vocabulary; snapshot b862a41f204f698da0b2aea42e32961afae5ca9a,PASS,倒计时结束，河岸主路线按顺序亮起，秦淮河水面出现断续的反光，行人可以看清脚下和前方；古桥旁却留下一个没有被补齐的暗口。,Active Story context uniquely completes the relationship/choice/causal meaning.,PASS — one defensible answer,PASS — plausible/diagnosable current-Journey misconception,Journey-owned counterfactual context/choice/consequence misunderstanding.,PASS — no cheap fabricated historical fact required,PASS,PASS,PASS,causal chain/implicit meaning,NONE,NONE,PASS
nanjing-qinhuai-river,7,paragraphRebuild,CAUSAL_REASONING,CAUSAL_REASONING,resolveAdaptiveJourneyLevel:nanjing-qinhuai-river:Lv7,JourneyChallengePanel + active Story/Discovery/Vocabulary; snapshot b862a41f204f698da0b2aea42e32961afae5ca9a,PASS,"魏舟把工具箱合上，明确放弃临时改线。
他回到现有配置，逐段确认仍可使用的灯，把连续通行照明列为第一优先，再主动压缩靠桥的装饰亮度，让一整小段装饰灯保持关闭。
倒计时结束，河岸主路线按顺序亮起，秦淮河水面出现断续的反光，行人可以看清脚下和前方；古桥旁却留下一个没有被补齐的暗口。",Active Story event/relationship/causal order uniquely supports this rebuild.,PASS — one defensible answer,PASS — plausible/diagnosable current-Journey misconception,Journey-owned counterfactual sequence/relationship misunderstanding.,PASS — no cheap fabricated historical fact required,PASS,PASS,PASS,causal chain/implicit meaning,NONE,NONE,PASS
nanjing-qinhuai-river,8,grammarRepair,LANGUAGE,STORY,resolveAdaptiveJourneyLevel:nanjing-qinhuai-river:Lv8,JourneyChallengePanel + active Story/Discovery/Vocabulary; snapshot b862a41f204f698da0b2aea42e32961afae5ca9a,PASS,没有接管控制台，也没有,Current Journey language objective uniquely supports this Chinese repair; history trivia is not required.,PASS — one defensible answer,PASS — plausible/diagnosable current-Journey misconception,Journey-owned Chinese structural near-miss tied to the current language objective.,PASS — no cheap fabricated historical fact required,PASS,PASS,PASS,causal chain/implicit meaning,NONE,NONE,PASS
nanjing-qinhuai-river,8,missingSentence,CAUSAL_REASONING,CAUSAL_REASONING,resolveAdaptiveJourneyLevel:nanjing-qinhuai-river:Lv8,JourneyChallengePanel + active Story/Discovery/Vocabulary; snapshot b862a41f204f698da0b2aea42e32961afae5ca9a,PASS,光落进秦淮河，水面能映出移动的人影和灯色；古桥旁却没有出现完整的灯带，那一段黑暗像一道缺口，清楚地留在夜景里。,Active Story context uniquely completes the relationship/choice/causal meaning.,PASS — one defensible answer,PASS — plausible/diagnosable current-Journey misconception,Journey-owned counterfactual context/choice/consequence misunderstanding.,PASS — no cheap fabricated historical fact required,PASS,PASS,PASS,causal chain/implicit meaning,NONE,NONE,PASS
nanjing-qinhuai-river,8,paragraphRebuild,CAUSAL_REASONING,CAUSAL_REASONING,resolveAdaptiveJourneyLevel:nanjing-qinhuai-river:Lv8,JourneyChallengePanel + active Story/Discovery/Vocabulary; snapshot b862a41f204f698da0b2aea42e32961afae5ca9a,PASS,"古桥旁，魏舟把临时方案划掉，转而在现有配置内重排优先级：先保持整段通行照明连续，再降低靠桥区域的装饰负荷，并把故障旁的一小段装饰灯明确留在关闭状态。
倒计时归零，主要路线从远处依次亮起。
光落进秦淮河，水面能映出移动的人影和灯色；古桥旁却没有出现完整的灯带，那一段黑暗像一道缺口，清楚地留在夜景里。",Active Story event/relationship/causal order uniquely supports this rebuild.,PASS — one defensible answer,PASS — plausible/diagnosable current-Journey misconception,Journey-owned counterfactual sequence/relationship misunderstanding.,PASS — no cheap fabricated historical fact required,PASS,PASS,PASS,causal chain/implicit meaning,NONE,NONE,PASS
nanjing-qinhuai-river,9,grammarRepair,LANGUAGE,STORY,resolveAdaptiveJourneyLevel:nanjing-qinhuai-river:Lv9,JourneyChallengePanel + active Story/Discovery/Vocabulary; snapshot b862a41f204f698da0b2aea42e32961afae5ca9a,PASS,保留一段黑暗，也不采用未确认改线,Current Journey language objective uniquely supports this Chinese repair; history trivia is not required.,PASS — one defensible answer,PASS — plausible/diagnosable current-Journey misconception,Journey-owned Chinese structural near-miss tied to the current language objective.,PASS — no cheap fabricated historical fact required,PASS,PASS,PASS,integrated interpretation,NONE,NONE,PASS
nanjing-qinhuai-river,9,missingSentence,CULTURE,CAUSAL_REASONING,resolveAdaptiveJourneyLevel:nanjing-qinhuai-river:Lv9,JourneyChallengePanel + active Story/Discovery/Vocabulary; snapshot b862a41f204f698da0b2aea42e32961afae5ca9a,PASS,周工赶回来后沿线查看，确认通行状态，再让魏舟复述判断依据。,Active Story context uniquely completes the relationship/choice/causal meaning.,PASS — one defensible answer,PASS — plausible/diagnosable current-Journey misconception,Journey-owned counterfactual context/choice/consequence misunderstanding.,PASS — no cheap fabricated historical fact required,PASS,PASS,PASS,integrated interpretation,NONE,NONE,PASS
nanjing-qinhuai-river,9,paragraphRebuild,CAUSAL_REASONING,CAUSAL_REASONING,resolveAdaptiveJourneyLevel:nanjing-qinhuai-river:Lv9,JourneyChallengePanel + active Story/Discovery/Vocabulary; snapshot b862a41f204f698da0b2aea42e32961afae5ca9a,PASS,"倒计时走到零，河岸主路线逐段亮起，秦淮河水面收到足够的反光，人的移动清楚可见；与此同时，那截装饰灯始终没有亮，完整的灯带被留下一个缺口。
开放没有因此取消，现场按缩减配置进入运行。
魏舟在暗段前停了一会儿，没有把“还差一点”变成最后一次冒险。",Active Story event/relationship/causal order uniquely supports this rebuild.,PASS — one defensible answer,PASS — plausible/diagnosable current-Journey misconception,Journey-owned counterfactual sequence/relationship misunderstanding.,PASS — no cheap fabricated historical fact required,PASS,PASS,PASS,integrated interpretation,NONE,NONE,PASS
nanjing-qinhuai-river,10,grammarRepair,LANGUAGE,STORY,resolveAdaptiveJourneyLevel:nanjing-qinhuai-river:Lv10,JourneyChallengePanel + active Story/Discovery/Vocabulary; snapshot b862a41f204f698da0b2aea42e32961afae5ca9a,PASS,才能,Current Journey language objective uniquely supports this Chinese repair; history trivia is not required.,PASS — one defensible answer,PASS — plausible/diagnosable current-Journey misconception,Journey-owned Chinese structural near-miss tied to the current language objective.,PASS — no cheap fabricated historical fact required,PASS,PASS,PASS,integrated interpretation,NONE,NONE,PASS
nanjing-qinhuai-river,10,missingSentence,CULTURE,CAUSAL_REASONING,resolveAdaptiveJourneyLevel:nanjing-qinhuai-river:Lv10,JourneyChallengePanel + active Story/Discovery/Vocabulary; snapshot b862a41f204f698da0b2aea42e32961afae5ca9a,PASS,听完，他没有接管控制台，也没有替魏舟重写结果，只把最终灯光状态记录交给他，让他签写故障、缩减范围、开放状态和后续安排，并由他完成本段汇报。,Active Story context uniquely completes the relationship/choice/causal meaning.,PASS — one defensible answer,PASS — plausible/diagnosable current-Journey misconception,Journey-owned counterfactual context/choice/consequence misunderstanding.,PASS — no cheap fabricated historical fact required,PASS,PASS,PASS,integrated interpretation,NONE,NONE,PASS
nanjing-qinhuai-river,10,paragraphRebuild,CAUSAL_REASONING,CAUSAL_REASONING,resolveAdaptiveJourneyLevel:nanjing-qinhuai-river:Lv10,JourneyChallengePanel + active Story/Discovery/Vocabulary; snapshot b862a41f204f698da0b2aea42e32961afae5ca9a,PASS,"开场按缩减配置继续，魏舟看见暗段后没有再尝试任何未经确认的补救。
周工赶回来，先检查通行区域，再看那处没有亮的装饰段，随后要求魏舟说明为什么保留这个缺口。
听完，他没有接管控制台，也没有替魏舟重写结果，只把最终灯光状态记录交给他，让他签写故障、缩减范围、开放状态和后续安排，并由他完成本段汇报。",Active Story event/relationship/causal order uniquely supports this rebuild.,PASS — one defensible answer,PASS — plausible/diagnosable current-Journey misconception,Journey-owned counterfactual sequence/relationship misunderstanding.,PASS — no cheap fabricated historical fact required,PASS,PASS,PASS,integrated interpretation,NONE,NONE,PASS
shanghai-bund,1,grammarRepair,LANGUAGE,STORY,resolveAdaptiveJourneyLevel:shanghai-bund:Lv1,JourneyChallengePanel + active Story/Discovery/Vocabulary; snapshot b862a41f204f698da0b2aea42e32961afae5ca9a,PASS,从小在外滩,Current Journey language objective uniquely supports this Chinese repair; history trivia is not required.,PASS — one defensible answer,PASS — plausible/diagnosable current-Journey misconception,Journey-owned Chinese structural near-miss tied to the current language objective.,PASS — no cheap fabricated historical fact required,PASS,PASS,PASS,recognition/basic comprehension,NONE,NONE,PASS
shanghai-bund,1,missingSentence,STORY,,resolveAdaptiveJourneyLevel:shanghai-bund:Lv1,JourneyChallengePanel + active Story/Discovery/Vocabulary; snapshot b862a41f204f698da0b2aea42e32961afae5ca9a,PASS,这个晚上，他要去浦东陆家嘴，为第二天的新工作做准备。,Active Story context uniquely completes the relationship/choice/causal meaning.,PASS — one defensible answer,PASS — plausible/diagnosable current-Journey misconception,Journey-owned counterfactual context/choice/consequence misunderstanding.,PASS — no cheap fabricated historical fact required,PASS,PASS,PASS,recognition/basic comprehension,NONE,NONE,PASS
shanghai-bund,1,paragraphRebuild,STORY,,resolveAdaptiveJourneyLevel:shanghai-bund:Lv1,JourneyChallengePanel + active Story/Discovery/Vocabulary; snapshot b862a41f204f698da0b2aea42e32961afae5ca9a,PASS,"林岸二十四岁，在外滩长大，也常帮家里整理货运和报关单。
这个晚上，他要去浦东陆家嘴，为第二天的新工作做准备。",Active Story event/relationship/causal order uniquely supports this rebuild.,PASS — one defensible answer,PASS — plausible/diagnosable current-Journey misconception,Journey-owned counterfactual sequence/relationship misunderstanding.,PASS — no cheap fabricated historical fact required,PASS,PASS,PASS,recognition/basic comprehension,NONE,NONE,PASS
shanghai-bund,2,grammarRepair,LANGUAGE,STORY,resolveAdaptiveJourneyLevel:shanghai-bund:Lv2,JourneyChallengePanel + active Story/Discovery/Vocabulary; snapshot b862a41f204f698da0b2aea42e32961afae5ca9a,PASS,平静地,Current Journey language objective uniquely supports this Chinese repair; history trivia is not required.,PASS — one defensible answer,PASS — plausible/diagnosable current-Journey misconception,Journey-owned Chinese structural near-miss tied to the current language objective.,PASS — no cheap fabricated historical fact required,PASS,PASS,PASS,recognition/basic comprehension,NONE,NONE,PASS
shanghai-bund,2,missingSentence,STORY,,resolveAdaptiveJourneyLevel:shanghai-bund:Lv2,JourneyChallengePanel + active Story/Discovery/Vocabulary; snapshot b862a41f204f698da0b2aea42e32961afae5ca9a,PASS,这个晚上，他先到外滩和母亲见面。,Active Story context uniquely completes the relationship/choice/causal meaning.,PASS — one defensible answer,PASS — plausible/diagnosable current-Journey misconception,Journey-owned counterfactual context/choice/consequence misunderstanding.,PASS — no cheap fabricated historical fact required,PASS,PASS,PASS,recognition/basic comprehension,NONE,NONE,PASS
shanghai-bund,2,paragraphRebuild,STORY,,resolveAdaptiveJourneyLevel:shanghai-bund:Lv2,JourneyChallengePanel + active Story/Discovery/Vocabulary; snapshot b862a41f204f698da0b2aea42e32961afae5ca9a,PASS,"第二天，他将到陆家嘴一家金融科技公司的结算团队上班。
这个晚上，他先到外滩和母亲见面。",Active Story event/relationship/causal order uniquely supports this rebuild.,PASS — one defensible answer,PASS — plausible/diagnosable current-Journey misconception,Journey-owned counterfactual sequence/relationship misunderstanding.,PASS — no cheap fabricated historical fact required,PASS,PASS,PASS,recognition/basic comprehension,NONE,NONE,PASS
shanghai-bund,3,grammarRepair,LANGUAGE,STORY,resolveAdaptiveJourneyLevel:shanghai-bund:Lv3,JourneyChallengePanel + active Story/Discovery/Vocabulary; snapshot b862a41f204f698da0b2aea42e32961afae5ca9a,PASS,把旧提单装进,Current Journey language objective uniquely supports this Chinese repair; history trivia is not required.,PASS — one defensible answer,PASS — plausible/diagnosable current-Journey misconception,Journey-owned Chinese structural near-miss tied to the current language objective.,PASS — no cheap fabricated historical fact required,PASS,PASS,PASS,sequence/simple causality,NONE,NONE,PASS
shanghai-bund,3,missingSentence,CAUSAL_REASONING,CAUSAL_REASONING,resolveAdaptiveJourneyLevel:shanghai-bund:Lv3,JourneyChallengePanel + active Story/Discovery/Vocabulary; snapshot b862a41f204f698da0b2aea42e32961afae5ca9a,PASS,她约他在海关大楼附近碰头，递来一张外祖父留下的旧海运提单副本。,Active Story context uniquely completes the relationship/choice/causal meaning.,PASS — one defensible answer,PASS — plausible/diagnosable current-Journey misconception,Journey-owned counterfactual context/choice/consequence misunderstanding.,PASS — no cheap fabricated historical fact required,PASS,PASS,PASS,sequence/simple causality,NONE,NONE,PASS
shanghai-bund,3,paragraphRebuild,CAUSAL_REASONING,CAUSAL_REASONING,resolveAdaptiveJourneyLevel:shanghai-bund:Lv3,JourneyChallengePanel + active Story/Discovery/Vocabulary; snapshot b862a41f204f698da0b2aea42e32961afae5ca9a,PASS,"傍晚，他先到外滩见母亲。
她约他在海关大楼附近碰头，递来一张外祖父留下的旧海运提单副本。
林岸望着对岸说，过了黄浦江，就是离开旧上海、进入新上海。",Active Story event/relationship/causal order uniquely supports this rebuild.,PASS — one defensible answer,PASS — plausible/diagnosable current-Journey misconception,Journey-owned counterfactual sequence/relationship misunderstanding.,PASS — no cheap fabricated historical fact required,PASS,PASS,PASS,sequence/simple causality,NONE,NONE,PASS
shanghai-bund,4,grammarRepair,LANGUAGE,STORY,resolveAdaptiveJourneyLevel:shanghai-bund:Lv4,JourneyChallengePanel + active Story/Discovery/Vocabulary; snapshot b862a41f204f698da0b2aea42e32961afae5ca9a,PASS,一度想还提单，最后还是,Current Journey language objective uniquely supports this Chinese repair; history trivia is not required.,PASS — one defensible answer,PASS — plausible/diagnosable current-Journey misconception,Journey-owned Chinese structural near-miss tied to the current language objective.,PASS — no cheap fabricated historical fact required,PASS,PASS,PASS,sequence/simple causality,NONE,NONE,PASS
shanghai-bund,4,missingSentence,CAUSAL_REASONING,CAUSAL_REASONING,resolveAdaptiveJourneyLevel:shanghai-bund:Lv4,JourneyChallengePanel + active Story/Discovery/Vocabulary; snapshot b862a41f204f698da0b2aea42e32961afae5ca9a,PASS,那只是一张普通商业文件。,Active Story context uniquely completes the relationship/choice/causal meaning.,PASS — one defensible answer,PASS — plausible/diagnosable current-Journey misconception,Journey-owned counterfactual context/choice/consequence misunderstanding.,PASS — no cheap fabricated historical fact required,PASS,PASS,PASS,sequence/simple causality,NONE,NONE,PASS
shanghai-bund,4,paragraphRebuild,CAUSAL_REASONING,CAUSAL_REASONING,resolveAdaptiveJourneyLevel:shanghai-bund:Lv4,JourneyChallengePanel + active Story/Discovery/Vocabulary; snapshot b862a41f204f698da0b2aea42e32961afae5ca9a,PASS,"傍晚，他来到外滩，在海关大楼附近见母亲。
母亲刚结束一天的文件工作，递给他一张外祖父留下的旧海运提单副本。
那只是一张普通商业文件。",Active Story event/relationship/causal order uniquely supports this rebuild.,PASS — one defensible answer,PASS — plausible/diagnosable current-Journey misconception,Journey-owned counterfactual sequence/relationship misunderstanding.,PASS — no cheap fabricated historical fact required,PASS,PASS,PASS,sequence/simple causality,NONE,NONE,PASS
shanghai-bund,5,grammarRepair,LANGUAGE,STORY,resolveAdaptiveJourneyLevel:shanghai-bund:Lv5,JourneyChallengePanel + active Story/Discovery/Vocabulary; snapshot b862a41f204f698da0b2aea42e32961afae5ca9a,PASS,便开始怀疑,Current Journey language objective uniquely supports this Chinese repair; history trivia is not required.,PASS — one defensible answer,PASS — plausible/diagnosable current-Journey misconception,Journey-owned Chinese structural near-miss tied to the current language objective.,PASS — no cheap fabricated historical fact required,PASS,PASS,PASS,relationship/choice/historical cause,NONE,NONE,PASS
shanghai-bund,5,missingSentence,CAUSAL_REASONING,CAUSAL_REASONING,resolveAdaptiveJourneyLevel:shanghai-bund:Lv5,JourneyChallengePanel + active Story/Discovery/Vocabulary; snapshot b862a41f204f698da0b2aea42e32961afae5ca9a,PASS,林岸看着江对岸说：“过了江，我就算离开旧上海了。”,Active Story context uniquely completes the relationship/choice/causal meaning.,PASS — one defensible answer,PASS — plausible/diagnosable current-Journey misconception,Journey-owned counterfactual context/choice/consequence misunderstanding.,PASS — no cheap fabricated historical fact required,PASS,PASS,PASS,relationship/choice/historical cause,NONE,NONE,PASS
shanghai-bund,5,paragraphRebuild,CAUSAL_REASONING,CAUSAL_REASONING,resolveAdaptiveJourneyLevel:shanghai-bund:Lv5,JourneyChallengePanel + active Story/Discovery/Vocabulary; snapshot b862a41f204f698da0b2aea42e32961afae5ca9a,PASS,"她刚结束文件工作，递给他一张外祖父留下的旧海运提单副本。
那不是古董，只记录过一票普通货物的承运、交付和责任。
林岸看着江对岸说：“过了江，我就算离开旧上海了。”",Active Story event/relationship/causal order uniquely supports this rebuild.,PASS — one defensible answer,PASS — plausible/diagnosable current-Journey misconception,Journey-owned counterfactual sequence/relationship misunderstanding.,PASS — no cheap fabricated historical fact required,PASS,PASS,PASS,relationship/choice/historical cause,NONE,NONE,PASS
shanghai-bund,6,grammarRepair,LANGUAGE,STORY,resolveAdaptiveJourneyLevel:shanghai-bund:Lv6,JourneyChallengePanel + active Story/Discovery/Vocabulary; snapshot b862a41f204f698da0b2aea42e32961afae5ca9a,PASS,但是,Current Journey language objective uniquely supports this Chinese repair; history trivia is not required.,PASS — one defensible answer,PASS — plausible/diagnosable current-Journey misconception,Journey-owned Chinese structural near-miss tied to the current language objective.,PASS — no cheap fabricated historical fact required,PASS,PASS,PASS,relationship/choice/historical cause,NONE,NONE,PASS
shanghai-bund,6,missingSentence,CAUSAL_REASONING,CAUSAL_REASONING,resolveAdaptiveJourneyLevel:shanghai-bund:Lv6,JourneyChallengePanel + active Story/Discovery/Vocabulary; snapshot b862a41f204f698da0b2aea42e32961afae5ca9a,PASS,接近金陵东路轮渡站时，林岸想起上海1843年的开埠发生在十九世纪不平等条约体系下，此后外滩的贸易、航运、海关、银行与商业功能经过长期发展，并非一夜形成。,Active Story context uniquely completes the relationship/choice/causal meaning.,PASS — one defensible answer,PASS — plausible/diagnosable current-Journey misconception,Journey-owned counterfactual context/choice/consequence misunderstanding.,PASS — no cheap fabricated historical fact required,PASS,PASS,PASS,relationship/choice/historical cause,NONE,NONE,PASS
shanghai-bund,6,paragraphRebuild,CAUSAL_REASONING,CAUSAL_REASONING,resolveAdaptiveJourneyLevel:shanghai-bund:Lv6,JourneyChallengePanel + active Story/Discovery/Vocabulary; snapshot b862a41f204f698da0b2aea42e32961afae5ca9a,PASS,"母亲没有阻止，只问：“换了工具，就一定要把以前的东西留在这边吗？”
两人沿黄浦江西岸向南走，历史建筑、钟声、江上船灯与浦东玻璃幕墙在暮色中并列。
接近金陵东路轮渡站时，林岸想起上海1843年的开埠发生在十九世纪不平等条约体系下，此后外滩的贸易、航运、海关、银行与商业功能经过长期发展，并非一夜形成。",Active Story event/relationship/causal order uniquely supports this rebuild.,PASS — one defensible answer,PASS — plausible/diagnosable current-Journey misconception,Journey-owned counterfactual sequence/relationship misunderstanding.,PASS — no cheap fabricated historical fact required,PASS,PASS,PASS,relationship/choice/historical cause,NONE,NONE,PASS
shanghai-bund,7,grammarRepair,LANGUAGE,STORY,resolveAdaptiveJourneyLevel:shanghai-bund:Lv7,JourneyChallengePanel + active Story/Discovery/Vocabulary; snapshot b862a41f204f698da0b2aea42e32961afae5ca9a,PASS,不只记录货物与责任，还,Current Journey language objective uniquely supports this Chinese repair; history trivia is not required.,PASS — one defensible answer,PASS — plausible/diagnosable current-Journey misconception,Journey-owned Chinese structural near-miss tied to the current language objective.,PASS — no cheap fabricated historical fact required,PASS,PASS,PASS,causal chain/implicit meaning,NONE,NONE,PASS
shanghai-bund,7,missingSentence,CAUSAL_REASONING,CAUSAL_REASONING,resolveAdaptiveJourneyLevel:shanghai-bund:Lv7,JourneyChallengePanel + active Story/Discovery/Vocabulary; snapshot b862a41f204f698da0b2aea42e32961afae5ca9a,PASS,母亲没有讲课，只说他小时候会拿作废报关单折纸船。,Active Story context uniquely completes the relationship/choice/causal meaning.,PASS — one defensible answer,PASS — plausible/diagnosable current-Journey misconception,Journey-owned counterfactual context/choice/consequence misunderstanding.,PASS — no cheap fabricated historical fact required,PASS,PASS,PASS,causal chain/implicit meaning,NONE,NONE,PASS
shanghai-bund,7,paragraphRebuild,CAUSAL_REASONING,CAUSAL_REASONING,resolveAdaptiveJourneyLevel:shanghai-bund:Lv7,JourneyChallengePanel + active Story/Discovery/Vocabulary; snapshot b862a41f204f698da0b2aea42e32961afae5ca9a,PASS,"他懂这些，却仍觉得它们只属于过去。
包里的提单碰着电脑边角，他几次想还回去。
母亲没有讲课，只说他小时候会拿作废报关单折纸船。",Active Story event/relationship/causal order uniquely supports this rebuild.,PASS — one defensible answer,PASS — plausible/diagnosable current-Journey misconception,Journey-owned counterfactual sequence/relationship misunderstanding.,PASS — no cheap fabricated historical fact required,PASS,PASS,PASS,causal chain/implicit meaning,NONE,NONE,PASS
shanghai-bund,8,grammarRepair,LANGUAGE,STORY,resolveAdaptiveJourneyLevel:shanghai-bund:Lv8,JourneyChallengePanel + active Story/Discovery/Vocabulary; snapshot b862a41f204f698da0b2aea42e32961afae5ca9a,PASS,两岸同时可见的变化,Current Journey language objective uniquely supports this Chinese repair; history trivia is not required.,PASS — one defensible answer,PASS — plausible/diagnosable current-Journey misconception,Journey-owned Chinese structural near-miss tied to the current language objective.,PASS — no cheap fabricated historical fact required,PASS,PASS,PASS,causal chain/implicit meaning,NONE,NONE,PASS
shanghai-bund,8,missingSentence,CAUSAL_REASONING,CAUSAL_REASONING,resolveAdaptiveJourneyLevel:shanghai-bund:Lv8,JourneyChallengePanel + active Story/Discovery/Vocabulary; snapshot b862a41f204f698da0b2aea42e32961afae5ca9a,PASS,林岸把提单放进电脑夹层，独自上了轮渡。,Active Story context uniquely completes the relationship/choice/causal meaning.,PASS — one defensible answer,PASS — plausible/diagnosable current-Journey misconception,Journey-owned counterfactual context/choice/consequence misunderstanding.,PASS — no cheap fabricated historical fact required,PASS,PASS,PASS,causal chain/implicit meaning,NONE,NONE,PASS
shanghai-bund,8,paragraphRebuild,CAUSAL_REASONING,CAUSAL_REASONING,resolveAdaptiveJourneyLevel:shanghai-bund:Lv8,JourneyChallengePanel + active Story/Discovery/Vocabulary; snapshot b862a41f204f698da0b2aea42e32961afae5ca9a,PASS,"包里的旧提单碰着电脑边角，他几次准备递回去。
母亲没讲历史，只笑他说小时候爱拿作废报关单折纸船。
到了闸口，他们在人流里告别。",Active Story event/relationship/causal order uniquely supports this rebuild.,PASS — one defensible answer,PASS — plausible/diagnosable current-Journey misconception,Journey-owned counterfactual sequence/relationship misunderstanding.,PASS — no cheap fabricated historical fact required,PASS,PASS,PASS,causal chain/implicit meaning,NONE,NONE,PASS
shanghai-bund,9,grammarRepair,LANGUAGE,STORY,resolveAdaptiveJourneyLevel:shanghai-bund:Lv9,JourneyChallengePanel + active Story/Discovery/Vocabulary; snapshot b862a41f204f698da0b2aea42e32961afae5ca9a,PASS,不止是货运记录，还包括,Current Journey language objective uniquely supports this Chinese repair; history trivia is not required.,PASS — one defensible answer,PASS — plausible/diagnosable current-Journey misconception,Journey-owned Chinese structural near-miss tied to the current language objective.,PASS — no cheap fabricated historical fact required,PASS,PASS,PASS,integrated interpretation,NONE,NONE,PASS
shanghai-bund,9,missingSentence,CULTURE,CAUSAL_REASONING,resolveAdaptiveJourneyLevel:shanghai-bund:Lv9,JourneyChallengePanel + active Story/Discovery/Vocabulary; snapshot b862a41f204f698da0b2aea42e32961afae5ca9a,PASS,水面距离把两岸同时展开，他觉得自己过去那条“旧到新”的直线太窄。,Active Story context uniquely completes the relationship/choice/causal meaning.,PASS — one defensible answer,PASS — plausible/diagnosable current-Journey misconception,Journey-owned counterfactual context/choice/consequence misunderstanding.,PASS — no cheap fabricated historical fact required,PASS,PASS,PASS,integrated interpretation,NONE,NONE,PASS
shanghai-bund,9,paragraphRebuild,CAUSAL_REASONING,CAUSAL_REASONING,resolveAdaptiveJourneyLevel:shanghai-bund:Lv9,JourneyChallengePanel + active Story/Discovery/Vocabulary; snapshot b862a41f204f698da0b2aea42e32961afae5ca9a,PASS,"林岸把提单放进电脑夹层，独自上了轮渡。
船离开浦西，外滩建筑和海关钟楼退成发亮的岸线，货船沿主航道继续向前；浦东天际线从前方抬高。
水面距离把两岸同时展开，他觉得自己过去那条“旧到新”的直线太窄。",Active Story event/relationship/causal order uniquely supports this rebuild.,PASS — one defensible answer,PASS — plausible/diagnosable current-Journey misconception,Journey-owned counterfactual sequence/relationship misunderstanding.,PASS — no cheap fabricated historical fact required,PASS,PASS,PASS,integrated interpretation,NONE,NONE,PASS
shanghai-bund,10,grammarRepair,LANGUAGE,STORY,resolveAdaptiveJourneyLevel:shanghai-bund:Lv10,JourneyChallengePanel + active Story/Discovery/Vocabulary; snapshot b862a41f204f698da0b2aea42e32961afae5ca9a,PASS,从纸面单据逐渐转向,Current Journey language objective uniquely supports this Chinese repair; history trivia is not required.,PASS — one defensible answer,PASS — plausible/diagnosable current-Journey misconception,Journey-owned Chinese structural near-miss tied to the current language objective.,PASS — no cheap fabricated historical fact required,PASS,PASS,PASS,integrated interpretation,NONE,NONE,PASS
shanghai-bund,10,missingSentence,CULTURE,CAUSAL_REASONING,resolveAdaptiveJourneyLevel:shanghai-bund:Lv10,JourneyChallengePanel + active Story/Discovery/Vocabulary; snapshot b862a41f204f698da0b2aea42e32961afae5ca9a,PASS,回头时，外滩不再是等待被淘汰的旧背景，陆家嘴也不再需要独占“未来”这个词。,Active Story context uniquely completes the relationship/choice/causal meaning.,PASS — one defensible answer,PASS — plausible/diagnosable current-Journey misconception,Journey-owned counterfactual context/choice/consequence misunderstanding.,PASS — no cheap fabricated historical fact required,PASS,PASS,PASS,integrated interpretation,NONE,NONE,PASS
shanghai-bund,10,paragraphRebuild,CAUSAL_REASONING,CAUSAL_REASONING,resolveAdaptiveJourneyLevel:shanghai-bund:Lv10,JourneyChallengePanel + active Story/Discovery/Vocabulary; snapshot b862a41f204f698da0b2aea42e32961afae5ca9a,PASS,"旧提单把货物、信用、责任、信息与付款写在纸上，今天的系统把相似关系变成数据、消息、规则和实时结算；工具、速度和天际线改变了，城市仍在重新组织人、货物、信息与资本如何抵达彼此。
船到东昌路一侧后，他继续向陆家嘴走，没有回去接手家业，也仍期待新职业。
回头时，外滩不再是等待被淘汰的旧背景，陆家嘴也不再需要独占“未来”这个词。",Active Story event/relationship/causal order uniquely supports this rebuild.,PASS — one defensible answer,PASS — plausible/diagnosable current-Journey misconception,Journey-owned counterfactual sequence/relationship misunderstanding.,PASS — no cheap fabricated historical fact required,PASS,PASS,PASS,integrated interpretation,NONE,NONE,PASS
suzhou-humble-administrators-garden,1,grammarRepair,LANGUAGE,STORY,resolveAdaptiveJourneyLevel:suzhou-humble-administrators-garden:Lv1,JourneyChallengePanel + active Story/Discovery/Vocabulary; snapshot b862a41f204f698da0b2aea42e32961afae5ca9a,PASS,慢慢地走在前面，,Current Journey language objective uniquely supports this Chinese repair; history trivia is not required.,PASS — one defensible answer,PASS — plausible/diagnosable current-Journey misconception,Journey-owned Chinese structural near-miss tied to the current language objective.,PASS — no cheap fabricated historical fact required,PASS,PASS,PASS,recognition/basic comprehension,NONE,NONE,PASS
suzhou-humble-administrators-garden,1,missingSentence,STORY,,resolveAdaptiveJourneyLevel:suzhou-humble-administrators-garden:Lv1,JourneyChallengePanel + active Story/Discovery/Vocabulary; snapshot b862a41f204f698da0b2aea42e32961afae5ca9a,PASS,星期天，外婆陈玉兰带他到拙政园。,Active Story context uniquely completes the relationship/choice/causal meaning.,PASS — one defensible answer,PASS — plausible/diagnosable current-Journey misconception,Journey-owned counterfactual context/choice/consequence misunderstanding.,PASS — no cheap fabricated historical fact required,PASS,PASS,PASS,recognition/basic comprehension,NONE,NONE,PASS
suzhou-humble-administrators-garden,1,paragraphRebuild,STORY,,resolveAdaptiveJourneyLevel:suzhou-humble-administrators-garden:Lv1,JourneyChallengePanel + active Story/Discovery/Vocabulary; snapshot b862a41f204f698da0b2aea42e32961afae5ca9a,PASS,"下周一，十二岁的程朗要开始自己坐车上学。
星期天，外婆陈玉兰带他到拙政园。",Active Story event/relationship/causal order uniquely supports this rebuild.,PASS — one defensible answer,PASS — plausible/diagnosable current-Journey misconception,Journey-owned counterfactual sequence/relationship misunderstanding.,PASS — no cheap fabricated historical fact required,PASS,PASS,PASS,recognition/basic comprehension,NONE,NONE,PASS
suzhou-humble-administrators-garden,2,grammarRepair,LANGUAGE,STORY,resolveAdaptiveJourneyLevel:suzhou-humble-administrators-garden:Lv2,JourneyChallengePanel + active Story/Discovery/Vocabulary; snapshot b862a41f204f698da0b2aea42e32961afae5ca9a,PASS,又,Current Journey language objective uniquely supports this Chinese repair; history trivia is not required.,PASS — one defensible answer,PASS — plausible/diagnosable current-Journey misconception,Journey-owned Chinese structural near-miss tied to the current language objective.,PASS — no cheap fabricated historical fact required,PASS,PASS,PASS,recognition/basic comprehension,NONE,NONE,PASS
suzhou-humble-administrators-garden,2,missingSentence,STORY,,resolveAdaptiveJourneyLevel:suzhou-humble-administrators-garden:Lv2,JourneyChallengePanel + active Story/Discovery/Vocabulary; snapshot b862a41f204f698da0b2aea42e32961afae5ca9a,PASS,这个星期天，她带他到拙政园，程朗第一次认真说：“今天让我走前面吧，我在下一处等你。”,Active Story context uniquely completes the relationship/choice/causal meaning.,PASS — one defensible answer,PASS — plausible/diagnosable current-Journey misconception,Journey-owned counterfactual context/choice/consequence misunderstanding.,PASS — no cheap fabricated historical fact required,PASS,PASS,PASS,recognition/basic comprehension,NONE,NONE,PASS
suzhou-humble-administrators-garden,2,paragraphRebuild,STORY,,resolveAdaptiveJourneyLevel:suzhou-humble-administrators-garden:Lv2,JourneyChallengePanel + active Story/Discovery/Vocabulary; snapshot b862a41f204f698da0b2aea42e32961afae5ca9a,PASS,"下周一，十二岁的程朗要开始自己坐车去初中。
六年来，外婆陈玉兰几乎每天都接他放学。",Active Story event/relationship/causal order uniquely supports this rebuild.,PASS — one defensible answer,PASS — plausible/diagnosable current-Journey misconception,Journey-owned counterfactual sequence/relationship misunderstanding.,PASS — no cheap fabricated historical fact required,PASS,PASS,PASS,recognition/basic comprehension,NONE,NONE,PASS
suzhou-humble-administrators-garden,3,grammarRepair,LANGUAGE,STORY,resolveAdaptiveJourneyLevel:suzhou-humble-administrators-garden:Lv3,JourneyChallengePanel + active Story/Discovery/Vocabulary; snapshot b862a41f204f698da0b2aea42e32961afae5ca9a,PASS,挡住了，让人暂时,Current Journey language objective uniquely supports this Chinese repair; history trivia is not required.,PASS — one defensible answer,PASS — plausible/diagnosable current-Journey misconception,Journey-owned Chinese structural near-miss tied to the current language objective.,PASS — no cheap fabricated historical fact required,PASS,PASS,PASS,sequence/simple causality,NONE,NONE,PASS
suzhou-humble-administrators-garden,3,missingSentence,CAUSAL_REASONING,CAUSAL_REASONING,resolveAdaptiveJourneyLevel:suzhou-humble-administrators-garden:Lv3,JourneyChallengePanel + active Story/Discovery/Vocabulary; snapshot b862a41f204f698da0b2aea42e32961afae5ca9a,PASS,程朗说：“今天让我走前面吧，我在下一处等你。”,Active Story context uniquely completes the relationship/choice/causal meaning.,PASS — one defensible answer,PASS — plausible/diagnosable current-Journey misconception,Journey-owned counterfactual context/choice/consequence misunderstanding.,PASS — no cheap fabricated historical fact required,PASS,PASS,PASS,sequence/simple causality,NONE,NONE,PASS
suzhou-humble-administrators-garden,3,paragraphRebuild,CAUSAL_REASONING,CAUSAL_REASONING,resolveAdaptiveJourneyLevel:suzhou-humble-administrators-garden:Lv3,JourneyChallengePanel + active Story/Discovery/Vocabulary; snapshot b862a41f204f698da0b2aea42e32961afae5ca9a,PASS,"六年来，外婆陈玉兰几乎每天都接他放学。
星期天，她带他到拙政园。
程朗说：“今天让我走前面吧，我在下一处等你。”",Active Story event/relationship/causal order uniquely supports this rebuild.,PASS — one defensible answer,PASS — plausible/diagnosable current-Journey misconception,Journey-owned counterfactual sequence/relationship misunderstanding.,PASS — no cheap fabricated historical fact required,PASS,PASS,PASS,sequence/simple causality,NONE,NONE,PASS
suzhou-humble-administrators-garden,4,grammarRepair,LANGUAGE,STORY,resolveAdaptiveJourneyLevel:suzhou-humble-administrators-garden:Lv4,JourneyChallengePanel + active Story/Discovery/Vocabulary; snapshot b862a41f204f698da0b2aea42e32961afae5ca9a,PASS,先抬手，再,Current Journey language objective uniquely supports this Chinese repair; history trivia is not required.,PASS — one defensible answer,PASS — plausible/diagnosable current-Journey misconception,Journey-owned Chinese structural near-miss tied to the current language objective.,PASS — no cheap fabricated historical fact required,PASS,PASS,PASS,sequence/simple causality,NONE,NONE,PASS
suzhou-humble-administrators-garden,4,missingSentence,CAUSAL_REASONING,CAUSAL_REASONING,resolveAdaptiveJourneyLevel:suzhou-humble-administrators-garden:Lv4,JourneyChallengePanel + active Story/Discovery/Vocabulary; snapshot b862a41f204f698da0b2aea42e32961afae5ca9a,PASS,程朗一直走在同一条园路上，墙角却让他的背影第一次从陈玉兰眼前消失。,Active Story context uniquely completes the relationship/choice/causal meaning.,PASS — one defensible answer,PASS — plausible/diagnosable current-Journey misconception,Journey-owned counterfactual context/choice/consequence misunderstanding.,PASS — no cheap fabricated historical fact required,PASS,PASS,PASS,sequence/simple causality,NONE,NONE,PASS
suzhou-humble-administrators-garden,4,paragraphRebuild,CAUSAL_REASONING,CAUSAL_REASONING,resolveAdaptiveJourneyLevel:suzhou-humble-administrators-garden:Lv4,JourneyChallengePanel + active Story/Discovery/Vocabulary; snapshot b862a41f204f698da0b2aea42e32961afae5ca9a,PASS,"沿着池水转过长廊，亭子、白墙和树影叠出前后层次。
程朗一直走在同一条园路上，墙角却让他的背影第一次从陈玉兰眼前消失。
她立刻喊了他的名字；程朗从转角退回来，没有争辩，只把脚步放慢一点。",Active Story event/relationship/causal order uniquely supports this rebuild.,PASS — one defensible answer,PASS — plausible/diagnosable current-Journey misconception,Journey-owned counterfactual sequence/relationship misunderstanding.,PASS — no cheap fabricated historical fact required,PASS,PASS,PASS,sequence/simple causality,NONE,NONE,PASS
suzhou-humble-administrators-garden,5,grammarRepair,LANGUAGE,STORY,resolveAdaptiveJourneyLevel:suzhou-humble-administrators-garden:Lv5,JourneyChallengePanel + active Story/Discovery/Vocabulary; snapshot b862a41f204f698da0b2aea42e32961afae5ca9a,PASS,这才让外婆,Current Journey language objective uniquely supports this Chinese repair; history trivia is not required.,PASS — one defensible answer,PASS — plausible/diagnosable current-Journey misconception,Journey-owned Chinese structural near-miss tied to the current language objective.,PASS — no cheap fabricated historical fact required,PASS,PASS,PASS,relationship/choice/historical cause,NONE,NONE,PASS
suzhou-humble-administrators-garden,5,missingSentence,CAUSAL_REASONING,CAUSAL_REASONING,resolveAdaptiveJourneyLevel:suzhou-humble-administrators-garden:Lv5,JourneyChallengePanel + active Story/Discovery/Vocabulary; snapshot b862a41f204f698da0b2aea42e32961afae5ca9a,PASS,程朗从转角退回来，没有争辩，只把脚步放慢了一点。,Active Story context uniquely completes the relationship/choice/causal meaning.,PASS — one defensible answer,PASS — plausible/diagnosable current-Journey misconception,Journey-owned counterfactual context/choice/consequence misunderstanding.,PASS — no cheap fabricated historical fact required,PASS,PASS,PASS,relationship/choice/historical cause,NONE,NONE,PASS
suzhou-humble-administrators-garden,5,paragraphRebuild,CAUSAL_REASONING,CAUSAL_REASONING,resolveAdaptiveJourneyLevel:suzhou-humble-administrators-garden:Lv5,JourneyChallengePanel + active Story/Discovery/Vocabulary; snapshot b862a41f204f698da0b2aea42e32961afae5ca9a,PASS,"程朗的背影第一次从她眼前消失时，陈玉兰立刻喊了他的名字。
程朗从转角退回来，没有争辩，只把脚步放慢了一点。
再往前走，曲桥和屋角又一次截断视线，廊下的人声盖住了程朗的脚步声。",Active Story event/relationship/causal order uniquely supports this rebuild.,PASS — one defensible answer,PASS — plausible/diagnosable current-Journey misconception,Journey-owned counterfactual sequence/relationship misunderstanding.,PASS — no cheap fabricated historical fact required,PASS,PASS,PASS,relationship/choice/historical cause,NONE,NONE,PASS
suzhou-humble-administrators-garden,6,grammarRepair,LANGUAGE,STORY,resolveAdaptiveJourneyLevel:suzhou-humble-administrators-garden:Lv6,JourneyChallengePanel + active Story/Discovery/Vocabulary; snapshot b862a41f204f698da0b2aea42e32961afae5ca9a,PASS,即使第二次暂时看不见程朗，陈玉兰也,Current Journey language objective uniquely supports this Chinese repair; history trivia is not required.,PASS — one defensible answer,PASS — plausible/diagnosable current-Journey misconception,Journey-owned Chinese structural near-miss tied to the current language objective.,PASS — no cheap fabricated historical fact required,PASS,PASS,PASS,relationship/choice/historical cause,NONE,NONE,PASS
suzhou-humble-administrators-garden,6,missingSentence,CAUSAL_REASONING,CAUSAL_REASONING,resolveAdaptiveJourneyLevel:suzhou-humble-administrators-garden:Lv6,JourneyChallengePanel + active Story/Discovery/Vocabulary; snapshot b862a41f204f698da0b2aea42e32961afae5ca9a,PASS,接下来的几步，他仍走在前面，只是步子比刚才小；陈玉兰不用赶，也能更快看见他的背影。,Active Story context uniquely completes the relationship/choice/causal meaning.,PASS — one defensible answer,PASS — plausible/diagnosable current-Journey misconception,Journey-owned counterfactual context/choice/consequence misunderstanding.,PASS — no cheap fabricated historical fact required,PASS,PASS,PASS,relationship/choice/historical cause,NONE,NONE,PASS
suzhou-humble-administrators-garden,6,paragraphRebuild,CAUSAL_REASONING,CAUSAL_REASONING,resolveAdaptiveJourneyLevel:suzhou-humble-administrators-garden:Lv6,JourneyChallengePanel + active Story/Discovery/Vocabulary; snapshot b862a41f204f698da0b2aea42e32961afae5ca9a,PASS,"程朗退回来以后，两人之间原本拉开的距离缩短了。
接下来的几步，他仍走在前面，只是步子比刚才小；陈玉兰不用赶，也能更快看见他的背影。
再往前走，曲桥和屋角又一次截断视线，廊下的人声盖住了程朗的脚步声。",Active Story event/relationship/causal order uniquely supports this rebuild.,PASS — one defensible answer,PASS — plausible/diagnosable current-Journey misconception,Journey-owned counterfactual sequence/relationship misunderstanding.,PASS — no cheap fabricated historical fact required,PASS,PASS,PASS,relationship/choice/historical cause,NONE,NONE,PASS
suzhou-humble-administrators-garden,7,grammarRepair,LANGUAGE,STORY,resolveAdaptiveJourneyLevel:suzhou-humble-administrators-garden:Lv7,JourneyChallengePanel + active Story/Discovery/Vocabulary; snapshot b862a41f204f698da0b2aea42e32961afae5ca9a,PASS,走在前面，却,Current Journey language objective uniquely supports this Chinese repair; history trivia is not required.,PASS — one defensible answer,PASS — plausible/diagnosable current-Journey misconception,Journey-owned Chinese structural near-miss tied to the current language objective.,PASS — no cheap fabricated historical fact required,PASS,PASS,PASS,causal chain/implicit meaning,NONE,NONE,PASS
suzhou-humble-administrators-garden,7,missingSentence,CAUSAL_REASONING,CAUSAL_REASONING,resolveAdaptiveJourneyLevel:suzhou-humble-administrators-garden:Lv7,JourneyChallengePanel + active Story/Discovery/Vocabulary; snapshot b862a41f204f698da0b2aea42e32961afae5ca9a,PASS,再往前走，同样的遮挡又来了：曲桥和屋角又一次截断视线，廊下的人声盖住了程朗的脚步声。,Active Story context uniquely completes the relationship/choice/causal meaning.,PASS — one defensible answer,PASS — plausible/diagnosable current-Journey misconception,Journey-owned counterfactual context/choice/consequence misunderstanding.,PASS — no cheap fabricated historical fact required,PASS,PASS,PASS,causal chain/implicit meaning,NONE,NONE,PASS
suzhou-humble-administrators-garden,7,paragraphRebuild,CAUSAL_REASONING,CAUSAL_REASONING,resolveAdaptiveJourneyLevel:suzhou-humble-administrators-garden:Lv7,JourneyChallengePanel + active Story/Discovery/Vocabulary; snapshot b862a41f204f698da0b2aea42e32961afae5ca9a,PASS,"她没有叫他靠近，也没有伸手去拉他，只照着他放慢后的速度往前走。
再往前走，同样的遮挡又来了：曲桥和屋角又一次截断视线，廊下的人声盖住了程朗的脚步声。
陈玉兰抬起手，他的名字已经到了嘴边，却没有喊；她把手放下来，自己走完那几步看不见他的路。",Active Story event/relationship/causal order uniquely supports this rebuild.,PASS — one defensible answer,PASS — plausible/diagnosable current-Journey misconception,Journey-owned counterfactual sequence/relationship misunderstanding.,PASS — no cheap fabricated historical fact required,PASS,PASS,PASS,causal chain/implicit meaning,NONE,NONE,PASS
suzhou-humble-administrators-garden,8,grammarRepair,LANGUAGE,STORY,resolveAdaptiveJourneyLevel:suzhou-humble-administrators-garden:Lv8,JourneyChallengePanel + active Story/Discovery/Vocabulary; snapshot b862a41f204f698da0b2aea42e32961afae5ca9a,PASS,允许程朗走在前面，而不再,Current Journey language objective uniquely supports this Chinese repair; history trivia is not required.,PASS — one defensible answer,PASS — plausible/diagnosable current-Journey misconception,Journey-owned Chinese structural near-miss tied to the current language objective.,PASS — no cheap fabricated historical fact required,PASS,PASS,PASS,causal chain/implicit meaning,NONE,NONE,PASS
suzhou-humble-administrators-garden,8,missingSentence,CAUSAL_REASONING,CAUSAL_REASONING,resolveAdaptiveJourneyLevel:suzhou-humble-administrators-garden:Lv8,JourneyChallengePanel + active Story/Discovery/Vocabulary; snapshot b862a41f204f698da0b2aea42e32961afae5ca9a,PASS,程朗没有继续把距离拉远，也没有沿原路退回来，只站在原处。,Active Story context uniquely completes the relationship/choice/causal meaning.,PASS — one defensible answer,PASS — plausible/diagnosable current-Journey misconception,Journey-owned counterfactual context/choice/consequence misunderstanding.,PASS — no cheap fabricated historical fact required,PASS,PASS,PASS,causal chain/implicit meaning,NONE,NONE,PASS
suzhou-humble-administrators-garden,8,paragraphRebuild,CAUSAL_REASONING,CAUSAL_REASONING,resolveAdaptiveJourneyLevel:suzhou-humble-administrators-garden:Lv8,JourneyChallengePanel + active Story/Discovery/Vocabulary; snapshot b862a41f204f698da0b2aea42e32961afae5ca9a,PASS,"下一处水面重新打开时，程朗已经停在前面，正回头找她。
程朗没有继续把距离拉远，也没有沿原路退回来，只站在原处。
陈玉兰走出被遮住的几步，两个人重新落进彼此的视线里。",Active Story event/relationship/causal order uniquely supports this rebuild.,PASS — one defensible answer,PASS — plausible/diagnosable current-Journey misconception,Journey-owned counterfactual sequence/relationship misunderstanding.,PASS — no cheap fabricated historical fact required,PASS,PASS,PASS,causal chain/implicit meaning,NONE,NONE,PASS
suzhou-humble-administrators-garden,9,grammarRepair,LANGUAGE,STORY,resolveAdaptiveJourneyLevel:suzhou-humble-administrators-garden:Lv9,JourneyChallengePanel + active Story/Discovery/Vocabulary; snapshot b862a41f204f698da0b2aea42e32961afae5ca9a,PASS,“会等待、会回头”比,Current Journey language objective uniquely supports this Chinese repair; history trivia is not required.,PASS — one defensible answer,PASS — plausible/diagnosable current-Journey misconception,Journey-owned Chinese structural near-miss tied to the current language objective.,PASS — no cheap fabricated historical fact required,PASS,PASS,PASS,integrated interpretation,NONE,NONE,PASS
suzhou-humble-administrators-garden,9,missingSentence,CULTURE,CAUSAL_REASONING,resolveAdaptiveJourneyLevel:suzhou-humble-administrators-garden:Lv9,JourneyChallengePanel + active Story/Discovery/Vocabulary; snapshot b862a41f204f698da0b2aea42e32961afae5ca9a,PASS,她走近，却没有把“走在前面”重新变成“走在身边”。,Active Story context uniquely completes the relationship/choice/causal meaning.,PASS — one defensible answer,PASS — plausible/diagnosable current-Journey misconception,Journey-owned counterfactual context/choice/consequence misunderstanding.,PASS — no cheap fabricated historical fact required,PASS,PASS,PASS,integrated interpretation,NONE,NONE,PASS
suzhou-humble-administrators-garden,9,paragraphRebuild,CAUSAL_REASONING,CAUSAL_REASONING,resolveAdaptiveJourneyLevel:suzhou-humble-administrators-garden:Lv9,JourneyChallengePanel + active Story/Discovery/Vocabulary; snapshot b862a41f204f698da0b2aea42e32961afae5ca9a,PASS,"程朗没有往回走。
陈玉兰也没有叫他退回来；两个人仍隔着那几步。
她走近，却没有把“走在前面”重新变成“走在身边”。",Active Story event/relationship/causal order uniquely supports this rebuild.,PASS — one defensible answer,PASS — plausible/diagnosable current-Journey misconception,Journey-owned counterfactual sequence/relationship misunderstanding.,PASS — no cheap fabricated historical fact required,PASS,PASS,PASS,integrated interpretation,NONE,NONE,PASS
suzhou-humble-administrators-garden,10,grammarRepair,LANGUAGE,STORY,resolveAdaptiveJourneyLevel:suzhou-humble-administrators-garden:Lv10,JourneyChallengePanel + active Story/Discovery/Vocabulary; snapshot b862a41f204f698da0b2aea42e32961afae5ca9a,PASS,前提是,Current Journey language objective uniquely supports this Chinese repair; history trivia is not required.,PASS — one defensible answer,PASS — plausible/diagnosable current-Journey misconception,Journey-owned Chinese structural near-miss tied to the current language objective.,PASS — no cheap fabricated historical fact required,PASS,PASS,PASS,integrated interpretation,NONE,NONE,PASS
suzhou-humble-administrators-garden,10,missingSentence,CULTURE,CAUSAL_REASONING,resolveAdaptiveJourneyLevel:suzhou-humble-administrators-garden:Lv10,JourneyChallengePanel + active Story/Discovery/Vocabulary; snapshot b862a41f204f698da0b2aea42e32961afae5ca9a,PASS,程朗转过去，背影很快又被房屋挡住。,Active Story context uniquely completes the relationship/choice/causal meaning.,PASS — one defensible answer,PASS — plausible/diagnosable current-Journey misconception,Journey-owned counterfactual context/choice/consequence misunderstanding.,PASS — no cheap fabricated historical fact required,PASS,PASS,PASS,integrated interpretation,NONE,NONE,PASS
suzhou-humble-administrators-garden,10,paragraphRebuild,CAUSAL_REASONING,CAUSAL_REASONING,resolveAdaptiveJourneyLevel:suzhou-humble-administrators-garden:Lv10,JourneyChallengePanel + active Story/Discovery/Vocabulary; snapshot b862a41f204f698da0b2aea42e32961afae5ca9a,PASS,"陈玉兰把肩上的水壶带往上提了提，说：“下一处等我。”
两人之间仍留着刚才那段距离。
程朗转过去，背影很快又被房屋挡住。",Active Story event/relationship/causal order uniquely supports this rebuild.,PASS — one defensible answer,PASS — plausible/diagnosable current-Journey misconception,Journey-owned counterfactual sequence/relationship misunderstanding.,PASS — no cheap fabricated historical fact required,PASS,PASS,PASS,integrated interpretation,NONE,NONE,PASS
xian-city-wall,1,grammarRepair,LANGUAGE,STORY,resolveAdaptiveJourneyLevel:xian-city-wall:Lv1,JourneyChallengePanel + active Story/Discovery/Vocabulary; snapshot b862a41f204f698da0b2aea42e32961afae5ca9a,PASS,周遥全家要搬,Current Journey language objective uniquely supports this Chinese repair; history trivia is not required.,PASS — one defensible answer,PASS — plausible/diagnosable current-Journey misconception,Journey-owned Chinese structural near-miss tied to the current language objective.,PASS — no cheap fabricated historical fact required,PASS,PASS,PASS,recognition/basic comprehension,NONE,NONE,PASS
xian-city-wall,1,missingSentence,STORY,,resolveAdaptiveJourneyLevel:xian-city-wall:Lv1,JourneyChallengePanel + active Story/Discovery/Vocabulary; snapshot b862a41f204f698da0b2aea42e32961afae5ca9a,PASS,这个周末，全家要搬到城外的新家。,Active Story context uniquely completes the relationship/choice/causal meaning.,PASS — one defensible answer,PASS — plausible/diagnosable current-Journey misconception,Journey-owned counterfactual context/choice/consequence misunderstanding.,PASS — no cheap fabricated historical fact required,PASS,PASS,PASS,recognition/basic comprehension,NONE,NONE,PASS
xian-city-wall,1,paragraphRebuild,STORY,,resolveAdaptiveJourneyLevel:xian-city-wall:Lv1,JourneyChallengePanel + active Story/Discovery/Vocabulary; snapshot b862a41f204f698da0b2aea42e32961afae5ca9a,PASS,"周遥二十二岁，从小住在西安城墙里。
这个周末，全家要搬到城外的新家。",Active Story event/relationship/causal order uniquely supports this rebuild.,PASS — one defensible answer,PASS — plausible/diagnosable current-Journey misconception,Journey-owned counterfactual sequence/relationship misunderstanding.,PASS — no cheap fabricated historical fact required,PASS,PASS,PASS,recognition/basic comprehension,NONE,NONE,PASS
xian-city-wall,2,grammarRepair,LANGUAGE,STORY,resolveAdaptiveJourneyLevel:xian-city-wall:Lv2,JourneyChallengePanel + active Story/Discovery/Vocabulary; snapshot b862a41f204f698da0b2aea42e32961afae5ca9a,PASS,傍晚从永宁门,Current Journey language objective uniquely supports this Chinese repair; history trivia is not required.,PASS — one defensible answer,PASS — plausible/diagnosable current-Journey misconception,Journey-owned Chinese structural near-miss tied to the current language objective.,PASS — no cheap fabricated historical fact required,PASS,PASS,PASS,recognition/basic comprehension,NONE,NONE,PASS
xian-city-wall,2,missingSentence,STORY,,resolveAdaptiveJourneyLevel:xian-city-wall:Lv2,JourneyChallengePanel + active Story/Discovery/Vocabulary; snapshot b862a41f204f698da0b2aea42e32961afae5ca9a,PASS,傍晚，他从永宁门登上城墙，给跑表按下开始，决定完整跑一圈，把它当作搬家前最后一次“绕城”。,Active Story context uniquely completes the relationship/choice/causal meaning.,PASS — one defensible answer,PASS — plausible/diagnosable current-Journey misconception,Journey-owned counterfactual context/choice/consequence misunderstanding.,PASS — no cheap fabricated historical fact required,PASS,PASS,PASS,recognition/basic comprehension,NONE,NONE,PASS
xian-city-wall,2,paragraphRebuild,STORY,,resolveAdaptiveJourneyLevel:xian-city-wall:Lv2,JourneyChallengePanel + active Story/Discovery/Vocabulary; snapshot b862a41f204f698da0b2aea42e32961afae5ca9a,PASS,"周遥二十二岁，从小跟父母住在西安城墙内的老街。
这个周末，全家要搬到城外的新家。",Active Story event/relationship/causal order uniquely supports this rebuild.,PASS — one defensible answer,PASS — plausible/diagnosable current-Journey misconception,Journey-owned counterfactual sequence/relationship misunderstanding.,PASS — no cheap fabricated historical fact required,PASS,PASS,PASS,recognition/basic comprehension,NONE,NONE,PASS
xian-city-wall,3,grammarRepair,LANGUAGE,STORY,resolveAdaptiveJourneyLevel:xian-city-wall:Lv3,JourneyChallengePanel + active Story/Discovery/Vocabulary; snapshot b862a41f204f698da0b2aea42e32961afae5ca9a,PASS,跑完,Current Journey language objective uniquely supports this Chinese repair; history trivia is not required.,PASS — one defensible answer,PASS — plausible/diagnosable current-Journey misconception,Journey-owned Chinese structural near-miss tied to the current language objective.,PASS — no cheap fabricated historical fact required,PASS,PASS,PASS,sequence/simple causality,NONE,NONE,PASS
xian-city-wall,3,missingSentence,CAUSAL_REASONING,CAUSAL_REASONING,resolveAdaptiveJourneyLevel:xian-city-wall:Lv3,JourneyChallengePanel + active Story/Discovery/Vocabulary; snapshot b862a41f204f698da0b2aea42e32961afae5ca9a,PASS,夕阳把砖石拉出长影，墙内是熟悉的街巷，墙外是车流和新住宅。,Active Story context uniquely completes the relationship/choice/causal meaning.,PASS — one defensible answer,PASS — plausible/diagnosable current-Journey misconception,Journey-owned counterfactual context/choice/consequence misunderstanding.,PASS — no cheap fabricated historical fact required,PASS,PASS,PASS,sequence/simple causality,NONE,NONE,PASS
xian-city-wall,3,paragraphRebuild,CAUSAL_REASONING,CAUSAL_REASONING,resolveAdaptiveJourneyLevel:xian-city-wall:Lv3,JourneyChallengePanel + active Story/Discovery/Vocabulary; snapshot b862a41f204f698da0b2aea42e32961afae5ca9a,PASS,"这个周末，全家要搬到南边城外的新家。
傍晚，他从永宁门登上城墙，给跑表按下开始，想完整跑一圈，把这次“绕城”当成搬家前的告别。
夕阳把砖石拉出长影，墙内是熟悉的街巷，墙外是车流和新住宅。",Active Story event/relationship/causal order uniquely supports this rebuild.,PASS — one defensible answer,PASS — plausible/diagnosable current-Journey misconception,Journey-owned counterfactual sequence/relationship misunderstanding.,PASS — no cheap fabricated historical fact required,PASS,PASS,PASS,sequence/simple causality,NONE,NONE,PASS
xian-city-wall,4,grammarRepair,LANGUAGE,STORY,resolveAdaptiveJourneyLevel:xian-city-wall:Lv4,JourneyChallengePanel + active Story/Discovery/Vocabulary; snapshot b862a41f204f698da0b2aea42e32961afae5ca9a,PASS,先看数字，再,Current Journey language objective uniquely supports this Chinese repair; history trivia is not required.,PASS — one defensible answer,PASS — plausible/diagnosable current-Journey misconception,Journey-owned Chinese structural near-miss tied to the current language objective.,PASS — no cheap fabricated historical fact required,PASS,PASS,PASS,sequence/simple causality,NONE,NONE,PASS
xian-city-wall,4,missingSentence,CAUSAL_REASONING,CAUSAL_REASONING,resolveAdaptiveJourneyLevel:xian-city-wall:Lv4,JourneyChallengePanel + active Story/Discovery/Vocabulary; snapshot b862a41f204f698da0b2aea42e32961afae5ca9a,PASS,母亲发来语音，说搬家车已经到达，新家的第一顿饭等他回来。,Active Story context uniquely completes the relationship/choice/causal meaning.,PASS — one defensible answer,PASS — plausible/diagnosable current-Journey misconception,Journey-owned counterfactual context/choice/consequence misunderstanding.,PASS — no cheap fabricated historical fact required,PASS,PASS,PASS,sequence/simple causality,NONE,NONE,PASS
xian-city-wall,4,paragraphRebuild,CAUSAL_REASONING,CAUSAL_REASONING,resolveAdaptiveJourneyLevel:xian-city-wall:Lv4,JourneyChallengePanel + active Story/Discovery/Vocabulary; snapshot b862a41f204f698da0b2aea42e32961afae5ca9a,PASS,"夕阳压低，砖石和城楼投下长影。
向内是他熟悉的街巷、院落和晚饭香，向外是车流、地铁口与不断延伸的新住宅。
母亲发来语音，说搬家车已经到达，新家的第一顿饭等他回来。",Active Story event/relationship/causal order uniquely supports this rebuild.,PASS — one defensible answer,PASS — plausible/diagnosable current-Journey misconception,Journey-owned counterfactual sequence/relationship misunderstanding.,PASS — no cheap fabricated historical fact required,PASS,PASS,PASS,sequence/simple causality,NONE,NONE,PASS
xian-city-wall,5,grammarRepair,LANGUAGE,STORY,resolveAdaptiveJourneyLevel:xian-city-wall:Lv5,JourneyChallengePanel + active Story/Discovery/Vocabulary; snapshot b862a41f204f698da0b2aea42e32961afae5ca9a,PASS,并不等于,Current Journey language objective uniquely supports this Chinese repair; history trivia is not required.,PASS — one defensible answer,PASS — plausible/diagnosable current-Journey misconception,Journey-owned Chinese structural near-miss tied to the current language objective.,PASS — no cheap fabricated historical fact required,PASS,PASS,PASS,relationship/choice/historical cause,NONE,NONE,PASS
xian-city-wall,5,missingSentence,CAUSAL_REASONING,CAUSAL_REASONING,resolveAdaptiveJourneyLevel:xian-city-wall:Lv5,JourneyChallengePanel + active Story/Discovery/Vocabulary; snapshot b862a41f204f698da0b2aea42e32961afae5ca9a,PASS,他继续跑，却反复想：住址一旦越过城墙，自己和老城的关系是不是也会在城门处结束。,Active Story context uniquely completes the relationship/choice/causal meaning.,PASS — one defensible answer,PASS — plausible/diagnosable current-Journey misconception,Journey-owned counterfactual context/choice/consequence misunderstanding.,PASS — no cheap fabricated historical fact required,PASS,PASS,PASS,relationship/choice/historical cause,NONE,NONE,PASS
xian-city-wall,5,paragraphRebuild,CAUSAL_REASONING,CAUSAL_REASONING,resolveAdaptiveJourneyLevel:xian-city-wall:Lv5,JourneyChallengePanel + active Story/Discovery/Vocabulary; snapshot b862a41f204f698da0b2aea42e32961afae5ca9a,PASS,"向内是熟悉的街巷、院落与钟楼方向，向外是车流、地铁口和不断延伸的现代城区。
母亲发来语音，说搬家车已到，新家的第一顿饭等他。
周遥只回了一个“好”。",Active Story event/relationship/causal order uniquely supports this rebuild.,PASS — one defensible answer,PASS — plausible/diagnosable current-Journey misconception,Journey-owned counterfactual sequence/relationship misunderstanding.,PASS — no cheap fabricated historical fact required,PASS,PASS,PASS,relationship/choice/historical cause,NONE,NONE,PASS
xian-city-wall,6,grammarRepair,LANGUAGE,STORY,resolveAdaptiveJourneyLevel:xian-city-wall:Lv6,JourneyChallengePanel + active Story/Discovery/Vocabulary; snapshot b862a41f204f698da0b2aea42e32961afae5ca9a,PASS,路线继续,Current Journey language objective uniquely supports this Chinese repair; history trivia is not required.,PASS — one defensible answer,PASS — plausible/diagnosable current-Journey misconception,Journey-owned Chinese structural near-miss tied to the current language objective.,PASS — no cheap fabricated historical fact required,PASS,PASS,PASS,relationship/choice/historical cause,NONE,NONE,PASS
xian-city-wall,6,missingSentence,CAUSAL_REASONING,CAUSAL_REASONING,resolveAdaptiveJourneyLevel:xian-city-wall:Lv6,JourneyChallengePanel + active Story/Discovery/Vocabulary; snapshot b862a41f204f698da0b2aea42e32961afae5ca9a,PASS,过去，宽阔墙顶服务防御、巡查和人员物资调动；今天，这条环线又承载保护、展示与公共活动。,Active Story context uniquely completes the relationship/choice/causal meaning.,PASS — one defensible answer,PASS — plausible/diagnosable current-Journey misconception,Journey-owned counterfactual context/choice/consequence misunderstanding.,PASS — no cheap fabricated historical fact required,PASS,PASS,PASS,relationship/choice/historical cause,NONE,NONE,PASS
xian-city-wall,6,paragraphRebuild,CAUSAL_REASONING,CAUSAL_REASONING,resolveAdaptiveJourneyLevel:xian-city-wall:Lv6,JourneyChallengePanel + active Story/Discovery/Vocabulary; snapshot b862a41f204f698da0b2aea42e32961afae5ca9a,PASS,"周遥只回了一个“好”。
他继续跑，心里却固执地把住址变化理解成身份变化：搬出城墙以后，自己是不是就不再属于老城？
暮色逐渐压下来，他沿城墙经过不同方向的城门与转角。",Active Story event/relationship/causal order uniquely supports this rebuild.,PASS — one defensible answer,PASS — plausible/diagnosable current-Journey misconception,Journey-owned counterfactual sequence/relationship misunderstanding.,PASS — no cheap fabricated historical fact required,PASS,PASS,PASS,relationship/choice/historical cause,NONE,NONE,PASS
xian-city-wall,7,grammarRepair,LANGUAGE,STORY,resolveAdaptiveJourneyLevel:xian-city-wall:Lv7,JourneyChallengePanel + active Story/Discovery/Vocabulary; snapshot b862a41f204f698da0b2aea42e32961afae5ca9a,PASS,虽清楚围出内外，生活路线却,Current Journey language objective uniquely supports this Chinese repair; history trivia is not required.,PASS — one defensible answer,PASS — plausible/diagnosable current-Journey misconception,Journey-owned Chinese structural near-miss tied to the current language objective.,PASS — no cheap fabricated historical fact required,PASS,PASS,PASS,causal chain/implicit meaning,NONE,NONE,PASS
xian-city-wall,7,missingSentence,CAUSAL_REASONING,CAUSAL_REASONING,resolveAdaptiveJourneyLevel:xian-city-wall:Lv7,JourneyChallengePanel + active Story/Discovery/Vocabulary; snapshot b862a41f204f698da0b2aea42e32961afae5ca9a,PASS,他只是不断遇见自己的路线：小学时在环城公园学骑车，中学时每天穿过城门去上课，大学后回家常沿南墙跑步。,Active Story context uniquely completes the relationship/choice/causal meaning.,PASS — one defensible answer,PASS — plausible/diagnosable current-Journey misconception,Journey-owned counterfactual context/choice/consequence misunderstanding.,PASS — no cheap fabricated historical fact required,PASS,PASS,PASS,causal chain/implicit meaning,NONE,NONE,PASS
xian-city-wall,7,paragraphRebuild,CAUSAL_REASONING,CAUSAL_REASONING,resolveAdaptiveJourneyLevel:xian-city-wall:Lv7,JourneyChallengePanel + active Story/Discovery/Vocabulary; snapshot b862a41f204f698da0b2aea42e32961afae5ca9a,PASS,"现存西安城墙的主体在明洪武年间扩建形成，南墙和西墙部分利用更早的城市墙体基础；今天，城墙墙体、城门、附属建筑和护城河受到整体保护。
过去宽阔墙顶服务防御、巡查与调动，如今同一条环线又进入日常公共生活。
周遥并没有停下来读讲解牌。",Active Story event/relationship/causal order uniquely supports this rebuild.,PASS — one defensible answer,PASS — plausible/diagnosable current-Journey misconception,Journey-owned counterfactual sequence/relationship misunderstanding.,PASS — no cheap fabricated historical fact required,PASS,PASS,PASS,causal chain/implicit meaning,NONE,NONE,PASS
xian-city-wall,8,grammarRepair,LANGUAGE,STORY,resolveAdaptiveJourneyLevel:xian-city-wall:Lv8,JourneyChallengePanel + active Story/Discovery/Vocabulary; snapshot b862a41f204f698da0b2aea42e32961afae5ca9a,PASS,“一整圈”这个数字,Current Journey language objective uniquely supports this Chinese repair; history trivia is not required.,PASS — one defensible answer,PASS — plausible/diagnosable current-Journey misconception,Journey-owned Chinese structural near-miss tied to the current language objective.,PASS — no cheap fabricated historical fact required,PASS,PASS,PASS,causal chain/implicit meaning,NONE,NONE,PASS
xian-city-wall,8,missingSentence,CAUSAL_REASONING,CAUSAL_REASONING,resolveAdaptiveJourneyLevel:xian-city-wall:Lv8,JourneyChallengePanel + active Story/Discovery/Vocabulary; snapshot b862a41f204f698da0b2aea42e32961afae5ca9a,PASS,跑表震动，整圈完成。,Active Story context uniquely completes the relationship/choice/causal meaning.,PASS — one defensible answer,PASS — plausible/diagnosable current-Journey misconception,Journey-owned counterfactual context/choice/consequence misunderstanding.,PASS — no cheap fabricated historical fact required,PASS,PASS,PASS,causal chain/implicit meaning,NONE,NONE,PASS
xian-city-wall,8,paragraphRebuild,CAUSAL_REASONING,CAUSAL_REASONING,resolveAdaptiveJourneyLevel:xian-city-wall:Lv8,JourneyChallengePanel + active Story/Discovery/Vocabulary; snapshot b862a41f204f698da0b2aea42e32961afae5ca9a,PASS,"他只是发现自己的生活早就不断穿过这套空间：小时候在环城公园学骑车，中学每天从城内坐车到城外，大学以后又把南墙当作返乡跑步的坐标。
城门在军事体系里曾控制出入，现代生活却用日常路线把内外缝在一起。
夜色完全落下，他再次看见永宁门。",Active Story event/relationship/causal order uniquely supports this rebuild.,PASS — one defensible answer,PASS — plausible/diagnosable current-Journey misconception,Journey-owned counterfactual sequence/relationship misunderstanding.,PASS — no cheap fabricated historical fact required,PASS,PASS,PASS,causal chain/implicit meaning,NONE,NONE,PASS
xian-city-wall,9,grammarRepair,LANGUAGE,STORY,resolveAdaptiveJourneyLevel:xian-city-wall:Lv9,JourneyChallengePanel + active Story/Discovery/Vocabulary; snapshot b862a41f204f698da0b2aea42e32961afae5ca9a,PASS,一面保存历史边界，一面,Current Journey language objective uniquely supports this Chinese repair; history trivia is not required.,PASS — one defensible answer,PASS — plausible/diagnosable current-Journey misconception,Journey-owned Chinese structural near-miss tied to the current language objective.,PASS — no cheap fabricated historical fact required,PASS,PASS,PASS,integrated interpretation,NONE,NONE,PASS
xian-city-wall,9,missingSentence,CULTURE,CAUSAL_REASONING,resolveAdaptiveJourneyLevel:xian-city-wall:Lv9,JourneyChallengePanel + active Story/Discovery/Vocabulary; snapshot b862a41f204f698da0b2aea42e32961afae5ca9a,PASS,他下城，沿南边街道继续跑向新家。,Active Story context uniquely completes the relationship/choice/causal meaning.,PASS — one defensible answer,PASS — plausible/diagnosable current-Journey misconception,Journey-owned counterfactual context/choice/consequence misunderstanding.,PASS — no cheap fabricated historical fact required,PASS,PASS,PASS,integrated interpretation,NONE,NONE,PASS
xian-city-wall,9,paragraphRebuild,CAUSAL_REASONING,CAUSAL_REASONING,resolveAdaptiveJourneyLevel:xian-city-wall:Lv9,JourneyChallengePanel + active Story/Discovery/Vocabulary; snapshot b862a41f204f698da0b2aea42e32961afae5ca9a,PASS,"跑表震动，整圈完成。
他原本准备按停，让“最后一次绕城”成立；母亲却恰好发来新家阳台的照片，城墙灯光在远处横着一段，弟弟站在纸箱旁催他吃饭。
周遥抬起手，停了半步，又把手指从停止键上移开。",Active Story event/relationship/causal order uniquely supports this rebuild.,PASS — one defensible answer,PASS — plausible/diagnosable current-Journey misconception,Journey-owned counterfactual sequence/relationship misunderstanding.,PASS — no cheap fabricated historical fact required,PASS,PASS,PASS,integrated interpretation,NONE,NONE,PASS
xian-city-wall,10,grammarRepair,LANGUAGE,STORY,resolveAdaptiveJourneyLevel:xian-city-wall:Lv10,JourneyChallengePanel + active Story/Discovery/Vocabulary; snapshot b862a41f204f698da0b2aea42e32961afae5ca9a,PASS,必须先,Current Journey language objective uniquely supports this Chinese repair; history trivia is not required.,PASS — one defensible answer,PASS — plausible/diagnosable current-Journey misconception,Journey-owned Chinese structural near-miss tied to the current language objective.,PASS — no cheap fabricated historical fact required,PASS,PASS,PASS,integrated interpretation,NONE,NONE,PASS
xian-city-wall,10,missingSentence,CULTURE,CAUSAL_REASONING,resolveAdaptiveJourneyLevel:xian-city-wall:Lv10,JourneyChallengePanel + active Story/Discovery/Vocabulary; snapshot b862a41f204f698da0b2aea42e32961afae5ca9a,PASS,图上，城墙是闭合长方形，轨迹却从永宁门伸到新住址。,Active Story context uniquely completes the relationship/choice/causal meaning.,PASS — one defensible answer,PASS — plausible/diagnosable current-Journey misconception,Journey-owned counterfactual context/choice/consequence misunderstanding.,PASS — no cheap fabricated historical fact required,PASS,PASS,PASS,integrated interpretation,NONE,NONE,PASS
xian-city-wall,10,paragraphRebuild,CAUSAL_REASONING,CAUSAL_REASONING,resolveAdaptiveJourneyLevel:xian-city-wall:Lv10,JourneyChallengePanel + active Story/Discovery/Vocabulary; snapshot b862a41f204f698da0b2aea42e32961afae5ca9a,PASS,"跑表越过十三点七四公里继续增加。
到新家楼下，他才按停并保存路线。
图上，城墙是闭合长方形，轨迹却从永宁门伸到新住址。",Active Story event/relationship/causal order uniquely supports this rebuild.,PASS — one defensible answer,PASS — plausible/diagnosable current-Journey misconception,Journey-owned counterfactual sequence/relationship misunderstanding.,PASS — no cheap fabricated historical fact required,PASS,PASS,PASS,integrated interpretation,NONE,NONE,PASS
